ensembl_gene_id	Gene	log2FC	padj	gene_biotype
ENSG00000211459	MT-RNR1	 1.46e-01	7.30e-01	Mt_rRNA
ENSG00000210082	MT-RNR2	 2.15e-01	5.86e-01	Mt_rRNA
ENSG00000198888	MT-ND1	 3.30e-01	4.45e-01	protein_coding
ENSG00000210112	MT-TM	 3.37e-01	4.27e-01	Mt_tRNA
ENSG00000198763	MT-ND2	 3.27e-01	4.50e-01	protein_coding
ENSG00000198804	MT-CO1	 3.49e-01	4.02e-01	protein_coding
ENSG00000210151	MT-TS1	 6.84e-01	4.31e-02	Mt_tRNA
ENSG00000198712	MT-CO2	 3.80e-01	3.50e-01	protein_coding
ENSG00000228253	MT-ATP8	 2.47e-01	5.77e-01	protein_coding
ENSG00000198899	MT-ATP6	 1.83e-01	7.16e-01	protein_coding
ENSG00000198938	MT-CO3	 5.40e-01	1.02e-02	protein_coding
ENSG00000198840	MT-ND3	 6.51e-01	4.04e-05	protein_coding
ENSG00000212907	MT-ND4L	 2.89e-01	5.22e-01	protein_coding
ENSG00000198886	MT-ND4	 2.05e-01	6.71e-01	protein_coding
ENSG00000198786	MT-ND5	 2.70e-01	5.45e-01	protein_coding
ENSG00000198727	MT-CYB	 3.36e-01	4.30e-01	protein_coding
ENSG00000205765	C5orf51	-1.36e-01	7.39e-01	protein_coding
ENSG00000137275	RIPK1	 2.98e-02	9.38e-01	protein_coding
ENSG00000272277	AL031963.3	-1.18e-01	7.78e-01	lncRNA
ENSG00000153404	PLEKHG4B	-4.41e-02	9.46e-01	protein_coding
ENSG00000167193	CRK	-3.11e-01	2.74e-01	protein_coding
ENSG00000185340	GAS2L1	 2.75e-01	1.72e-01	protein_coding
ENSG00000137806	NDUFAF1	-4.62e-02	9.10e-01	protein_coding
ENSG00000107295	SH3GL2	-4.78e-01	1.61e-01	protein_coding
ENSG00000267740	AC024592.3	-1.11e-01	8.22e-01	protein_coding
ENSG00000174886	NDUFA11	-3.92e-02	9.17e-01	protein_coding
ENSG00000176595	KBTBD11	-4.47e-01	2.09e-01	protein_coding
ENSG00000164366	CCDC127	 1.92e-01	5.75e-01	protein_coding
ENSG00000139684	ESD	-1.71e-01	5.92e-01	protein_coding
ENSG00000137815	RTF1	-1.73e-01	6.52e-01	protein_coding
ENSG00000161082	CELF5	 2.15e-01	6.61e-01	protein_coding
ENSG00000139505	MTMR6	-1.62e-01	7.29e-01	protein_coding
ENSG00000137177	KIF13A	-3.46e-01	1.72e-01	protein_coding
ENSG00000151876	FBXO4	-1.67e-01	5.58e-01	protein_coding
ENSG00000266441	AP005205.2	 1.98e-01	6.53e-01	lncRNA
ENSG00000256073	URB1-AS1	-1.99e-01	5.77e-01	lncRNA
ENSG00000119318	RAD23B	-5.60e-02	8.65e-01	protein_coding
ENSG00000148229	POLE3	 1.74e-01	3.59e-01	protein_coding
ENSG00000157653	C9orf43	-1.58e-01	7.46e-01	protein_coding
ENSG00000127528	KLF2	 7.02e-02	8.96e-01	protein_coding
ENSG00000166912	MTMR10	 6.05e-01	6.88e-02	protein_coding
ENSG00000073578	SDHA	-4.39e-02	8.59e-01	protein_coding
ENSG00000184979	USP18	-2.15e-01	2.50e-01	protein_coding
ENSG00000137825	ITPKA	-5.01e-01	1.46e-01	protein_coding
ENSG00000180011	ZADH2	 1.42e-02	9.84e-01	protein_coding
ENSG00000088756	ARHGAP28	 2.97e-02	9.48e-01	protein_coding
ENSG00000167196	FBXO22	-3.23e-01	2.54e-02	protein_coding
ENSG00000198690	FAN1	-6.27e-02	9.01e-01	protein_coding
ENSG00000063438	AHRR	-1.09e-01	8.47e-01	protein_coding
ENSG00000169752	NRG4	-1.42e-01	7.91e-01	protein_coding
ENSG00000249915	PDCD6	-1.81e-01	2.14e-01	protein_coding
ENSG00000186687	LYRM7	-1.29e-01	8.17e-01	protein_coding
ENSG00000169567	HINT1	 5.37e-02	8.31e-01	protein_coding
ENSG00000065325	GLP2R	-4.48e-02	9.28e-01	protein_coding
ENSG00000166979	EVA1C	-2.86e-02	9.34e-01	protein_coding
ENSG00000196284	SUPT3H	 6.42e-02	8.95e-01	protein_coding
ENSG00000253669	GASAL1	-2.44e-02	9.72e-01	lncRNA
ENSG00000234602	MCIDAS	-2.10e-02	9.74e-01	protein_coding
ENSG00000160284	SPATC1L	 3.13e-01	2.82e-01	protein_coding
ENSG00000261150	EPPK1	 7.19e-01	2.82e-05	protein_coding
ENSG00000100299	ARSA	 3.87e-01	1.25e-01	protein_coding
ENSG00000164078	MST1R	 2.79e-01	4.09e-01	protein_coding
ENSG00000182208	MOB2	-2.98e-01	1.22e-01	protein_coding
ENSG00000103855	CD276	 5.58e-01	1.47e-04	protein_coding
ENSG00000113761	ZNF346	 2.47e-01	3.73e-01	protein_coding
ENSG00000100280	AP1B1	 2.39e-01	8.61e-02	protein_coding
ENSG00000186106	ANKRD46	-1.87e-01	7.06e-01	protein_coding
ENSG00000113407	TARS	-4.57e-01	1.26e-02	protein_coding
ENSG00000258628	AC126603.1	-3.87e-01	3.01e-01	unprocessed_pseudogene
ENSG00000164077	MON1A	-1.19e-01	7.35e-01	protein_coding
ENSG00000172171	TEFM	-2.67e-01	5.23e-01	protein_coding
ENSG00000152669	CCNO	 2.63e-01	2.94e-01	protein_coding
ENSG00000160256	FAM207A	-4.49e-01	7.36e-03	protein_coding
ENSG00000197417	SHPK	-3.70e-02	9.18e-01	protein_coding
ENSG00000100307	CBX7	 2.76e-01	3.07e-01	protein_coding
ENSG00000157500	APPL1	-9.63e-02	8.21e-01	protein_coding
ENSG00000133027	PEMT	-7.04e-02	8.36e-01	protein_coding
ENSG00000167202	TBC1D2B	 1.06e-01	7.64e-01	protein_coding
ENSG00000179981	TSHZ1	 2.83e-01	5.26e-01	protein_coding
ENSG00000031823	RANBP3	-1.20e-01	5.66e-01	protein_coding
ENSG00000280798	LINC00294	 7.54e-01	2.13e-02	lncRNA
ENSG00000176102	CSTF3	 7.71e-02	8.07e-01	protein_coding
ENSG00000133706	LARS	-4.06e-01	9.75e-02	protein_coding
ENSG00000073417	PDE8A	 1.22e-02	9.77e-01	protein_coding
ENSG00000067248	DHX29	-3.62e-01	3.58e-01	protein_coding
ENSG00000198258	UBL5	 3.66e-01	5.56e-02	protein_coding
ENSG00000176148	TCP11L1	-1.13e-01	7.36e-01	protein_coding
ENSG00000105650	PDE4C	-2.42e-01	6.12e-01	protein_coding
ENSG00000156273	BACH1	-2.57e-01	4.11e-01	protein_coding
ENSG00000133816	MICAL2	-1.23e-01	8.25e-01	protein_coding
ENSG00000114854	TNNC1	-4.85e-01	8.45e-03	protein_coding
ENSG00000150510	FAM124A	 2.17e-01	5.51e-01	protein_coding
ENSG00000114270	COL7A1	 3.73e-01	3.63e-01	protein_coding
ENSG00000244754	N4BP2L2	 2.28e-01	5.24e-01	protein_coding
ENSG00000204564	C6orf136	 4.67e-01	6.99e-03	protein_coding
ENSG00000154767	XPC	 2.70e-01	3.64e-01	protein_coding
ENSG00000172936	MYD88	 2.58e-01	3.89e-01	protein_coding
ENSG00000104231	ZFAND1	 1.08e-01	7.91e-01	protein_coding
ENSG00000270141	TERC	 8.59e-03	9.92e-01	lncRNA
ENSG00000187650	VMAC	-3.47e-01	3.67e-01	protein_coding
ENSG00000166387	PPFIBP2	-6.97e-02	8.86e-01	protein_coding
ENSG00000198792	TMEM184B	 4.52e-01	2.10e-02	protein_coding
ENSG00000142623	PADI1	-6.66e-02	9.14e-01	protein_coding
ENSG00000184378	ACTRT3	-2.99e-01	4.34e-01	protein_coding
ENSG00000014138	POLA2	-1.88e-03	9.96e-01	protein_coding
ENSG00000167113	COQ4	 7.05e-02	7.52e-01	protein_coding
ENSG00000173960	UBXN2A	 2.62e-01	4.68e-01	protein_coding
ENSG00000170860	LSM3	 9.70e-02	7.37e-01	protein_coding
ENSG00000168303	MPLKIP	-2.47e-01	1.96e-01	protein_coding
ENSG00000149798	CDC42EP2	 4.15e-01	2.12e-02	protein_coding
ENSG00000146085	MMUT	-2.72e-01	5.07e-01	protein_coding
ENSG00000184908	CLCNKB	-4.13e-01	1.18e-01	protein_coding
ENSG00000167711	SERPINF2	-2.86e-01	3.94e-01	protein_coding
ENSG00000196689	TRPV1	 1.46e-01	7.89e-01	protein_coding
ENSG00000138613	APH1B	 2.36e-01	5.75e-01	protein_coding
ENSG00000137274	BPHL	-2.04e-01	4.81e-01	protein_coding
ENSG00000170876	TMEM43	 3.12e-01	9.81e-02	protein_coding
ENSG00000131473	ACLY	 4.52e-02	8.64e-01	protein_coding
ENSG00000141959	PFKL	-2.92e-01	1.67e-01	protein_coding
ENSG00000275198	AL512791.2	 5.17e-02	9.33e-01	lncRNA
ENSG00000204560	DHX16	-8.00e-02	7.64e-01	protein_coding
ENSG00000126778	SIX1	 2.91e-01	4.43e-01	protein_coding
ENSG00000101444	AHCY	-3.08e-01	1.05e-01	protein_coding
ENSG00000104442	ARMC1	 9.97e-02	8.22e-01	protein_coding
ENSG00000204316	MRPL38	-1.85e-01	4.51e-01	protein_coding
ENSG00000157510	AFAP1L1	 3.50e-03	9.96e-01	protein_coding
ENSG00000160285	LSS	 1.14e-01	5.99e-01	protein_coding
ENSG00000102606	ARHGEF7	 1.03e-02	9.81e-01	protein_coding
ENSG00000140983	RHOT2	-1.08e-01	6.67e-01	protein_coding
ENSG00000180611	MB21D2	 3.38e-01	4.05e-01	protein_coding
ENSG00000169609	C15orf40	-2.38e-01	2.24e-01	protein_coding
ENSG00000184545	DUSP8	 5.52e-01	2.29e-02	protein_coding
ENSG00000134490	TMEM241	-3.12e-01	2.65e-01	protein_coding
ENSG00000112576	CCND3	 3.76e-02	9.02e-01	protein_coding
ENSG00000169750	RAC3	-4.44e-01	3.03e-02	protein_coding
ENSG00000104998	IL27RA	-6.00e-02	8.77e-01	protein_coding
ENSG00000079785	DDX1	-3.79e-01	2.50e-01	protein_coding
ENSG00000112902	SEMA5A	 3.85e-01	2.75e-01	protein_coding
ENSG00000279602	AC109326.1	 6.06e-01	7.51e-04	TEC
ENSG00000119684	MLH3	-5.36e-01	1.43e-01	protein_coding
ENSG00000123545	NDUFAF4	-2.29e-01	6.09e-01	protein_coding
ENSG00000109861	CTSC	 7.32e-02	7.96e-01	protein_coding
ENSG00000125898	FAM110A	 3.21e-01	3.51e-01	protein_coding
ENSG00000035928	RFC1	 3.24e-01	4.39e-01	protein_coding
ENSG00000011275	RNF216	 2.39e-01	3.26e-01	protein_coding
ENSG00000100625	SIX4	-3.86e-01	2.66e-01	protein_coding
ENSG00000103942	HOMER2	-2.43e-01	4.18e-01	protein_coding
ENSG00000188825	LINC00910	 2.13e-01	4.67e-01	lncRNA
ENSG00000077458	FAM76B	 2.73e-01	4.21e-01	protein_coding
ENSG00000132429	POPDC3	 7.80e-02	8.96e-01	protein_coding
ENSG00000130312	MRPL34	 2.06e-03	9.96e-01	protein_coding
ENSG00000068028	RASSF1	-2.44e-01	2.11e-01	protein_coding
ENSG00000158122	PRXL2C	 1.45e-01	6.61e-01	protein_coding
ENSG00000180628	PCGF5	 1.85e-01	5.79e-01	protein_coding
ENSG00000088854	C20orf194	 1.06e-01	8.37e-01	protein_coding
ENSG00000153879	CEBPG	-1.87e-01	6.20e-01	protein_coding
ENSG00000102786	INTS6	-1.90e-01	5.31e-01	protein_coding
ENSG00000141854	MISP3	-1.91e-01	6.36e-01	protein_coding
ENSG00000034693	PEX3	-3.39e-01	3.90e-01	protein_coding
ENSG00000127220	ABHD8	-2.09e-01	3.15e-01	protein_coding
ENSG00000198668	CALM1	-2.91e-02	9.39e-01	protein_coding
ENSG00000138801	PAPSS1	-1.14e-01	7.35e-01	protein_coding
ENSG00000145982	FARS2	-6.12e-01	1.22e-06	protein_coding
ENSG00000130311	DDA1	-1.17e-02	9.75e-01	protein_coding
ENSG00000001036	FUCA2	 1.59e-01	3.70e-01	protein_coding
ENSG00000188002	AC026412.1	-9.91e-02	8.23e-01	transcribed_unprocessed_pseudogene
ENSG00000188878	FBF1	-9.11e-02	7.75e-01	protein_coding
ENSG00000107890	ANKRD26	-3.36e-01	3.96e-01	protein_coding
ENSG00000281358	RASSF1-AS1	 2.34e-01	6.06e-01	lncRNA
ENSG00000184009	ACTG1	 2.05e-01	3.36e-01	protein_coding
ENSG00000164048	ZNF589	-1.03e-01	8.34e-01	protein_coding
ENSG00000074855	ANO8	 1.10e-01	8.22e-01	protein_coding
ENSG00000145016	RUBCN	 4.59e-01	7.36e-02	protein_coding
ENSG00000120533	ENY2	-2.08e-01	4.31e-01	protein_coding
ENSG00000085274	MYNN	 2.51e-02	9.72e-01	protein_coding
ENSG00000278053	DDX52	 9.34e-02	8.28e-01	protein_coding
ENSG00000184060	ADAP2	 1.10e-01	8.40e-01	protein_coding
ENSG00000168291	PDHB	-3.13e-01	1.63e-01	protein_coding
ENSG00000064726	BTBD1	-2.78e-01	2.46e-01	protein_coding
ENSG00000166037	CEP57	-1.19e-01	7.61e-01	protein_coding
ENSG00000158985	CDC42SE2	 7.01e-02	8.95e-01	protein_coding
ENSG00000283050	GTF2IP12	 1.58e-01	7.31e-01	transcribed_unprocessed_pseudogene
ENSG00000229848	AC139149.1	 1.67e-01	7.37e-01	lncRNA
ENSG00000136813	ECPAS	-9.28e-03	9.83e-01	protein_coding
ENSG00000165338	HECTD2	 3.48e-01	3.33e-01	protein_coding
ENSG00000141934	PLPP2	 9.25e-02	7.25e-01	protein_coding
ENSG00000169612	RAMAC	-7.75e-03	9.86e-01	protein_coding
ENSG00000185722	ANKFY1	-2.18e-01	2.56e-01	protein_coding
ENSG00000164695	CHMP4C	-5.71e-01	9.59e-02	protein_coding
ENSG00000181856	SLC2A4	 4.28e-01	1.04e-01	protein_coding
ENSG00000213889	PPM1N	-3.88e-01	1.53e-01	protein_coding
ENSG00000170899	GSTA4	-2.02e-01	6.50e-01	protein_coding
ENSG00000138688	KIAA1109	 2.42e-01	6.11e-01	protein_coding
ENSG00000171451	DSEL	-1.14e-01	8.39e-01	protein_coding
ENSG00000133101	CCNA1	-5.27e-01	1.16e-01	protein_coding
ENSG00000122068	FYTTD1	-3.77e-01	1.77e-01	protein_coding
ENSG00000172113	NME6	-2.12e-01	4.47e-01	protein_coding
ENSG00000065268	WDR18	-4.47e-01	7.21e-03	protein_coding
ENSG00000121775	TMEM39B	 6.81e-02	8.37e-01	protein_coding
ENSG00000205746	AC126755.1	 6.80e-02	8.95e-01	transcribed_unprocessed_pseudogene
ENSG00000006047	YBX2	 3.55e-01	3.03e-01	protein_coding
ENSG00000130772	MED18	-6.66e-02	8.39e-01	protein_coding
ENSG00000167740	CYB5D2	-3.17e-01	3.93e-02	protein_coding
ENSG00000159079	CFAP298	 4.62e-03	9.93e-01	protein_coding
ENSG00000206195	DUXAP8	 3.58e-01	1.49e-01	lncRNA
ENSG00000138621	PPCDC	-5.54e-01	1.12e-04	protein_coding
ENSG00000078674	PCM1	-6.15e-02	8.89e-01	protein_coding
ENSG00000087995	METTL2A	 2.53e-02	9.49e-01	protein_coding
ENSG00000258644	SYNJ2BP-COX16	-4.19e-01	2.30e-01	protein_coding
ENSG00000126777	KTN1	 6.26e-02	8.95e-01	protein_coding
ENSG00000214595	EML6	-1.23e-01	8.19e-01	protein_coding
ENSG00000167130	DOLPP1	 6.79e-02	7.82e-01	protein_coding
ENSG00000142949	PTPRF	-2.85e-02	9.37e-01	protein_coding
ENSG00000134508	CABLES1	 7.16e-03	9.86e-01	protein_coding
ENSG00000020426	MNAT1	-2.44e-01	5.26e-01	protein_coding
ENSG00000005007	UPF1	 1.77e-01	6.42e-01	protein_coding
ENSG00000213463	SYNJ2BP	-3.15e-01	3.19e-01	protein_coding
ENSG00000121774	KHDRBS1	 3.18e-01	2.78e-02	protein_coding
ENSG00000185519	FAM131C	 5.00e-02	9.36e-01	protein_coding
ENSG00000133983	COX16	 2.51e-01	4.17e-01	protein_coding
ENSG00000253352	TUG1	 2.08e-02	9.74e-01	protein_coding
ENSG00000140545	MFGE8	 2.71e-01	3.39e-01	protein_coding
ENSG00000166483	WEE1	 3.05e-01	1.27e-01	protein_coding
ENSG00000124523	SIRT5	-3.25e-01	2.33e-01	protein_coding
ENSG00000096968	JAK2	-3.85e-01	3.35e-01	protein_coding
ENSG00000125744	RTN2	 3.07e-01	1.16e-01	protein_coding
ENSG00000266962	AC067852.2	-1.44e-01	5.64e-01	lncRNA
ENSG00000197724	PHF2	 5.26e-01	2.35e-02	protein_coding
ENSG00000159216	RUNX1	 2.83e-01	3.91e-01	protein_coding
ENSG00000137077	CCL21	 6.13e-02	9.14e-01	protein_coding
ENSG00000090097	PCBP4	-1.85e-01	6.67e-01	protein_coding
ENSG00000006327	TNFRSF12A	-4.38e-01	2.24e-03	protein_coding
ENSG00000126814	TRMT5	 1.22e-01	8.26e-01	protein_coding
ENSG00000206262	FOXL2NB	 2.17e-02	9.75e-01	protein_coding
ENSG00000108786	HSD17B1	 1.59e-01	7.51e-01	protein_coding
ENSG00000261071	AL441883.1	 5.31e-02	9.22e-01	lncRNA
ENSG00000277496	AL357033.4	 1.72e-01	6.92e-01	lncRNA
ENSG00000167046	AL357033.1	 2.18e-02	9.76e-01	lncRNA
ENSG00000232803	SLCO4A1-AS1	-3.32e-03	9.97e-01	lncRNA
ENSG00000101361	NOP56	-4.40e-01	9.68e-04	protein_coding
ENSG00000163602	RYBP	 1.58e-01	7.58e-01	protein_coding
ENSG00000068120	COASY	 5.63e-02	8.00e-01	protein_coding
ENSG00000152520	PAN3	 1.24e-01	7.64e-01	protein_coding
ENSG00000136213	CHST12	 3.57e-01	8.58e-02	protein_coding
ENSG00000111845	PAK1IP1	-3.26e-01	3.90e-01	protein_coding
ENSG00000265681	RPL17	 7.88e-02	7.95e-01	protein_coding
ENSG00000112146	FBXO9	 3.01e-02	9.36e-01	protein_coding
ENSG00000164074	ABHD18	 8.77e-02	8.75e-01	protein_coding
ENSG00000101187	SLCO4A1	 1.15e-01	6.34e-01	protein_coding
ENSG00000072954	TMEM38A	-2.10e-01	4.82e-01	protein_coding
ENSG00000120708	TGFBI	 5.37e-01	5.84e-03	protein_coding
ENSG00000163026	WDCP	-2.03e-01	6.76e-01	protein_coding
ENSG00000111802	TDP2	-9.76e-02	8.23e-01	protein_coding
ENSG00000166734	CASC4	-5.26e-02	9.01e-01	protein_coding
ENSG00000112851	ERBIN	-2.86e-01	3.00e-01	protein_coding
ENSG00000132386	SERPINF1	-2.44e-01	5.95e-01	protein_coding
ENSG00000242612	DECR2	-1.44e-01	4.87e-01	protein_coding
ENSG00000177576	C18orf32	 2.09e-01	5.24e-01	protein_coding
ENSG00000139974	SLC38A6	 6.22e-02	9.09e-01	protein_coding
ENSG00000108784	NAGLU	-1.03e-01	7.01e-01	protein_coding
ENSG00000105556	MIER2	 2.42e-02	9.60e-01	protein_coding
ENSG00000166938	DIS3L	-2.80e-01	3.38e-01	protein_coding
ENSG00000128881	TTBK2	-1.26e-02	9.81e-01	protein_coding
ENSG00000068971	PPP2R5B	 2.28e-01	5.40e-01	protein_coding
ENSG00000104388	RAB2A	-2.47e-01	2.75e-01	protein_coding
ENSG00000108443	RPS6KB1	-7.21e-02	8.90e-01	protein_coding
ENSG00000179476	C14orf28	 3.19e-01	4.65e-01	protein_coding
ENSG00000135334	AKIRIN2	 3.26e-01	3.26e-01	protein_coding
ENSG00000174353	STAG3L3	 1.34e-01	6.38e-01	transcribed_unprocessed_pseudogene
ENSG00000139496	NUP58	-1.47e-01	6.63e-01	protein_coding
ENSG00000156482	RPL30	 4.35e-01	9.50e-03	protein_coding
ENSG00000136826	KLF4	 1.56e-01	6.82e-01	protein_coding
ENSG00000147459	DOCK5	-8.24e-02	8.03e-01	protein_coding
ENSG00000229018	PMS2P7	 2.37e-01	6.05e-01	unprocessed_pseudogene
ENSG00000099991	CABIN1	 4.01e-01	2.53e-02	protein_coding
ENSG00000254996	ANKHD1-EIF4EBP3	 3.40e-01	4.14e-01	protein_coding
ENSG00000114786	ABHD14A-ACY1	-1.07e-01	8.47e-01	protein_coding
ENSG00000163513	TGFBR2	 8.86e-02	8.32e-01	protein_coding
ENSG00000107882	SUFU	 5.41e-01	3.93e-02	protein_coding
ENSG00000112144	ICK	 1.09e-01	8.47e-01	protein_coding
ENSG00000142619	PADI3	-3.67e-01	2.30e-01	protein_coding
ENSG00000183963	SMTN	 2.86e-01	1.65e-01	protein_coding
ENSG00000181404	WASHC1	-2.61e-01	5.12e-01	protein_coding
ENSG00000112679	DUSP22	-9.00e-02	7.25e-01	protein_coding
ENSG00000189050	RNFT1	 1.54e-01	7.49e-01	protein_coding
ENSG00000137267	TUBB2A	-8.74e-02	7.73e-01	protein_coding
ENSG00000275874	PICSAR	 1.83e-02	9.74e-01	lncRNA
ENSG00000133302	SLF1	 1.86e-01	4.76e-01	protein_coding
ENSG00000103202	NME4	-1.89e-01	2.50e-01	protein_coding
ENSG00000214944	ARHGEF28	-3.57e-01	1.71e-01	protein_coding
ENSG00000111843	TMEM14C	-5.92e-02	8.22e-01	protein_coding
ENSG00000248487	ABHD14A	-1.26e-01	5.67e-01	protein_coding
ENSG00000188162	OTOG	 6.22e-01	6.62e-02	protein_coding
ENSG00000235944	ZNF815P	-6.23e-02	9.11e-01	transcribed_unprocessed_pseudogene
ENSG00000175471	MCTP1	 1.67e-01	7.18e-01	protein_coding
ENSG00000013306	SLC25A39	-2.15e-01	1.44e-01	protein_coding
ENSG00000235374	SSR4P1	-2.46e-02	9.72e-01	transcribed_processed_pseudogene
ENSG00000106003	LFNG	 7.76e-02	8.97e-01	protein_coding
ENSG00000124177	CHD6	-2.76e-01	2.55e-01	protein_coding
ENSG00000114779	ABHD14B	-2.53e-02	9.31e-01	protein_coding
ENSG00000197381	ADARB1	 3.82e-01	1.31e-01	protein_coding
ENSG00000100311	PDGFB	 9.49e-02	8.26e-01	protein_coding
ENSG00000081386	ZNF510	-5.77e-01	1.00e-01	protein_coding
ENSG00000101367	MAPRE1	-1.17e-02	9.77e-01	protein_coding
ENSG00000010322	NISCH	 2.34e-01	3.62e-01	protein_coding
ENSG00000127445	PIN1	-5.16e-01	1.80e-03	protein_coding
ENSG00000198718	TOGARAM1	 4.57e-02	9.44e-01	protein_coding
ENSG00000265933	LINC00668	 5.19e-02	9.15e-01	lncRNA
ENSG00000100285	NEFH	 1.00e-01	7.74e-01	protein_coding
ENSG00000171421	MRPL36	 2.17e-02	9.40e-01	protein_coding
ENSG00000179454	KLHL28	 1.35e-01	7.96e-01	protein_coding
ENSG00000182534	MXRA7	-1.24e-01	6.10e-01	protein_coding
ENSG00000142627	EPHA2	 3.77e-02	9.22e-01	protein_coding
ENSG00000149743	TRPT1	-1.32e-01	6.12e-01	protein_coding
ENSG00000156011	PSD3	 3.20e-01	2.42e-01	protein_coding
ENSG00000099917	MED15	 1.04e-02	9.81e-01	protein_coding
ENSG00000047056	WDR37	 3.94e-02	9.35e-01	protein_coding
ENSG00000008853	RHOBTB2	 3.53e-01	2.57e-02	protein_coding
ENSG00000178031	ADAMTSL1	 2.84e-01	3.18e-01	protein_coding
ENSG00000186073	C15orf41	 7.52e-02	8.63e-01	protein_coding
ENSG00000179051	RCC2	 7.00e-01	5.89e-10	protein_coding
ENSG00000205268	PDE7A	 1.71e-01	6.36e-01	protein_coding
ENSG00000120889	TNFRSF10B	 5.81e-02	8.01e-01	protein_coding
ENSG00000155229	MMS19	-5.38e-02	8.54e-01	protein_coding
ENSG00000106689	LHX2	 3.07e-01	4.80e-01	protein_coding
ENSG00000142961	MOB3C	-5.05e-02	9.19e-01	protein_coding
ENSG00000043514	TRIT1	-2.72e-01	4.10e-01	protein_coding
ENSG00000160867	FGFR4	-6.46e-02	8.47e-01	protein_coding
ENSG00000180229	HERC2P3	 6.01e-03	9.93e-01	transcribed_unprocessed_pseudogene
ENSG00000273387	AC005005.3	 1.87e-01	6.81e-01	lncRNA
ENSG00000278920	AC005005.4	 4.57e-01	2.28e-01	lncRNA
ENSG00000131899	LLGL1	 1.61e-01	4.32e-01	protein_coding
ENSG00000103145	HCFC1R1	 1.30e-01	5.22e-01	protein_coding
ENSG00000131503	ANKHD1	-1.97e-01	3.52e-01	protein_coding
ENSG00000066855	MTFR1	 1.11e-01	7.74e-01	protein_coding
ENSG00000133111	RFXAP	 1.31e-01	8.07e-01	protein_coding
ENSG00000177731	FLII	 3.69e-02	9.14e-01	protein_coding
ENSG00000185049	NELFA	 2.22e-01	3.33e-01	protein_coding
ENSG00000149761	NUDT22	-4.09e-01	9.60e-03	protein_coding
ENSG00000112304	ACOT13	-9.23e-02	7.15e-01	protein_coding
ENSG00000141858	SAMD1	 6.46e-01	3.79e-05	protein_coding
ENSG00000104833	TUBB4A	 3.27e-01	4.49e-01	protein_coding
ENSG00000180822	PSMG4	-8.44e-02	7.55e-01	protein_coding
ENSG00000196597	ZNF782	 8.82e-02	8.76e-01	protein_coding
ENSG00000079277	MKNK1	 1.16e-01	7.37e-01	protein_coding
ENSG00000213523	SRA1	-2.49e-01	2.47e-01	protein_coding
ENSG00000144736	SHQ1	 2.03e-01	5.75e-01	protein_coding
ENSG00000112308	C6orf62	 3.99e-01	7.90e-02	protein_coding
ENSG00000110025	SNX15	 5.68e-02	8.37e-01	protein_coding
ENSG00000261971	MMP25-AS1	-2.05e-01	6.21e-01	lncRNA
ENSG00000110011	DNAJC4	 6.06e-03	9.86e-01	protein_coding
ENSG00000221869	CEBPD	-3.36e-01	5.56e-02	protein_coding
ENSG00000132109	TRIM21	-4.82e-01	2.44e-03	protein_coding
ENSG00000213465	ARL2	-1.44e-01	3.44e-01	protein_coding
ENSG00000173402	DAG1	 4.32e-01	3.72e-02	protein_coding
ENSG00000167173	C15orf39	 8.94e-01	5.00e-09	protein_coding
ENSG00000131652	THOC6	-4.12e-01	1.14e-02	protein_coding
ENSG00000141524	TMC6	-2.75e-01	4.86e-01	protein_coding
ENSG00000180884	ZNF792	-1.40e-01	7.96e-01	protein_coding
ENSG00000166411	IDH3A	-4.23e-01	4.02e-02	protein_coding
ENSG00000175906	ARL4D	-2.03e-01	4.62e-01	protein_coding
ENSG00000168301	KCTD6	 1.33e-01	8.05e-01	protein_coding
ENSG00000115257	PCSK4	 2.02e-01	6.66e-01	protein_coding
ENSG00000164506	STXBP5	-1.17e-01	7.76e-01	protein_coding
ENSG00000198853	RUSC2	 1.56e-01	4.53e-01	protein_coding
ENSG00000042753	AP2S1	-4.37e-02	8.67e-01	protein_coding
ENSG00000105677	TMEM147	-9.05e-02	6.30e-01	protein_coding
ENSG00000186615	KTN1-AS1	 4.29e-01	2.09e-01	lncRNA
ENSG00000167114	SLC27A4	 1.82e-01	4.04e-01	protein_coding
ENSG00000137266	SLC22A23	-2.53e-01	5.57e-01	protein_coding
ENSG00000236144	TMEM147-AS1	 1.58e-01	6.49e-01	lncRNA
ENSG00000250722	SELENOP	 4.93e-01	1.29e-03	protein_coding
ENSG00000151366	NDUFC2	 1.50e-01	4.84e-01	protein_coding
ENSG00000184831	APOO	-2.62e-01	2.82e-01	protein_coding
ENSG00000197702	PARVA	 2.42e-01	1.05e-01	protein_coding
ENSG00000099994	SUSD2	 4.82e-01	1.75e-01	protein_coding
ENSG00000243989	ACY1	-4.41e-01	5.58e-03	protein_coding
ENSG00000140548	ZNF710	-1.54e-01	6.80e-01	protein_coding
ENSG00000151364	KCTD14	-1.45e-02	9.79e-01	protein_coding
ENSG00000164620	RELL2	-1.64e-01	6.30e-01	protein_coding
ENSG00000182185	RAD51B	 1.16e-01	8.00e-01	protein_coding
ENSG00000264230	ANXA8L1	 5.25e-02	9.22e-01	protein_coding
ENSG00000125818	PSMF1	 4.59e-01	4.98e-03	protein_coding
ENSG00000122378	PRXL2A	-1.73e-01	4.80e-01	protein_coding
ENSG00000154328	NEIL2	-2.95e-02	9.37e-01	protein_coding
ENSG00000164023	SGMS2	-3.78e-01	2.73e-01	protein_coding
ENSG00000250786	SNHG18	 2.64e-01	5.60e-01	lncRNA
ENSG00000225921	NOL7	-1.49e-01	5.17e-01	protein_coding
ENSG00000185736	ADARB2	-2.17e-01	3.00e-01	protein_coding
ENSG00000128973	CLN6	 7.36e-02	7.89e-01	protein_coding
ENSG00000154822	PLCL2	-7.21e-02	8.65e-01	protein_coding
ENSG00000115128	SF3B6	 1.95e-02	9.60e-01	protein_coding
ENSG00000182310	SPACA6	 1.56e-02	9.82e-01	protein_coding
ENSG00000129038	LOXL1	 9.25e-02	8.64e-01	protein_coding
ENSG00000145494	NDUFS6	-1.94e-01	3.14e-01	protein_coding
ENSG00000170348	TMED10	-1.10e-01	5.93e-01	protein_coding
ENSG00000155016	CYP2U1	 6.65e-02	9.13e-01	protein_coding
ENSG00000138835	RGS3	 1.04e-01	6.70e-01	protein_coding
ENSG00000010017	RANBP9	 1.58e-01	4.72e-01	protein_coding
ENSG00000132383	RPA1	-1.01e-01	7.24e-01	protein_coding
ENSG00000122674	CCZ1	-1.38e-01	6.15e-01	protein_coding
ENSG00000129007	CALML4	 3.06e-01	4.53e-01	protein_coding
ENSG00000253187	HOXA10-AS	 2.25e-01	5.88e-01	lncRNA
ENSG00000136425	CIB2	-2.48e-01	3.07e-01	protein_coding
ENSG00000197948	FCHSD1	-7.12e-02	8.72e-01	protein_coding
ENSG00000253293	HOXA10	 1.65e-01	6.90e-01	protein_coding
ENSG00000260007	AC107871.1	-7.20e-01	3.27e-02	protein_coding
ENSG00000119638	NEK9	-1.43e-01	5.14e-01	protein_coding
ENSG00000092201	SUPT16H	-1.29e-01	7.15e-01	protein_coding
ENSG00000116731	PRDM2	 8.23e-02	8.89e-01	protein_coding
ENSG00000119938	PPP1R3C	 1.29e-01	7.93e-01	protein_coding
ENSG00000186532	SMYD4	-2.48e-01	2.62e-01	protein_coding
ENSG00000115504	EHBP1	-2.99e-01	2.62e-01	protein_coding
ENSG00000106009	BRAT1	-2.08e-01	2.89e-01	protein_coding
ENSG00000119640	ACYP1	-3.02e-01	2.80e-01	protein_coding
ENSG00000166479	TMX3	 2.42e-01	6.04e-01	protein_coding
ENSG00000119703	ZC2HC1C	 1.48e-01	7.83e-01	protein_coding
ENSG00000151150	ANK3	-8.48e-01	8.74e-03	protein_coding
ENSG00000103269	RHBDL1	-2.98e-01	3.90e-01	protein_coding
ENSG00000142632	ARHGEF19	-2.74e-01	1.79e-01	protein_coding
ENSG00000179134	SAMD4B	 5.93e-01	1.48e-04	protein_coding
ENSG00000137094	DNAJB5	-1.85e-01	6.34e-01	protein_coding
ENSG00000245958	AC093752.1	 5.83e-03	9.93e-01	transcribed_unprocessed_pseudogene
ENSG00000129562	DAD1	 2.25e-02	9.61e-01	protein_coding
ENSG00000011376	LARS2	-7.26e-02	8.27e-01	protein_coding
ENSG00000172890	NADSYN1	-3.01e-01	1.54e-01	protein_coding
ENSG00000227354	RBM26-AS1	 6.49e-02	9.13e-01	lncRNA
ENSG00000033800	PIAS1	 1.90e-01	5.92e-01	protein_coding
ENSG00000148175	STOM	 3.97e-01	1.68e-02	protein_coding
ENSG00000137656	BUD13	-1.06e-01	7.19e-01	protein_coding
ENSG00000160007	ARHGAP35	 3.95e-01	1.91e-01	protein_coding
ENSG00000105088	OLFM2	 8.74e-04	9.99e-01	protein_coding
ENSG00000139746	RBM26	-7.06e-02	8.40e-01	protein_coding
ENSG00000099622	CIRBP	 1.21e-01	4.74e-01	protein_coding
ENSG00000136143	SUCLA2	-1.11e-01	8.05e-01	protein_coding
ENSG00000140526	ABHD2	 3.07e-01	2.74e-01	protein_coding
ENSG00000239213	NCK1-DT	-4.07e-02	9.41e-01	lncRNA
ENSG00000160226	CFAP410	-5.07e-01	5.74e-03	protein_coding
ENSG00000110696	C11orf58	 2.41e-02	9.63e-01	protein_coding
ENSG00000145555	MYO10	-2.69e-01	1.26e-01	protein_coding
ENSG00000039123	MTREX	-1.46e-01	7.18e-01	protein_coding
ENSG00000147601	TERF1	 1.91e-01	6.59e-01	protein_coding
ENSG00000072062	PRKACA	 5.66e-01	7.11e-05	protein_coding
ENSG00000166002	SMCO4	 8.29e-02	8.07e-01	protein_coding
ENSG00000169738	DCXR	-3.03e-01	6.15e-02	protein_coding
ENSG00000136159	NUDT15	-2.55e-01	4.09e-01	protein_coding
ENSG00000164764	SBSPON	-4.50e-01	6.02e-02	protein_coding
ENSG00000067113	PLPP1	 1.00e-01	7.13e-01	protein_coding
ENSG00000229212	AC044860.1	-3.01e-02	9.66e-01	transcribed_unprocessed_pseudogene
ENSG00000078747	ITCH	 7.32e-03	9.86e-01	protein_coding
ENSG00000006712	PAF1	-9.02e-02	6.85e-01	protein_coding
ENSG00000198924	DCLRE1A	-5.67e-01	1.04e-01	protein_coding
ENSG00000161980	POLR3K	-4.53e-02	8.61e-01	protein_coding
ENSG00000137770	CTDSPL2	-5.61e-01	2.19e-02	protein_coding
ENSG00000133789	SWAP70	-2.23e-01	5.45e-01	protein_coding
ENSG00000006007	GDE1	 2.49e-01	1.50e-01	protein_coding
ENSG00000172037	LAMB2	 6.18e-01	1.62e-02	protein_coding
ENSG00000124299	PEPD	-4.71e-01	6.10e-05	protein_coding
ENSG00000181031	RPH3AL	 6.18e-02	9.17e-01	protein_coding
ENSG00000179523	EIF3J-DT	 4.10e-03	9.95e-01	lncRNA
ENSG00000100316	RPL3	-4.57e-01	3.38e-04	protein_coding
ENSG00000161981	SNRNP25	-3.00e-01	1.97e-01	protein_coding
ENSG00000175110	MRPS22	-9.34e-02	7.88e-01	protein_coding
ENSG00000114491	UMPS	-4.83e-01	2.64e-03	protein_coding
ENSG00000164649	CDCA7L	-1.30e-01	4.82e-01	protein_coding
ENSG00000093009	CDC45	-3.50e-01	2.89e-02	protein_coding
ENSG00000138735	PDE5A	 1.92e-01	7.06e-01	protein_coding
ENSG00000074964	ARHGEF10L	-2.44e-02	9.46e-01	protein_coding
ENSG00000182087	TMEM259	 1.03e-01	5.93e-01	protein_coding
ENSG00000184432	COPB2	-5.07e-01	2.92e-03	protein_coding
ENSG00000278311	GGNBP2	-5.42e-02	8.96e-01	protein_coding
ENSG00000146872	TLK2	 3.55e-01	2.18e-01	protein_coding
ENSG00000100439	ABHD4	 6.84e-02	8.27e-01	protein_coding
ENSG00000267493	CIRBP-AS1	 9.43e-02	8.72e-01	lncRNA
ENSG00000254681	PKD1P5	-4.57e-01	2.34e-01	transcribed_unprocessed_pseudogene
ENSG00000118363	SPCS2	-1.39e-01	5.03e-01	protein_coding
ENSG00000189337	KAZN	-5.10e-01	1.72e-01	protein_coding
ENSG00000164073	MFSD8	 2.82e-03	9.97e-01	protein_coding
ENSG00000151332	MBIP	-2.73e-01	5.27e-01	protein_coding
ENSG00000165914	TTC7B	-5.31e-02	9.17e-01	protein_coding
ENSG00000157538	VPS26C	-1.98e-01	5.61e-01	protein_coding
ENSG00000233024	NPIPA9	 5.06e-01	1.64e-01	protein_coding
ENSG00000163629	PTPN13	-9.93e-02	8.61e-01	protein_coding
ENSG00000204315	FKBPL	-2.42e-01	2.67e-01	protein_coding
ENSG00000171316	CHD7	 2.71e-01	3.63e-01	protein_coding
ENSG00000149150	SLC43A1	 1.66e-01	4.86e-01	protein_coding
ENSG00000115129	TP53I3	-6.56e-01	1.22e-06	protein_coding
ENSG00000196312	MFSD14C	-3.99e-01	2.14e-01	transcribed_unprocessed_pseudogene
ENSG00000120697	ALG5	 1.70e-01	6.36e-01	protein_coding
ENSG00000117984	CTSD	 3.78e-01	1.62e-03	protein_coding
ENSG00000244731	C4A	 8.55e-01	2.68e-04	protein_coding
ENSG00000165475	CRYL1	-2.26e-01	3.39e-01	protein_coding
ENSG00000102710	SUPT20H	-1.66e-01	6.55e-01	protein_coding
ENSG00000038532	CLEC16A	-3.60e-01	2.35e-01	protein_coding
ENSG00000114200	BCHE	 2.68e-01	5.58e-01	protein_coding
ENSG00000171729	TMEM51	 1.78e-01	5.57e-01	protein_coding
ENSG00000181481	RNF135	-3.89e-01	6.35e-02	protein_coding
ENSG00000101911	PRPS2	-1.68e-01	4.56e-01	protein_coding
ENSG00000169762	TAPT1	 2.21e-01	6.47e-01	protein_coding
ENSG00000141664	ZCCHC2	 1.79e-01	6.61e-01	protein_coding
ENSG00000204348	DXO	-3.35e-02	9.04e-01	protein_coding
ENSG00000196182	STK40	 1.40e-01	6.49e-01	protein_coding
ENSG00000258388	PPT2-EGFL8	-5.19e-02	9.35e-01	protein_coding
ENSG00000108523	RNF167	 1.19e-01	5.39e-01	protein_coding
ENSG00000182093	WRB	-1.05e-01	8.18e-01	protein_coding
ENSG00000101849	TBL1X	-3.23e-01	8.99e-02	protein_coding
ENSG00000266340	AC138207.7	 6.47e-01	6.22e-02	lncRNA
ENSG00000204177	BMS1P1	-5.54e-02	9.12e-01	transcribed_unprocessed_pseudogene
ENSG00000267809	NDUFV2P1	-4.66e-02	9.32e-01	processed_pseudogene
ENSG00000086712	TXLNG	-3.02e-01	3.85e-01	protein_coding
ENSG00000217128	FNIP1	 2.46e-01	3.92e-01	protein_coding
ENSG00000103227	LMF1	 1.49e-01	7.27e-01	protein_coding
ENSG00000125753	VASP	-1.92e-02	9.55e-01	protein_coding
ENSG00000270177	AC104109.2	 3.69e-01	3.66e-01	lncRNA
ENSG00000115204	MPV17	 3.53e-02	9.04e-01	protein_coding
ENSG00000105011	ASF1B	 1.24e-01	4.68e-01	protein_coding
ENSG00000102054	RBBP7	-2.89e-01	6.80e-02	protein_coding
ENSG00000106853	PTGR1	-2.12e-01	2.46e-01	protein_coding
ENSG00000064932	SBNO2	 3.73e-01	6.47e-02	protein_coding
ENSG00000111880	RNGTT	-2.15e-01	5.56e-01	protein_coding
ENSG00000108528	SLC25A11	-1.60e-01	4.17e-01	protein_coding
ENSG00000083223	TUT7	 1.11e-01	8.36e-01	protein_coding
ENSG00000110195	FOLR1	-3.84e-02	9.13e-01	protein_coding
ENSG00000109917	ZPR1	-3.43e-01	7.36e-02	protein_coding
ENSG00000070061	ELP1	-3.16e-01	2.11e-01	protein_coding
ENSG00000221988	PPT2	 1.13e-01	7.34e-01	protein_coding
ENSG00000223802	CERS1	 5.36e-02	9.21e-01	protein_coding
ENSG00000119383	PTPA	-2.22e-01	9.87e-02	protein_coding
ENSG00000133884	DPF2	 4.89e-01	1.65e-03	protein_coding
ENSG00000174384	PMS2P6	 5.39e-01	6.75e-02	unprocessed_pseudogene
ENSG00000187098	MITF	-4.54e-01	9.98e-02	protein_coding
ENSG00000167118	URM1	-4.41e-01	2.02e-04	protein_coding
ENSG00000168061	SAC3D1	-4.16e-01	2.53e-02	protein_coding
ENSG00000087586	AURKA	-5.89e-02	8.31e-01	protein_coding
ENSG00000141905	NFIC	 6.86e-01	2.84e-05	protein_coding
ENSG00000124116	WFDC3	 6.47e-02	9.04e-01	protein_coding
ENSG00000233369	GTF2IP4	 5.53e-01	4.01e-02	transcribed_processed_pseudogene
ENSG00000204536	CCHCR1	-6.20e-01	3.04e-04	protein_coding
ENSG00000080189	SLC35C2	-1.66e-01	3.81e-01	protein_coding
ENSG00000135521	LTV1	-3.85e-02	9.51e-01	protein_coding
ENSG00000204344	STK19	-4.95e-01	4.52e-03	protein_coding
ENSG00000103932	RPAP1	-1.75e-02	9.70e-01	protein_coding
ENSG00000196865	NHLRC2	-2.86e-01	3.29e-01	protein_coding
ENSG00000121897	LIAS	-4.08e-02	9.47e-01	protein_coding
ENSG00000177352	CCDC71	-2.64e-01	1.62e-01	protein_coding
ENSG00000228705	LINC00659	-1.37e-01	8.03e-01	lncRNA
ENSG00000284954	AL662884.3	 1.67e-01	6.12e-01	lncRNA
ENSG00000083454	P2RX5	 1.41e-01	6.01e-01	protein_coding
ENSG00000196562	SULF2	 4.64e-01	3.79e-02	protein_coding
ENSG00000108344	PSMD3	-2.42e-02	9.34e-01	protein_coding
ENSG00000025800	KPNA6	-3.29e-01	5.74e-02	protein_coding
ENSG00000081913	PHLPP1	 5.32e-01	1.11e-01	protein_coding
ENSG00000179455	MKRN3	 9.46e-02	8.57e-01	protein_coding
ENSG00000186765	FSCN2	-8.59e-02	8.88e-01	protein_coding
ENSG00000095321	CRAT	-2.16e-01	3.97e-01	protein_coding
ENSG00000088812	ATRN	 1.52e-01	6.99e-01	protein_coding
ENSG00000241404	EGFL8	-1.90e-01	7.06e-01	protein_coding
ENSG00000261423	TMEM202-AS1	 2.76e-01	4.79e-01	lncRNA
ENSG00000074410	CA12	 1.04e-01	8.54e-01	protein_coding
ENSG00000089351	GRAMD1A	 3.48e-02	9.12e-01	protein_coding
ENSG00000106991	ENG	 8.04e-01	3.81e-09	protein_coding
ENSG00000101365	IDH3B	-6.55e-01	9.93e-09	protein_coding
ENSG00000060491	OGFR	-4.58e-01	1.21e-03	protein_coding
ENSG00000231312	MAP4K3-DT	-2.71e-02	9.63e-01	lncRNA
ENSG00000274602	PI4KAP1	 1.65e-01	7.24e-01	transcribed_unprocessed_pseudogene
ENSG00000106571	GLI3	-7.29e-02	8.70e-01	protein_coding
ENSG00000169021	UQCRFS1	-2.41e-01	1.20e-01	protein_coding
ENSG00000112079	STK38	 1.32e-01	7.02e-01	protein_coding
ENSG00000107854	TNKS2	-1.50e-01	7.10e-01	protein_coding
ENSG00000101189	MRGBP	-3.55e-01	2.08e-02	protein_coding
ENSG00000113658	SMAD5	-1.92e-01	4.76e-01	protein_coding
ENSG00000040531	CTNS	 2.43e-01	3.71e-01	protein_coding
ENSG00000237864	LINC00322	 6.65e-02	9.08e-01	lncRNA
ENSG00000240990	HOXA11-AS	-2.83e-01	3.33e-01	lncRNA
ENSG00000166233	ARIH1	 1.59e-02	9.78e-01	protein_coding
ENSG00000008952	SEC62	-3.57e-01	3.83e-01	protein_coding
ENSG00000127774	EMC6	-1.29e-01	5.79e-01	protein_coding
ENSG00000163682	RPL9	 1.93e-01	4.67e-01	protein_coding
ENSG00000005073	HOXA11	-5.87e-02	8.65e-01	protein_coding
ENSG00000257950	P2RX5-TAX1BP3	-2.71e-01	5.35e-01	protein_coding
ENSG00000112419	PHACTR2	-1.50e-01	6.99e-01	protein_coding
ENSG00000213977	TAX1BP3	 1.88e-03	9.96e-01	protein_coding
ENSG00000081014	AP4E1	-7.50e-02	8.75e-01	protein_coding
ENSG00000171497	PPID	-3.86e-03	9.96e-01	protein_coding
ENSG00000188603	CLN3	 9.69e-02	6.65e-01	protein_coding
ENSG00000205208	C4orf46	 2.75e-01	5.09e-01	protein_coding
ENSG00000083844	ZNF264	-3.56e-02	9.46e-01	protein_coding
ENSG00000196826	AC008758.1	 1.45e-02	9.84e-01	protein_coding
ENSG00000171503	ETFDH	 3.91e-02	9.49e-01	protein_coding
ENSG00000253729	PRKDC	 5.97e-02	8.56e-01	protein_coding
ENSG00000134644	PUM1	-2.65e-01	1.94e-01	protein_coding
ENSG00000067221	STOML1	-5.64e-01	2.17e-03	protein_coding
ENSG00000128266	GNAZ	-2.13e-01	6.49e-01	protein_coding
ENSG00000142178	SIK1	 3.91e-01	2.22e-02	protein_coding
ENSG00000116990	MYCL	 2.46e-01	5.56e-01	protein_coding
ENSG00000070756	PABPC1	 7.19e-01	9.19e-04	protein_coding
ENSG00000196476	C20orf96	 4.42e-02	9.39e-01	protein_coding
ENSG00000113558	SKP1	-3.66e-02	8.96e-01	protein_coding
ENSG00000165671	NSD1	 1.30e-01	7.24e-01	protein_coding
ENSG00000167333	TRIM68	 1.86e-01	4.82e-01	protein_coding
ENSG00000133997	MED6	 2.96e-02	9.48e-01	protein_coding
ENSG00000188033	ZNF490	 1.18e-01	8.19e-01	protein_coding
ENSG00000108219	TSPAN14	 7.05e-01	5.94e-04	protein_coding
ENSG00000155096	AZIN1	 2.11e-01	4.73e-01	protein_coding
ENSG00000131374	TBC1D5	 1.60e-01	6.54e-01	protein_coding
ENSG00000105171	POP4	-3.65e-01	4.26e-02	protein_coding
ENSG00000173875	ZNF791	 3.46e-01	3.59e-01	protein_coding
ENSG00000184117	NIPSNAP1	-2.00e-01	2.04e-01	protein_coding
ENSG00000125971	DYNLRB1	 4.04e-01	3.55e-02	protein_coding
ENSG00000158092	NCK1	 1.37e-01	7.93e-01	protein_coding
ENSG00000253320	AZIN1-AS1	 4.44e-02	9.37e-01	lncRNA
ENSG00000174010	KLHL15	-1.06e-01	8.03e-01	protein_coding
ENSG00000162139	NEU3	 3.94e-01	2.42e-01	protein_coding
ENSG00000158987	RAPGEF6	 2.31e-01	5.90e-01	protein_coding
ENSG00000105486	LIG1	-2.35e-01	2.92e-01	protein_coding
ENSG00000174564	IL20RB	-3.88e-02	9.54e-01	protein_coding
ENSG00000150756	ATPSCKMT	-1.49e-01	6.32e-01	protein_coding
ENSG00000112081	SRSF3	-1.50e-01	3.33e-01	protein_coding
ENSG00000204310	AGPAT1	 4.80e-01	4.18e-04	protein_coding
ENSG00000275740	AC091959.3	-2.20e-01	4.99e-01	protein_coding
ENSG00000204314	PRRT1	 7.65e-01	7.48e-03	protein_coding
ENSG00000101680	LAMA1	-9.30e-02	8.75e-01	protein_coding
ENSG00000011566	MAP4K3	-1.20e-01	8.07e-01	protein_coding
ENSG00000072071	ADGRL1	 6.42e-01	3.67e-03	protein_coding
ENSG00000185246	PRPF39	 2.79e-01	5.08e-01	protein_coding
ENSG00000091009	RBM27	-4.78e-02	9.37e-01	protein_coding
ENSG00000120699	EXOSC8	 3.06e-02	9.36e-01	protein_coding
ENSG00000124762	CDKN1A	 4.86e-03	9.93e-01	protein_coding
ENSG00000176953	NFATC2IP	 8.46e-02	7.98e-01	protein_coding
ENSG00000072310	SREBF1	 5.18e-01	1.54e-05	protein_coding
ENSG00000113575	PPP2CA	-2.40e-01	2.74e-01	protein_coding
ENSG00000267169	AC022098.1	-3.11e-01	4.80e-01	lncRNA
ENSG00000171206	TRIM8	 4.26e-01	5.17e-02	protein_coding
ENSG00000104756	KCTD9	 7.46e-02	8.78e-01	protein_coding
ENSG00000185909	KLHDC8B	-3.53e-01	7.22e-02	protein_coding
ENSG00000068097	HEATR6	 5.67e-02	9.02e-01	protein_coding
ENSG00000130751	NPAS1	-4.88e-01	1.31e-02	protein_coding
ENSG00000172939	OXSR1	-5.11e-01	5.67e-02	protein_coding
ENSG00000129158	SERGEF	-3.70e-01	7.88e-02	protein_coding
ENSG00000180447	GAS1	 3.56e-01	1.79e-01	protein_coding
ENSG00000146278	PNRC1	 5.10e-01	4.14e-05	protein_coding
ENSG00000147852	VLDLR	 7.20e-01	1.43e-02	protein_coding
ENSG00000100281	HMGXB4	-1.14e-01	7.58e-01	protein_coding
ENSG00000163923	RPL39L	-1.28e-01	5.56e-01	protein_coding
ENSG00000084093	REST	-6.21e-01	3.15e-02	protein_coding
ENSG00000100442	FKBP3	-2.52e-01	3.99e-01	protein_coding
ENSG00000188660	LINC00319	 3.13e-01	4.18e-01	lncRNA
ENSG00000110660	SLC35F2	 5.63e-02	8.95e-01	protein_coding
ENSG00000182054	IDH2	-3.26e-01	5.99e-02	protein_coding
ENSG00000248333	CDK11B	 7.34e-02	8.39e-01	protein_coding
ENSG00000185186	LINC00313	 1.60e-01	7.59e-01	lncRNA
ENSG00000007384	RHBDF1	 2.77e-01	5.36e-01	protein_coding
ENSG00000141933	TPGS1	-6.70e-01	2.58e-05	protein_coding
ENSG00000166289	PLEKHF1	-5.54e-01	5.07e-03	protein_coding
ENSG00000084092	NOA1	-1.88e-01	3.68e-01	protein_coding
ENSG00000138796	HADH	-4.47e-03	9.90e-01	protein_coding
ENSG00000067596	DHX8	 2.01e-01	2.95e-01	protein_coding
ENSG00000042429	MED17	-3.23e-01	1.67e-01	protein_coding
ENSG00000247315	ZCCHC3	 9.08e-02	7.62e-01	protein_coding
ENSG00000130741	EIF2S3	 1.33e-01	6.10e-01	protein_coding
ENSG00000070495	JMJD6	-3.22e-02	9.16e-01	protein_coding
ENSG00000133812	SBF2	-2.56e-01	3.29e-01	protein_coding
ENSG00000124151	NCOA3	 2.97e-02	9.63e-01	protein_coding
ENSG00000100296	THOC5	-2.23e-01	1.31e-01	protein_coding
ENSG00000211456	SACM1L	 2.01e-01	6.72e-01	protein_coding
ENSG00000225830	ERCC6	 2.82e-02	9.57e-01	protein_coding
ENSG00000065559	MAP2K4	 3.61e-01	2.70e-01	protein_coding
ENSG00000165879	FRAT1	 1.38e-02	9.81e-01	protein_coding
ENSG00000266933	AC005775.1	-1.44e-01	7.92e-01	lncRNA
ENSG00000125686	MED1	-2.22e-01	5.44e-01	protein_coding
ENSG00000108557	RAI1	 5.38e-01	3.00e-02	protein_coding
ENSG00000245522	AC026250.1	-1.64e-01	7.17e-01	lncRNA
ENSG00000155463	OXA1L	 3.13e-01	1.66e-01	protein_coding
ENSG00000005889	ZFX	 3.37e-02	9.43e-01	protein_coding
ENSG00000246273	SBF2-AS1	 4.12e-02	9.33e-01	lncRNA
ENSG00000184203	PPP1R2	-9.12e-02	8.23e-01	protein_coding
ENSG00000125841	NRSN2	 1.31e-01	5.65e-01	protein_coding
ENSG00000163605	PPP4R2	-3.41e-01	3.92e-01	protein_coding
ENSG00000173825	TIGD3	-3.52e-01	3.61e-01	protein_coding
ENSG00000101079	NDRG3	 1.97e-01	2.90e-01	protein_coding
ENSG00000125657	TNFSF9	 1.73e-01	3.25e-01	protein_coding
ENSG00000177732	SOX12	 1.07e+00	1.15e-12	protein_coding
ENSG00000102805	CLN5	-2.51e-02	9.65e-01	protein_coding
ENSG00000225377	NRSN2-AS1	 2.08e-01	6.52e-01	lncRNA
ENSG00000172986	GXYLT2	-1.68e-01	6.42e-01	protein_coding
ENSG00000155876	RRAGA	-7.15e-02	7.77e-01	protein_coding
ENSG00000162241	SLC25A45	 9.05e-02	7.87e-01	protein_coding
ENSG00000188897	AC099489.1	-6.78e-02	8.70e-01	protein_coding
ENSG00000125741	OPA3	 1.26e-01	6.92e-01	protein_coding
ENSG00000198807	PAX9	-3.70e-02	9.54e-01	protein_coding
ENSG00000181817	LSM10	-1.87e-01	3.92e-01	protein_coding
ENSG00000142303	ADAMTS10	-2.62e-01	4.81e-01	protein_coding
ENSG00000134265	NAPG	-1.51e-01	7.04e-01	protein_coding
ENSG00000163785	RYK	 1.17e-02	9.81e-01	protein_coding
ENSG00000100784	RPS6KA5	 3.22e-01	4.03e-01	protein_coding
ENSG00000120211	INSL4	 1.63e-01	4.81e-01	protein_coding
ENSG00000185504	FAAP100	-1.51e-02	9.75e-01	protein_coding
ENSG00000175643	RMI2	 3.10e-01	1.42e-01	protein_coding
ENSG00000008382	MPND	-3.08e-02	9.51e-01	protein_coding
ENSG00000261040	WFDC21P	 3.17e-01	1.03e-01	transcribed_unitary_pseudogene
ENSG00000115255	REEP6	 1.24e-01	6.77e-01	protein_coding
ENSG00000144791	LIMD1	 2.64e-01	1.92e-01	protein_coding
ENSG00000132881	CPLANE2	 1.48e-01	7.30e-01	protein_coding
ENSG00000183032	SLC25A21	-1.29e-01	8.12e-01	protein_coding
ENSG00000226237	GAS1RR	 6.33e-02	8.99e-01	lncRNA
ENSG00000173511	VEGFB	 4.16e-01	3.07e-02	protein_coding
ENSG00000037637	FBXO42	 2.06e-01	4.65e-01	protein_coding
ENSG00000050393	MCUR1	-1.76e-02	9.63e-01	protein_coding
ENSG00000136861	CDK5RAP2	-2.29e-01	3.48e-01	protein_coding
ENSG00000145934	TENM2	-1.14e-01	7.94e-01	protein_coding
ENSG00000085377	PREP	 2.49e-01	2.36e-01	protein_coding
ENSG00000185650	ZFP36L1	 6.56e-01	7.42e-05	protein_coding
ENSG00000110422	HIPK3	-1.93e-01	4.54e-01	protein_coding
ENSG00000108306	FBXL20	 8.77e-02	7.77e-01	protein_coding
ENSG00000106628	POLD2	-2.97e-01	9.24e-02	protein_coding
ENSG00000099804	CDC34	-3.86e-01	3.27e-02	protein_coding
ENSG00000130856	ZNF236	 4.21e-03	9.95e-01	protein_coding
ENSG00000136327	NKX2-8	 2.99e-01	4.55e-01	protein_coding
ENSG00000243449	C4orf48	 2.22e-01	4.51e-01	protein_coding
ENSG00000134809	TIMM10	-1.45e-01	5.71e-01	protein_coding
ENSG00000258708	SLC25A21-AS1	-1.21e-01	7.92e-01	lncRNA
ENSG00000196712	NF1	 1.40e-01	6.64e-01	protein_coding
ENSG00000103148	NPRL3	 7.84e-01	7.96e-05	protein_coding
ENSG00000161999	JMJD8	 1.34e-02	9.66e-01	protein_coding
ENSG00000099998	GGT5	 6.11e-01	1.57e-02	protein_coding
ENSG00000168389	MFSD2A	 1.08e-01	8.37e-01	protein_coding
ENSG00000114019	AMOTL2	 2.11e-01	3.84e-01	protein_coding
ENSG00000244627	TPTEP2	-1.92e-01	6.88e-01	transcribed_unprocessed_pseudogene
ENSG00000126106	TMEM53	-2.86e-01	1.70e-01	protein_coding
ENSG00000122512	PMS2	-7.08e-02	8.75e-01	protein_coding
ENSG00000080573	COL5A3	 5.50e-01	8.79e-02	protein_coding
ENSG00000132522	GPS2	 1.07e-01	6.27e-01	protein_coding
ENSG00000283900	TPTEP2-CSNK1E	 7.08e-01	3.46e-02	protein_coding
ENSG00000267060	PTGES3L	 1.59e-01	6.65e-01	protein_coding
ENSG00000204524	ZNF805	 2.05e-01	6.82e-01	protein_coding
ENSG00000175832	ETV4	 1.16e-01	7.95e-01	protein_coding
ENSG00000162542	TMCO4	-8.29e-02	7.69e-01	protein_coding
ENSG00000136758	YME1L1	-5.66e-01	2.49e-02	protein_coding
ENSG00000111912	NCOA7	-2.43e-02	9.66e-01	protein_coding
ENSG00000079459	FDFT1	-3.27e-01	1.65e-01	protein_coding
ENSG00000132963	POMP	 1.45e-02	9.72e-01	protein_coding
ENSG00000107140	TESK1	 1.92e-01	5.79e-01	protein_coding
ENSG00000187079	TEAD1	-4.69e-01	1.48e-02	protein_coding
ENSG00000259248	USP3-AS1	-3.14e-01	4.56e-01	lncRNA
ENSG00000185818	NAT8L	 7.16e-01	8.42e-04	protein_coding
ENSG00000100321	SYNGR1	 2.92e-03	9.94e-01	protein_coding
ENSG00000180537	RNF182	 6.57e-02	8.26e-01	protein_coding
ENSG00000125726	CD70	-2.73e-02	9.45e-01	protein_coding
ENSG00000103152	MPG	-3.81e-01	4.25e-02	protein_coding
ENSG00000274026	FAM27E3	 7.35e-02	9.02e-01	lncRNA
ENSG00000148481	MINDY3	 8.83e-02	8.49e-01	protein_coding
ENSG00000112312	GMNN	-3.24e-01	1.60e-01	protein_coding
ENSG00000101460	MAP1LC3A	 7.25e-02	8.75e-01	protein_coding
ENSG00000140455	AC007950.1	 1.64e-01	5.83e-01	protein_coding
ENSG00000267248	AC025048.2	 1.97e-01	6.92e-01	lncRNA
ENSG00000159063	ALG8	 3.82e-01	8.96e-02	protein_coding
ENSG00000146263	MMS22L	-1.59e-01	7.56e-01	protein_coding
ENSG00000187147	RNF220	-1.41e-01	4.48e-01	protein_coding
ENSG00000164751	PEX2	-2.07e-01	4.17e-01	protein_coding
ENSG00000182919	C11orf54	 1.01e-01	8.29e-01	protein_coding
ENSG00000005810	MYCBP2	-4.95e-01	8.93e-02	protein_coding
ENSG00000213923	CSNK1E	-2.66e-01	1.10e-01	protein_coding
ENSG00000120539	MASTL	-1.45e-01	6.52e-01	protein_coding
ENSG00000099625	CBARP	 6.47e-01	3.79e-02	protein_coding
ENSG00000103266	STUB1	-5.03e-01	1.73e-03	protein_coding
ENSG00000005812	FBXL3	-4.16e-04	9.99e-01	protein_coding
ENSG00000011028	AC080038.1	 5.26e-01	2.05e-02	protein_coding
ENSG00000149084	HSD17B12	 1.11e-01	8.03e-01	protein_coding
ENSG00000184661	CDCA2	-1.48e-01	7.58e-01	protein_coding
ENSG00000100284	TOM1	-4.25e-01	3.45e-03	protein_coding
ENSG00000118046	STK11	 4.88e-02	9.19e-01	protein_coding
ENSG00000084652	TXLNA	 3.86e-01	3.65e-03	protein_coding
ENSG00000267751	AC009005.1	 2.33e-01	3.05e-01	lncRNA
ENSG00000101255	TRIB3	-1.65e-01	2.89e-01	protein_coding
ENSG00000156587	UBE2L6	-1.49e-01	4.86e-01	protein_coding
ENSG00000127419	TMEM175	 5.72e-02	9.02e-01	protein_coding
ENSG00000130748	TMEM160	-4.31e-01	9.11e-03	protein_coding
ENSG00000164904	ALDH7A1	-4.80e-01	6.45e-03	protein_coding
ENSG00000254911	SCARNA9	 2.39e-01	3.27e-01	lncRNA
ENSG00000173486	FKBP2	-5.88e-02	8.16e-01	protein_coding
ENSG00000172493	AFF1	 1.19e-01	6.87e-01	protein_coding
ENSG00000234684	SDCBP2-AS1	 3.12e-02	9.61e-01	lncRNA
ENSG00000132507	EIF5A	-4.87e-02	8.14e-01	protein_coding
ENSG00000130299	GTPBP3	-8.18e-02	7.53e-01	protein_coding
ENSG00000114902	SPCS1	 6.57e-02	8.95e-01	protein_coding
ENSG00000153015	CWC27	 1.89e-01	7.06e-01	protein_coding
ENSG00000163719	MTMR14	-2.06e-01	2.34e-01	protein_coding
ENSG00000109320	NFKB1	 4.71e-01	8.29e-02	protein_coding
ENSG00000163938	GNL3	 1.03e-01	7.58e-01	protein_coding
ENSG00000164284	GRPEL2	-1.56e-01	7.37e-01	protein_coding
ENSG00000142230	SAE1	-3.64e-01	4.41e-03	protein_coding
ENSG00000132388	UBE2G1	 2.57e-01	2.74e-01	protein_coding
ENSG00000133943	DGLUCY	-3.80e-02	9.12e-01	protein_coding
ENSG00000279192	PWAR5	 2.03e-01	6.82e-01	TEC
ENSG00000284968	AC093827.4	 2.10e-01	4.95e-01	lncRNA
ENSG00000273173	SNURF	-2.66e-01	5.22e-01	protein_coding
ENSG00000088832	FKBP1A	 4.64e-02	8.89e-01	protein_coding
ENSG00000172270	BSG	 3.26e-01	1.96e-02	protein_coding
ENSG00000100324	TAB1	-1.01e-01	6.82e-01	protein_coding
ENSG00000166012	TAF1D	 5.17e-01	1.65e-02	protein_coding
ENSG00000107554	DNMBP	 5.88e-02	8.71e-01	protein_coding
ENSG00000116885	OSCP1	-1.27e-01	7.37e-01	protein_coding
ENSG00000082781	ITGB5	 1.08e-01	7.50e-01	protein_coding
ENSG00000134884	ARGLU1	-3.54e-01	1.28e-01	protein_coding
ENSG00000108825	PTGES3L-AARSD1	-4.29e-01	2.59e-01	protein_coding
ENSG00000130749	AC008755.1	 6.99e-01	6.73e-06	protein_coding
ENSG00000102471	NDFIP2	 4.78e-02	8.85e-01	protein_coding
ENSG00000114904	NEK4	-2.01e-01	4.94e-01	protein_coding
ENSG00000107020	PLGRKT	 3.32e-01	4.01e-01	protein_coding
ENSG00000101464	PIGU	 1.80e-01	3.89e-01	protein_coding
ENSG00000105483	CARD8	 1.94e-02	9.75e-01	protein_coding
ENSG00000168273	SMIM4	 3.61e-01	4.92e-02	protein_coding
ENSG00000266967	AARSD1	-6.88e-01	8.48e-06	protein_coding
ENSG00000198646	NCOA6	 7.90e-01	4.74e-04	protein_coding
ENSG00000112149	CD83	 4.19e-02	8.95e-01	protein_coding
ENSG00000171150	SOCS5	-3.23e-01	3.52e-01	protein_coding
ENSG00000161547	SRSF2	-1.92e-02	9.39e-01	protein_coding
ENSG00000111961	SASH1	-2.51e-02	9.69e-01	protein_coding
ENSG00000154059	IMPACT	 2.94e-01	4.04e-01	protein_coding
ENSG00000149131	SERPING1	 2.35e-01	6.13e-01	protein_coding
ENSG00000174721	FGFBP3	 3.44e-01	3.94e-01	protein_coding
ENSG00000197714	ZNF460	-1.17e-01	7.83e-01	protein_coding
ENSG00000114062	UBE3A	 1.92e-01	4.59e-01	protein_coding
ENSG00000185033	SEMA4B	 3.41e-01	2.47e-01	protein_coding
ENSG00000251381	LINC00958	-3.37e-02	9.29e-01	lncRNA
ENSG00000181038	METTL23	-1.87e-01	4.46e-01	protein_coding
ENSG00000166004	CEP295	-5.63e-02	9.24e-01	protein_coding
ENSG00000257086	AP001453.4	-4.72e-01	1.17e-01	lncRNA
ENSG00000157540	DYRK1A	-1.36e-01	7.29e-01	protein_coding
ENSG00000173457	PPP1R14B	-4.21e-01	1.93e-02	protein_coding
ENSG00000154864	PIEZO2	-2.89e-01	3.73e-01	protein_coding
ENSG00000255046	AC069185.1	-1.94e-01	5.81e-01	lncRNA
ENSG00000256940	AP001453.2	 5.47e-01	4.97e-02	lncRNA
ENSG00000215041	NEURL4	 2.11e-01	4.37e-01	protein_coding
ENSG00000078804	TP53INP2	 5.25e-01	1.17e-02	protein_coding
ENSG00000197579	TOPORS	-5.87e-01	4.97e-02	protein_coding
ENSG00000095564	BTAF1	-7.48e-02	8.41e-01	protein_coding
ENSG00000263535	AK4P1	 4.28e-03	9.95e-01	processed_pseudogene
ENSG00000055070	SZRD1	-4.05e-02	8.75e-01	protein_coding
ENSG00000145882	PCYOX1L	 2.04e-01	4.58e-01	protein_coding
ENSG00000165264	NDUFB6	-7.94e-02	7.84e-01	protein_coding
ENSG00000235453	SMIM27	 1.02e+00	3.64e-05	protein_coding
ENSG00000178229	ZNF543	 2.00e-01	6.40e-01	protein_coding
ENSG00000142621	FHAD1	-3.22e-01	3.98e-01	protein_coding
ENSG00000160050	CCDC28B	-4.35e-01	1.55e-02	protein_coding
ENSG00000131845	ZNF304	-1.56e-01	7.72e-01	protein_coding
ENSG00000127511	SIN3B	-5.19e-02	8.55e-01	protein_coding
ENSG00000137364	TPMT	-1.09e-01	8.29e-01	protein_coding
ENSG00000160051	IQCC	-7.08e-02	8.45e-01	protein_coding
ENSG00000167123	CERCAM	 1.48e-01	4.73e-01	protein_coding
ENSG00000103540	CCP110	 4.11e-01	3.04e-01	protein_coding
ENSG00000136848	DAB2IP	-4.57e-02	9.11e-01	protein_coding
ENSG00000198363	ASPH	 5.32e-01	3.65e-03	protein_coding
ENSG00000137168	PPIL1	-3.04e-05	1.00e+00	protein_coding
ENSG00000087903	RFX2	 4.84e-01	6.26e-02	protein_coding
ENSG00000003756	RBM5	 2.06e-01	3.38e-01	protein_coding
ENSG00000113360	DROSHA	 5.19e-01	2.14e-03	protein_coding
ENSG00000163704	PRRT3	 1.04e-01	8.04e-01	protein_coding
ENSG00000215424	MCM3AP-AS1	 2.69e-01	5.58e-01	lncRNA
ENSG00000185917	SETD4	-1.35e-01	7.27e-01	protein_coding
ENSG00000205542	TMSB4X	 8.19e-02	7.76e-01	protein_coding
ENSG00000165458	INPPL1	 3.11e-01	1.36e-02	protein_coding
ENSG00000092931	MFSD11	-4.85e-02	9.21e-01	protein_coding
ENSG00000198663	C6orf89	 3.59e-02	9.04e-01	protein_coding
ENSG00000156162	DPY19L4	-3.72e-03	9.96e-01	protein_coding
ENSG00000150456	EEF1AKMT1	 1.89e-01	6.84e-01	protein_coding
ENSG00000090565	RAB11FIP3	 3.00e-01	1.31e-01	protein_coding
ENSG00000278291	AL161772.1	 3.41e-01	4.00e-01	lncRNA
ENSG00000159459	UBR1	-3.93e-01	1.11e-01	protein_coding
ENSG00000159228	CBR1	-5.61e-01	1.22e-05	protein_coding
ENSG00000137210	TMEM14B	 1.56e-02	9.63e-01	protein_coding
ENSG00000160294	MCM3AP	 6.83e-02	8.40e-01	protein_coding
ENSG00000169733	RFNG	 6.22e-02	8.52e-01	protein_coding
ENSG00000273186	AL359091.5	-1.82e-01	7.20e-01	lncRNA
ENSG00000146281	PM20D2	-2.58e-01	4.22e-01	protein_coding
ENSG00000120254	MTHFD1L	-1.34e-02	9.67e-01	protein_coding
ENSG00000106588	PSMA2	-1.85e-01	4.81e-01	protein_coding
ENSG00000234289	H2BFS	 2.54e-01	4.20e-01	protein_coding
ENSG00000163703	CRELD1	-2.59e-01	3.30e-01	protein_coding
ENSG00000159082	SYNJ1	 9.12e-02	8.78e-01	protein_coding
ENSG00000136197	C7orf25	 8.71e-02	8.76e-01	protein_coding
ENSG00000230082	PRRT3-AS1	 1.19e-01	8.09e-01	lncRNA
ENSG00000160207	HSF2BP	-3.51e-01	1.90e-01	protein_coding
ENSG00000234072	AC074117.1	 1.29e-01	7.90e-01	lncRNA
ENSG00000185453	ZSWIM9	-4.91e-01	1.77e-01	protein_coding
ENSG00000068724	TTC7A	 9.73e-02	7.38e-01	protein_coding
ENSG00000205302	SNX2	-6.44e-01	1.42e-02	protein_coding
ENSG00000169727	GPS1	-2.63e-01	1.42e-01	protein_coding
ENSG00000169682	SPNS1	 1.65e-01	3.46e-01	protein_coding
ENSG00000121621	KIF18A	-1.64e-01	7.32e-01	protein_coding
ENSG00000104611	SH2D4A	 1.02e-01	7.87e-01	protein_coding
ENSG00000169991	IFFO2	 4.42e-01	2.35e-01	protein_coding
ENSG00000135317	SNX14	-6.36e-02	8.97e-01	protein_coding
ENSG00000131943	C19orf12	-2.10e-01	4.73e-01	protein_coding
ENSG00000147654	EBAG9	-1.06e-01	8.14e-01	protein_coding
ENSG00000095059	DHPS	-3.64e-01	2.89e-02	protein_coding
ENSG00000126091	ST3GAL3	-1.11e-01	7.32e-01	protein_coding
ENSG00000086232	EIF2AK1	 1.97e-01	2.78e-01	protein_coding
ENSG00000169914	OTUD3	 4.22e-02	9.50e-01	protein_coding
ENSG00000127527	EPS15L1	 2.13e-01	2.12e-01	protein_coding
ENSG00000235590	GNAS-AS1	-4.43e-01	1.26e-01	lncRNA
ENSG00000170832	USP32	-1.29e-01	7.48e-01	protein_coding
ENSG00000197535	MYO5A	-7.35e-01	1.62e-02	protein_coding
ENSG00000163527	STT3B	 3.28e-01	1.24e-01	protein_coding
ENSG00000242110	AMACR	-2.32e-01	4.84e-01	protein_coding
ENSG00000164211	STARD4	-5.78e-02	8.88e-01	protein_coding
ENSG00000113649	TCERG1	 2.19e-01	4.54e-01	protein_coding
ENSG00000106305	AIMP2	-8.14e-02	7.50e-01	protein_coding
ENSG00000185761	ADAMTSL5	 3.59e-01	3.34e-01	protein_coding
ENSG00000126062	TMEM115	-1.02e-01	7.03e-01	protein_coding
ENSG00000165280	VCP	-9.50e-02	6.46e-01	protein_coding
ENSG00000128039	SRD5A3	 5.64e-02	8.75e-01	protein_coding
ENSG00000114395	CYB561D2	-2.67e-01	1.27e-01	protein_coding
ENSG00000127870	RNF6	 5.57e-02	9.29e-01	protein_coding
ENSG00000186866	POFUT2	 7.41e-02	8.81e-01	protein_coding
ENSG00000126391	FRMD8	-3.52e-01	1.48e-01	protein_coding
ENSG00000115211	EIF2B4	-5.58e-01	1.45e-04	protein_coding
ENSG00000118515	SGK1	 2.93e-01	9.57e-02	protein_coding
ENSG00000159423	ALDH4A1	-3.69e-01	6.17e-02	protein_coding
ENSG00000168256	NKIRAS2	 3.22e-01	2.20e-02	protein_coding
ENSG00000083642	PDS5B	-7.87e-02	8.92e-01	protein_coding
ENSG00000105583	WDR83OS	 2.44e-01	1.89e-01	protein_coding
ENSG00000153914	SREK1	-8.95e-02	8.37e-01	protein_coding
ENSG00000186716	BCR	 2.51e-01	2.70e-01	protein_coding
ENSG00000187624	C17orf97	 2.84e-01	3.58e-01	protein_coding
ENSG00000104774	MAN2B1	-1.61e-01	6.12e-01	protein_coding
ENSG00000130813	C19orf66	-1.94e-01	3.16e-01	protein_coding
ENSG00000221990	EXOC3-AS1	-2.16e-01	4.06e-01	lncRNA
ENSG00000118495	PLAGL1	-2.14e-01	6.14e-01	protein_coding
ENSG00000114388	NPRL2	-2.35e-01	3.46e-01	protein_coding
ENSG00000198399	ITSN2	-4.59e-01	1.77e-01	protein_coding
ENSG00000143933	CALM2	-1.09e-01	6.59e-01	protein_coding
ENSG00000030582	GRN	 5.95e-01	3.96e-07	protein_coding
ENSG00000115207	GTF3C2	 8.97e-02	6.91e-01	protein_coding
ENSG00000163939	PBRM1	 1.61e-01	6.88e-01	protein_coding
ENSG00000135316	SYNCRIP	-4.15e-01	8.67e-02	protein_coding
ENSG00000104131	EIF3J	 2.24e-01	4.92e-01	protein_coding
ENSG00000224078	SNHG14	-7.54e-02	8.17e-01	lncRNA
ENSG00000121067	SPOP	-8.43e-02	8.49e-01	protein_coding
ENSG00000225138	SLC9A3-AS1	 2.70e-01	5.01e-01	lncRNA
ENSG00000271888	AL136162.1	 2.71e-01	5.38e-01	lncRNA
ENSG00000188242	AC010442.1	 1.18e-01	6.78e-01	lncRNA
ENSG00000132541	RIDA	-6.71e-02	9.12e-01	protein_coding
ENSG00000168259	DNAJC7	-4.85e-02	8.89e-01	protein_coding
ENSG00000134986	NREP	 4.61e-01	9.61e-02	protein_coding
ENSG00000243199	AC115223.1	 3.46e-02	9.57e-01	processed_pseudogene
ENSG00000072849	DERL2	 9.07e-02	8.01e-01	protein_coding
ENSG00000169230	PRELID1	-3.93e-01	1.81e-02	protein_coding
ENSG00000108518	PFN1	 9.52e-02	7.05e-01	protein_coding
ENSG00000105711	SCN1B	-4.33e-02	9.12e-01	protein_coding
ENSG00000182446	NPLOC4	-1.50e-01	6.35e-01	protein_coding
ENSG00000167842	MIS12	 2.01e-01	6.22e-01	protein_coding
ENSG00000180398	MCFD2	 1.78e-02	9.67e-01	protein_coding
ENSG00000125826	RBCK1	-2.00e-01	2.02e-01	protein_coding
ENSG00000213347	MXD3	-4.76e-01	9.12e-03	protein_coding
ENSG00000140374	ETFA	-3.49e-01	5.98e-03	protein_coding
ENSG00000168268	NT5DC2	-1.00e-01	6.47e-01	protein_coding
ENSG00000004534	RBM6	 3.84e-02	9.32e-01	protein_coding
ENSG00000123154	WDR83	-4.80e-01	8.30e-03	protein_coding
ENSG00000063322	MED29	-1.24e-01	7.07e-01	protein_coding
ENSG00000182612	TSPAN10	 3.48e-01	2.49e-01	protein_coding
ENSG00000108515	ENO3	-6.28e-01	1.08e-06	protein_coding
ENSG00000198780	FAM169A	-1.41e-01	7.55e-01	protein_coding
ENSG00000229178	AC233280.1	 2.66e-01	5.64e-01	lncRNA
ENSG00000173786	CNP	-5.12e-02	8.22e-01	protein_coding
ENSG00000174840	PDE12	 7.10e-02	8.46e-01	protein_coding
ENSG00000180104	EXOC3	 8.71e-04	9.97e-01	protein_coding
ENSG00000169228	RAB24	-5.33e-01	3.11e-04	protein_coding
ENSG00000260367	AC109460.1	 2.04e-01	6.84e-01	lncRNA
ENSG00000173531	MST1	-1.55e-01	7.52e-01	protein_coding
ENSG00000215196	BASP1-AS1	 3.04e-01	3.27e-01	lncRNA
ENSG00000100335	MIEF1	 3.45e-01	4.87e-02	protein_coding
ENSG00000176788	BASP1	 2.36e-01	1.81e-01	protein_coding
ENSG00000116898	MRPS15	-1.96e-01	3.48e-01	protein_coding
ENSG00000183688	RFLNB	-1.60e-02	9.76e-01	protein_coding
ENSG00000198833	UBE2J1	-2.97e-01	9.54e-02	protein_coding
ENSG00000132382	MYBBP1A	 1.65e-01	5.25e-01	protein_coding
ENSG00000111911	HINT3	-6.11e-02	9.13e-01	protein_coding
ENSG00000105327	BBC3	-4.37e-01	1.81e-02	protein_coding
ENSG00000181588	MEX3D	 1.44e-01	7.08e-01	protein_coding
ENSG00000057657	PRDM1	 7.17e-01	2.20e-02	protein_coding
ENSG00000262664	OVCA2	-2.92e-01	6.17e-02	protein_coding
ENSG00000065833	ME1	 4.08e-01	5.98e-02	protein_coding
ENSG00000284969	AL049629.2	 9.83e-02	8.67e-01	protein_coding
ENSG00000128739	SNRPN	-2.37e-01	1.47e-01	protein_coding
ENSG00000062598	ELMO2	 2.88e-01	1.79e-01	protein_coding
ENSG00000165983	PTER	-2.47e-01	5.88e-01	protein_coding
ENSG00000186230	ZNF749	 1.24e-01	7.47e-01	protein_coding
ENSG00000049860	HEXB	 6.33e-02	8.63e-01	protein_coding
ENSG00000163864	NMNAT3	 3.01e-01	4.94e-01	protein_coding
ENSG00000184669	OR7E14P	 1.18e-01	7.87e-01	transcribed_unprocessed_pseudogene
ENSG00000188785	ZNF548	-2.98e-01	4.56e-01	protein_coding
ENSG00000158163	DZIP1L	-2.36e-01	5.18e-01	protein_coding
ENSG00000108788	MLX	 1.47e-02	9.61e-01	protein_coding
ENSG00000278535	DHRS11	-2.05e-01	3.69e-01	protein_coding
ENSG00000115507	OTX1	-6.48e-02	9.12e-01	protein_coding
ENSG00000172409	CLP1	-4.91e-01	4.26e-02	protein_coding
ENSG00000016864	GLT8D1	 6.10e-02	8.76e-01	protein_coding
ENSG00000267147	LINC01842	 4.01e-02	9.50e-01	lncRNA
ENSG00000166689	PLEKHA7	 8.12e-02	8.27e-01	protein_coding
ENSG00000128016	ZFP36	 6.59e-01	1.87e-02	protein_coding
ENSG00000106012	IQCE	-8.63e-02	8.14e-01	protein_coding
ENSG00000267757	EML2-AS1	-1.17e-01	6.98e-01	lncRNA
ENSG00000146670	CDCA5	 5.97e-02	8.10e-01	protein_coding
ENSG00000105372	RPS19	 1.31e-01	5.14e-01	protein_coding
ENSG00000108963	DPH1	 9.32e-02	6.57e-01	protein_coding
ENSG00000186272	ZNF17	 3.08e-01	4.79e-01	protein_coding
ENSG00000008083	JARID2	 2.26e-01	3.60e-01	protein_coding
ENSG00000256060	TRAPPC2B	 1.10e-01	7.85e-01	protein_coding
ENSG00000189339	SLC35E2B	 1.73e-01	5.36e-01	protein_coding
ENSG00000057663	ATG5	 1.16e-01	8.03e-01	protein_coding
ENSG00000100014	SPECC1L	-1.29e-01	7.12e-01	protein_coding
ENSG00000080815	PSEN1	-1.00e-01	7.51e-01	protein_coding
ENSG00000085063	CD59	-4.13e-02	8.96e-01	protein_coding
ENSG00000141510	TP53	 5.00e-01	5.21e-05	protein_coding
ENSG00000139514	SLC7A1	 4.04e-01	1.24e-02	protein_coding
ENSG00000105321	CCDC9	-3.67e-01	9.41e-02	protein_coding
ENSG00000165886	UBTD1	-3.89e-01	4.04e-02	protein_coding
ENSG00000166503	HDGFL3	 1.08e-01	7.61e-01	protein_coding
ENSG00000130305	NSUN5	-2.91e-01	1.24e-01	protein_coding
ENSG00000131470	PSMC3IP	-1.35e-01	5.88e-01	protein_coding
ENSG00000107864	CPEB3	 4.95e-01	9.31e-02	protein_coding
ENSG00000162408	NOL9	 2.09e-01	6.19e-01	protein_coding
ENSG00000010256	UQCRC1	-5.52e-01	9.75e-05	protein_coding
ENSG00000164062	APEH	-3.56e-01	3.87e-02	protein_coding
ENSG00000105173	CCNE1	-1.02e-01	7.51e-01	protein_coding
ENSG00000025039	RRAGD	 7.48e-02	8.92e-01	protein_coding
ENSG00000164347	GFM2	-2.52e-01	4.71e-01	protein_coding
ENSG00000130522	JUND	 3.13e-01	1.11e-01	protein_coding
ENSG00000173706	HEG1	 8.75e-01	2.31e-04	protein_coding
ENSG00000122042	UBL3	-1.81e-01	7.04e-01	protein_coding
ENSG00000104356	POP1	-2.68e-01	3.31e-01	protein_coding
ENSG00000104133	SPG11	-1.32e-02	9.81e-01	protein_coding
ENSG00000261069	AC124312.3	-5.59e-01	2.52e-03	lncRNA
ENSG00000058804	NDC1	 1.28e-01	7.10e-01	protein_coding
ENSG00000100802	C14orf93	-3.13e-01	1.53e-01	protein_coding
ENSG00000160208	RRP1B	 2.60e-01	1.89e-01	protein_coding
ENSG00000164346	NSA2	-2.02e-01	5.26e-01	protein_coding
ENSG00000103653	CSK	 5.06e-01	2.86e-04	protein_coding
ENSG00000006744	ELAC2	-2.62e-01	1.73e-01	protein_coding
ENSG00000165097	KDM1B	 1.99e-02	9.73e-01	protein_coding
ENSG00000176463	SLCO3A1	 4.23e-01	4.26e-02	protein_coding
ENSG00000115310	RTN4	 5.21e-01	3.68e-04	protein_coding
ENSG00000092445	TYRO3	-8.01e-02	7.86e-01	protein_coding
ENSG00000168374	ARF4	 1.10e-01	5.62e-01	protein_coding
ENSG00000113645	WWC1	-6.87e-02	8.41e-01	protein_coding
ENSG00000138036	DYNC2LI1	 3.76e-01	3.52e-01	protein_coding
ENSG00000231527	FAM27C	 2.06e-01	5.85e-01	lncRNA
ENSG00000099624	ATP5F1D	-2.96e-02	9.39e-01	protein_coding
ENSG00000187790	FANCM	 4.16e-01	2.61e-01	protein_coding
ENSG00000153885	KCTD15	-5.12e-02	8.94e-01	protein_coding
ENSG00000149636	DSN1	-2.91e-01	1.40e-01	protein_coding
ENSG00000171791	BCL2	-5.73e-02	9.26e-01	protein_coding
ENSG00000178607	ERN1	 2.87e-01	4.05e-01	protein_coding
ENSG00000169891	REPS2	 2.22e-01	6.46e-01	protein_coding
ENSG00000169519	METTL15	-2.62e-01	4.33e-01	protein_coding
ENSG00000107959	PITRM1	 3.82e-01	9.93e-02	protein_coding
ENSG00000150753	CCT5	-3.71e-01	8.64e-03	protein_coding
ENSG00000203279	AL590705.1	 1.38e-01	7.64e-01	lncRNA
ENSG00000274487	AC244154.1	 9.71e-02	8.06e-01	transcribed_unprocessed_pseudogene
ENSG00000141252	VPS53	 2.54e-01	2.30e-01	protein_coding
ENSG00000119408	NEK6	-2.28e-01	3.01e-01	protein_coding
ENSG00000139826	ABHD13	 7.89e-03	9.92e-01	protein_coding
ENSG00000245532	NEAT1	 4.39e-02	8.74e-01	lncRNA
ENSG00000107566	ERLIN1	 2.80e-01	2.60e-01	protein_coding
ENSG00000047579	DTNBP1	-3.62e-01	9.78e-02	protein_coding
ENSG00000107897	ACBD5	 1.58e-01	7.12e-01	protein_coding
ENSG00000138175	ARL3	-2.40e-01	4.19e-01	protein_coding
ENSG00000106049	HIBADH	-1.13e-01	6.40e-01	protein_coding
ENSG00000124795	DEK	-1.33e-01	6.97e-01	protein_coding
ENSG00000084623	EIF3I	-2.52e-01	2.22e-01	protein_coding
ENSG00000170312	CDK1	-9.90e-02	8.06e-01	protein_coding
ENSG00000185296	AC026785.1	 3.41e-01	3.91e-01	processed_pseudogene
ENSG00000119537	KDSR	 2.20e-01	6.13e-01	protein_coding
ENSG00000196730	DAPK1	-3.76e-01	8.67e-02	protein_coding
ENSG00000125746	EML2	-1.55e-02	9.57e-01	protein_coding
ENSG00000111653	ING4	-3.79e-01	1.86e-02	protein_coding
ENSG00000167632	TRAPPC9	 3.18e-01	8.15e-02	protein_coding
ENSG00000204859	ZBTB48	-5.33e-01	3.82e-03	protein_coding
ENSG00000160055	TMEM234	 1.36e-01	6.71e-01	protein_coding
ENSG00000167785	ZNF558	 9.86e-02	8.50e-01	protein_coding
ENSG00000166266	CUL5	-7.93e-02	8.69e-01	protein_coding
ENSG00000106992	AK1	-4.98e-01	2.86e-05	protein_coding
ENSG00000087460	GNAS	 3.91e-01	1.02e-02	protein_coding
ENSG00000067057	PFKP	-8.72e-02	7.19e-01	protein_coding
ENSG00000197971	MBP	-1.80e-01	6.95e-01	protein_coding
ENSG00000176542	USF3	-6.96e-01	3.32e-02	protein_coding
ENSG00000180385	EMC3-AS1	 1.00e-01	8.60e-01	transcribed_unprocessed_pseudogene
ENSG00000140632	GLYR1	-1.69e-01	4.64e-01	protein_coding
ENSG00000075239	ACAT1	-2.99e-01	2.89e-01	protein_coding
ENSG00000147874	HAUS6	 1.25e-02	9.80e-01	protein_coding
ENSG00000130520	LSM4	-4.30e-01	3.59e-04	protein_coding
ENSG00000186162	CIDECP1	-2.69e-01	4.80e-01	transcribed_unprocessed_pseudogene
ENSG00000158483	FAM86C1	 1.27e-01	7.35e-01	transcribed_unprocessed_pseudogene
ENSG00000266402	SNHG25	 9.01e-01	3.38e-04	lncRNA
ENSG00000120318	ARAP3	 5.53e-02	9.26e-01	protein_coding
ENSG00000138795	LEF1	 2.44e-01	6.05e-01	protein_coding
ENSG00000226287	TMEM191A	-1.41e-01	7.57e-01	transcribed_unprocessed_pseudogene
ENSG00000173727	AP000769.1	-1.10e-01	7.12e-01	transcribed_unprocessed_pseudogene
ENSG00000125037	EMC3	-5.86e-03	9.88e-01	protein_coding
ENSG00000101782	RIOK3	 3.30e-01	2.83e-01	protein_coding
ENSG00000148484	RSU1	-1.65e-01	5.47e-01	protein_coding
ENSG00000177738	AC025171.1	 2.21e-01	3.33e-01	lncRNA
ENSG00000118900	UBN1	 5.07e-01	3.06e-02	protein_coding
ENSG00000172262	ZNF131	 3.70e-02	9.28e-01	protein_coding
ENSG00000170345	FOS	 3.03e-01	5.03e-02	protein_coding
ENSG00000140365	COMMD4	-3.39e-01	5.92e-03	protein_coding
ENSG00000183506	PI4KAP2	-2.89e-01	3.89e-01	transcribed_unitary_pseudogene
ENSG00000204802	AL590399.1	 2.70e-01	5.46e-01	lncRNA
ENSG00000184702	SEPT5	-1.29e-01	7.87e-01	protein_coding
ENSG00000060688	SNRNP40	-3.17e-01	1.76e-02	protein_coding
ENSG00000254876	SUGT1P4-STRA6LP	 8.53e-02	8.81e-01	lncRNA
ENSG00000188158	NHS	-2.04e-01	6.61e-01	protein_coding
ENSG00000167258	CDK12	 1.03e-01	6.81e-01	protein_coding
ENSG00000099219	ERMP1	 4.92e-02	8.93e-01	protein_coding
ENSG00000160408	ST6GALNAC6	-1.29e-01	6.56e-01	protein_coding
ENSG00000112685	EXOC2	-1.65e-01	6.16e-01	protein_coding
ENSG00000052795	FNIP2	-2.85e-01	4.99e-01	protein_coding
ENSG00000175764	TTLL11	-1.95e-02	9.77e-01	protein_coding
ENSG00000145241	CENPC	 2.56e-01	5.85e-01	protein_coding
ENSG00000122386	ZNF205	-3.70e-01	1.11e-01	protein_coding
ENSG00000278845	MRPL45	-1.54e-01	4.74e-01	protein_coding
ENSG00000090924	PLEKHG2	 8.65e-02	8.06e-01	protein_coding
ENSG00000198060	MARCH5	 1.02e-01	7.68e-01	protein_coding
ENSG00000167470	MIDN	 2.81e-01	1.69e-01	protein_coding
ENSG00000085644	ZNF213	 2.72e-01	2.98e-01	protein_coding
ENSG00000123146	ADGRE5	 5.91e-01	4.20e-06	protein_coding
ENSG00000156398	SFXN2	 1.94e-01	4.53e-01	protein_coding
ENSG00000105707	HPN	 2.01e-02	9.75e-01	protein_coding
ENSG00000196873	CBWD3	-2.78e-01	3.24e-01	protein_coding
ENSG00000215068	AC025171.2	 3.91e-03	9.96e-01	lncRNA
ENSG00000177721	ANXA2R	 2.08e-01	6.72e-01	protein_coding
ENSG00000105671	DDX49	-3.68e-01	6.83e-02	protein_coding
ENSG00000250548	LINC01303	-1.32e-01	8.11e-01	lncRNA
ENSG00000123933	MXD4	-3.51e-01	7.93e-02	protein_coding
ENSG00000114316	USP4	-2.79e-01	1.67e-01	protein_coding
ENSG00000141499	WRAP53	-2.16e-01	2.79e-01	protein_coding
ENSG00000125734	GPR108	-2.66e-02	9.28e-01	protein_coding
ENSG00000136146	MED4	-1.96e-01	6.00e-01	protein_coding
ENSG00000263072	ZNF213-AS1	 1.01e-02	9.85e-01	lncRNA
ENSG00000131016	AKAP12	-5.76e-01	2.32e-02	protein_coding
ENSG00000144554	FANCD2	 4.47e-01	8.25e-02	protein_coding
ENSG00000100201	DDX17	-3.96e-01	1.00e-02	protein_coding
ENSG00000130517	PGPEP1	 1.86e-01	5.38e-01	protein_coding
ENSG00000174839	DENND6A	 1.83e-01	6.95e-01	protein_coding
ENSG00000188315	C3orf62	 2.60e-01	5.75e-01	protein_coding
ENSG00000242086	MUC20-OT1	 3.56e-02	9.36e-01	lncRNA
ENSG00000146112	PPP1R18	 3.11e-01	1.21e-01	protein_coding
ENSG00000105669	COPE	-4.40e-01	8.83e-03	protein_coding
ENSG00000259772	AC012236.1	 4.18e-01	2.29e-01	lncRNA
ENSG00000107036	RIC1	-8.85e-02	8.18e-01	protein_coding
ENSG00000233476	EEF1A1P6	 3.15e-02	9.63e-01	processed_pseudogene
ENSG00000138231	DBR1	 1.13e-02	9.86e-01	protein_coding
ENSG00000119421	NDUFA8	-5.94e-02	8.48e-01	protein_coding
ENSG00000100196	KDELR3	-6.12e-02	8.38e-01	protein_coding
ENSG00000110700	RPS13	 2.38e-01	9.60e-02	protein_coding
ENSG00000101670	LIPG	-1.05e-01	8.57e-01	protein_coding
ENSG00000259687	LINC01220	 6.89e-01	1.90e-02	lncRNA
ENSG00000119328	FAM206A	 4.87e-01	1.70e-01	protein_coding
ENSG00000066651	TRMT11	-1.12e-01	7.96e-01	protein_coding
ENSG00000105176	URI1	 3.94e-01	9.98e-02	protein_coding
ENSG00000171532	NEUROD2	 2.18e-01	6.57e-01	protein_coding
ENSG00000142185	TRPM2	-4.94e-01	6.06e-02	protein_coding
ENSG00000012660	ELOVL5	 3.89e-01	1.13e-02	protein_coding
ENSG00000130513	GDF15	 3.53e-01	4.13e-02	protein_coding
ENSG00000149782	PLCB3	 8.25e-02	8.01e-01	protein_coding
ENSG00000169018	FEM1B	-8.10e-02	8.78e-01	protein_coding
ENSG00000249115	HAUS5	-5.41e-02	8.89e-01	protein_coding
ENSG00000136478	TEX2	 2.10e-01	5.27e-01	protein_coding
ENSG00000267436	AC005786.3	 2.43e-01	6.04e-01	lncRNA
ENSG00000198585	NUDT16	-2.42e-01	3.33e-01	protein_coding
ENSG00000089356	FXYD3	-1.80e-01	7.15e-01	protein_coding
ENSG00000100425	BRD1	-6.58e-02	8.89e-01	protein_coding
ENSG00000156599	ZDHHC5	 7.98e-02	7.57e-01	protein_coding
ENSG00000161091	MFSD12	 4.69e-02	8.67e-01	protein_coding
ENSG00000125730	C3	 6.74e-01	5.19e-03	protein_coding
ENSG00000119326	CTNNAL1	-1.52e-01	7.53e-01	protein_coding
ENSG00000071655	MBD3	-1.82e-01	3.02e-01	protein_coding
ENSG00000278619	MRM1	-2.33e-01	3.35e-01	protein_coding
ENSG00000122257	RBBP6	-2.92e-01	1.87e-01	protein_coding
ENSG00000142634	EFHD2	-1.13e-01	5.93e-01	protein_coding
ENSG00000169976	SF3B5	-2.35e-02	9.35e-01	protein_coding
ENSG00000161682	FAM171A2	-2.64e-01	4.43e-01	protein_coding
ENSG00000162144	CYB561A3	-1.15e-02	9.72e-01	protein_coding
ENSG00000136158	SPRY2	 1.46e-01	7.36e-01	protein_coding
ENSG00000127540	UQCR11	 1.93e-01	2.64e-01	protein_coding
ENSG00000157657	ZNF618	-1.85e-01	5.36e-01	protein_coding
ENSG00000246174	KCTD21-AS1	-9.66e-02	8.49e-01	lncRNA
ENSG00000188997	KCTD21	 2.14e-01	5.44e-01	protein_coding
ENSG00000254554	AC080023.1	-1.41e-02	9.85e-01	lncRNA
ENSG00000128272	ATF4	-2.81e-01	2.68e-02	protein_coding
ENSG00000136295	TTYH3	 8.69e-01	5.94e-08	protein_coding
ENSG00000237438	CECR7	 1.36e-01	7.94e-01	transcribed_unprocessed_pseudogene
ENSG00000149809	TM7SF2	-1.91e-02	9.76e-01	protein_coding
ENSG00000284948	AC107959.4	-2.63e-01	5.44e-01	lncRNA
ENSG00000166199	ALKBH3	-6.04e-02	8.80e-01	protein_coding
ENSG00000181143	MUC16	 1.35e-01	6.63e-01	protein_coding
ENSG00000244165	P2RY11	 6.71e-01	2.28e-02	protein_coding
ENSG00000103657	HERC1	-2.38e-01	3.91e-01	protein_coding
ENSG00000149476	TKFC	-2.00e-01	3.64e-01	protein_coding
ENSG00000165678	GHITM	-3.70e-01	5.95e-03	protein_coding
ENSG00000121579	NAA50	-1.38e-01	6.51e-01	protein_coding
ENSG00000147408	CSGALNACT1	 3.42e-02	9.48e-01	protein_coding
ENSG00000204237	OXLD1	-4.92e-01	8.23e-04	protein_coding
ENSG00000140044	JDP2	-4.21e-01	2.35e-02	protein_coding
ENSG00000106052	TAX1BP1	-4.25e-01	2.76e-01	protein_coding
ENSG00000151338	MIPOL1	 3.51e-01	3.74e-01	protein_coding
ENSG00000132964	CDK8	-1.16e-01	8.20e-01	protein_coding
ENSG00000269900	RMRP	 1.25e+00	1.01e-09	lncRNA
ENSG00000185298	CCDC137	-4.44e-01	2.84e-03	protein_coding
ENSG00000168216	LMBRD1	 1.49e-01	7.65e-01	protein_coding
ENSG00000162129	CLPB	-2.11e-01	1.58e-01	protein_coding
ENSG00000100292	HMOX1	-1.98e-02	9.52e-01	protein_coding
ENSG00000213341	CHUK	-1.78e-01	6.93e-01	protein_coding
ENSG00000170776	AKAP13	-8.98e-02	8.03e-01	protein_coding
ENSG00000186001	LRCH3	 2.29e-02	9.56e-01	protein_coding
ENSG00000151552	QDPR	-1.56e-01	5.38e-01	protein_coding
ENSG00000124782	RREB1	-9.45e-02	7.88e-01	protein_coding
ENSG00000130811	EIF3G	-1.63e-01	5.16e-01	protein_coding
ENSG00000134852	CLOCK	 2.31e-01	6.24e-01	protein_coding
ENSG00000100426	ZBED4	 5.27e-01	6.19e-02	protein_coding
ENSG00000051128	HOMER3	-4.96e-01	1.07e-02	protein_coding
ENSG00000105325	FZR1	-5.85e-02	8.68e-01	protein_coding
ENSG00000169926	KLF13	 1.09e+00	7.27e-08	protein_coding
ENSG00000156603	MED19	-1.82e-01	4.91e-01	protein_coding
ENSG00000006432	MAP3K9	 1.95e-03	9.97e-01	protein_coding
ENSG00000137135	ARHGEF39	 4.47e-02	8.91e-01	protein_coding
ENSG00000113712	CSNK1A1	-3.58e-01	1.37e-01	protein_coding
ENSG00000144677	CTDSPL	-1.02e-01	7.96e-01	protein_coding
ENSG00000134851	TMEM165	 1.09e-02	9.74e-01	protein_coding
ENSG00000130810	PPAN	-3.89e-01	2.02e-02	protein_coding
ENSG00000165887	ANKRD2	-6.18e-01	5.85e-03	protein_coding
ENSG00000177663	IL17RA	 2.81e-01	3.68e-01	protein_coding
ENSG00000064961	HMG20B	-5.64e-01	3.04e-07	protein_coding
ENSG00000215790	SLC35E2A	-1.93e-01	5.35e-01	transcribed_unprocessed_pseudogene
ENSG00000162300	ZFPL1	 1.18e-01	5.92e-01	protein_coding
ENSG00000159884	CCDC107	-9.43e-02	7.56e-01	protein_coding
ENSG00000268575	AL031282.2	 2.84e-01	4.22e-01	lncRNA
ENSG00000241935	HOGA1	-3.38e-01	1.47e-01	protein_coding
ENSG00000135604	STX11	-5.29e-01	7.82e-02	protein_coding
ENSG00000187051	RPS19BP1	-5.74e-01	3.13e-05	protein_coding
ENSG00000215158	AC138409.2	-9.45e-02	8.12e-01	transcribed_unprocessed_pseudogene
ENSG00000153814	JAZF1	 3.79e-01	3.26e-01	protein_coding
ENSG00000087053	MTMR2	-4.60e-02	9.30e-01	protein_coding
ENSG00000073536	NLE1	-3.64e-01	6.68e-02	protein_coding
ENSG00000107159	CA9	 2.62e-01	5.11e-01	protein_coding
ENSG00000131389	SLC6A6	 1.19e-01	6.50e-01	protein_coding
ENSG00000149823	VPS51	-3.32e-01	3.11e-02	protein_coding
ENSG00000155252	PI4K2A	 1.85e-01	4.31e-01	protein_coding
ENSG00000167315	ACAA2	-2.46e-01	1.51e-01	protein_coding
ENSG00000249967	AL355315.1	-3.90e-01	1.58e-01	protein_coding
ENSG00000166946	CCNDBP1	-5.67e-02	8.67e-01	protein_coding
ENSG00000080608	PUM3	-1.30e-01	7.78e-01	protein_coding
ENSG00000171160	MORN4	 3.15e-01	4.64e-01	protein_coding
ENSG00000244026	FAM86DP	 6.64e-02	9.05e-01	transcribed_unprocessed_pseudogene
ENSG00000102781	KATNAL1	 9.58e-02	8.34e-01	protein_coding
ENSG00000119912	IDE	-2.29e-03	9.97e-01	protein_coding
ENSG00000148926	ADM	 3.19e-01	1.09e-01	protein_coding
ENSG00000259153	AC004816.1	 3.62e-01	3.66e-01	lncRNA
ENSG00000251562	MALAT1	 2.89e-03	9.96e-01	lncRNA
ENSG00000167986	DDB1	 5.81e-02	7.80e-01	protein_coding
ENSG00000145332	KLHL8	-1.68e-01	6.22e-01	protein_coding
ENSG00000082213	C5orf22	 2.46e-01	5.10e-01	protein_coding
ENSG00000127585	FBXL16	 6.79e-01	5.32e-05	protein_coding
ENSG00000241973	PI4KA	 5.13e-02	8.89e-01	protein_coding
ENSG00000159733	ZFYVE28	 3.33e-02	9.57e-01	protein_coding
ENSG00000129103	SUMF2	 1.07e-01	5.58e-01	protein_coding
ENSG00000067992	PDK3	-2.92e-01	2.04e-01	protein_coding
ENSG00000121766	ZCCHC17	-4.32e-01	3.97e-03	protein_coding
ENSG00000132953	XPO4	-4.12e-01	1.35e-01	protein_coding
ENSG00000008128	CDK11A	 4.82e-01	1.11e-01	protein_coding
ENSG00000109323	MANBA	-2.76e-01	5.08e-01	protein_coding
ENSG00000167306	MYO5B	 6.15e-02	9.18e-01	protein_coding
ENSG00000127580	WDR24	 3.59e-01	8.62e-02	protein_coding
ENSG00000181472	ZBTB2	-7.12e-02	9.07e-01	protein_coding
ENSG00000204469	PRRC2A	 7.76e-01	3.36e-06	protein_coding
ENSG00000257704	INAFM1	 1.46e-01	6.42e-01	protein_coding
ENSG00000267322	SNHG22	-4.37e-01	3.31e-02	lncRNA
ENSG00000129534	MIS18BP1	 2.69e-01	5.21e-01	protein_coding
ENSG00000144596	GRIP2	 2.46e-01	4.97e-01	protein_coding
ENSG00000099940	SNAP29	-2.99e-01	1.36e-01	protein_coding
ENSG00000185651	UBE2L3	 2.44e-01	8.98e-02	protein_coding
ENSG00000064652	SNX24	-7.47e-02	8.66e-01	protein_coding
ENSG00000106591	MRPL32	-2.94e-01	1.75e-01	protein_coding
ENSG00000254469	AP002495.2	-1.71e-01	6.54e-01	protein_coding
ENSG00000011405	PIK3C2A	-1.69e-01	6.84e-01	protein_coding
ENSG00000174197	MGA	-2.06e-01	5.06e-01	protein_coding
ENSG00000072422	RHOBTB1	-1.26e-01	7.37e-01	protein_coding
ENSG00000262049	AC139530.2	 7.54e-02	7.96e-01	lncRNA
ENSG00000131069	ACSS2	-1.37e-01	5.50e-01	protein_coding
ENSG00000214087	ARL16	-3.25e-01	1.69e-01	protein_coding
ENSG00000047634	SCML1	 8.34e-02	8.54e-01	protein_coding
ENSG00000143947	RPS27A	 1.57e-01	5.25e-01	protein_coding
ENSG00000167720	SRR	-2.40e-01	5.36e-01	protein_coding
ENSG00000145730	PAM	 4.39e-01	6.94e-02	protein_coding
ENSG00000047315	POLR2B	-2.84e-01	3.07e-01	protein_coding
ENSG00000149483	TMEM138	 1.67e-01	4.75e-01	protein_coding
ENSG00000185359	HGS	 1.12e-03	9.97e-01	protein_coding
ENSG00000162994	CLHC1	-3.37e-02	9.62e-01	protein_coding
ENSG00000168938	PPIC	-3.45e-02	9.11e-01	protein_coding
ENSG00000136930	PSMB7	-4.12e-01	1.02e-02	protein_coding
ENSG00000134138	MEIS2	 1.12e-01	7.44e-01	protein_coding
ENSG00000147872	PLIN2	-1.74e-01	4.44e-01	protein_coding
ENSG00000164924	YWHAZ	-1.61e-02	9.68e-01	protein_coding
ENSG00000005961	ITGA2B	 7.22e-02	8.83e-01	protein_coding
ENSG00000167721	TSR1	-1.94e-01	3.63e-01	protein_coding
ENSG00000131238	PPT1	-3.83e-02	8.93e-01	protein_coding
ENSG00000106636	YKT6	-2.10e-01	2.11e-01	protein_coding
ENSG00000141258	SGSM2	-2.28e-01	4.48e-01	protein_coding
ENSG00000104375	STK3	-1.52e-01	7.32e-01	protein_coding
ENSG00000152377	SPOCK1	 1.08e-01	8.52e-01	protein_coding
ENSG00000137842	TMEM62	-1.26e-01	7.15e-01	protein_coding
ENSG00000119541	VPS4B	-4.89e-01	1.51e-01	protein_coding
ENSG00000100297	MCM5	-1.40e-01	5.68e-01	protein_coding
ENSG00000130559	CAMSAP1	 1.78e-02	9.74e-01	protein_coding
ENSG00000133121	STARD13	 5.77e-02	9.10e-01	protein_coding
ENSG00000225697	SLC26A6	-1.64e-01	6.00e-01	protein_coding
ENSG00000103544	VPS35L	 2.48e-01	3.07e-01	protein_coding
ENSG00000093217	XYLB	 1.55e-01	7.16e-01	protein_coding
ENSG00000007944	MYLIP	 1.39e-01	6.39e-01	protein_coding
ENSG00000095485	CWF19L1	-2.35e-01	2.96e-01	protein_coding
ENSG00000064666	CNN2	 5.53e-01	1.24e-04	protein_coding
ENSG00000067182	TNFRSF1A	 5.29e-01	4.05e-04	protein_coding
ENSG00000197879	MYO1C	 1.39e-01	4.57e-01	protein_coding
ENSG00000112029	FBXO5	 3.03e-01	4.14e-01	protein_coding
ENSG00000161179	YDJC	-3.70e-01	2.99e-03	protein_coding
ENSG00000149639	SOGA1	 3.08e-02	9.35e-01	protein_coding
ENSG00000137404	NRM	 5.87e-01	5.31e-06	protein_coding
ENSG00000152219	ARL14EP	-1.04e-01	8.57e-01	protein_coding
ENSG00000183111	ARHGEF37	-9.66e-02	8.70e-01	protein_coding
ENSG00000104613	INTS10	-3.55e-01	4.97e-02	protein_coding
ENSG00000123472	ATPAF1	-3.46e-01	1.84e-01	protein_coding
ENSG00000137198	GMPR	-4.29e-01	1.95e-01	protein_coding
ENSG00000112877	CEP72	-1.87e-02	9.69e-01	protein_coding
ENSG00000112031	MTRF1L	-8.40e-02	8.89e-01	protein_coding
ENSG00000163453	IGFBP7	-2.85e-01	1.80e-01	protein_coding
ENSG00000171368	TPPP	 1.96e-01	6.96e-01	protein_coding
ENSG00000163029	SMC6	 3.59e-02	9.54e-01	protein_coding
ENSG00000160209	PDXK	-5.59e-01	1.32e-06	protein_coding
ENSG00000070366	SMG6	 9.63e-01	2.39e-05	protein_coding
ENSG00000101138	CSTF1	-1.16e-01	7.00e-01	protein_coding
ENSG00000131462	TUBG1	 1.10e-01	5.66e-01	protein_coding
ENSG00000141699	RETREG3	 2.51e-01	2.78e-01	protein_coding
ENSG00000178295	GEN1	-3.18e-01	3.67e-01	protein_coding
ENSG00000129514	FOXA1	 3.46e-01	2.94e-01	protein_coding
ENSG00000137409	MTCH1	-2.68e-01	1.72e-01	protein_coding
ENSG00000279117	AP001972.5	 8.83e-01	3.39e-04	TEC
ENSG00000139865	TTC6	-2.37e-01	6.05e-01	protein_coding
ENSG00000144645	OSBPL10	-1.07e-01	6.80e-01	protein_coding
ENSG00000225840	AC010970.1	 4.89e-01	1.92e-01	processed_pseudogene
ENSG00000221914	PPP2R2A	 3.12e-01	1.53e-01	protein_coding
ENSG00000213672	NCKIPSD	 1.29e-01	6.31e-01	protein_coding
ENSG00000063761	ADCK1	 8.50e-02	8.10e-01	protein_coding
ENSG00000131067	GGT7	-4.72e-02	8.88e-01	protein_coding
ENSG00000011485	PPP5C	-6.08e-02	7.99e-01	protein_coding
ENSG00000121073	SLC35B1	 5.54e-02	8.10e-01	protein_coding
ENSG00000106771	TMEM245	 7.34e-02	8.07e-01	protein_coding
ENSG00000183628	DGCR6	-6.35e-01	5.16e-04	protein_coding
ENSG00000066135	KDM4A	 1.72e-01	5.40e-01	protein_coding
ENSG00000149300	C11orf52	 5.28e-02	9.29e-01	protein_coding
ENSG00000128228	SDF2L1	-2.17e-01	3.38e-01	protein_coding
ENSG00000236200	KDM4A-AS1	-9.04e-02	8.75e-01	lncRNA
ENSG00000165300	SLITRK5	 3.36e-01	3.24e-01	protein_coding
ENSG00000131236	CAP1	-2.24e-01	3.25e-01	protein_coding
ENSG00000109846	CRYAB	 1.91e-01	5.20e-01	protein_coding
ENSG00000108639	SYNGR2	-8.83e-02	6.82e-01	protein_coding
ENSG00000181274	FRAT2	-2.92e-01	1.03e-01	protein_coding
ENSG00000272046	AL445647.1	-1.22e-01	7.86e-01	lncRNA
ENSG00000277142	LINC00235	 1.72e-01	6.97e-01	lncRNA
ENSG00000135047	CTSL	-2.00e-01	1.87e-01	protein_coding
ENSG00000151276	MAGI1	-6.93e-02	8.48e-01	protein_coding
ENSG00000100033	PRODH	-4.23e-01	1.65e-01	protein_coding
ENSG00000257103	LSM14A	-3.30e-01	1.21e-01	protein_coding
ENSG00000100767	PAPLN	-1.95e-02	9.70e-01	protein_coding
ENSG00000173889	PHC3	 3.77e-01	1.69e-01	protein_coding
ENSG00000198125	MB	-7.64e-01	4.66e-06	protein_coding
ENSG00000175390	EIF3F	 8.59e-02	8.69e-01	protein_coding
ENSG00000106852	LHX6	-5.76e-03	9.94e-01	protein_coding
ENSG00000008300	CELSR3	 7.12e-01	1.42e-03	protein_coding
ENSG00000228315	GUSBP11	 6.64e-02	8.94e-01	lncRNA
ENSG00000103326	CAPN15	 2.67e-01	4.41e-01	protein_coding
ENSG00000141985	SH3GL1	 5.54e-02	8.17e-01	protein_coding
ENSG00000100023	PPIL2	 7.06e-01	4.53e-04	protein_coding
ENSG00000126254	RBM42	-3.36e-01	1.80e-02	protein_coding
ENSG00000119686	FLVCR2	-8.76e-02	8.67e-01	protein_coding
ENSG00000189067	LITAF	 2.93e-01	1.45e-01	protein_coding
ENSG00000101457	DNTTIP1	-4.03e-01	1.08e-02	protein_coding
ENSG00000170276	HSPB2	-1.54e-01	7.71e-01	protein_coding
ENSG00000174628	IQCK	-1.03e-02	9.89e-01	protein_coding
ENSG00000162413	KLHL21	 3.98e-01	4.55e-02	protein_coding
ENSG00000198863	RUNDC1	-4.96e-02	9.11e-01	protein_coding
ENSG00000119685	TTLL5	 1.26e-01	6.95e-01	protein_coding
ENSG00000128989	ARPP19	-1.82e-01	5.34e-01	protein_coding
ENSG00000137486	ARRB1	-1.13e-01	6.69e-01	protein_coding
ENSG00000196072	BLOC1S2	-1.50e-01	6.71e-01	protein_coding
ENSG00000116273	PHF13	 6.56e-01	8.76e-03	protein_coding
ENSG00000146535	GNA12	 2.63e-01	2.20e-01	protein_coding
ENSG00000177058	SLC38A9	 3.64e-01	3.31e-01	protein_coding
ENSG00000118369	USP35	 3.58e-03	9.96e-01	protein_coding
ENSG00000102098	SCML2	 2.05e-02	9.69e-01	protein_coding
ENSG00000140463	BBS4	-2.83e-01	2.22e-01	protein_coding
ENSG00000103550	KNOP1	-2.79e-01	1.49e-01	protein_coding
ENSG00000182923	CEP63	-9.89e-02	8.54e-01	protein_coding
ENSG00000130511	SSBP4	-9.71e-02	6.90e-01	protein_coding
ENSG00000272578	AP000347.1	 1.63e-01	7.52e-01	transcribed_unprocessed_pseudogene
ENSG00000156170	NDUFAF6	 1.67e-02	9.72e-01	protein_coding
ENSG00000262420	AC007613.1	 1.08e-01	8.48e-01	lncRNA
ENSG00000130347	RTN4IP1	-2.15e-01	4.38e-01	protein_coding
ENSG00000167191	GPRC5B	 3.09e-01	4.68e-01	protein_coding
ENSG00000175662	TOM1L2	 4.21e-01	1.23e-01	protein_coding
ENSG00000205981	DNAJC19	 9.16e-02	7.68e-01	protein_coding
ENSG00000153066	TXNDC11	 2.42e-01	2.33e-01	protein_coding
ENSG00000108039	XPNPEP1	-4.65e-01	2.85e-04	protein_coding
ENSG00000136504	KAT7	 5.06e-01	2.47e-03	protein_coding
ENSG00000131469	RPL27	 3.61e-01	2.52e-02	protein_coding
ENSG00000184602	SNN	 5.24e-02	9.23e-01	protein_coding
ENSG00000026508	CD44	 2.67e-01	6.68e-02	protein_coding
ENSG00000151914	DST	 7.43e-02	8.86e-01	protein_coding
ENSG00000182858	ALG12	 3.00e-01	2.11e-01	protein_coding
ENSG00000140464	PML	 5.19e-01	8.84e-03	protein_coding
ENSG00000100027	YPEL1	-4.90e-01	1.52e-01	protein_coding
ENSG00000083099	LYRM2	-6.03e-04	9.99e-01	protein_coding
ENSG00000138160	KIF11	-2.59e-01	4.17e-01	protein_coding
ENSG00000228300	C19orf24	-9.99e-03	9.76e-01	protein_coding
ENSG00000173530	TNFRSF10D	-2.40e-02	9.60e-01	protein_coding
ENSG00000189283	FHIT	-1.11e-02	9.89e-01	protein_coding
ENSG00000106346	USP42	 1.07e-01	8.00e-01	protein_coding
ENSG00000121769	FABP3	-2.01e-01	4.15e-01	protein_coding
ENSG00000105655	ISYNA1	-6.19e-02	9.07e-01	protein_coding
ENSG00000133935	ERG28	 9.28e-02	6.96e-01	protein_coding
ENSG00000033867	SLC4A7	-1.50e-01	6.88e-01	protein_coding
ENSG00000119699	TGFB3	 4.33e-01	2.18e-01	protein_coding
ENSG00000037042	TUBG2	 3.16e-01	8.30e-02	protein_coding
ENSG00000123136	DDX39A	-3.01e-01	3.29e-02	protein_coding
ENSG00000141458	NPC1	 6.88e-01	6.76e-05	protein_coding
ENSG00000129055	ANAPC13	-1.68e-01	7.04e-01	protein_coding
ENSG00000119650	IFT43	-3.89e-01	3.00e-02	protein_coding
ENSG00000109475	RPL34	 5.28e-01	3.55e-03	protein_coding
ENSG00000002746	HECW1	 2.91e-01	4.24e-01	protein_coding
ENSG00000091640	SPAG7	-5.28e-01	1.16e-05	protein_coding
ENSG00000175305	CCNE2	 4.00e-02	9.39e-01	protein_coding
ENSG00000176896	TCEANC	-4.52e-01	1.76e-01	protein_coding
ENSG00000173838	MARCH10	 5.37e-02	9.13e-01	protein_coding
ENSG00000133401	PDZD2	-4.57e-01	9.36e-02	protein_coding
ENSG00000198189	HSD17B11	 1.22e-01	8.17e-01	protein_coding
ENSG00000184164	CRELD2	-1.94e-01	3.39e-01	protein_coding
ENSG00000166272	WBP1L	 6.87e-02	8.39e-01	protein_coding
ENSG00000100731	PCNX1	-7.78e-02	8.97e-01	protein_coding
ENSG00000069020	MAST4	 1.42e-01	7.46e-01	protein_coding
ENSG00000033327	GAB2	 5.45e-01	4.26e-02	protein_coding
ENSG00000168528	SERINC2	 4.79e-01	4.07e-03	protein_coding
ENSG00000133119	RFC3	-8.65e-02	8.46e-01	protein_coding
ENSG00000138867	GUCD1	 7.52e-02	7.50e-01	protein_coding
ENSG00000269399	AC008764.6	 2.14e-01	6.29e-01	lncRNA
ENSG00000168994	PXDC1	-1.35e-01	4.32e-01	protein_coding
ENSG00000274211	SOCS7	 2.24e-01	4.74e-01	protein_coding
ENSG00000270504	AL391422.4	 5.70e-01	6.91e-04	lncRNA
ENSG00000076928	ARHGEF1	 3.90e-01	9.82e-03	protein_coding
ENSG00000119048	UBE2B	 1.94e-01	4.48e-01	protein_coding
ENSG00000164920	OSR2	 4.42e-01	1.44e-01	protein_coding
ENSG00000148795	CYP17A1	-3.87e-02	9.54e-01	protein_coding
ENSG00000185164	NOMO2	 6.95e-01	1.68e-04	protein_coding
ENSG00000121039	RDH10	 6.66e-02	8.29e-01	protein_coding
ENSG00000167900	TK1	-2.74e-01	5.89e-02	protein_coding
ENSG00000105085	MED26	 1.66e-01	6.60e-01	protein_coding
ENSG00000137513	NARS2	-1.75e-01	5.26e-01	protein_coding
ENSG00000147604	RPL7	-1.72e-01	5.27e-01	protein_coding
ENSG00000175445	LPL	-1.31e-02	9.75e-01	protein_coding
ENSG00000141452	RMC1	-2.21e-01	5.14e-01	protein_coding
ENSG00000220785	MTMR9LP	-2.33e-01	4.84e-01	transcribed_unprocessed_pseudogene
ENSG00000124788	ATXN1	 7.71e-02	8.62e-01	protein_coding
ENSG00000164941	INTS8	 2.63e-01	4.76e-01	protein_coding
ENSG00000130303	BST2	-2.64e-01	1.19e-01	protein_coding
ENSG00000172785	CBWD1	-2.40e-01	3.39e-01	protein_coding
ENSG00000261889	AC108134.2	 1.09e+00	2.48e-06	lncRNA
ENSG00000171135	JAGN1	-1.93e-02	9.41e-01	protein_coding
ENSG00000183615	FAM167B	-1.74e-03	9.97e-01	protein_coding
ENSG00000152804	HHEX	 6.72e-01	1.09e-02	protein_coding
ENSG00000100031	GGT1	 5.87e-02	9.23e-01	protein_coding
ENSG00000035664	DAPK2	 6.73e-04	9.99e-01	protein_coding
ENSG00000166398	KIAA0355	 7.30e-02	8.95e-01	protein_coding
ENSG00000137522	RNF121	-3.39e-01	9.60e-02	protein_coding
ENSG00000147642	SYBU	-2.61e-02	9.37e-01	protein_coding
ENSG00000105072	C19orf44	 2.85e-01	4.52e-01	protein_coding
ENSG00000246582	AC100861.1	 3.37e-02	9.39e-01	lncRNA
ENSG00000138709	LARP1B	 1.91e-01	6.07e-01	protein_coding
ENSG00000126216	TUBGCP3	-8.13e-03	9.79e-01	protein_coding
ENSG00000225210	DUXAP9	 1.61e-01	7.24e-01	transcribed_processed_pseudogene
ENSG00000221963	APOL6	 2.05e-01	3.58e-01	protein_coding
ENSG00000275700	AATF	 3.23e-01	1.93e-01	protein_coding
ENSG00000159086	PAXBP1	-9.85e-02	8.48e-01	protein_coding
ENSG00000187792	ZNF70	 6.48e-01	9.13e-03	protein_coding
ENSG00000105136	ZNF419	-5.44e-01	1.24e-01	protein_coding
ENSG00000068137	PLEKHH3	 2.83e-01	1.65e-01	protein_coding
ENSG00000085831	TTC39A	-1.46e-01	7.87e-01	protein_coding
ENSG00000104689	TNFRSF10A	-1.32e-01	7.10e-01	protein_coding
ENSG00000189403	HMGB1	-3.23e-01	4.39e-02	protein_coding
ENSG00000231856	AL162377.1	 2.01e-01	6.46e-01	lncRNA
ENSG00000139668	WDFY2	-2.41e-01	5.64e-01	protein_coding
ENSG00000010539	ZNF200	 3.51e-02	9.43e-01	protein_coding
ENSG00000123595	RAB9A	-6.51e-02	8.81e-01	protein_coding
ENSG00000120647	CCDC77	 1.18e-02	9.84e-01	protein_coding
ENSG00000177427	MIEF2	-2.84e-02	9.50e-01	protein_coding
ENSG00000119986	AVPI1	-3.60e-01	4.68e-03	protein_coding
ENSG00000102796	DHRS12	-1.46e-01	7.61e-01	protein_coding
ENSG00000085872	CHERP	 9.12e-01	4.73e-06	protein_coding
ENSG00000170917	NUDT6	-9.94e-02	8.57e-01	protein_coding
ENSG00000140521	POLG	 2.27e-01	2.34e-01	protein_coding
ENSG00000162961	DPY30	-6.30e-02	8.56e-01	protein_coding
ENSG00000130803	ZNF317	 4.57e-01	3.93e-02	protein_coding
ENSG00000149311	ATM	 3.15e-01	3.79e-01	protein_coding
ENSG00000127526	SLC35E1	 4.80e-01	1.30e-02	protein_coding
ENSG00000070081	NUCB2	 4.46e-01	1.34e-01	protein_coding
ENSG00000047346	FAM214A	 2.96e-01	5.08e-01	protein_coding
ENSG00000146021	KLHL3	-4.39e-01	2.58e-01	protein_coding
ENSG00000234665	AL512625.3	-1.64e-01	7.17e-01	lncRNA
ENSG00000169223	LMAN2	-2.39e-01	2.10e-01	protein_coding
ENSG00000138685	FGF2	-5.71e-01	9.77e-02	protein_coding
ENSG00000142910	TINAGL1	-1.50e-01	5.02e-01	protein_coding
ENSG00000099822	HCN2	 6.52e-01	2.29e-03	protein_coding
ENSG00000170161	AL512625.1	-3.80e-01	1.19e-01	lncRNA
ENSG00000164237	CMBL	 2.20e-01	1.65e-01	protein_coding
ENSG00000080298	RFX3	 1.72e-01	7.38e-01	protein_coding
ENSG00000142937	RPS8	 2.19e-02	9.24e-01	protein_coding
ENSG00000112234	FBXL4	 2.96e-01	3.61e-01	protein_coding
ENSG00000224020	MIR181A2HG	 2.13e-02	9.74e-01	lncRNA
ENSG00000196459	TRAPPC2	 7.68e-02	8.86e-01	protein_coding
ENSG00000101347	SAMHD1	-2.52e-01	5.11e-01	protein_coding
ENSG00000001084	GCLC	-6.35e-01	1.44e-02	protein_coding
ENSG00000214046	SMIM7	 4.87e-02	8.48e-01	protein_coding
ENSG00000137337	MDC1	 3.96e-01	5.28e-02	protein_coding
ENSG00000084676	NCOA1	 3.10e-01	4.54e-01	protein_coding
ENSG00000155254	MARVELD1	 6.32e-01	2.53e-06	protein_coding
ENSG00000145945	FAM50B	-3.51e-01	2.22e-02	protein_coding
ENSG00000160953	PWWP3A	 1.38e-01	5.56e-01	protein_coding
ENSG00000152642	GPD1L	 6.64e-03	9.91e-01	protein_coding
ENSG00000162959	MEMO1	 2.66e-01	1.66e-01	protein_coding
ENSG00000185838	GNB1L	-2.90e-01	3.10e-01	protein_coding
ENSG00000141456	PELP1	 3.09e-01	1.92e-01	protein_coding
ENSG00000178026	LRRC75B	-4.28e-01	2.26e-01	protein_coding
ENSG00000148200	NR6A1	-1.55e-01	7.19e-01	protein_coding
ENSG00000100206	DMC1	-9.63e-02	8.68e-01	protein_coding
ENSG00000215012	RTL10	 2.82e-01	3.87e-01	protein_coding
ENSG00000106780	MEGF9	 4.92e-01	4.24e-02	protein_coding
ENSG00000100028	SNRPD3	-1.31e-02	9.75e-01	protein_coding
ENSG00000109814	UGDH	-1.21e-01	7.12e-01	protein_coding
ENSG00000073614	KDM5A	 4.35e-02	9.22e-01	protein_coding
ENSG00000215417	MIR17HG	 5.89e-01	1.00e-02	lncRNA
ENSG00000166797	CIAO2A	-6.59e-03	9.86e-01	protein_coding
ENSG00000149308	NPAT	-2.27e-01	6.30e-01	protein_coding
ENSG00000155097	ATP6V1C1	 4.65e-02	9.29e-01	protein_coding
ENSG00000184058	TBX1	 5.32e-01	1.05e-02	protein_coding
ENSG00000147457	CHMP7	 1.34e-02	9.76e-01	protein_coding
ENSG00000023608	SNAPC1	-2.26e-01	6.24e-01	protein_coding
ENSG00000100644	HIF1A	-2.55e-01	2.48e-01	protein_coding
ENSG00000140395	WDR61	-2.01e-01	2.13e-01	protein_coding
ENSG00000099953	MMP11	-8.62e-02	8.46e-01	protein_coding
ENSG00000163683	SMIM14	-2.94e-01	3.67e-01	protein_coding
ENSG00000167671	UBXN6	-4.51e-01	7.64e-03	protein_coding
ENSG00000164683	HEY1	 1.33e-01	7.26e-01	protein_coding
ENSG00000183655	KLHL25	-6.80e-02	8.96e-01	protein_coding
ENSG00000179399	GPC5	 3.11e-01	3.78e-01	protein_coding
ENSG00000127533	F2RL3	-9.21e-02	8.63e-01	protein_coding
ENSG00000100888	CHD8	 2.05e-01	4.07e-01	protein_coding
ENSG00000250479	CHCHD10	 2.64e-01	1.93e-01	protein_coding
ENSG00000253190	AC084082.1	 7.67e-01	4.27e-03	lncRNA
ENSG00000142945	KIF2C	-3.55e-01	2.18e-02	protein_coding
ENSG00000282851	BISPR	 1.30e-01	7.20e-01	lncRNA
ENSG00000197977	ELOVL2	 1.38e-01	7.82e-01	protein_coding
ENSG00000155256	ZFYVE27	-9.51e-02	7.13e-01	protein_coding
ENSG00000069998	HDHD5	-4.31e-01	4.63e-03	protein_coding
ENSG00000237190	CDKN2AIPNL	-1.81e-01	3.73e-01	protein_coding
ENSG00000134107	BHLHE40	 5.92e-01	5.59e-04	protein_coding
ENSG00000115234	SNX17	-4.32e-01	9.70e-04	protein_coding
ENSG00000163818	LZTFL1	-6.90e-02	9.01e-01	protein_coding
ENSG00000167670	CHAF1A	-1.19e-01	5.76e-01	protein_coding
ENSG00000063978	RNF4	 2.99e-01	2.12e-01	protein_coding
ENSG00000145526	CDH18	 4.65e-01	1.92e-01	protein_coding
ENSG00000244115	DNAJC25-GNG10	-3.59e-01	3.91e-01	protein_coding
ENSG00000059769	DNAJC25	 1.35e-01	8.03e-01	protein_coding
ENSG00000259802	AC012640.2	-3.02e-01	3.44e-01	lncRNA
ENSG00000185043	CIB1	-3.12e-01	1.55e-01	protein_coding
ENSG00000167889	MGAT5B	 3.20e-01	1.38e-01	protein_coding
ENSG00000132952	USPL1	 1.38e-01	8.00e-01	protein_coding
ENSG00000163795	ZNF513	-8.71e-02	8.27e-01	protein_coding
ENSG00000079691	CARMIL1	 8.76e-03	9.85e-01	protein_coding
ENSG00000136156	ITM2B	 1.53e-01	5.88e-01	protein_coding
ENSG00000242616	GNG10	-8.11e-03	9.90e-01	protein_coding
ENSG00000183208	GDPGP1	 3.62e-01	1.53e-01	protein_coding
ENSG00000062725	APPBP2	-6.21e-01	5.56e-02	protein_coding
ENSG00000144724	PTPRG	-1.93e-01	5.50e-01	protein_coding
ENSG00000196683	TOMM7	 4.64e-01	9.17e-03	protein_coding
ENSG00000153551	CMTM7	 1.72e-01	7.09e-01	protein_coding
ENSG00000182768	NGRN	-4.05e-01	1.99e-03	protein_coding
ENSG00000244306	AL589743.1	 2.33e-01	4.44e-01	transcribed_processed_pseudogene
ENSG00000008256	CYTH3	-1.17e-02	9.76e-01	protein_coding
ENSG00000260274	AC068338.2	-9.59e-02	8.28e-01	lncRNA
ENSG00000276744	AC105137.2	-2.22e-01	6.13e-01	lncRNA
ENSG00000091317	CMTM6	-2.85e-01	4.55e-01	protein_coding
ENSG00000152359	POC5	-2.36e-01	6.01e-01	protein_coding
ENSG00000197444	OGDHL	-8.96e-02	8.39e-01	protein_coding
ENSG00000159658	EFCAB14	 3.85e-02	9.34e-01	protein_coding
ENSG00000275216	AL161431.1	 1.13e+00	1.12e-14	lncRNA
ENSG00000146267	FAXC	-2.19e-01	6.24e-01	protein_coding
ENSG00000100804	PSMB5	-4.21e-01	1.25e-03	protein_coding
ENSG00000224531	SMIM13	-1.21e-02	9.80e-01	protein_coding
ENSG00000079974	RABL2B	 2.67e-01	3.90e-01	protein_coding
ENSG00000184949	FAM227A	-6.17e-02	9.17e-01	protein_coding
ENSG00000007923	DNAJC11	 2.26e-01	1.51e-01	protein_coding
ENSG00000138639	ARHGAP24	-3.23e-01	4.40e-01	protein_coding
ENSG00000005102	MEOX1	-2.28e-01	6.36e-01	protein_coding
ENSG00000148187	MRRF	 1.97e-02	9.57e-01	protein_coding
ENSG00000141971	MVB12A	-3.92e-01	2.22e-02	protein_coding
ENSG00000113384	GOLPH3	 5.45e-02	8.43e-01	protein_coding
ENSG00000175063	UBE2C	 6.12e-02	8.41e-01	protein_coding
ENSG00000196267	ZNF836	 3.19e-01	4.27e-01	protein_coding
ENSG00000228649	SNHG26	 2.49e-01	5.51e-01	lncRNA
ENSG00000163558	PRKCI	-4.41e-02	9.11e-01	protein_coding
ENSG00000173264	GPR137	 4.00e-01	9.13e-03	protein_coding
ENSG00000113108	APBB3	-1.47e-01	7.06e-01	protein_coding
ENSG00000111859	NEDD9	 3.37e-01	1.62e-01	protein_coding
ENSG00000054598	FOXC1	 4.10e-01	1.11e-01	protein_coding
ENSG00000049192	ADAMTS6	 6.11e-02	8.59e-01	protein_coding
ENSG00000150457	LATS2	 1.27e-01	6.98e-01	protein_coding
ENSG00000198856	OSTC	 1.31e-01	6.48e-01	protein_coding
ENSG00000119446	RBM18	-5.24e-02	9.17e-01	protein_coding
ENSG00000046651	OFD1	-7.80e-02	8.52e-01	protein_coding
ENSG00000137074	APTX	-3.20e-01	3.44e-02	protein_coding
ENSG00000101220	C20orf27	 1.17e-01	6.19e-01	protein_coding
ENSG00000251169	LINC01843	-3.74e-01	2.34e-01	lncRNA
ENSG00000204138	PHACTR4	 5.35e-02	8.96e-01	protein_coding
ENSG00000184319	RPL23AP82	-9.66e-02	7.79e-01	transcribed_unprocessed_pseudogene
ENSG00000099821	POLRMT	 2.02e-01	4.65e-01	protein_coding
ENSG00000172197	MBOAT1	 9.58e-02	8.29e-01	protein_coding
ENSG00000138190	EXOC6	 2.44e-01	5.23e-01	protein_coding
ENSG00000171953	ATPAF2	-2.56e-01	2.14e-01	protein_coding
ENSG00000145214	DGKQ	-2.78e-01	5.34e-01	protein_coding
ENSG00000002330	BAD	-3.86e-01	1.64e-02	protein_coding
ENSG00000108797	CNTNAP1	 2.43e-01	3.29e-01	protein_coding
ENSG00000164109	MAD2L1	-1.85e-01	6.39e-01	protein_coding
ENSG00000162545	CAMK2N1	 4.74e-01	1.93e-01	protein_coding
ENSG00000169375	SIN3A	 3.77e-01	3.36e-02	protein_coding
ENSG00000152484	USP12	 2.73e-01	5.37e-01	protein_coding
ENSG00000184451	CCR10	-1.36e-01	7.82e-01	protein_coding
ENSG00000198467	TPM2	-5.37e-01	1.48e-04	protein_coding
ENSG00000183077	AFMID	-1.15e-02	9.77e-01	protein_coding
ENSG00000177602	HASPIN	 3.98e-01	7.74e-02	protein_coding
ENSG00000198677	TTC37	 1.43e-01	7.94e-01	protein_coding
ENSG00000112242	E2F3	 3.50e-01	1.97e-01	protein_coding
ENSG00000011638	TMEM159	 2.22e-01	4.51e-01	protein_coding
ENSG00000150347	ARID5B	 3.10e-02	9.30e-01	protein_coding
ENSG00000115380	EFEMP1	 3.33e-01	7.14e-02	protein_coding
ENSG00000083457	ITGAE	 1.59e-01	5.32e-01	protein_coding
ENSG00000140400	MAN2C1	-1.86e-01	5.60e-01	protein_coding
ENSG00000041988	THAP3	-4.15e-01	5.21e-02	protein_coding
ENSG00000231188	AL139819.1	 3.88e-03	9.96e-01	lncRNA
ENSG00000138095	LRPPRC	-2.06e-01	3.47e-01	protein_coding
ENSG00000127415	IDUA	 5.57e-02	9.23e-01	protein_coding
ENSG00000124193	SRSF6	-7.31e-02	7.82e-01	protein_coding
ENSG00000139946	PELI2	-6.60e-01	2.46e-02	protein_coding
ENSG00000047644	WWC3	-1.76e-01	5.80e-01	protein_coding
ENSG00000260604	AL590004.3	-4.89e-02	9.32e-01	lncRNA
ENSG00000198832	SELENOM	 9.65e-02	7.37e-01	protein_coding
ENSG00000233621	LINC01137	-5.47e-01	2.55e-02	lncRNA
ENSG00000021762	OSBPL5	-1.45e-01	6.59e-01	protein_coding
ENSG00000095203	EPB41L4B	 1.00e-01	8.52e-01	protein_coding
ENSG00000151320	AKAP6	-3.50e-01	3.66e-01	protein_coding
ENSG00000145375	SPATA5	-3.01e-01	2.62e-01	protein_coding
ENSG00000079841	RIMS1	-7.94e-02	8.65e-01	protein_coding
ENSG00000163874	ZC3H12A	-2.64e-01	2.68e-01	protein_coding
ENSG00000240857	RDH14	-5.43e-01	3.70e-02	protein_coding
ENSG00000132906	CASP9	-3.21e-01	6.28e-02	protein_coding
ENSG00000197345	MRPL21	-2.31e-01	2.50e-01	protein_coding
ENSG00000170502	NUDT9	-2.03e-01	5.81e-01	protein_coding
ENSG00000196230	TUBB	 5.30e-03	9.86e-01	protein_coding
ENSG00000122299	ZC3H7A	 5.98e-02	9.05e-01	protein_coding
ENSG00000272540	AL662797.1	 2.52e-01	5.66e-01	lncRNA
ENSG00000197555	SIPA1L1	 4.69e-02	9.23e-01	protein_coding
ENSG00000140525	FANCI	-3.23e-01	1.28e-01	protein_coding
ENSG00000114374	USP9Y	 5.94e-02	9.17e-01	protein_coding
ENSG00000178397	FAM220A	-4.68e-01	1.80e-01	protein_coding
ENSG00000286075	AC009412.1	 3.78e-01	3.59e-01	protein_coding
ENSG00000113916	BCL6	 1.99e-01	6.36e-01	protein_coding
ENSG00000176225	RTTN	-5.49e-02	9.08e-01	protein_coding
ENSG00000256340	ABCC6P1	-4.40e-01	2.34e-01	transcribed_unprocessed_pseudogene
ENSG00000176087	SLC35A4	 3.43e-01	1.21e-02	protein_coding
ENSG00000008086	CDKL5	-2.59e-01	5.75e-01	protein_coding
ENSG00000163848	ZNF148	-3.94e-02	9.35e-01	protein_coding
ENSG00000168066	SF1	 7.79e-01	2.65e-11	protein_coding
ENSG00000101557	USP14	 1.53e-01	6.59e-01	protein_coding
ENSG00000185950	IRS2	 7.57e-01	2.45e-05	protein_coding
ENSG00000103174	NAGPA	 3.74e-02	9.13e-01	protein_coding
ENSG00000125386	FAM193A	 3.13e-01	1.99e-01	protein_coding
ENSG00000233276	GPX1	-3.01e-01	5.55e-02	protein_coding
ENSG00000114739	ACVR2B	-2.94e-01	3.45e-01	protein_coding
ENSG00000163681	SLMAP	-2.61e-01	3.56e-01	protein_coding
ENSG00000052749	RRP12	 1.79e-01	4.19e-01	protein_coding
ENSG00000229589	ACVR2B-AS1	 5.34e-01	1.19e-01	lncRNA
ENSG00000178913	TAF7	 2.10e-02	9.64e-01	protein_coding
ENSG00000099194	SCD	 8.61e-01	1.08e-10	protein_coding
ENSG00000196739	COL27A1	 1.97e-01	6.46e-01	protein_coding
ENSG00000114686	MRPL3	-3.65e-01	7.88e-02	protein_coding
ENSG00000171763	SPATA5L1	-6.85e-01	8.75e-04	protein_coding
ENSG00000113810	SMC4	 3.13e-01	2.30e-01	protein_coding
ENSG00000235823	OLMALINC	 1.23e-01	5.63e-01	lncRNA
ENSG00000076554	TPD52	-1.17e-02	9.75e-01	protein_coding
ENSG00000081791	DELE1	-1.60e-01	4.11e-01	protein_coding
ENSG00000125875	TBC1D20	-1.29e-01	5.88e-01	protein_coding
ENSG00000124783	SSR1	 1.47e-01	5.45e-01	protein_coding
ENSG00000164151	ICE1	-2.28e-01	4.67e-01	protein_coding
ENSG00000142186	SCYL1	-9.58e-02	6.78e-01	protein_coding
ENSG00000118894	EEF2KMT	-1.01e-01	7.74e-01	protein_coding
ENSG00000070159	PTPN3	 1.87e-01	6.06e-01	protein_coding
ENSG00000147044	CASK	-5.49e-01	2.59e-02	protein_coding
ENSG00000166275	BORCS7	 2.65e-02	9.63e-01	protein_coding
ENSG00000110315	RNF141	-2.18e-01	4.45e-01	protein_coding
ENSG00000158079	PTPDC1	-2.36e-01	5.18e-01	protein_coding
ENSG00000111319	SCNN1A	 8.68e-01	5.53e-08	protein_coding
ENSG00000203875	SNHG5	 3.51e-01	1.07e-01	lncRNA
ENSG00000104765	BNIP3L	 1.62e-01	6.24e-01	protein_coding
ENSG00000079134	THOC1	 2.76e-01	4.99e-01	protein_coding
ENSG00000120963	ZNF706	 7.08e-02	8.48e-01	protein_coding
ENSG00000132423	COQ3	-1.28e-01	6.91e-01	protein_coding
ENSG00000157191	NECAP2	-3.69e-01	4.72e-03	protein_coding
ENSG00000170836	PPM1D	-8.95e-02	7.95e-01	protein_coding
ENSG00000090905	TNRC6A	 2.26e-01	5.20e-01	protein_coding
ENSG00000165501	LRR1	-2.13e-01	4.35e-01	protein_coding
ENSG00000124126	PREX1	 5.09e-03	9.93e-01	protein_coding
ENSG00000111321	LTBR	 3.33e-01	2.61e-02	protein_coding
ENSG00000111962	UST	-1.67e-01	6.65e-01	protein_coding
ENSG00000244270	RPL32P29	 2.61e-02	9.71e-01	processed_pseudogene
ENSG00000156983	BRPF1	 1.93e-01	5.10e-01	protein_coding
ENSG00000137413	TAF8	-1.15e-01	7.10e-01	protein_coding
ENSG00000007392	LUC7L	-4.46e-01	5.15e-02	protein_coding
ENSG00000150459	SAP18	-7.41e-02	7.51e-01	protein_coding
ENSG00000213741	RPS29	 1.30e+00	4.82e-15	protein_coding
ENSG00000099942	CRKL	 4.91e-01	4.16e-03	protein_coding
ENSG00000278231	AL133342.1	 3.45e-03	9.97e-01	lncRNA
ENSG00000164902	PHAX	-3.39e-02	9.57e-01	protein_coding
ENSG00000251143	AP002490.1	 3.35e-01	4.31e-01	lncRNA
ENSG00000055208	TAB2	 6.34e-02	9.17e-01	protein_coding
ENSG00000140398	NEIL1	-3.71e-01	3.67e-01	protein_coding
ENSG00000118898	PPL	 2.39e-01	3.41e-01	protein_coding
ENSG00000164040	PGRMC2	 4.04e-01	6.89e-02	protein_coding
ENSG00000064687	ABCA7	-4.66e-02	8.75e-01	protein_coding
ENSG00000092964	DPYSL2	 4.09e-01	1.13e-02	protein_coding
ENSG00000230262	LINC02603	 5.09e-01	1.10e-01	lncRNA
ENSG00000086061	DNAJA1	-2.32e-01	3.09e-01	protein_coding
ENSG00000033011	ALG1	-2.24e-01	1.58e-01	protein_coding
ENSG00000112655	PTK7	 5.97e-01	6.49e-02	protein_coding
ENSG00000155846	PPARGC1B	 5.73e-01	4.55e-02	protein_coding
ENSG00000251432	LINC02615	 8.82e-02	8.80e-01	lncRNA
ENSG00000175787	ZNF169	 1.81e-02	9.80e-01	protein_coding
ENSG00000164142	FAM160A1	 3.22e-01	3.27e-01	protein_coding
ENSG00000092758	COL9A3	-4.47e-01	1.37e-03	protein_coding
ENSG00000147586	MRPS28	-3.28e-01	5.55e-02	protein_coding
ENSG00000136238	RAC1	 2.90e-01	4.63e-02	protein_coding
ENSG00000168813	ZNF507	-1.53e-01	7.59e-01	protein_coding
ENSG00000136603	SKIL	-1.56e-01	7.10e-01	protein_coding
ENSG00000168944	CEP120	 1.45e-01	7.57e-01	protein_coding
ENSG00000186566	GPATCH8	 1.72e-01	5.48e-01	protein_coding
ENSG00000043143	JADE2	 9.14e-02	7.46e-01	protein_coding
ENSG00000070501	POLB	 1.16e-01	7.07e-01	protein_coding
ENSG00000160213	CSTB	 2.53e-01	1.24e-01	protein_coding
ENSG00000104093	DMXL2	-4.58e-02	9.29e-01	protein_coding
ENSG00000150764	DIXDC1	-3.12e-01	4.02e-01	protein_coding
ENSG00000080947	CROCCP3	-2.90e-01	4.74e-01	transcribed_unprocessed_pseudogene
ENSG00000267213	AC007773.1	-8.10e-02	8.51e-01	lncRNA
ENSG00000227124	ZNF717	-1.58e-01	7.64e-01	protein_coding
ENSG00000182899	RPL35A	 4.17e-01	7.26e-03	protein_coding
ENSG00000132549	VPS13B	-1.29e-01	6.96e-01	protein_coding
ENSG00000178904	DPY19L3	-1.33e-01	7.30e-01	protein_coding
ENSG00000173482	PTPRM	 2.03e-01	6.59e-01	protein_coding
ENSG00000279516	FAM230C	-2.14e-01	6.22e-01	lncRNA
ENSG00000133794	ARNTL	 4.26e-01	2.73e-01	protein_coding
ENSG00000272086	AC025181.2	-1.75e-02	9.62e-01	lncRNA
ENSG00000188211	NCR3LG1	-4.44e-02	9.17e-01	protein_coding
ENSG00000180340	FZD2	 9.19e-02	7.19e-01	protein_coding
ENSG00000104679	R3HCC1	-5.77e-01	7.52e-04	protein_coding
ENSG00000168056	LTBP3	 2.08e-01	6.08e-01	protein_coding
ENSG00000068885	IFT80	-1.24e-01	8.18e-01	protein_coding
ENSG00000159556	ISL2	 5.31e-01	7.75e-02	protein_coding
ENSG00000110455	ACCS	-8.86e-03	9.86e-01	protein_coding
ENSG00000204152	TIMM23B	-1.91e-01	4.75e-01	protein_coding
ENSG00000260196	AC124798.1	 9.89e-01	1.15e-03	lncRNA
ENSG00000130844	ZNF331	 3.19e-01	3.62e-01	protein_coding
ENSG00000149357	LAMTOR1	-4.74e-02	8.55e-01	protein_coding
ENSG00000204149	AGAP6	-1.45e-01	7.93e-01	protein_coding
ENSG00000278869	BX539320.1	 6.44e-02	9.16e-01	lncRNA
ENSG00000028310	BRD9	 3.18e-02	9.23e-01	protein_coding
ENSG00000137269	LRRC1	 5.40e-02	9.21e-01	protein_coding
ENSG00000122591	FAM126A	 9.90e-02	8.49e-01	protein_coding
ENSG00000156299	TIAM1	-3.61e-01	3.66e-01	protein_coding
ENSG00000136811	ODF2	 2.64e-01	1.95e-01	protein_coding
ENSG00000237594	AP000251.1	-9.05e-02	8.25e-01	lncRNA
ENSG00000145022	TCTA	-2.60e-01	1.34e-01	protein_coding
ENSG00000114473	IQCG	 6.52e-01	4.56e-02	protein_coding
ENSG00000148950	IMMP1L	 4.00e-01	8.11e-02	protein_coding
ENSG00000227345	PARG	 2.38e-01	4.73e-01	protein_coding
ENSG00000108861	DUSP3	 1.06e-01	6.25e-01	protein_coding
ENSG00000132376	INPP5K	 3.07e-02	9.32e-01	protein_coding
ENSG00000183666	GUSBP1	-8.94e-02	8.01e-01	transcribed_unprocessed_pseudogene
ENSG00000139880	CDH24	-1.96e-02	9.63e-01	protein_coding
ENSG00000279107	AC138951.2	 3.70e-01	3.69e-01	TEC
ENSG00000105672	ETV2	 2.08e-01	6.67e-01	protein_coding
ENSG00000028528	SNX1	-6.02e-03	9.86e-01	protein_coding
ENSG00000101190	TCFL5	-2.65e-01	1.75e-01	protein_coding
ENSG00000067560	RHOA	 2.42e-01	5.73e-02	protein_coding
ENSG00000185513	L3MBTL1	 1.69e-01	6.96e-01	protein_coding
ENSG00000183354	KIAA2026	-1.62e-01	7.37e-01	protein_coding
ENSG00000213186	TRIM59	 8.44e-02	8.85e-01	protein_coding
ENSG00000184154	LRTOMT	 5.23e-02	9.11e-01	protein_coding
ENSG00000105063	PPP6R1	 4.96e-01	7.55e-04	protein_coding
ENSG00000170946	DNAJC24	 2.14e-02	9.74e-01	protein_coding
ENSG00000091164	TXNL1	-1.03e-01	7.43e-01	protein_coding
ENSG00000164919	COX6C	 3.31e-01	2.14e-01	protein_coding
ENSG00000145495	MARCH6	 2.37e-01	2.22e-01	protein_coding
ENSG00000164930	FZD6	-1.71e-01	6.84e-01	protein_coding
ENSG00000091157	WDR7	 3.94e-01	2.52e-01	protein_coding
ENSG00000188818	ZDHHC11	 1.42e-01	7.96e-01	protein_coding
ENSG00000090432	MUL1	-1.01e-01	7.48e-01	protein_coding
ENSG00000160214	RRP1	-1.71e-01	4.78e-01	protein_coding
ENSG00000088833	NSFL1C	-3.59e-01	8.45e-02	protein_coding
ENSG00000255112	CHMP1B	 5.38e-02	8.59e-01	protein_coding
ENSG00000132581	SDF2	-1.87e-01	3.37e-01	protein_coding
ENSG00000256525	POLG2	-3.69e-03	9.96e-01	protein_coding
ENSG00000137497	NUMA1	 1.63e-01	4.07e-01	protein_coding
ENSG00000198355	PIM3	-6.57e-02	8.39e-01	protein_coding
ENSG00000014641	MDH1	-3.05e-01	1.83e-01	protein_coding
ENSG00000022277	RTF2	-3.76e-01	5.94e-03	protein_coding
ENSG00000141380	SS18	-1.43e-01	6.23e-01	protein_coding
ENSG00000112699	GMDS	 1.24e-01	5.68e-01	protein_coding
ENSG00000134108	ARL8B	 1.29e-01	7.18e-01	protein_coding
ENSG00000188321	ZNF559	-3.67e-01	3.41e-01	protein_coding
ENSG00000083817	ZNF416	 1.74e-01	6.69e-01	protein_coding
ENSG00000126249	PDCD2L	-1.22e-01	6.27e-01	protein_coding
ENSG00000159322	ADPGK	 4.90e-02	8.63e-01	protein_coding
ENSG00000106153	CHCHD2	-2.25e-01	2.97e-01	protein_coding
ENSG00000182010	RTKN2	 3.58e-02	9.55e-01	protein_coding
ENSG00000134109	EDEM1	-1.52e-01	6.35e-01	protein_coding
ENSG00000108771	DHX58	-2.07e-01	4.11e-01	protein_coding
ENSG00000277369	AC010654.1	 1.72e-01	7.30e-01	lncRNA
ENSG00000228506	AL513550.1	 1.02e-01	8.55e-01	lncRNA
ENSG00000158825	CDA	 1.37e-01	5.16e-01	protein_coding
ENSG00000125817	CENPB	-6.55e-02	8.01e-01	protein_coding
ENSG00000159231	CBR3	-4.49e-01	7.82e-02	protein_coding
ENSG00000142197	DOP1B	 3.06e-01	4.75e-01	protein_coding
ENSG00000100211	CBY1	-1.73e-01	4.50e-01	protein_coding
ENSG00000105220	GPI	 2.74e-01	5.97e-02	protein_coding
ENSG00000132436	FIGNL1	-1.45e-01	7.84e-01	protein_coding
ENSG00000163875	MEAF6	 1.64e-01	5.91e-01	protein_coding
ENSG00000156345	CDK20	-1.92e-01	5.93e-01	protein_coding
ENSG00000148700	ADD3	-3.50e-01	3.56e-01	protein_coding
ENSG00000228274	AL021707.2	 2.15e-01	6.52e-01	lncRNA
ENSG00000136840	ST6GALNAC4	 8.75e-03	9.77e-01	protein_coding
ENSG00000101294	HM13	 1.09e-01	5.54e-01	protein_coding
ENSG00000183647	ZNF530	 5.23e-01	1.10e-01	protein_coding
ENSG00000142227	EMP3	 1.03e-02	9.72e-01	protein_coding
ENSG00000070269	TMEM260	-4.42e-01	1.67e-01	protein_coding
ENSG00000160014	CALM3	-1.95e-01	2.28e-01	protein_coding
ENSG00000275832	ARHGAP23	 4.69e-01	1.71e-02	protein_coding
ENSG00000143951	WDPCP	 2.84e-01	2.13e-01	protein_coding
ENSG00000121417	ZNF211	 1.32e-01	8.05e-01	protein_coding
ENSG00000068650	ATP11A	 2.89e-01	2.94e-01	protein_coding
ENSG00000117242	PINK1-AS	 4.56e-01	1.81e-01	lncRNA
ENSG00000134013	LOXL2	 3.34e-01	2.29e-01	protein_coding
ENSG00000128731	HERC2	 8.24e-02	7.92e-01	protein_coding
ENSG00000213762	ZNF134	 4.77e-03	9.96e-01	protein_coding
ENSG00000179041	RRS1	-3.15e-01	7.00e-02	protein_coding
ENSG00000173575	CHD2	 4.74e-02	8.78e-01	protein_coding
ENSG00000177302	TOP3A	 2.58e-01	3.41e-01	protein_coding
ENSG00000197217	ENTPD4	-3.63e-01	6.91e-02	protein_coding
ENSG00000244038	DDOST	-2.98e-03	9.93e-01	protein_coding
ENSG00000075131	TIPIN	-1.96e-01	5.51e-01	protein_coding
ENSG00000158828	PINK1	-6.70e-01	5.53e-08	protein_coding
ENSG00000123552	USP45	 2.39e-02	9.74e-01	protein_coding
ENSG00000140474	ULK3	-7.49e-02	7.93e-01	protein_coding
ENSG00000007541	PIGQ	-5.68e-02	8.70e-01	protein_coding
ENSG00000185133	INPP5J	 5.17e-01	2.35e-03	protein_coding
ENSG00000279765	AC013394.1	 2.23e-01	6.14e-01	protein_coding
ENSG00000104738	MCM4	-1.66e-01	5.68e-01	protein_coding
ENSG00000272888	LINC01578	-2.76e-01	2.33e-01	lncRNA
ENSG00000262814	MRPL12	-4.00e-01	1.76e-02	protein_coding
ENSG00000154065	ANKRD29	-1.31e-01	7.96e-01	protein_coding
ENSG00000071564	TCF3	-3.19e-02	9.25e-01	protein_coding
ENSG00000183048	SLC25A10	-1.61e-01	5.03e-01	protein_coding
ENSG00000173141	MRPL57	-8.35e-02	7.19e-01	protein_coding
ENSG00000198721	ECI2	-2.12e-01	2.44e-01	protein_coding
ENSG00000101898	MCTS2P	 1.86e-01	6.86e-01	protein_coding
ENSG00000165480	SKA3	-8.57e-02	8.60e-01	protein_coding
ENSG00000279879	AC091152.4	 3.05e-01	4.74e-01	TEC
ENSG00000148110	MFSD14B	 5.31e-02	9.00e-01	protein_coding
ENSG00000180329	CCDC43	-2.67e-01	2.95e-01	protein_coding
ENSG00000165175	MID1IP1	-3.57e-02	8.92e-01	protein_coding
ENSG00000104343	UBE2W	 2.73e-01	5.27e-01	protein_coding
ENSG00000180336	MEIOC	 7.84e-02	8.97e-01	protein_coding
ENSG00000154889	MPPE1	 2.92e-01	3.13e-01	protein_coding
ENSG00000107104	KANK1	 5.35e-02	8.77e-01	protein_coding
ENSG00000261135	AL137802.2	 2.20e-01	5.97e-01	lncRNA
ENSG00000187866	FAM122A	 8.63e-02	8.59e-01	protein_coding
ENSG00000218426	AL590867.2	-6.73e-01	2.17e-02	processed_pseudogene
ENSG00000107771	CCSER2	 4.26e-01	1.10e-01	protein_coding
ENSG00000226403	AL392089.1	-4.01e-02	9.53e-01	lncRNA
ENSG00000171848	RRM2	 1.21e-01	6.25e-01	protein_coding
ENSG00000157654	PALM2-AKAP2	-5.01e-01	1.03e-01	protein_coding
ENSG00000205269	TMEM170B	-2.08e-01	6.69e-01	protein_coding
ENSG00000074356	NCBP3	 3.56e-02	9.47e-01	protein_coding
ENSG00000181915	ADO	-4.35e-02	9.23e-01	protein_coding
ENSG00000115241	PPM1G	-9.46e-02	5.93e-01	protein_coding
ENSG00000170921	TANC2	-3.84e-01	2.05e-01	protein_coding
ENSG00000130348	QRSL1	-4.87e-01	1.84e-01	protein_coding
ENSG00000085760	MTIF2	-2.90e-01	3.29e-01	protein_coding
ENSG00000067082	KLF6	 1.59e-01	7.00e-01	protein_coding
ENSG00000059691	GATB	-4.26e-01	3.92e-03	protein_coding
ENSG00000112739	PRPF4B	 6.87e-01	1.70e-03	protein_coding
ENSG00000167747	C19orf48	-2.53e-01	1.22e-01	transcribed_unitary_pseudogene
ENSG00000131748	STARD3	-3.78e-02	8.96e-01	protein_coding
ENSG00000188517	COL25A1	 1.29e-02	9.82e-01	protein_coding
ENSG00000163877	SNIP1	 1.00e-01	8.34e-01	protein_coding
ENSG00000233421	LINC01783	 7.93e-01	5.76e-04	lncRNA
ENSG00000070423	RNF126	 7.07e-02	7.55e-01	protein_coding
ENSG00000113368	LMNB1	-1.99e-02	9.54e-01	protein_coding
ENSG00000219481	NBPF1	 4.23e-01	4.93e-02	protein_coding
ENSG00000145626	UGT3A1	-4.56e-03	9.94e-01	protein_coding
ENSG00000187498	COL4A1	 6.57e-02	9.01e-01	protein_coding
ENSG00000130816	DNMT1	 1.95e-01	4.58e-01	protein_coding
ENSG00000117000	RLF	 2.59e-01	5.30e-01	protein_coding
ENSG00000169032	MAP2K1	-2.43e-01	4.19e-01	protein_coding
ENSG00000137310	TCF19	-1.08e-01	6.71e-01	protein_coding
ENSG00000137312	FLOT1	-5.38e-01	1.30e-04	protein_coding
ENSG00000174446	SNAPC5	-1.81e-01	6.52e-01	protein_coding
ENSG00000258890	CEP95	 3.19e-01	2.39e-01	protein_coding
ENSG00000235618	FAM21EP	-1.52e-01	7.64e-01	transcribed_unprocessed_pseudogene
ENSG00000126267	COX6B1	 1.47e-01	3.68e-01	protein_coding
ENSG00000261351	AC116913.1	-1.44e-01	7.73e-01	lncRNA
ENSG00000155849	ELMO1	-1.15e-01	8.41e-01	protein_coding
ENSG00000134871	COL4A2	 6.76e-02	8.70e-01	protein_coding
ENSG00000221829	FANCG	-3.17e-01	8.79e-02	protein_coding
ENSG00000184924	PTRHD1	-3.38e-02	8.92e-01	protein_coding
ENSG00000106948	AKNA	-1.53e-01	7.46e-01	protein_coding
ENSG00000108854	SMURF2	 1.98e-01	6.60e-01	protein_coding
ENSG00000215908	CROCCP2	-1.39e-01	7.96e-01	transcribed_unprocessed_pseudogene
ENSG00000138092	CENPO	-1.96e-01	3.82e-01	protein_coding
ENSG00000113716	HMGXB3	 4.21e-01	2.31e-02	protein_coding
ENSG00000122026	RPL21	 1.01e-01	7.49e-01	protein_coding
ENSG00000155850	SLC26A2	-1.10e-01	8.48e-01	protein_coding
ENSG00000146147	MLIP	-2.96e-01	4.80e-01	protein_coding
ENSG00000133398	MED10	 8.40e-03	9.81e-01	protein_coding
ENSG00000164296	TIGD6	 2.50e-01	5.71e-01	protein_coding
ENSG00000141404	GNAL	-4.25e-01	1.28e-01	protein_coding
ENSG00000126746	ZNF384	 3.80e-01	2.89e-02	protein_coding
ENSG00000138119	MYOF	-3.70e-02	9.09e-01	protein_coding
ENSG00000148154	UGCG	 8.29e-02	8.66e-01	protein_coding
ENSG00000150776	NKAPD1	-2.18e-01	5.64e-01	protein_coding
ENSG00000272501	AL662844.4	 4.26e-02	9.42e-01	lncRNA
ENSG00000266947	AC022916.1	 1.28e-01	8.00e-01	lncRNA
ENSG00000147526	TACC1	-2.31e-01	3.60e-01	protein_coding
ENSG00000149273	RPS3	-2.23e-01	2.62e-01	protein_coding
ENSG00000150779	TIMM8B	 9.30e-02	8.00e-01	protein_coding
ENSG00000108654	DDX5	-1.18e-01	6.29e-01	protein_coding
ENSG00000206418	RAB12	-5.61e-02	9.02e-01	protein_coding
ENSG00000142168	SOD1	-2.02e-01	2.19e-01	protein_coding
ENSG00000138050	THUMPD2	 1.63e-01	7.37e-01	protein_coding
ENSG00000184787	UBE2G2	-1.58e-01	5.81e-01	protein_coding
ENSG00000138031	ADCY3	 3.89e-01	7.20e-02	protein_coding
ENSG00000167695	FAM57A	 4.08e-01	3.16e-02	protein_coding
ENSG00000166750	SLFN5	-1.54e-01	6.71e-01	protein_coding
ENSG00000123191	ATP7B	-3.22e-02	9.61e-01	protein_coding
ENSG00000005801	ZNF195	-1.52e-01	6.36e-01	protein_coding
ENSG00000189229	AC069277.1	 6.57e-02	9.04e-01	lncRNA
ENSG00000166407	LMO1	-1.13e-01	7.53e-01	protein_coding
ENSG00000180198	RCC1	-3.09e-01	4.81e-02	protein_coding
ENSG00000122550	KLHL7	 9.90e-02	7.82e-01	protein_coding
ENSG00000226085	UQCRFS1P1	-1.35e-01	5.66e-01	processed_pseudogene
ENSG00000109756	RAPGEF2	 4.61e-02	9.41e-01	protein_coding
ENSG00000150768	DLAT	 2.45e-01	2.11e-01	protein_coding
ENSG00000242125	SNHG3	 2.49e-01	4.16e-01	lncRNA
ENSG00000112237	CCNC	 3.07e-02	9.54e-01	protein_coding
ENSG00000204308	RNF5	-1.39e-01	4.52e-01	protein_coding
ENSG00000058799	YIPF1	-1.90e-01	4.84e-01	protein_coding
ENSG00000101473	ACOT8	-5.17e-01	4.28e-05	protein_coding
ENSG00000151348	EXT2	 1.48e-01	5.32e-01	protein_coding
ENSG00000048544	MRPS10	-6.74e-02	8.78e-01	protein_coding
ENSG00000124104	SNX21	 2.30e-02	9.61e-01	protein_coding
ENSG00000132004	FBXW9	-3.25e-01	7.70e-02	protein_coding
ENSG00000166452	AKIP1	-1.74e-01	3.51e-01	protein_coding
ENSG00000100320	RBFOX2	-1.40e-01	6.13e-01	protein_coding
ENSG00000171490	RSL1D1	 8.60e-02	7.19e-01	protein_coding
ENSG00000123219	CENPK	-7.07e-02	8.94e-01	protein_coding
ENSG00000153292	ADGRF1	 3.12e-01	4.75e-01	protein_coding
ENSG00000130304	SLC27A1	 4.03e-01	1.79e-01	protein_coding
ENSG00000140350	ANP32A	-3.06e-01	6.54e-02	protein_coding
ENSG00000224389	C4B	 8.92e-01	1.05e-04	protein_coding
ENSG00000132740	IGHMBP2	-2.14e-02	9.70e-01	protein_coding
ENSG00000040341	STAU2	 3.26e-01	1.50e-01	protein_coding
ENSG00000110200	ANAPC15	-1.99e-02	9.54e-01	protein_coding
ENSG00000132424	PNISR	 1.03e-01	7.87e-01	protein_coding
ENSG00000070413	DGCR2	 6.06e-01	1.08e-03	protein_coding
ENSG00000114120	SLC25A36	-4.89e-02	8.81e-01	protein_coding
ENSG00000259943	AL050341.2	 3.33e-01	3.86e-01	lncRNA
ENSG00000100216	TOMM22	-2.01e-01	2.48e-01	protein_coding
ENSG00000123143	PKN1	-9.16e-02	7.24e-01	protein_coding
ENSG00000160584	SIK3	-3.69e-01	1.76e-01	protein_coding
ENSG00000101868	POLA1	-4.54e-02	9.10e-01	protein_coding
ENSG00000151292	CSNK1G3	 4.87e-01	4.12e-02	protein_coding
ENSG00000163820	FYCO1	 5.03e-02	9.07e-01	protein_coding
ENSG00000225151	GOLGA2P7	-4.29e-02	8.86e-01	transcribed_unprocessed_pseudogene
ENSG00000122877	EGR2	 5.67e-01	9.60e-02	protein_coding
ENSG00000130313	AC010618.1	-2.14e-01	1.21e-01	protein_coding
ENSG00000168502	MTCL1	-1.81e-02	9.72e-01	protein_coding
ENSG00000184206	GOLGA6L4	-2.18e-01	6.58e-01	protein_coding
ENSG00000070404	FSTL3	-2.66e-01	9.61e-02	protein_coding
ENSG00000265962	GACAT2	 3.79e-01	3.20e-01	lncRNA
ENSG00000133265	HSPBP1	-4.92e-01	1.93e-03	protein_coding
ENSG00000275464	FP565260.1	 9.87e-02	7.74e-01	protein_coding
ENSG00000100221	JOSD1	 2.11e-01	3.31e-01	protein_coding
ENSG00000101224	CDC25B	 8.02e-01	2.30e-11	protein_coding
ENSG00000100629	CEP128	-5.74e-02	9.10e-01	protein_coding
ENSG00000197562	RAB40C	-1.03e-01	7.57e-01	protein_coding
ENSG00000134697	GNL2	-2.78e-02	9.57e-01	protein_coding
ENSG00000100030	MAPK1	 1.25e-01	6.55e-01	protein_coding
ENSG00000076685	NT5C2	 1.85e-01	5.10e-01	protein_coding
ENSG00000234745	HLA-B	-7.12e-02	8.28e-01	protein_coding
ENSG00000161647	MPP3	 1.92e-02	9.68e-01	protein_coding
ENSG00000113615	SEC24A	 2.74e-01	2.61e-01	protein_coding
ENSG00000131351	HAUS8	-5.25e-01	1.60e-03	protein_coding
ENSG00000164236	ANKRD33B	 3.46e-01	3.62e-01	protein_coding
ENSG00000280071	GATD3B	-5.21e-01	4.86e-04	protein_coding
ENSG00000039560	RAI14	-2.53e-01	3.63e-01	protein_coding
ENSG00000164291	ARSK	-3.18e-01	3.30e-01	protein_coding
ENSG00000164828	SUN1	-1.06e-01	6.58e-01	protein_coding
ENSG00000250903	GMDS-DT	-7.86e-02	8.43e-01	lncRNA
ENSG00000177733	HNRNPA0	 4.25e-01	4.86e-03	protein_coding
ENSG00000011478	QPCTL	 2.88e-01	7.82e-02	protein_coding
ENSG00000184900	SUMO3	 6.44e-02	8.03e-01	protein_coding
ENSG00000164241	C5orf63	 1.83e-01	7.19e-01	protein_coding
ENSG00000092203	TOX4	-2.33e-01	2.41e-01	protein_coding
ENSG00000148842	CNNM2	 4.81e-02	8.85e-01	protein_coding
ENSG00000125743	SNRPD2	 2.75e-02	9.17e-01	protein_coding
ENSG00000108773	KAT2A	 1.89e-02	9.49e-01	protein_coding
ENSG00000250159	AC106791.1	 2.38e-01	5.31e-01	lncRNA
ENSG00000265190	ANXA8	-1.70e-01	6.47e-01	protein_coding
ENSG00000236618	PITPNA-AS1	 2.95e-01	3.49e-01	lncRNA
ENSG00000152700	SAR1B	-1.28e-01	6.38e-01	protein_coding
ENSG00000165819	METTL3	-2.75e-01	7.36e-02	protein_coding
ENSG00000108774	RAB5C	-4.11e-02	8.58e-01	protein_coding
ENSG00000197405	C5AR1	 4.21e-01	5.98e-02	protein_coding
ENSG00000078668	VDAC3	-3.14e-01	1.75e-01	protein_coding
ENSG00000134830	C5AR2	 1.93e-01	4.23e-01	protein_coding
ENSG00000182362	YBEY	-8.28e-02	8.17e-01	protein_coding
ENSG00000119402	FBXW2	-1.31e-01	6.91e-01	protein_coding
ENSG00000179409	GEMIN4	 2.43e-01	1.78e-01	protein_coding
ENSG00000105656	ELL	 1.49e-01	6.64e-01	protein_coding
ENSG00000174238	PITPNA	-4.14e-02	9.07e-01	protein_coding
ENSG00000137040	RANBP6	-2.67e-02	9.66e-01	protein_coding
ENSG00000196391	ZNF774	 3.32e-01	4.11e-01	protein_coding
ENSG00000129595	EPB41L4A	 2.68e-01	4.19e-01	protein_coding
ENSG00000214654	B3GNT10	 2.18e-02	9.76e-01	protein_coding
ENSG00000155906	RMND1	-2.75e-01	4.94e-01	protein_coding
ENSG00000129472	RAB2B	 3.85e-01	2.63e-01	protein_coding
ENSG00000021574	SPAST	-1.01e-02	9.86e-01	protein_coding
ENSG00000197905	TEAD4	-3.50e-02	9.23e-01	protein_coding
ENSG00000180776	ZDHHC20	 2.01e-01	6.60e-01	protein_coding
ENSG00000108509	CAMTA2	 5.66e-01	1.64e-02	protein_coding
ENSG00000150712	MTMR12	-2.43e-02	9.49e-01	protein_coding
ENSG00000109111	SUPT6H	 4.87e-01	6.84e-03	protein_coding
ENSG00000166068	SPRED1	 5.63e-01	8.93e-02	protein_coding
ENSG00000125733	TRIP10	-1.10e-01	6.35e-01	protein_coding
ENSG00000234912	SNHG20	 2.57e-01	3.57e-01	lncRNA
ENSG00000031003	FAM13B	-5.05e-01	3.38e-02	protein_coding
ENSG00000113119	TMCO6	-1.74e-01	5.46e-01	protein_coding
ENSG00000108799	EZH1	 2.38e-01	3.73e-01	protein_coding
ENSG00000188763	FZD9	-3.10e-01	4.20e-01	protein_coding
ENSG00000224086	AC245452.1	-1.79e-01	7.07e-01	lncRNA
ENSG00000224032	EPB41L4A-AS1	 1.68e-02	9.69e-01	lncRNA
ENSG00000124496	TRERF1	 9.43e-02	8.46e-01	protein_coding
ENSG00000113161	HMGCR	 4.76e-02	8.95e-01	protein_coding
ENSG00000100034	PPM1F	 2.56e-02	9.42e-01	protein_coding
ENSG00000115392	FANCL	 2.78e-01	3.84e-01	protein_coding
ENSG00000112977	DAP	 2.82e-01	1.90e-02	protein_coding
ENSG00000173153	ESRRA	-6.31e-01	1.42e-06	protein_coding
ENSG00000084073	ZMPSTE24	 2.34e-01	5.75e-01	protein_coding
ENSG00000129657	SEC14L1	 7.51e-01	4.65e-05	protein_coding
ENSG00000072110	ACTN1	 3.82e-01	1.62e-02	protein_coding
ENSG00000161692	DBF4B	 2.68e-01	2.11e-01	protein_coding
ENSG00000009954	BAZ1B	 4.34e-01	1.87e-02	protein_coding
ENSG00000173113	TRMT112	-6.29e-02	8.01e-01	protein_coding
ENSG00000157554	ERG	 6.02e-03	9.94e-01	protein_coding
ENSG00000164068	RNF123	 3.49e-01	8.10e-02	protein_coding
ENSG00000148120	C9orf3	-4.37e-01	4.13e-03	protein_coding
ENSG00000279407	AC007191.1	 5.80e-01	4.35e-02	TEC
ENSG00000115216	NRBP1	-2.39e-01	8.51e-02	protein_coding
ENSG00000177051	FBXO46	 5.73e-01	1.37e-02	protein_coding
ENSG00000166377	ATP9B	 2.00e-03	9.97e-01	protein_coding
ENSG00000113141	IK	-5.86e-01	7.52e-04	protein_coding
ENSG00000127418	FGFRL1	 6.63e-01	4.55e-04	protein_coding
ENSG00000166794	PPIB	-2.24e-01	1.64e-01	protein_coding
ENSG00000254929	AL591684.2	 4.86e-01	1.56e-01	lncRNA
ENSG00000157734	SNX22	 1.22e-02	9.83e-01	protein_coding
ENSG00000272398	CD24	 7.71e-02	8.00e-01	protein_coding
ENSG00000157036	EXOG	-3.19e-01	3.24e-01	protein_coding
ENSG00000106069	CHN2	 1.46e-02	9.83e-01	protein_coding
ENSG00000100038	TOP3B	 1.81e-01	4.02e-01	protein_coding
ENSG00000269846	AL136172.1	-3.60e-02	9.57e-01	lncRNA
ENSG00000185585	OLFML2A	-1.57e-02	9.77e-01	protein_coding
ENSG00000188483	IER5L	-4.25e-02	8.70e-01	protein_coding
ENSG00000137193	PIM1	 3.77e-01	2.70e-02	protein_coding
ENSG00000239857	GET4	-5.53e-01	5.41e-05	protein_coding
ENSG00000129195	PIMREG	-4.17e-01	1.49e-03	protein_coding
ENSG00000152818	UTRN	-4.53e-01	1.43e-01	protein_coding
ENSG00000073464	CLCN4	-3.35e-01	3.04e-01	protein_coding
ENSG00000179933	C14orf119	-5.05e-02	8.40e-01	protein_coding
ENSG00000254999	BRK1	 5.63e-02	8.59e-01	protein_coding
ENSG00000138738	PRDM5	-4.22e-01	1.16e-01	protein_coding
ENSG00000134086	VHL	 3.12e-01	2.43e-01	protein_coding
ENSG00000089685	BIRC5	-1.46e-01	4.19e-01	protein_coding
ENSG00000080839	RBL1	-6.38e-02	8.85e-01	protein_coding
ENSG00000115756	HPCAL1	 1.27e-01	5.85e-01	protein_coding
ENSG00000145996	CDKAL1	 4.28e-02	9.14e-01	protein_coding
ENSG00000198561	CTNND1	-1.73e-01	5.38e-01	protein_coding
ENSG00000136942	RPL35	-8.52e-02	7.64e-01	protein_coding
ENSG00000173540	GMPPB	-3.00e-01	1.13e-01	protein_coding
ENSG00000028116	VRK2	-3.41e-02	9.53e-01	protein_coding
ENSG00000175449	RFESD	-2.74e-01	4.99e-01	protein_coding
ENSG00000099864	PALM	 1.55e-01	5.41e-01	protein_coding
ENSG00000162997	PRORSD1P	 1.39e-01	7.92e-01	transcribed_unitary_pseudogene
ENSG00000182117	NOP10	 2.81e-01	1.41e-01	protein_coding
ENSG00000110429	FBXO3	-8.86e-02	8.51e-01	protein_coding
ENSG00000261202	Z83847.1	 4.93e-01	1.79e-01	lncRNA
ENSG00000133477	FAM83F	-4.08e-01	2.46e-01	protein_coding
ENSG00000134070	IRAK2	-6.29e-02	8.93e-01	protein_coding
ENSG00000131495	NDUFA2	 2.49e-02	9.26e-01	protein_coding
ENSG00000236824	BCYRN1	 1.26e+00	7.12e-09	scRNA
ENSG00000116478	HDAC1	-5.06e-02	8.47e-01	protein_coding
ENSG00000106723	SPIN1	-1.04e-01	7.94e-01	protein_coding
ENSG00000171262	FAM98B	 1.21e-01	7.97e-01	protein_coding
ENSG00000127481	UBR4	 4.82e-01	3.04e-03	protein_coding
ENSG00000106635	BCL7B	-1.40e-02	9.67e-01	protein_coding
ENSG00000130349	C6orf203	 6.14e-02	9.07e-01	protein_coding
ENSG00000136950	ARPC5L	-3.57e-01	7.33e-03	protein_coding
ENSG00000196639	HRH1	 3.52e-01	3.59e-01	protein_coding
ENSG00000100056	ESS2	-4.34e-01	5.14e-03	protein_coding
ENSG00000122692	SMU1	-1.46e-01	5.95e-01	protein_coding
ENSG00000179082	C9orf106	 1.43e-01	7.93e-01	lncRNA
ENSG00000188985	DHFRP1	-3.06e-01	3.58e-01	processed_pseudogene
ENSG00000167106	FAM102A	-4.99e-01	5.64e-02	protein_coding
ENSG00000065491	TBC1D22B	 4.93e-01	6.28e-03	protein_coding
ENSG00000204525	HLA-C	 1.98e-01	5.77e-01	protein_coding
ENSG00000164535	DAGLB	 1.14e-01	6.88e-01	protein_coding
ENSG00000099949	LZTR1	 1.39e-01	6.50e-01	protein_coding
ENSG00000105701	FKBP8	-4.35e-01	8.06e-04	protein_coding
ENSG00000124784	RIOK1	-2.36e-01	5.32e-01	protein_coding
ENSG00000136908	DPM2	 2.11e-01	1.91e-01	protein_coding
ENSG00000144635	DYNC1LI1	-2.01e-01	4.25e-01	protein_coding
ENSG00000106868	SUSD1	-1.92e-01	6.24e-01	protein_coding
ENSG00000068079	IFI35	-5.43e-01	3.51e-05	protein_coding
ENSG00000100813	ACIN1	 3.45e-01	3.45e-02	protein_coding
ENSG00000170540	ARL6IP1	 1.40e-01	5.61e-01	protein_coding
ENSG00000170677	SOCS6	 9.04e-02	8.80e-01	protein_coding
ENSG00000088451	TGDS	-6.85e-02	9.08e-01	protein_coding
ENSG00000176731	C8orf59	 6.00e-01	7.96e-03	protein_coding
ENSG00000272829	AC002470.1	 5.68e-02	9.19e-01	lncRNA
ENSG00000167674	HDGFL2	-2.52e-01	6.91e-02	protein_coding
ENSG00000189136	UBE2Q2P1	-1.57e-01	7.49e-01	transcribed_unprocessed_pseudogene
ENSG00000136240	KDELR2	 3.63e-01	5.21e-03	protein_coding
ENSG00000132635	PCED1A	-1.55e-01	4.96e-01	protein_coding
ENSG00000106066	CPVL	-7.32e-02	8.41e-01	protein_coding
ENSG00000173221	GLRX	 1.39e-02	9.73e-01	protein_coding
ENSG00000099290	WASHC2A	-1.98e-01	4.62e-01	protein_coding
ENSG00000037474	NSUN2	 1.55e-01	3.79e-01	protein_coding
ENSG00000164292	RHOBTB3	 9.04e-02	7.87e-01	protein_coding
ENSG00000165502	RPL36AL	-1.60e-02	9.68e-01	protein_coding
ENSG00000164187	LMBRD2	-4.16e-01	1.46e-01	protein_coding
ENSG00000151466	SCLT1	 2.23e-01	4.60e-01	protein_coding
ENSG00000085832	EPS15	 9.67e-03	9.86e-01	protein_coding
ENSG00000168282	MGAT2	-3.04e-01	2.00e-01	protein_coding
ENSG00000168843	FSTL5	 4.02e-01	2.52e-01	protein_coding
ENSG00000267073	AC005256.1	 1.20e-01	7.61e-01	lncRNA
ENSG00000133740	E2F5	-5.82e-03	9.94e-01	protein_coding
ENSG00000243646	IL10RB	 1.70e-01	5.89e-01	protein_coding
ENSG00000062650	WAPL	-6.54e-02	9.07e-01	protein_coding
ENSG00000105185	PDCD5	-8.02e-02	7.99e-01	protein_coding
ENSG00000013561	RNF14	 1.37e-01	6.97e-01	protein_coding
ENSG00000164934	DCAF13	-2.16e-01	4.65e-01	protein_coding
ENSG00000183255	PTTG1IP	 1.73e-01	4.25e-01	protein_coding
ENSG00000172915	NBEA	-1.44e-01	7.56e-01	protein_coding
ENSG00000204444	APOM	 2.58e-01	5.71e-01	protein_coding
ENSG00000134419	RPS15A	 6.08e-01	1.16e-03	protein_coding
ENSG00000162517	PEF1	-3.53e-01	3.59e-03	protein_coding
ENSG00000165506	DNAAF2	-1.50e-01	6.90e-01	protein_coding
ENSG00000164933	SLC25A32	 2.30e-01	4.19e-01	protein_coding
ENSG00000081870	HSPB11	-5.85e-03	9.91e-01	protein_coding
ENSG00000137331	IER3	 2.27e-01	1.10e-01	protein_coding
ENSG00000259605	AC074212.1	 4.68e-01	1.70e-01	lncRNA
ENSG00000204463	BAG6	 5.90e-01	2.10e-05	protein_coding
ENSG00000131013	PPIL4	-9.73e-02	8.57e-01	protein_coding
ENSG00000267395	DM1-AS	 9.81e-02	8.59e-01	lncRNA
ENSG00000113163	COL4A3BP	 2.34e-01	5.61e-01	protein_coding
ENSG00000100078	PLA2G3	 3.55e-02	9.15e-01	protein_coding
ENSG00000140386	SCAPER	-4.08e-01	2.00e-01	protein_coding
ENSG00000004660	CAMKK1	-1.05e-01	7.45e-01	protein_coding
ENSG00000253710	ALG11	-5.40e-02	9.24e-01	protein_coding
ENSG00000162086	ZNF75A	-2.33e-01	6.16e-01	protein_coding
ENSG00000182903	ZNF721	 1.55e-01	7.41e-01	protein_coding
ENSG00000124766	SOX4	 1.50e-01	6.77e-01	protein_coding
ENSG00000124535	WRNIP1	-4.05e-01	1.03e-02	protein_coding
ENSG00000211450	SELENOH	-2.95e-01	7.15e-02	protein_coding
ENSG00000281005	LINC00921	 1.28e-01	8.06e-01	lncRNA
ENSG00000093010	COMT	-6.47e-02	7.68e-01	protein_coding
ENSG00000006194	ZNF263	-1.52e-01	6.23e-01	protein_coding
ENSG00000139192	TAPBPL	 2.18e-01	6.57e-01	protein_coding
ENSG00000159110	IFNAR2	 1.31e-01	7.39e-01	protein_coding
ENSG00000213593	TMX2	 1.02e-01	5.81e-01	protein_coding
ENSG00000126368	NR1D1	 8.85e-01	4.06e-05	protein_coding
ENSG00000169718	DUS1L	-4.63e-01	1.11e-03	protein_coding
ENSG00000164615	CAMLG	 8.16e-02	8.15e-01	protein_coding
ENSG00000086062	B4GALT1	 8.95e-01	1.44e-11	protein_coding
ENSG00000161265	U2AF1L4	 2.51e-01	4.24e-01	protein_coding
ENSG00000077684	JADE1	-1.56e-01	6.10e-01	protein_coding
ENSG00000136810	TXN	 9.34e-02	8.03e-01	protein_coding
ENSG00000165282	PIGO	 1.46e-01	5.16e-01	protein_coding
ENSG00000130475	FCHO1	 2.80e-01	3.49e-01	protein_coding
ENSG00000132256	TRIM5	-4.84e-01	2.10e-02	protein_coding
ENSG00000167699	GLOD4	-3.30e-01	5.09e-02	protein_coding
ENSG00000138942	RNF185	 1.82e-02	9.62e-01	protein_coding
ENSG00000126351	THRA	 7.66e-04	9.98e-01	protein_coding
ENSG00000130382	MLLT1	 5.73e-01	3.06e-05	protein_coding
ENSG00000173638	SLC19A1	 1.67e-01	5.61e-01	protein_coding
ENSG00000163584	RPL22L1	 5.33e-01	4.73e-03	protein_coding
ENSG00000139190	VAMP1	 1.72e-01	6.97e-01	protein_coding
ENSG00000115758	ODC1	-3.29e-01	6.39e-03	protein_coding
ENSG00000166135	HIF1AN	-2.73e-01	2.48e-01	protein_coding
ENSG00000175130	MARCKSL1	 4.35e-02	8.92e-01	protein_coding
ENSG00000114573	ATP6V1A	-5.89e-01	4.63e-03	protein_coding
ENSG00000084636	COL16A1	-9.99e-02	8.60e-01	protein_coding
ENSG00000122035	RASL11A	-5.51e-03	9.90e-01	protein_coding
ENSG00000125968	ID1	-5.16e-01	6.81e-04	protein_coding
ENSG00000225663	MCRIP1	-3.54e-01	1.45e-01	protein_coding
ENSG00000166136	NDUFB8	-2.59e-01	8.10e-02	protein_coding
ENSG00000104472	CHRAC1	 4.34e-01	1.07e-02	protein_coding
ENSG00000270959	LPP-AS2	-1.31e-01	7.25e-01	lncRNA
ENSG00000214456	PLIN5	-8.94e-01	4.69e-03	protein_coding
ENSG00000272333	KMT2B	 8.34e-01	1.04e-05	protein_coding
ENSG00000171236	LRG1	 9.69e-02	8.45e-01	protein_coding
ENSG00000164050	PLXNB1	 6.04e-01	2.77e-03	protein_coding
ENSG00000198836	OPA1	-3.96e-01	1.95e-01	protein_coding
ENSG00000184557	SOCS3	 2.84e-01	1.92e-01	protein_coding
ENSG00000105287	PRKD2	 7.16e-01	1.99e-03	protein_coding
ENSG00000126246	IGFLR1	-4.06e-01	7.19e-02	protein_coding
ENSG00000107262	BAG1	-5.93e-01	2.93e-05	protein_coding
ENSG00000104936	DMPK	 1.00e-01	6.99e-01	protein_coding
ENSG00000002549	LAP3	-2.51e-01	4.25e-01	protein_coding
ENSG00000145012	LPP	 1.64e-01	6.49e-01	protein_coding
ENSG00000167880	EVPL	 1.20e-01	7.79e-01	protein_coding
ENSG00000160298	C21orf58	 6.93e-02	8.48e-01	protein_coding
ENSG00000100479	POLE2	 6.80e-02	8.91e-01	protein_coding
ENSG00000233901	LINC01503	 1.96e-01	4.99e-01	lncRNA
ENSG00000171861	MRM3	-3.35e-01	7.07e-02	protein_coding
ENSG00000107249	GLIS3	 6.39e-02	8.76e-01	protein_coding
ENSG00000178409	BEND3	 5.96e-01	1.02e-02	protein_coding
ENSG00000121236	TRIM6	-1.98e-01	5.62e-01	protein_coding
ENSG00000103275	UBE2I	 2.02e-01	2.65e-01	protein_coding
ENSG00000132670	PTPRA	 3.95e-01	2.24e-02	protein_coding
ENSG00000261334	AL353803.4	 1.75e-02	9.79e-01	lncRNA
ENSG00000105193	RPS16	 3.34e-02	8.96e-01	protein_coding
ENSG00000099204	ABLIM1	-1.29e-01	5.68e-01	protein_coding
ENSG00000100934	SEC23A	-3.79e-01	3.58e-02	protein_coding
ENSG00000164494	PDSS2	-2.19e-01	4.89e-01	protein_coding
ENSG00000095951	HIVEP1	 5.78e-01	8.57e-02	protein_coding
ENSG00000257949	TEN1	-4.62e-01	3.04e-02	protein_coding
ENSG00000148572	NRBF2	 5.73e-02	9.20e-01	protein_coding
ENSG00000177045	SIX5	 4.61e-01	1.17e-02	protein_coding
ENSG00000186575	NF2	 1.60e-01	3.48e-01	protein_coding
ENSG00000138802	SEC24B	 2.66e-01	3.90e-01	protein_coding
ENSG00000263884	AP000845.1	 1.90e-01	7.06e-01	lncRNA
ENSG00000238142	BX284668.5	 3.70e-01	2.86e-01	lncRNA
ENSG00000229896	AL157373.2	-6.63e-02	8.94e-01	lncRNA
ENSG00000157020	SEC13	-1.24e-01	5.60e-01	protein_coding
ENSG00000185800	DMWD	 7.47e-02	7.93e-01	protein_coding
ENSG00000058453	CROCC	 1.86e-01	6.50e-01	protein_coding
ENSG00000161558	TMEM143	 5.32e-02	9.01e-01	protein_coding
ENSG00000271503	CCL5	 1.40e-01	7.78e-01	protein_coding
ENSG00000113643	RARS	 4.36e-03	9.94e-01	protein_coding
ENSG00000161533	ACOX1	-7.61e-02	8.41e-01	protein_coding
ENSG00000227097	RPS28P7	 3.72e-01	8.99e-02	processed_pseudogene
ENSG00000164056	SPRY1	 1.12e-01	8.46e-01	protein_coding
ENSG00000116771	AGMAT	 2.80e-02	9.60e-01	protein_coding
ENSG00000095261	PSMD5	-4.82e-01	1.58e-02	protein_coding
ENSG00000261408	TEN1-CDK3	-2.51e-01	5.93e-01	protein_coding
ENSG00000215305	VPS16	-3.34e-01	9.07e-02	protein_coding
ENSG00000203760	CENPW	-1.95e-01	4.34e-01	protein_coding
ENSG00000255339	AL133352.1	-4.91e-04	9.99e-01	protein_coding
ENSG00000266970	AC061992.1	-6.82e-02	8.94e-01	lncRNA
ENSG00000021355	SERPINB1	-7.51e-02	7.71e-01	protein_coding
ENSG00000156304	SCAF4	 2.50e-01	4.22e-01	protein_coding
ENSG00000132510	KDM6B	 1.19e-01	8.33e-01	protein_coding
ENSG00000189149	CRYM-AS1	-5.07e-01	1.75e-01	transcribed_unitary_pseudogene
ENSG00000174442	ZWILCH	-3.62e-01	1.78e-01	protein_coding
ENSG00000188994	ZNF292	 2.81e-01	4.38e-01	protein_coding
ENSG00000276550	HERC2P2	 4.78e-01	2.89e-02	transcribed_unprocessed_pseudogene
ENSG00000163577	EIF5A2	 1.80e-01	7.20e-01	protein_coding
ENSG00000119139	TJP2	 1.88e-02	9.72e-01	protein_coding
ENSG00000105576	TNPO2	 7.22e-02	8.18e-01	protein_coding
ENSG00000122034	GTF3A	 4.73e-02	8.78e-01	protein_coding
ENSG00000134815	DHX34	 3.57e-01	8.22e-02	protein_coding
ENSG00000103342	GSPT1	 2.49e-02	9.23e-01	protein_coding
ENSG00000277363	SRCIN1	 3.62e-01	3.39e-01	protein_coding
ENSG00000101191	DIDO1	-4.43e-01	1.04e-02	protein_coding
ENSG00000258659	TRIM34	-2.54e-01	5.82e-01	protein_coding
ENSG00000175093	SPSB4	-3.54e-01	3.31e-01	protein_coding
ENSG00000183337	BCOR	 6.78e-01	1.15e-03	protein_coding
ENSG00000071539	TRIP13	-1.62e-01	3.71e-01	protein_coding
ENSG00000116138	DNAJC16	-9.23e-02	8.06e-01	protein_coding
ENSG00000103260	METRN	-4.62e-01	1.25e-02	protein_coding
ENSG00000167525	PROCA1	-2.59e-01	5.25e-01	protein_coding
ENSG00000101871	MID1	 1.42e-01	6.76e-01	protein_coding
ENSG00000101391	CDK5RAP1	-2.06e-01	2.38e-01	protein_coding
ENSG00000122033	MTIF3	 1.35e-01	7.98e-01	protein_coding
ENSG00000171988	JMJD1C	-1.26e-01	7.87e-01	protein_coding
ENSG00000146476	ARMT1	 7.47e-02	8.97e-01	protein_coding
ENSG00000182871	COL18A1	 3.99e-01	3.02e-01	protein_coding
ENSG00000132801	ZSWIM3	 1.18e-02	9.79e-01	protein_coding
ENSG00000137802	MAPKBP1	 8.35e-03	9.90e-01	protein_coding
ENSG00000168612	ZSWIM1	 5.68e-01	7.56e-03	protein_coding
ENSG00000138180	CEP55	-8.92e-02	8.40e-01	protein_coding
ENSG00000162341	TPCN2	-1.12e-01	7.79e-01	protein_coding
ENSG00000123908	AGO2	 1.03e-01	7.73e-01	protein_coding
ENSG00000111850	SMIM8	 1.06e-01	8.56e-01	protein_coding
ENSG00000122008	POLK	-1.10e-02	9.89e-01	protein_coding
ENSG00000184470	TXNRD2	-3.49e-01	3.32e-02	protein_coding
ENSG00000145414	NAF1	-4.19e-01	1.16e-01	protein_coding
ENSG00000174444	RPL4	-2.33e-01	2.07e-01	protein_coding
ENSG00000165389	SPTSSA	 1.36e-01	6.95e-01	protein_coding
ENSG00000138032	PPM1B	 1.50e-02	9.77e-01	protein_coding
ENSG00000159259	CHAF1B	 8.78e-02	7.60e-01	protein_coding
ENSG00000273199	AP000692.2	 2.37e-01	6.23e-01	lncRNA
ENSG00000159256	MORC3	 3.24e-02	9.52e-01	protein_coding
ENSG00000196116	TDRD7	 1.46e-01	7.73e-01	protein_coding
ENSG00000086289	EPDR1	-2.12e-01	6.13e-01	protein_coding
ENSG00000168067	MAP4K2	 7.55e-02	8.28e-01	protein_coding
ENSG00000204054	LINC00963	 2.25e-01	2.47e-01	lncRNA
ENSG00000129521	EGLN3	 3.43e-01	2.24e-01	protein_coding
ENSG00000169499	PLEKHA2	-2.97e-01	3.10e-01	protein_coding
ENSG00000126432	PRDX5	-5.90e-01	3.10e-05	protein_coding
ENSG00000033178	UBA6	 8.97e-02	8.69e-01	protein_coding
ENSG00000257135	ODC1-DT	 3.48e-02	9.59e-01	lncRNA
ENSG00000107614	TRDMT1	 2.46e-01	6.02e-01	protein_coding
ENSG00000171552	BCL2L1	 2.19e-02	9.39e-01	protein_coding
ENSG00000178935	ZNF552	-4.00e-03	9.96e-01	protein_coding
ENSG00000165476	REEP3	 1.43e-02	9.75e-01	protein_coding
ENSG00000272767	JMJD1C-AS1	-3.28e-02	9.62e-01	lncRNA
ENSG00000099889	ARVCF	-3.23e-01	1.47e-01	protein_coding
ENSG00000281376	ABALON	 8.00e-02	8.93e-01	lncRNA
ENSG00000187037	GPR141	 4.00e-01	2.94e-01	protein_coding
ENSG00000008838	MED24	 1.76e-01	3.96e-01	protein_coding
ENSG00000198466	ZNF587	 5.29e-01	1.06e-01	protein_coding
ENSG00000073670	ADAM11	-9.61e-02	8.67e-01	protein_coding
ENSG00000124198	ARFGEF2	-1.96e-01	5.39e-01	protein_coding
ENSG00000083828	ZNF586	 2.31e-01	5.31e-01	protein_coding
ENSG00000100246	DNAL4	-2.87e-01	1.91e-01	protein_coding
ENSG00000157014	TATDN2	 4.15e-01	3.38e-02	protein_coding
ENSG00000147416	ATP6V1B2	-3.14e-01	8.21e-02	protein_coding
ENSG00000099812	MISP	-1.01e-01	6.59e-01	protein_coding
ENSG00000188396	TCTEX1D4	-5.15e-01	1.57e-01	protein_coding
ENSG00000272473	AC006273.1	 1.44e-01	7.56e-01	lncRNA
ENSG00000123159	GIPC1	-4.44e-01	7.55e-04	protein_coding
ENSG00000148925	BTBD10	-4.67e-02	9.10e-01	protein_coding
ENSG00000130560	UBAC1	-3.64e-01	2.15e-02	protein_coding
ENSG00000267530	LINC01836	 1.08e-01	7.92e-01	lncRNA
ENSG00000106638	TBL2	 9.18e-02	8.01e-01	protein_coding
ENSG00000112972	HMGCS1	-1.66e-01	4.34e-01	protein_coding
ENSG00000140575	IQGAP1	-7.86e-02	7.53e-01	protein_coding
ENSG00000100226	GTPBP1	 7.82e-02	7.97e-01	protein_coding
ENSG00000261189	AL031058.1	-3.30e-02	9.51e-01	lncRNA
ENSG00000140543	DET1	 1.59e-01	7.17e-01	protein_coding
ENSG00000269343	ZNF587B	 3.87e-02	9.50e-01	protein_coding
ENSG00000173846	PLK3	 7.38e-02	8.59e-01	protein_coding
ENSG00000176209	SMIM19	 2.31e-02	9.62e-01	protein_coding
ENSG00000154781	CCDC174	 1.85e-01	6.24e-01	protein_coding
ENSG00000272716	AL121658.1	 4.11e-02	9.50e-01	lncRNA
ENSG00000118579	MED28	-3.32e-02	9.60e-01	protein_coding
ENSG00000181991	MRPS11	-4.79e-01	1.40e-05	protein_coding
ENSG00000138246	DNAJC13	 2.12e-01	6.35e-01	protein_coding
ENSG00000148411	NACC2	 3.93e-01	7.30e-02	protein_coding
ENSG00000105568	PPP2R1A	-9.72e-02	6.41e-01	protein_coding
ENSG00000273604	EPOP	 2.49e-01	2.28e-01	protein_coding
ENSG00000280303	ERICD	 3.47e-01	4.03e-01	lncRNA
ENSG00000104154	SLC30A4	 3.49e-01	4.03e-01	protein_coding
ENSG00000180098	TRNAU1AP	-2.74e-01	6.19e-02	protein_coding
ENSG00000168575	SLC20A2	 1.05e-01	7.75e-01	protein_coding
ENSG00000276850	AC245041.2	 5.34e-02	9.21e-01	lncRNA
ENSG00000259494	MRPL46	-5.60e-01	1.49e-04	protein_coding
ENSG00000214021	TTLL3	 5.41e-02	9.28e-01	protein_coding
ENSG00000275023	MLLT6	 6.83e-02	8.72e-01	protein_coding
ENSG00000049089	COL9A2	-7.62e-01	7.59e-04	protein_coding
ENSG00000183891	TTC32	-1.55e-01	6.31e-01	protein_coding
ENSG00000100983	GSS	-5.08e-01	7.69e-06	protein_coding
ENSG00000162004	CCDC78	-3.61e-01	2.92e-01	protein_coding
ENSG00000271991	AC013400.1	 9.39e-02	8.64e-01	lncRNA
ENSG00000125656	CLPP	-3.09e-01	3.59e-02	protein_coding
ENSG00000168071	CCDC88B	-5.07e-01	1.33e-02	protein_coding
ENSG00000146072	TNFRSF21	 4.53e-02	9.06e-01	protein_coding
ENSG00000275532	AC006449.2	 3.69e-01	3.55e-01	lncRNA
ENSG00000136937	NCBP1	-1.94e-01	5.61e-01	protein_coding
ENSG00000277969	AC006449.6	-5.99e-02	8.47e-01	lncRNA
ENSG00000136925	TSTD2	-3.35e-01	3.69e-01	protein_coding
ENSG00000126261	UBA2	-1.31e-01	5.86e-01	protein_coding
ENSG00000137563	GGH	 9.08e-02	8.35e-01	protein_coding
ENSG00000008283	CYB561	-1.14e-01	7.80e-01	protein_coding
ENSG00000100979	PLTP	-2.37e-01	5.68e-01	protein_coding
ENSG00000116212	LRRC42	-6.27e-02	8.33e-01	protein_coding
ENSG00000109332	UBE2D3	 4.75e-02	8.76e-01	protein_coding
ENSG00000124257	NEURL2	-7.85e-02	8.67e-01	protein_coding
ENSG00000103254	FAM173A	-4.93e-01	7.42e-03	protein_coding
ENSG00000197989	SNHG12	 1.85e-01	5.21e-01	lncRNA
ENSG00000095303	PTGS1	 6.98e-01	1.72e-06	protein_coding
ENSG00000141480	ARRB2	 9.39e-02	6.90e-01	protein_coding
ENSG00000165283	STOML2	-4.35e-01	1.97e-03	protein_coding
ENSG00000137145	DENND4C	 4.62e-02	9.38e-01	protein_coding
ENSG00000120137	PANK3	 4.87e-02	9.12e-01	protein_coding
ENSG00000163257	DCAF16	-8.80e-02	8.51e-01	protein_coding
ENSG00000101193	GID8	 3.54e-02	9.24e-01	protein_coding
ENSG00000130731	METTL26	-2.93e-01	7.38e-02	protein_coding
ENSG00000260193	AL138781.1	-2.81e-01	5.26e-01	lncRNA
ENSG00000238227	TMEM250	-6.87e-02	8.18e-01	protein_coding
ENSG00000136842	TMOD1	 5.34e-01	1.02e-02	protein_coding
ENSG00000224165	DNAJC27-AS1	 5.71e-02	9.21e-01	lncRNA
ENSG00000233913	RPL10P9	-5.35e-02	9.12e-01	processed_pseudogene
ENSG00000113721	PDGFRB	 4.92e-01	1.16e-02	protein_coding
ENSG00000100242	SUN2	 1.47e-01	4.79e-01	protein_coding
ENSG00000024048	UBR2	-2.89e-01	3.85e-01	protein_coding
ENSG00000196235	SUPT5H	 2.92e-01	2.04e-01	protein_coding
ENSG00000272221	AL645933.2	 2.56e-01	5.79e-01	lncRNA
ENSG00000112320	SOBP	 2.38e-01	5.58e-01	protein_coding
ENSG00000182541	LIMK2	 7.49e-02	8.34e-01	protein_coding
ENSG00000112118	MCM3	-2.10e-01	1.47e-01	protein_coding
ENSG00000136935	GOLGA1	-3.11e-01	3.63e-01	protein_coding
ENSG00000241553	ARPC4	-5.13e-02	8.06e-01	protein_coding
ENSG00000103245	CIAO3	-6.11e-01	7.95e-05	protein_coding
ENSG00000272168	CASC15	 4.49e-01	1.03e-01	lncRNA
ENSG00000138078	PREPL	 1.10e-01	8.25e-01	protein_coding
ENSG00000064601	CTSA	 4.87e-01	3.53e-03	protein_coding
ENSG00000129518	EAPP	-8.71e-02	7.83e-01	protein_coding
ENSG00000055211	GINM1	 1.33e-02	9.81e-01	protein_coding
ENSG00000204520	MICA	-2.37e-01	1.33e-01	protein_coding
ENSG00000223756	TSSC2	 1.37e-01	7.99e-01	transcribed_unprocessed_pseudogene
ENSG00000187091	PLCD1	-1.01e-01	8.59e-01	protein_coding
ENSG00000198087	CD2AP	-6.04e-01	1.10e-02	protein_coding
ENSG00000206337	HCP5	-1.08e-01	7.35e-01	lncRNA
ENSG00000131437	KIF3A	 1.59e-01	7.57e-01	protein_coding
ENSG00000154001	PPP2R5E	 5.71e-02	8.95e-01	protein_coding
ENSG00000144741	SLC25A26	-2.55e-01	1.91e-01	protein_coding
ENSG00000250151	ARPC4-TTLL3	-3.97e-01	3.17e-01	protein_coding
ENSG00000148335	NTMT1	-4.31e-01	2.89e-02	protein_coding
ENSG00000087157	PGS1	-1.91e-01	4.52e-01	protein_coding
ENSG00000175348	TMEM9B	 2.59e-01	3.33e-01	protein_coding
ENSG00000173611	SCAI	 5.20e-01	7.39e-02	protein_coding
ENSG00000266053	NDUFV2-AS1	 1.62e-02	9.81e-01	lncRNA
ENSG00000178127	NDUFV2	-1.50e-01	5.38e-01	protein_coding
ENSG00000165060	FXN	-2.73e-02	9.37e-01	protein_coding
ENSG00000070367	EXOC5	-3.63e-01	3.27e-01	protein_coding
ENSG00000145725	PPIP5K2	 2.83e-01	5.26e-01	protein_coding
ENSG00000166788	SAAL1	-1.56e-01	5.36e-01	protein_coding
ENSG00000141376	BCAS3	 8.97e-02	8.06e-01	protein_coding
ENSG00000152749	GPR180	-3.29e-02	9.57e-01	protein_coding
ENSG00000112130	RNF8	 1.23e-02	9.84e-01	protein_coding
ENSG00000254860	TMEM9B-AS1	-1.48e-01	6.91e-01	lncRNA
ENSG00000103253	HAGHL	-5.58e-01	4.85e-04	protein_coding
ENSG00000148331	ASB6	-3.89e-02	8.88e-01	protein_coding
ENSG00000168806	LCMT2	 1.26e-02	9.79e-01	protein_coding
ENSG00000125731	SH2D3A	-3.52e-01	9.15e-02	protein_coding
ENSG00000182963	GJC1	 1.64e-01	6.32e-01	protein_coding
ENSG00000176994	SMCR8	 3.56e-01	5.64e-02	protein_coding
ENSG00000165124	SVEP1	-5.33e-04	9.99e-01	protein_coding
ENSG00000176974	SHMT1	-2.46e-01	7.88e-02	protein_coding
ENSG00000053770	AP5M1	-1.24e-02	9.85e-01	protein_coding
ENSG00000171148	TADA3	-2.52e-01	7.42e-02	protein_coding
ENSG00000145833	DDX46	 7.69e-03	9.87e-01	protein_coding
ENSG00000165487	MICU2	-1.60e-01	7.52e-01	protein_coding
ENSG00000186625	KATNA1	 2.63e-01	4.25e-01	protein_coding
ENSG00000172590	MRPL52	 1.74e-01	3.33e-01	protein_coding
ENSG00000101745	ANKRD12	-3.25e-02	9.57e-01	protein_coding
ENSG00000115761	NOL10	 1.77e-01	5.44e-01	protein_coding
ENSG00000152683	SLC30A6	 3.38e-01	3.93e-01	protein_coding
ENSG00000099797	TECR	 1.69e-01	4.79e-01	protein_coding
ENSG00000123975	CKS2	 2.49e-01	2.70e-01	protein_coding
ENSG00000172366	MCRIP2	-4.77e-01	4.39e-03	protein_coding
ENSG00000181904	C5orf24	-4.30e-01	7.02e-02	protein_coding
ENSG00000144749	LRIG1	-5.89e-03	9.91e-01	protein_coding
ENSG00000177406	AC021054.1	 8.58e-02	8.50e-01	lncRNA
ENSG00000119314	PTBP3	 2.17e-01	5.25e-01	protein_coding
ENSG00000169490	TM2D2	 8.45e-03	9.86e-01	protein_coding
ENSG00000169764	UGP2	 5.98e-02	8.92e-01	protein_coding
ENSG00000133961	NUMB	-9.30e-02	8.21e-01	protein_coding
ENSG00000134072	CAMK1	-5.28e-01	1.34e-03	protein_coding
ENSG00000141034	GID4	 8.16e-03	9.91e-01	protein_coding
ENSG00000171840	NINJ2	 6.26e-02	9.04e-01	protein_coding
ENSG00000164543	STK17A	-6.34e-02	9.10e-01	protein_coding
ENSG00000123144	TRIR	-3.05e-01	7.95e-02	protein_coding
ENSG00000115286	NDUFS7	-2.57e-01	2.54e-01	protein_coding
ENSG00000108828	VAT1	 1.29e-01	5.40e-01	protein_coding
ENSG00000113593	PPWD1	-3.61e-01	3.02e-01	protein_coding
ENSG00000130270	ATP8B3	 2.21e-01	6.12e-01	protein_coding
ENSG00000112186	CAP2	-5.76e-02	8.87e-01	protein_coding
ENSG00000131475	VPS25	-3.55e-01	9.26e-03	protein_coding
ENSG00000137076	TLN1	 6.55e-01	1.76e-07	protein_coding
ENSG00000115355	CCDC88A	 3.06e-02	9.63e-01	protein_coding
ENSG00000157557	ETS2	 3.23e-01	1.01e-01	protein_coding
ENSG00000136243	NUPL2	 1.75e-02	9.77e-01	protein_coding
ENSG00000114209	PDCD10	-6.24e-02	9.14e-01	protein_coding
ENSG00000147854	UHRF2	-1.43e-01	6.50e-01	protein_coding
ENSG00000119403	PHF19	 8.12e-02	7.30e-01	protein_coding
ENSG00000044446	PHKA2	-4.52e-02	9.01e-01	protein_coding
ENSG00000182224	CYB5D1	 2.04e-01	5.18e-01	protein_coding
ENSG00000106603	COA1	-1.08e-01	5.52e-01	protein_coding
ENSG00000100354	TNRC6B	-2.53e-01	5.24e-01	protein_coding
ENSG00000280046	AC104581.4	 2.96e-01	4.87e-01	TEC
ENSG00000149243	KLHL35	-7.54e-01	1.19e-06	protein_coding
ENSG00000125843	AP5S1	-1.31e-01	6.54e-01	protein_coding
ENSG00000164916	FOXK1	 1.29e-01	7.17e-01	protein_coding
ENSG00000070610	GBA2	-1.66e-01	5.30e-01	protein_coding
ENSG00000227896	AL731569.1	-5.12e-02	9.36e-01	lncRNA
ENSG00000275491	LINC01730	 4.56e-02	9.45e-01	lncRNA
ENSG00000101400	SNTA1	-4.85e-01	3.26e-03	protein_coding
ENSG00000161395	PGAP3	 8.25e-02	8.52e-01	protein_coding
ENSG00000105438	KDELR1	 6.47e-01	3.48e-06	protein_coding
ENSG00000248049	UBA6-AS1	-1.51e-01	7.29e-01	lncRNA
ENSG00000107175	CREB3	-3.24e-01	1.21e-01	protein_coding
ENSG00000139687	RB1	 1.64e-01	7.14e-01	protein_coding
ENSG00000267280	TBX2-AS1	-3.30e-02	9.44e-01	lncRNA
ENSG00000117859	OSBPL9	-4.01e-02	9.10e-01	protein_coding
ENSG00000250899	AC125807.2	 9.18e-01	1.38e-03	lncRNA
ENSG00000189410	SH2D5	 3.18e-01	3.17e-01	protein_coding
ENSG00000198464	ZNF480	-3.56e-01	3.85e-01	protein_coding
ENSG00000121068	TBX2	 1.10e-01	8.39e-01	protein_coding
ENSG00000132002	DNAJB1	-1.77e-01	2.97e-01	protein_coding
ENSG00000222009	BTBD19	-6.53e-02	9.11e-01	protein_coding
ENSG00000011105	TSPAN9	 2.12e-01	5.79e-01	protein_coding
ENSG00000197601	FAR1	-2.49e-01	5.69e-01	protein_coding
ENSG00000105464	GRIN2D	 6.87e-01	1.99e-03	protein_coding
ENSG00000198498	TMA16	-2.85e-02	9.62e-01	protein_coding
ENSG00000137502	RAB30	-1.63e-01	6.99e-01	protein_coding
ENSG00000096696	DSP	-1.13e-01	6.93e-01	protein_coding
ENSG00000175274	TP53I11	 2.90e-01	2.06e-01	protein_coding
ENSG00000105676	ARMC6	-5.30e-01	6.52e-05	protein_coding
ENSG00000046647	GEMIN8	-1.23e-01	6.41e-01	protein_coding
ENSG00000277972	CISD3	-3.19e-01	6.62e-02	protein_coding
ENSG00000088888	MAVS	 5.82e-01	2.77e-04	protein_coding
ENSG00000277182	AC006449.5	 1.90e-03	9.97e-01	lncRNA
ENSG00000278921	EPB41L4A-DT	-4.13e-01	2.90e-01	lncRNA
ENSG00000114026	OGG1	-1.05e-01	7.20e-01	protein_coding
ENSG00000196214	ZNF766	 6.02e-02	9.21e-01	protein_coding
ENSG00000145604	SKP2	-1.96e-01	3.49e-01	protein_coding
ENSG00000136161	RCBTB2	-8.47e-01	8.46e-03	protein_coding
ENSG00000140992	PDPK1	 1.81e-02	9.75e-01	protein_coding
ENSG00000118705	RPN2	 3.02e-01	1.98e-01	protein_coding
ENSG00000070444	MNT	 1.14e-01	7.74e-01	protein_coding
ENSG00000112658	SRF	 1.56e-01	4.52e-01	protein_coding
ENSG00000117408	IPO13	 1.24e-01	7.09e-01	protein_coding
ENSG00000156990	RPUSD3	-2.06e-01	2.66e-01	protein_coding
ENSG00000099956	SMARCB1	-1.10e-01	5.14e-01	protein_coding
ENSG00000277258	PCGF2	 7.20e-01	5.21e-05	protein_coding
ENSG00000105447	GRWD1	-5.14e-01	3.85e-03	protein_coding
ENSG00000141384	TAF4B	-9.24e-02	8.01e-01	protein_coding
ENSG00000206149	HERC2P9	-2.23e-01	5.37e-01	transcribed_unprocessed_pseudogene
ENSG00000064607	SUGP2	 2.32e-02	9.48e-01	protein_coding
ENSG00000214922	HLA-F-AS1	-7.26e-02	9.06e-01	lncRNA
ENSG00000155304	HSPA13	-1.45e-01	7.55e-01	protein_coding
ENSG00000273340	MICE	-8.90e-02	8.78e-01	transcribed_unprocessed_pseudogene
ENSG00000278540	ACACA	 3.71e-03	9.93e-01	protein_coding
ENSG00000212766	EWSAT1	 3.20e-01	3.83e-01	lncRNA
ENSG00000172927	MYEOV	 3.23e-01	4.11e-01	protein_coding
ENSG00000099958	DERL3	 1.17e-02	9.76e-01	protein_coding
ENSG00000138604	GLCE	-1.66e-01	4.19e-01	protein_coding
ENSG00000178177	LCORL	 2.45e-01	5.98e-01	protein_coding
ENSG00000170004	CHD3	 5.04e-01	2.96e-04	protein_coding
ENSG00000204304	PBX2	 3.21e-01	8.87e-02	protein_coding
ENSG00000141736	ERBB2	 2.39e-01	2.69e-01	protein_coding
ENSG00000160216	AGPAT3	 1.94e-01	4.18e-01	protein_coding
ENSG00000105443	CYTH2	-1.93e-01	4.67e-01	protein_coding
ENSG00000166024	R3HCC1L	-2.51e-01	5.66e-01	protein_coding
ENSG00000090989	EXOC1	 3.36e-01	3.87e-01	protein_coding
ENSG00000183011	NAA38	 9.70e-02	7.34e-01	protein_coding
ENSG00000204642	HLA-F	-2.12e-01	6.57e-01	protein_coding
ENSG00000109805	NCAPG	 2.47e-01	5.05e-01	protein_coding
ENSG00000124207	CSE1L	-7.10e-02	8.86e-01	protein_coding
ENSG00000137509	PRCP	 2.42e-01	1.72e-01	protein_coding
ENSG00000129515	SNX6	 1.44e-01	7.25e-01	protein_coding
ENSG00000131023	LATS1	-2.56e-01	5.48e-01	protein_coding
ENSG00000118965	WDR35	-2.34e-01	6.16e-01	protein_coding
ENSG00000141741	MIEN1	-1.03e-01	5.88e-01	protein_coding
ENSG00000167131	CCDC103	-3.86e-01	3.38e-01	protein_coding
ENSG00000176454	LPCAT4	 3.41e-01	7.34e-02	protein_coding
ENSG00000120694	HSPH1	 5.60e-02	9.07e-01	protein_coding
ENSG00000169246	NPIPB3	 3.80e-01	3.57e-01	protein_coding
ENSG00000151881	TMEM267	 1.58e-01	7.52e-01	protein_coding
ENSG00000066926	FECH	 8.13e-02	8.48e-01	protein_coding
ENSG00000258186	SLC7A5P2	-1.81e-01	6.96e-01	transcribed_processed_pseudogene
ENSG00000174227	PIGG	-3.62e-02	9.24e-01	protein_coding
ENSG00000176912	TYMSOS	 1.85e-01	5.01e-01	lncRNA
ENSG00000161921	CXCL16	 2.19e-01	2.85e-01	protein_coding
ENSG00000100319	ZMAT5	-4.63e-01	1.22e-03	protein_coding
ENSG00000242802	AP5Z1	-2.39e-01	3.18e-01	protein_coding
ENSG00000249492	AC114956.3	 1.09e-01	8.47e-01	lncRNA
ENSG00000180747	SMG1P3	-1.26e-01	5.60e-01	transcribed_unprocessed_pseudogene
ENSG00000162244	RPL29	 3.31e-02	9.01e-01	protein_coding
ENSG00000198964	SGMS1	 9.11e-02	7.88e-01	protein_coding
ENSG00000172244	C5orf34	 6.84e-02	8.98e-01	protein_coding
ENSG00000125779	PANK2	-1.98e-01	2.85e-01	protein_coding
ENSG00000129250	KIF1C	 2.45e-01	2.28e-01	protein_coding
ENSG00000099817	POLR2E	-3.89e-01	4.42e-03	protein_coding
ENSG00000137868	STRA6	 5.97e-02	8.57e-01	protein_coding
ENSG00000157106	SMG1	 9.79e-02	7.95e-01	protein_coding
ENSG00000141497	ZMYND15	-1.03e-01	8.56e-01	protein_coding
ENSG00000181104	F2R	 3.30e-01	2.02e-01	protein_coding
ENSG00000087510	TFAP2C	 3.06e-01	3.16e-01	protein_coding
ENSG00000198730	CTR9	-4.78e-01	3.87e-02	protein_coding
ENSG00000116922	C1orf109	 1.34e-01	7.13e-01	protein_coding
ENSG00000158169	FANCC	 1.68e-01	6.40e-01	protein_coding
ENSG00000161920	MED11	-3.16e-01	8.35e-02	protein_coding
ENSG00000179855	GIPC3	 6.18e-01	3.73e-02	protein_coding
ENSG00000230438	SERPINB9P1	 2.01e-01	5.17e-01	lncRNA
ENSG00000170365	SMAD1	 1.41e-01	7.39e-01	protein_coding
ENSG00000137414	FAM8A1	 1.28e-01	7.87e-01	protein_coding
ENSG00000234129	AC073529.1	 5.98e-02	9.21e-01	lncRNA
ENSG00000073150	PANX2	 5.95e-01	6.62e-02	protein_coding
ENSG00000186642	PDE2A	 2.28e-01	2.14e-01	protein_coding
ENSG00000132199	ENOSF1	-4.49e-01	3.45e-02	protein_coding
ENSG00000101236	RNF24	 3.48e-01	1.01e-01	protein_coding
ENSG00000140481	CCDC33	-1.43e-01	6.17e-01	protein_coding
ENSG00000137200	CMTR1	 9.91e-02	7.02e-01	protein_coding
ENSG00000205808	PLPP6	 5.77e-02	9.23e-01	protein_coding
ENSG00000101052	IFT52	 2.51e-02	9.51e-01	protein_coding
ENSG00000117906	RCN2	 6.02e-02	8.66e-01	protein_coding
ENSG00000111652	COPS7A	-1.96e-01	2.79e-01	protein_coding
ENSG00000259062	ACTN1-AS1	 9.23e-03	9.91e-01	lncRNA
ENSG00000276141	WHAMMP3	 1.20e-01	8.06e-01	transcribed_unprocessed_pseudogene
ENSG00000078618	NRDC	-1.99e-01	4.66e-01	protein_coding
ENSG00000108883	EFTUD2	-6.79e-02	7.56e-01	protein_coding
ENSG00000159263	SIM2	 2.56e-01	5.23e-01	protein_coding
ENSG00000234362	LINC01914	 8.27e-02	8.70e-01	lncRNA
ENSG00000167112	TRUB2	-4.80e-01	4.70e-03	protein_coding
ENSG00000106688	SLC1A1	 1.65e-01	6.90e-01	protein_coding
ENSG00000184076	UQCR10	 1.17e-01	5.30e-01	protein_coding
ENSG00000198356	ASNA1	-4.54e-01	7.46e-03	protein_coding
ENSG00000006695	COX10	 1.50e-01	6.20e-01	protein_coding
ENSG00000108578	BLMH	 6.04e-02	8.55e-01	protein_coding
ENSG00000004961	HCCS	-2.59e-01	7.97e-02	protein_coding
ENSG00000145506	NKD2	 1.05e-01	8.57e-01	protein_coding
ENSG00000006638	TBXA2R	 3.50e-01	1.93e-01	protein_coding
ENSG00000169139	UBE2V2	-2.67e-01	4.97e-01	protein_coding
ENSG00000108852	MPP2	 1.62e-02	9.61e-01	protein_coding
ENSG00000155893	PXYLP1	 4.28e-01	2.33e-01	protein_coding
ENSG00000092208	GEMIN2	 7.85e-02	8.61e-01	protein_coding
ENSG00000082269	FAM135A	 1.42e-01	7.95e-01	protein_coding
ENSG00000175854	SWI5	-3.30e-01	6.59e-02	protein_coding
ENSG00000171314	PGAM1	-2.31e-01	7.19e-02	protein_coding
ENSG00000088325	TPX2	 1.22e-01	6.23e-01	protein_coding
ENSG00000078699	CBFA2T2	-2.68e-02	9.66e-01	protein_coding
ENSG00000110321	EIF4G2	 8.29e-02	7.89e-01	protein_coding
ENSG00000180448	ARHGAP45	-2.05e-01	4.55e-01	protein_coding
ENSG00000261740	BOLA2-SMG1P6	-5.69e-02	8.45e-01	protein_coding
ENSG00000183336	BOLA2	 6.24e-02	8.54e-01	protein_coding
ENSG00000124659	TBCC	-1.05e-01	7.19e-01	protein_coding
ENSG00000214447	FAM187A	 1.41e-01	7.08e-01	protein_coding
ENSG00000049449	RCN1	 7.92e-02	7.95e-01	protein_coding
ENSG00000112624	BICRAL	 2.14e-01	5.50e-01	protein_coding
ENSG00000185621	LMLN	-1.99e-01	6.60e-01	protein_coding
ENSG00000119335	SET	-2.42e-01	2.82e-01	protein_coding
ENSG00000078401	EDN1	 2.12e-01	6.63e-01	protein_coding
ENSG00000213648	SULT1A4	-1.51e-01	5.50e-01	protein_coding
ENSG00000254634	SMG1P6	-7.14e-02	9.07e-01	unprocessed_pseudogene
ENSG00000129625	REEP5	-1.43e-01	4.32e-01	protein_coding
ENSG00000212802	RPL15P3	-2.41e-01	6.13e-01	processed_pseudogene
ENSG00000167311	ART5	-1.77e-01	5.93e-01	protein_coding
ENSG00000145029	NICN1	 5.09e-01	1.62e-02	protein_coding
ENSG00000138002	IFT172	-2.54e-01	4.22e-01	protein_coding
ENSG00000145703	IQGAP2	-5.60e-02	9.25e-01	protein_coding
ENSG00000280191	LINC01669	-1.32e-01	7.96e-01	lncRNA
ENSG00000243789	JMJD7	-1.73e-01	6.64e-01	protein_coding
ENSG00000177311	ZBTB38	-1.63e-01	6.57e-01	protein_coding
ENSG00000181625	SLX1B	-1.09e-01	7.96e-01	protein_coding
ENSG00000131100	ATP6V1E1	-2.35e-01	4.45e-01	protein_coding
ENSG00000261279	ULK4P1	 4.03e-01	2.99e-01	transcribed_unprocessed_pseudogene
ENSG00000108590	MED31	 1.02e-01	7.24e-01	protein_coding
ENSG00000131931	THAP1	 1.41e-01	7.67e-01	protein_coding
ENSG00000169710	FASN	 4.92e-01	4.87e-03	protein_coding
ENSG00000095397	WHRN	 2.66e-01	4.23e-01	protein_coding
ENSG00000113552	GNPDA1	 4.12e-02	8.81e-01	protein_coding
ENSG00000103966	EHD4	 3.76e-01	1.16e-01	protein_coding
ENSG00000172123	SLFN12	 8.30e-02	8.75e-01	protein_coding
ENSG00000129235	TXNDC17	 1.35e-01	5.62e-01	protein_coding
ENSG00000146223	RPL7L1	-3.67e-01	1.13e-02	protein_coding
ENSG00000171311	EXOSC1	-8.35e-02	7.71e-01	protein_coding
ENSG00000153037	SRP19	 5.14e-02	9.16e-01	protein_coding
ENSG00000164086	DUSP7	 2.98e-01	3.05e-01	protein_coding
ENSG00000176890	TYMS	-6.68e-03	9.83e-01	protein_coding
ENSG00000140006	WDR89	 2.66e-02	9.70e-01	protein_coding
ENSG00000213654	GPSM3	-2.44e-01	5.69e-01	protein_coding
ENSG00000168970	JMJD7-PLA2G4B	 1.73e-01	7.18e-01	protein_coding
ENSG00000185015	CA13	 7.29e-01	2.20e-02	protein_coding
ENSG00000198920	KIAA0753	 1.03e-01	8.39e-01	protein_coding
ENSG00000165417	GTF2A1	-7.77e-02	8.79e-01	protein_coding
ENSG00000270673	YTHDF3-AS1	-3.45e-02	9.39e-01	lncRNA
ENSG00000204301	NOTCH4	-1.91e-01	6.98e-01	protein_coding
ENSG00000273783	AL136040.1	 2.61e-02	9.69e-01	lncRNA
ENSG00000048471	SNX29	-7.79e-01	2.31e-04	protein_coding
ENSG00000164733	CTSB	-1.29e-02	9.74e-01	protein_coding
ENSG00000162878	PKDCC	-1.33e-01	5.79e-01	protein_coding
ENSG00000167693	NXN	 1.04e-01	7.61e-01	protein_coding
ENSG00000164402	SEPT8	-1.66e-01	5.18e-01	protein_coding
ENSG00000109911	ELP4	-3.00e-01	2.64e-01	protein_coding
ENSG00000167110	GOLGA2	 1.05e-01	6.96e-01	protein_coding
ENSG00000159363	ATP13A2	 9.96e-02	7.07e-01	protein_coding
ENSG00000157927	RADIL	 1.52e-01	7.78e-01	protein_coding
ENSG00000134982	APC	-5.70e-01	9.31e-02	protein_coding
ENSG00000185728	YTHDF3	-2.95e-01	3.69e-01	protein_coding
ENSG00000246089	AC016065.1	 1.27e-01	6.68e-01	lncRNA
ENSG00000138794	CASP6	-2.37e-01	5.24e-01	protein_coding
ENSG00000151553	FAM160B1	-1.43e-01	7.61e-01	protein_coding
ENSG00000026025	VIM	 1.90e-01	2.14e-01	protein_coding
ENSG00000278023	RDM1	-1.09e-01	8.06e-01	protein_coding
ENSG00000183978	COA3	-1.04e-01	6.68e-01	protein_coding
ENSG00000167930	FAM234A	 3.69e-01	2.22e-02	protein_coding
ENSG00000068697	LAPTM4A	 4.21e-02	8.91e-01	protein_coding
ENSG00000229124	VIM-AS1	 3.84e-02	9.53e-01	lncRNA
ENSG00000112159	MDN1	-2.41e-01	2.52e-01	protein_coding
ENSG00000147316	MCPH1	 2.44e-01	5.45e-01	protein_coding
ENSG00000005059	MCUB	-2.13e-02	9.64e-01	protein_coding
ENSG00000160299	PCNT	 9.23e-02	7.59e-01	protein_coding
ENSG00000175265	GOLGA8A	 2.60e-01	5.57e-01	protein_coding
ENSG00000126821	SGPP1	-1.34e-01	7.55e-01	protein_coding
ENSG00000056097	ZFR	-2.51e-02	9.50e-01	protein_coding
ENSG00000277534	AC007996.1	 1.61e-01	7.61e-01	lncRNA
ENSG00000197312	DDI2	-3.85e-01	2.67e-01	protein_coding
ENSG00000168092	PAFAH1B2	 7.51e-02	8.14e-01	protein_coding
ENSG00000277791	PSMB3	-2.63e-01	1.84e-01	protein_coding
ENSG00000170113	NIPA1	-1.37e-01	7.61e-01	protein_coding
ENSG00000174579	MSL2	 1.32e-02	9.85e-01	protein_coding
ENSG00000272269	AL138724.1	 9.21e-03	9.88e-01	lncRNA
ENSG00000118518	RNF146	 3.65e-02	9.58e-01	protein_coding
ENSG00000174652	ZNF266	 1.89e-01	6.75e-01	protein_coding
ENSG00000110092	CCND1	-2.38e-01	5.90e-01	protein_coding
ENSG00000182400	TRAPPC6B	-1.61e-01	7.50e-01	protein_coding
ENSG00000109670	FBXW7	-2.67e-01	3.64e-01	protein_coding
ENSG00000149716	LTO1	 2.87e-02	9.37e-01	protein_coding
ENSG00000113621	TXNDC15	 1.21e-02	9.80e-01	protein_coding
ENSG00000148985	PGAP2	 3.17e-01	2.62e-02	protein_coding
ENSG00000139990	DCAF5	-1.93e-02	9.70e-01	protein_coding
ENSG00000147454	SLC25A37	 1.40e-01	5.79e-01	protein_coding
ENSG00000203722	RAET1G	 5.14e-03	9.94e-01	protein_coding
ENSG00000084070	SMAP2	 1.54e-01	6.86e-01	protein_coding
ENSG00000134504	KCTD1	 1.50e-01	7.19e-01	protein_coding
ENSG00000124789	NUP153	 1.06e-02	9.80e-01	protein_coding
ENSG00000120256	LRP11	-1.13e-01	7.02e-01	protein_coding
ENSG00000132467	UTP3	-4.39e-01	1.39e-01	protein_coding
ENSG00000078246	TULP3	 5.36e-01	1.21e-02	protein_coding
ENSG00000140022	STON2	-4.29e-01	1.02e-01	protein_coding
ENSG00000164087	POC1A	-1.28e-01	6.47e-01	protein_coding
ENSG00000140577	CRTC3	 2.45e-01	1.30e-01	protein_coding
ENSG00000105298	CACTIN	-7.34e-02	8.24e-01	protein_coding
ENSG00000119414	PPP6C	 1.21e-01	5.86e-01	protein_coding
ENSG00000113504	SLC12A7	 2.85e-01	1.09e-01	protein_coding
ENSG00000115884	SDC1	 1.50e-01	5.12e-01	protein_coding
ENSG00000226800	CACTIN-AS1	 2.07e-02	9.77e-01	lncRNA
ENSG00000018189	RUFY3	-2.49e-01	5.63e-01	protein_coding
ENSG00000167034	NKX3-1	-1.08e-02	9.89e-01	protein_coding
ENSG00000141968	VAV1	-3.76e-01	1.21e-01	protein_coding
ENSG00000099331	MYO9B	-1.54e-01	7.08e-01	protein_coding
ENSG00000119820	YIPF4	-3.44e-01	1.38e-01	protein_coding
ENSG00000111206	FOXM1	 7.43e-01	7.94e-11	protein_coding
ENSG00000134690	CDCA8	 2.02e-01	2.34e-01	protein_coding
ENSG00000009950	MLXIPL	-7.70e-02	8.57e-01	protein_coding
ENSG00000137154	RPS6	-1.15e-01	6.06e-01	protein_coding
ENSG00000156374	PCGF6	-1.83e-02	9.73e-01	protein_coding
ENSG00000101057	MYBL2	-1.50e-02	9.70e-01	protein_coding
ENSG00000183527	PSMG1	-2.43e-01	2.91e-01	protein_coding
ENSG00000100941	PNN	 1.01e-01	7.47e-01	protein_coding
ENSG00000008130	NADK	-1.61e-01	3.19e-01	protein_coding
ENSG00000095002	MSH2	-9.68e-01	3.59e-04	protein_coding
ENSG00000169855	ROBO1	 1.34e-01	6.59e-01	protein_coding
ENSG00000120265	PCMT1	-2.95e-01	8.89e-02	protein_coding
ENSG00000105364	MRPL4	-6.50e-02	8.01e-01	protein_coding
ENSG00000261514	LINC01976	 1.21e-01	8.29e-01	lncRNA
ENSG00000110713	NUP98	 2.22e-01	2.33e-01	protein_coding
ENSG00000103381	CPPED1	-3.58e-01	2.15e-01	protein_coding
ENSG00000132570	PCBD2	 1.40e-01	6.92e-01	protein_coding
ENSG00000165832	TRUB1	-3.09e-01	3.60e-01	protein_coding
ENSG00000204370	SDHD	 2.43e-02	9.62e-01	protein_coding
ENSG00000225733	FGD5-AS1	 7.20e-02	8.46e-01	lncRNA
ENSG00000165661	QSOX2	 3.36e-01	3.30e-02	protein_coding
ENSG00000205403	CFI	-3.94e-01	3.33e-01	protein_coding
ENSG00000135387	CAPRIN1	-2.44e-01	2.23e-01	protein_coding
ENSG00000279799	AC006077.2	-2.05e-02	9.76e-01	TEC
ENSG00000177463	NR2C2	-1.52e-01	6.99e-01	protein_coding
ENSG00000151065	DCP1B	-1.26e-01	7.76e-01	protein_coding
ENSG00000060237	WNK1	 4.57e-01	3.72e-02	protein_coding
ENSG00000164520	RAET1E	-1.85e-01	5.49e-01	protein_coding
ENSG00000090339	ICAM1	 5.15e-01	5.47e-03	protein_coding
ENSG00000272323	AC026801.2	 1.75e-01	7.12e-01	lncRNA
ENSG00000137767	SQOR	-2.98e-01	1.22e-01	protein_coding
ENSG00000065308	TRAM2	 5.36e-01	2.28e-02	protein_coding
ENSG00000118985	ELL2	-1.86e-01	6.58e-01	protein_coding
ENSG00000158555	GDPD5	-1.83e-01	6.75e-01	protein_coding
ENSG00000150782	IL18	 5.08e-02	8.95e-01	protein_coding
ENSG00000123739	PLA2G12A	-2.38e-01	4.61e-01	protein_coding
ENSG00000160058	BSDC1	 3.49e-02	9.11e-01	protein_coding
ENSG00000004478	FKBP4	-2.66e-01	7.36e-02	protein_coding
ENSG00000145979	TBC1D7	 1.17e-01	6.04e-01	protein_coding
ENSG00000140750	ARHGAP17	 6.86e-01	1.30e-04	protein_coding
ENSG00000143870	PDIA6	 4.57e-03	9.89e-01	protein_coding
ENSG00000096093	EFHC1	-1.08e-01	8.06e-01	protein_coding
ENSG00000104164	BLOC1S6	 1.40e-01	7.38e-01	protein_coding
ENSG00000120253	NUP43	-3.55e-01	1.40e-01	protein_coding
ENSG00000105700	KXD1	-1.51e-01	5.06e-01	protein_coding
ENSG00000184307	ZDHHC23	-2.92e-01	3.57e-01	protein_coding
ENSG00000113971	NPHP3	-4.61e-01	1.95e-01	protein_coding
ENSG00000164307	ERAP1	-6.15e-01	1.97e-02	protein_coding
ENSG00000070785	EIF2B3	-5.06e-01	3.76e-03	protein_coding
ENSG00000125834	STK35	 2.64e-01	3.76e-01	protein_coding
ENSG00000139977	NAA30	-2.86e-01	5.20e-01	protein_coding
ENSG00000151576	QTRT2	-1.55e-01	6.59e-01	protein_coding
ENSG00000272631	AC067750.1	 1.89e-01	6.37e-01	lncRNA
ENSG00000136940	PDCL	-5.76e-01	7.06e-04	protein_coding
ENSG00000119392	GLE1	-2.98e-01	8.58e-02	protein_coding
ENSG00000159692	CTBP1	-2.32e-01	2.22e-01	protein_coding
ENSG00000142279	WTIP	-5.38e-01	4.24e-02	protein_coding
ENSG00000143882	ATP6V1C2	-1.09e-01	7.69e-01	protein_coding
ENSG00000116209	TMEM59	-1.37e-02	9.72e-01	protein_coding
ENSG00000136235	GPNMB	 4.30e-01	9.95e-02	protein_coding
ENSG00000127483	HP1BP3	-1.18e-01	5.96e-01	protein_coding
ENSG00000196810	CTBP1-DT	 1.79e-01	5.96e-01	lncRNA
ENSG00000139517	LNX2	-1.99e-01	6.56e-01	protein_coding
ENSG00000115760	BIRC6	-3.75e-01	6.70e-02	protein_coding
ENSG00000215154	AC141586.1	-4.55e-01	2.34e-01	transcribed_unprocessed_pseudogene
ENSG00000234327	AC012146.1	 3.06e-01	2.19e-01	lncRNA
ENSG00000178202	KDELC2	-7.89e-02	8.76e-01	protein_coding
ENSG00000177370	TIMM22	-1.85e-01	3.44e-01	protein_coding
ENSG00000168803	ADAL	 2.90e-01	4.72e-01	protein_coding
ENSG00000015676	NUDCD3	-1.72e-02	9.63e-01	protein_coding
ENSG00000175426	PCSK1	 5.10e-02	9.02e-01	protein_coding
ENSG00000184640	SEPT9	 1.63e-01	4.81e-01	protein_coding
ENSG00000176532	PRR15	 2.20e-01	5.88e-01	protein_coding
ENSG00000081307	UBA5	-1.79e-02	9.80e-01	protein_coding
ENSG00000086065	CHMP5	-2.28e-01	3.21e-01	protein_coding
ENSG00000153113	CAST	 1.12e-01	7.07e-01	protein_coding
ENSG00000143924	EML4	-3.88e-01	1.05e-01	protein_coding
ENSG00000025796	SEC63	-2.27e-02	9.72e-01	protein_coding
ENSG00000227855	DPY19L2P3	 1.05e-01	8.55e-01	transcribed_unprocessed_pseudogene
ENSG00000170468	RIOX1	-2.58e-01	2.19e-01	protein_coding
ENSG00000160446	ZDHHC12	-1.21e-01	5.66e-01	protein_coding
ENSG00000127804	METTL16	 3.16e-01	3.08e-01	protein_coding
ENSG00000163634	THOC7	-4.30e-02	9.13e-01	protein_coding
ENSG00000184227	ACOT1	-7.21e-01	1.81e-09	protein_coding
ENSG00000151612	ZNF827	-4.01e-01	1.89e-01	protein_coding
ENSG00000161996	WDR90	-2.65e-01	2.43e-01	protein_coding
ENSG00000275993	SIK1B	 1.26e-01	6.88e-01	protein_coding
ENSG00000023330	ALAS1	 6.63e-02	7.87e-01	protein_coding
ENSG00000133247	KMT5C	 1.14e-01	7.15e-01	protein_coding
ENSG00000240303	ACAD11	-3.30e-01	3.66e-01	protein_coding
ENSG00000131368	MRPS25	-3.68e-01	3.08e-03	protein_coding
ENSG00000100105	PATZ1	 5.22e-01	5.85e-04	protein_coding
ENSG00000015133	CCDC88C	-6.30e-02	8.68e-01	protein_coding
ENSG00000168566	SNRNP48	-2.42e-01	5.13e-01	protein_coding
ENSG00000168522	FNTA	-1.42e-01	6.25e-01	protein_coding
ENSG00000160447	PKN3	-7.34e-02	7.63e-01	protein_coding
ENSG00000163635	ATXN7	 1.54e-01	7.58e-01	protein_coding
ENSG00000100100	PIK3IP1	 6.90e-01	6.57e-03	protein_coding
ENSG00000078369	GNB1	 3.73e-02	8.74e-01	protein_coding
ENSG00000227110	LMCD1-AS1	-3.47e-02	9.59e-01	lncRNA
ENSG00000136933	RABEPK	-3.39e-01	4.24e-02	protein_coding
ENSG00000167840	ZNF232	-3.68e-01	1.69e-01	protein_coding
ENSG00000161653	NAGS	-9.69e-02	8.67e-01	protein_coding
ENSG00000104763	ASAH1	 1.10e-01	7.36e-01	protein_coding
ENSG00000185361	TNFAIP8L1	 2.07e-01	5.33e-01	protein_coding
ENSG00000074842	MYDGF	-3.07e-01	1.76e-02	protein_coding
ENSG00000071537	SEL1L	 7.21e-02	8.90e-01	protein_coding
ENSG00000182973	CNOT10	-2.68e-01	3.12e-01	protein_coding
ENSG00000187676	B3GLCT	 2.34e-01	5.98e-01	protein_coding
ENSG00000103351	CLUAP1	-5.62e-02	9.14e-01	protein_coding
ENSG00000120925	RNF170	-2.10e-01	5.59e-01	protein_coding
ENSG00000160360	GPSM1	-5.55e-02	8.88e-01	protein_coding
ENSG00000233426	EIF3FP3	 1.38e-01	7.98e-01	processed_pseudogene
ENSG00000091947	TMEM101	-1.48e-01	5.20e-01	protein_coding
ENSG00000166444	ST5	 2.97e-01	1.55e-01	protein_coding
ENSG00000100325	ASCC2	 2.58e-01	1.71e-01	protein_coding
ENSG00000218537	MIF-AS1	 3.18e-01	3.96e-01	lncRNA
ENSG00000162302	RPS6KA4	-1.93e-01	4.03e-01	protein_coding
ENSG00000168172	HOOK3	-2.49e-02	9.72e-01	protein_coding
ENSG00000058063	ATP11B	 2.61e-01	5.75e-01	protein_coding
ENSG00000167881	SRP68	 1.93e-01	3.01e-01	protein_coding
ENSG00000164051	CCDC51	-5.67e-01	1.77e-06	protein_coding
ENSG00000119673	ACOT2	-4.90e-01	1.04e-04	protein_coding
ENSG00000134339	SAA2	 1.06e-01	8.54e-01	protein_coding
ENSG00000186377	CYP4X1	 4.26e-02	9.49e-01	protein_coding
ENSG00000111639	MRPL51	-2.85e-02	9.40e-01	protein_coding
ENSG00000137807	KIF23	 3.64e-01	1.49e-01	protein_coding
ENSG00000142166	IFNAR1	 4.03e-01	3.16e-01	protein_coding
ENSG00000092068	SLC7A8	 8.01e-01	3.08e-03	protein_coding
ENSG00000213221	DNLZ	-4.26e-01	2.69e-02	protein_coding
ENSG00000244380	AC134772.1	-1.09e-01	8.38e-01	lncRNA
ENSG00000232112	TMA7	 2.11e-01	3.00e-01	protein_coding
ENSG00000182473	EXOC7	 1.78e-01	5.51e-01	protein_coding
ENSG00000159842	ABR	 3.76e-01	1.20e-01	protein_coding
ENSG00000044574	HSPA5	 3.69e-01	1.90e-02	protein_coding
ENSG00000140497	SCAMP2	 7.55e-03	9.85e-01	protein_coding
ENSG00000197006	METTL9	-2.97e-01	1.99e-01	protein_coding
ENSG00000010292	NCAPD2	 2.36e-01	2.34e-01	protein_coding
ENSG00000221821	C6orf226	 5.83e-02	8.86e-01	protein_coding
ENSG00000172340	SUCLG2	-9.33e-02	7.73e-01	protein_coding
ENSG00000136888	ATP6V1G1	-2.18e-01	4.59e-01	protein_coding
ENSG00000080503	SMARCA2	 1.05e-01	7.58e-01	protein_coding
ENSG00000247596	TWF2	-4.86e-01	3.46e-03	protein_coding
ENSG00000131507	NDFIP1	 1.36e-01	5.03e-01	protein_coding
ENSG00000136381	IREB2	-7.05e-02	8.69e-01	protein_coding
ENSG00000165185	KIAA1958	-2.16e-01	4.32e-01	protein_coding
ENSG00000137161	CNPY3	-1.33e-01	4.52e-01	protein_coding
ENSG00000137819	PAQR5	 3.24e-01	3.58e-01	protein_coding
ENSG00000249082	C5orf66-AS1	-1.00e-01	8.60e-01	lncRNA
ENSG00000259426	AC027237.3	-5.16e-02	9.23e-01	lncRNA
ENSG00000181751	C5orf30	 2.35e-01	5.93e-01	protein_coding
ENSG00000119471	HSDL2	 1.28e-01	7.47e-01	protein_coding
ENSG00000224186	C5orf66	 3.96e-01	3.03e-01	lncRNA
ENSG00000124191	TOX2	 5.32e-01	7.93e-02	protein_coding
ENSG00000227766	AL671277.1	 3.67e-02	9.57e-01	unprocessed_pseudogene
ENSG00000133460	SLC2A11	-1.96e-01	5.35e-01	protein_coding
ENSG00000133895	MEN1	 4.01e-01	2.09e-03	protein_coding
ENSG00000157693	TMEM268	-7.95e-02	8.50e-01	protein_coding
ENSG00000144560	VGLL4	 1.86e-01	4.96e-01	protein_coding
ENSG00000126217	MCF2L	-2.75e-01	2.22e-01	protein_coding
ENSG00000124587	PEX6	-1.26e-01	7.09e-01	protein_coding
ENSG00000149577	SIDT2	 5.57e-01	3.02e-03	protein_coding
ENSG00000081177	EXD2	-2.70e-01	3.91e-01	protein_coding
ENSG00000166441	RPL27A	 2.62e-01	7.09e-02	protein_coding
ENSG00000112659	CUL9	 1.52e-01	6.79e-01	protein_coding
ENSG00000178821	TMEM52	 4.51e-01	1.18e-01	protein_coding
ENSG00000228065	LINC01515	 6.56e-02	8.69e-01	lncRNA
ENSG00000067369	TP53BP1	-1.42e-01	6.99e-01	protein_coding
ENSG00000261441	AC124068.2	 3.09e-01	4.66e-01	lncRNA
ENSG00000107779	BMPR1A	 7.52e-01	1.16e-02	protein_coding
ENSG00000112874	NUDT12	-1.54e-01	7.69e-01	protein_coding
ENSG00000122390	NAA60	 2.58e-01	1.69e-01	protein_coding
ENSG00000166436	TRIM66	 8.81e-02	8.69e-01	protein_coding
ENSG00000173465	SSSCA1	-1.81e-01	3.91e-01	protein_coding
ENSG00000051180	RAD51	-1.15e-01	7.34e-01	protein_coding
ENSG00000137822	TUBGCP4	-1.26e-01	6.79e-01	protein_coding
ENSG00000176155	CCDC57	-6.43e-02	8.34e-01	protein_coding
ENSG00000176973	FAM89B	-2.82e-01	1.41e-01	protein_coding
ENSG00000240972	MIF	 6.86e-02	8.26e-01	protein_coding
ENSG00000118412	CASP8AP2	 2.35e-02	9.72e-01	protein_coding
ENSG00000074370	ATP2A3	-3.12e-01	4.52e-01	protein_coding
ENSG00000182240	BACE2	 4.19e-02	8.36e-01	protein_coding
ENSG00000180530	NRIP1	-1.84e-01	7.17e-01	protein_coding
ENSG00000149591	TAGLN	-4.33e-01	9.75e-02	protein_coding
ENSG00000113648	H2AFY	-1.52e-01	3.26e-01	protein_coding
ENSG00000105197	TIMM50	-2.75e-01	7.33e-02	protein_coding
ENSG00000214176	PLEKHM1P1	-1.34e-01	7.25e-01	transcribed_unprocessed_pseudogene
ENSG00000197548	ATG7	-5.18e-02	8.67e-01	protein_coding
ENSG00000181026	AEN	-1.04e-02	9.72e-01	protein_coding
ENSG00000010270	STARD3NL	-6.13e-02	8.33e-01	protein_coding
ENSG00000130005	GAMT	-2.34e-01	2.45e-01	protein_coding
ENSG00000131018	SYNE1	-2.44e-02	9.68e-01	protein_coding
ENSG00000108582	CPD	 7.19e-02	8.97e-01	protein_coding
ENSG00000245849	RAD51-AS1	 3.62e-01	3.81e-01	lncRNA
ENSG00000185624	P4HB	 2.20e-01	1.28e-01	protein_coding
ENSG00000206503	HLA-A	-1.27e-01	6.29e-01	protein_coding
ENSG00000103343	ZNF174	 1.07e-01	7.82e-01	protein_coding
ENSG00000116786	PLEKHM2	 2.41e-01	1.76e-01	protein_coding
ENSG00000125650	PSPN	-1.60e-01	7.64e-01	protein_coding
ENSG00000140265	ZSCAN29	-8.67e-02	8.59e-01	protein_coding
ENSG00000164002	EXO5	-5.64e-01	8.13e-02	protein_coding
ENSG00000165996	HACD1	-2.18e-01	3.45e-01	protein_coding
ENSG00000140987	ZSCAN32	-2.25e-01	5.90e-01	protein_coding
ENSG00000116062	MSH6	-4.87e-01	3.53e-03	protein_coding
ENSG00000125652	ALKBH7	-4.21e-01	1.17e-02	protein_coding
ENSG00000164244	PRRC1	 1.13e-01	7.63e-01	protein_coding
ENSG00000160613	PCSK7	-6.27e-03	9.89e-01	protein_coding
ENSG00000164144	ARFIP1	 5.25e-02	9.34e-01	protein_coding
ENSG00000069011	PITX1	-2.57e-02	9.28e-01	protein_coding
ENSG00000148344	PTGES	-1.85e-01	4.53e-01	protein_coding
ENSG00000134440	NARS	-5.95e-01	5.24e-02	protein_coding
ENSG00000109534	GAR1	-3.96e-01	1.73e-01	protein_coding
ENSG00000129473	BCL2L2	-2.04e-01	4.67e-01	protein_coding
ENSG00000106070	GRB10	-1.14e-01	7.64e-01	protein_coding
ENSG00000215271	HOMEZ	 4.56e-01	6.01e-02	protein_coding
ENSG00000215252	GOLGA8B	-3.32e-01	3.85e-01	protein_coding
ENSG00000205189	ZBTB10	-4.34e-02	9.37e-01	protein_coding
ENSG00000175595	ERCC4	 1.75e-01	7.09e-01	protein_coding
ENSG00000126581	BECN1	-1.16e-01	6.54e-01	protein_coding
ENSG00000133818	RRAS2	 4.35e-02	9.19e-01	protein_coding
ENSG00000149658	YTHDF1	 3.95e-01	9.40e-02	protein_coding
ENSG00000182175	RGMA	 2.88e-01	5.17e-01	protein_coding
ENSG00000186184	POLR1D	 4.91e-02	8.48e-01	protein_coding
ENSG00000196204	RNF216P1	 2.51e-01	3.06e-01	lncRNA
ENSG00000235194	PPP1R3E	 3.56e-01	2.88e-01	protein_coding
ENSG00000112425	EPM2A	-1.01e-01	8.49e-01	protein_coding
ENSG00000163512	AZI2	 1.76e-01	6.75e-01	protein_coding
ENSG00000155324	GRAMD2B	-1.49e-02	9.77e-01	protein_coding
ENSG00000206341	HLA-H	-7.56e-02	8.96e-01	unprocessed_pseudogene
ENSG00000187134	AKR1C1	-2.21e-01	3.25e-01	protein_coding
ENSG00000131242	RAB11FIP4	 1.93e-01	6.96e-01	protein_coding
ENSG00000213888	LINC01521	 3.76e-01	3.12e-01	lncRNA
ENSG00000066379	ZNRD1	-2.07e-01	3.14e-01	protein_coding
ENSG00000131467	PSME3	 2.09e-01	1.77e-01	protein_coding
ENSG00000137460	FHDC1	 6.77e-01	2.61e-03	protein_coding
ENSG00000048392	RRM2B	-2.54e-01	5.49e-01	protein_coding
ENSG00000105281	SLC1A5	 3.13e-01	7.95e-02	protein_coding
ENSG00000079313	REXO1	 3.39e-01	2.91e-01	protein_coding
ENSG00000168116	KIAA1586	 1.89e-01	6.92e-01	protein_coding
ENSG00000138081	FBXO11	 5.91e-01	1.43e-02	protein_coding
ENSG00000173915	ATP5MD	 6.51e-01	1.51e-04	protein_coding
ENSG00000146587	RBAK	-6.18e-02	9.19e-01	protein_coding
ENSG00000144566	RAB5A	 3.25e-01	3.32e-01	protein_coding
ENSG00000100836	PABPN1	-1.91e-01	1.80e-01	protein_coding
ENSG00000143952	VPS54	-1.60e-01	7.10e-01	protein_coding
ENSG00000270638	AL023806.1	 1.08e-01	8.50e-01	lncRNA
ENSG00000185070	FLRT2	-6.07e-01	7.88e-02	protein_coding
ENSG00000148835	TAF5	-2.78e-01	5.15e-01	protein_coding
ENSG00000258643	BCL2L2-PABPN1	-4.24e-01	1.60e-01	protein_coding
ENSG00000276293	PIP4K2B	 4.73e-02	8.75e-01	protein_coding
ENSG00000188266	HYKK	 5.24e-02	8.96e-01	protein_coding
ENSG00000099795	NDUFB7	-2.05e-01	4.51e-01	protein_coding
ENSG00000142235	AC008403.1	 6.76e-01	8.16e-03	protein_coding
ENSG00000176428	VPS37D	-2.54e-01	5.79e-01	protein_coding
ENSG00000109265	KIAA1211	-2.99e-01	3.92e-01	protein_coding
ENSG00000109654	TRIM2	-4.37e-01	9.02e-02	protein_coding
ENSG00000136936	XPA	 1.61e-02	9.81e-01	protein_coding
ENSG00000267796	LIN37	 1.21e-01	7.30e-01	protein_coding
ENSG00000204623	ZNRD1ASP	 1.21e-01	7.93e-01	transcribed_unitary_pseudogene
ENSG00000173432	SAA1	 8.34e-02	8.00e-01	protein_coding
ENSG00000173267	SNCG	-2.95e-01	6.83e-02	protein_coding
ENSG00000165410	CFL2	 6.04e-02	8.72e-01	protein_coding
ENSG00000179820	MYADM	 9.56e-01	7.91e-08	protein_coding
ENSG00000197299	BLM	 2.59e-01	5.72e-01	protein_coding
ENSG00000088002	SULT2B1	-3.46e-01	3.02e-01	protein_coding
ENSG00000205155	PSENEN	-3.89e-02	8.88e-01	protein_coding
ENSG00000181035	SLC25A42	-3.47e-02	9.57e-01	protein_coding
ENSG00000260565	ERVK13-1	 3.44e-03	9.96e-01	lncRNA
ENSG00000178209	PLEC	-2.95e-01	9.80e-02	protein_coding
ENSG00000151303	AL136982.1	 2.04e-01	6.84e-01	lncRNA
ENSG00000272734	ADIRF-AS1	 1.24e-01	8.15e-01	lncRNA
ENSG00000188223	AD000671.1	 5.81e-02	9.11e-01	protein_coding
ENSG00000164111	ANXA5	-2.21e-02	9.29e-01	protein_coding
ENSG00000159267	HLCS	-2.29e-01	3.39e-01	protein_coding
ENSG00000136816	TOR1B	 1.37e-01	6.57e-01	protein_coding
ENSG00000166401	SERPINB8	-4.95e-01	1.87e-01	protein_coding
ENSG00000161654	LSM12	 2.44e-01	3.80e-01	protein_coding
ENSG00000110723	EXPH5	 2.32e-01	6.25e-01	protein_coding
ENSG00000223478	AL441992.1	 8.82e-02	7.96e-01	lncRNA
ENSG00000173442	EHBP1L1	 5.26e-01	7.40e-04	protein_coding
ENSG00000136827	TOR1A	 3.15e-02	9.19e-01	protein_coding
ENSG00000156928	MALSU1	-2.02e-01	2.59e-01	protein_coding
ENSG00000184708	EIF4ENIF1	-4.64e-01	2.32e-02	protein_coding
ENSG00000232653	GOLGA8N	 6.31e-02	9.15e-01	protein_coding
ENSG00000240230	COX19	 4.77e-02	9.18e-01	protein_coding
ENSG00000185697	MYBL1	-4.88e-02	9.33e-01	protein_coding
ENSG00000072778	ACADVL	-5.73e-01	1.76e-07	protein_coding
ENSG00000160445	ZER1	 2.95e-01	1.26e-01	protein_coding
ENSG00000126107	HECTD3	 2.94e-01	7.83e-02	protein_coding
ENSG00000053747	LAMA3	-1.48e-01	6.49e-01	protein_coding
ENSG00000223509	AC135983.2	-2.30e-02	9.57e-01	transcribed_processed_pseudogene
ENSG00000168884	TNIP2	-5.49e-01	6.37e-04	protein_coding
ENSG00000105419	MEIS3	 1.45e-01	7.17e-01	protein_coding
ENSG00000136231	IGF2BP3	 7.44e-02	8.52e-01	protein_coding
ENSG00000090372	STRN4	-4.27e-02	8.98e-01	protein_coding
ENSG00000108176	DNAJC12	-1.67e-02	9.73e-01	protein_coding
ENSG00000089327	FXYD5	 4.18e-01	3.04e-03	protein_coding
ENSG00000125257	ABCC4	-6.55e-03	9.85e-01	protein_coding
ENSG00000007372	PAX6	 3.05e-01	4.69e-01	protein_coding
ENSG00000159055	MIS18A	-1.86e-01	6.99e-01	protein_coding
ENSG00000136247	ZDHHC4	-3.42e-02	9.20e-01	protein_coding
ENSG00000106089	STX1A	 1.50e-01	7.55e-01	protein_coding
ENSG00000114480	GBE1	 1.29e-02	9.79e-01	protein_coding
ENSG00000273559	CWC25	-1.65e-01	6.12e-01	protein_coding
ENSG00000176809	LRRC37A3	 5.41e-01	1.23e-01	protein_coding
ENSG00000137834	SMAD6	 1.83e-01	5.56e-01	protein_coding
ENSG00000130818	ZNF426	 9.74e-02	8.32e-01	protein_coding
ENSG00000055917	PUM2	-1.89e-01	4.50e-01	protein_coding
ENSG00000278611	ZNF426-DT	 2.24e-02	9.75e-01	lncRNA
ENSG00000250132	AC004803.1	 2.23e-01	6.12e-01	lncRNA
ENSG00000197961	ZNF121	 1.81e-01	6.05e-01	protein_coding
ENSG00000071462	BUD23	-2.89e-01	6.42e-02	protein_coding
ENSG00000198826	ARHGAP11A	-1.91e-01	6.75e-01	protein_coding
ENSG00000162458	FBLIM1	-1.04e+00	1.87e-05	protein_coding
ENSG00000088826	SMOX	 9.19e-02	7.83e-01	protein_coding
ENSG00000275719	AC008622.2	 4.02e-02	9.52e-01	lncRNA
ENSG00000142188	TMEM50B	 1.71e-02	9.77e-01	protein_coding
ENSG00000136819	C9orf78	-2.77e-01	1.77e-01	protein_coding
ENSG00000118762	PKD2	-3.62e-01	2.44e-01	protein_coding
ENSG00000114735	HEMK1	-5.64e-01	1.12e-04	protein_coding
ENSG00000089916	GPATCH2L	 4.20e-01	8.59e-02	protein_coding
ENSG00000198089	SFI1	 4.17e-02	9.16e-01	protein_coding
ENSG00000099246	RAB18	-4.29e-01	1.90e-01	protein_coding
ENSG00000112667	DNPH1	-4.67e-01	8.44e-03	protein_coding
ENSG00000136878	USP20	-2.73e-01	2.70e-01	protein_coding
ENSG00000167562	ZNF701	 1.01e-01	8.63e-01	protein_coding
ENSG00000185090	MANEAL	 3.14e-01	9.24e-02	protein_coding
ENSG00000172239	PAIP1	-1.21e-01	6.07e-01	protein_coding
ENSG00000187118	CMC1	 3.15e-01	9.84e-02	protein_coding
ENSG00000019549	SNAI2	 1.60e-01	7.46e-01	protein_coding
ENSG00000145740	SLC30A5	 1.40e-01	5.91e-01	protein_coding
ENSG00000100359	SGSM3	-4.06e-01	3.28e-03	protein_coding
ENSG00000156642	NPTN	 3.02e-01	2.35e-01	protein_coding
ENSG00000169220	RGS14	-4.51e-01	6.96e-02	protein_coding
ENSG00000088543	C3orf18	-5.91e-01	2.82e-04	protein_coding
ENSG00000136932	TRMO	-3.63e-01	2.43e-01	protein_coding
ENSG00000140280	LYSMD2	 6.16e-03	9.90e-01	protein_coding
ENSG00000105963	ADAP1	 2.00e-01	6.86e-01	protein_coding
ENSG00000002016	RAD52	-4.26e-01	1.26e-01	protein_coding
ENSG00000204439	C6orf47	-8.84e-02	7.89e-01	protein_coding
ENSG00000197324	LRP10	 5.95e-01	2.76e-04	protein_coding
ENSG00000262587	AC133552.2	-5.15e-01	1.63e-01	transcribed_unprocessed_pseudogene
ENSG00000072818	ACAP1	 2.43e-01	5.96e-01	protein_coding
ENSG00000126088	UROD	-7.18e-01	2.18e-10	protein_coding
ENSG00000282012	AP000357.2	 2.82e-02	9.64e-01	lncRNA
ENSG00000105639	JAK3	 4.94e-01	6.67e-02	protein_coding
ENSG00000125967	NECAB3	-2.33e-01	2.27e-01	protein_coding
ENSG00000129911	KLF16	 4.06e-01	9.61e-02	protein_coding
ENSG00000128335	APOL2	-1.89e-01	3.30e-01	protein_coding
ENSG00000159128	IFNGR2	-1.46e-02	9.68e-01	protein_coding
ENSG00000099968	BCL2L13	 1.66e-01	4.03e-01	protein_coding
ENSG00000118972	FGF23	 2.08e-01	6.64e-01	protein_coding
ENSG00000078237	TIGAR	-3.91e-02	9.51e-01	protein_coding
ENSG00000181027	FKRP	 5.52e-01	5.62e-02	protein_coding
ENSG00000138166	DUSP5	 1.81e-01	6.13e-01	protein_coding
ENSG00000167977	KCTD5	 2.02e-02	9.60e-01	protein_coding
ENSG00000068745	IP6K2	 6.24e-02	7.79e-01	protein_coding
ENSG00000148153	INIP	-2.64e-01	5.05e-01	protein_coding
ENSG00000275494	AC133552.5	 6.69e-03	9.91e-01	lncRNA
ENSG00000184436	THAP7	-4.26e-01	3.43e-03	protein_coding
ENSG00000084710	EFR3B	-7.66e-02	8.65e-01	protein_coding
ENSG00000114520	SNX4	-6.64e-01	6.63e-03	protein_coding
ENSG00000149100	EIF3M	-2.47e-01	2.79e-01	protein_coding
ENSG00000120656	TAF12	-2.38e-01	4.78e-01	protein_coding
ENSG00000082805	ERC1	-3.48e-01	1.45e-01	protein_coding
ENSG00000176410	DNAJC30	 6.69e-02	8.13e-01	protein_coding
ENSG00000272462	U91328.1	 2.14e-01	5.67e-01	lncRNA
ENSG00000101158	NELFCD	-2.28e-01	1.47e-01	protein_coding
ENSG00000131966	ACTR10	-2.19e-01	4.19e-01	protein_coding
ENSG00000112208	BAG2	-2.46e-01	3.83e-01	protein_coding
ENSG00000204516	MICB	 1.70e-01	4.67e-01	protein_coding
ENSG00000164167	LSM6	-5.76e-02	8.75e-01	protein_coding
ENSG00000112343	TRIM38	-3.57e-01	2.31e-01	protein_coding
ENSG00000177465	ACOT4	-3.45e-01	2.07e-01	protein_coding
ENSG00000099957	P2RX6	-3.80e-01	2.35e-01	protein_coding
ENSG00000261526	AC012615.1	-1.44e-01	7.58e-01	lncRNA
ENSG00000155903	RASA2	 2.25e-01	6.44e-01	protein_coding
ENSG00000188060	RAB42	-3.54e-01	1.69e-02	protein_coding
ENSG00000112200	ZNF451	 1.16e-01	7.95e-01	protein_coding
ENSG00000166710	B2M	 2.64e-01	2.44e-01	protein_coding
ENSG00000142207	URB1	 1.80e-01	3.63e-01	protein_coding
ENSG00000078140	UBE2K	 2.68e-01	2.14e-01	protein_coding
ENSG00000156509	FBXO43	 4.53e-01	2.22e-01	protein_coding
ENSG00000257621	PSMA3-AS1	 2.98e-01	3.03e-01	lncRNA
ENSG00000279329	AC020910.5	 1.96e-01	6.66e-01	TEC
ENSG00000151632	AKR1C2	-1.44e-01	5.26e-01	protein_coding
ENSG00000175073	VCPIP1	-2.63e-01	4.56e-01	protein_coding
ENSG00000204435	CSNK2B	 2.08e-01	3.59e-01	protein_coding
ENSG00000172183	ISG20	-3.58e-01	5.95e-02	protein_coding
ENSG00000114353	GNAI2	 1.78e-01	3.21e-01	protein_coding
ENSG00000189221	MAOA	-2.88e-01	3.13e-01	protein_coding
ENSG00000272892	AL133551.1	-1.54e-01	7.46e-01	lncRNA
ENSG00000075336	TIMM21	-3.91e-01	2.58e-01	protein_coding
ENSG00000081087	OSTM1	-8.30e-02	8.80e-01	protein_coding
ENSG00000147669	POLR2K	 1.96e-01	5.62e-01	protein_coding
ENSG00000100991	TRPC4AP	-1.31e-01	4.76e-01	protein_coding
ENSG00000168333	PPDPFL	 2.39e-01	2.02e-01	protein_coding
ENSG00000053501	USE1	-2.47e-01	2.92e-01	protein_coding
ENSG00000239900	ADSL	-3.57e-01	3.32e-02	protein_coding
ENSG00000160305	DIP2A	-4.34e-02	9.14e-01	protein_coding
ENSG00000112294	ALDH5A1	-1.61e-01	5.40e-01	protein_coding
ENSG00000186111	PIP5K1C	 5.38e-02	8.82e-01	protein_coding
ENSG00000230513	THAP7-AS1	 1.01e-01	7.04e-01	lncRNA
ENSG00000019485	PRDM11	 1.28e-01	6.04e-01	protein_coding
ENSG00000206145	P2RX6P	 1.37e-01	8.01e-01	transcribed_unprocessed_pseudogene
ENSG00000124532	MRS2	-1.15e-01	6.63e-01	protein_coding
ENSG00000153721	CNKSR3	 2.97e-01	3.32e-01	protein_coding
ENSG00000204438	GPANK1	-6.89e-01	2.72e-08	protein_coding
ENSG00000250337	PURPL	-3.78e-02	9.50e-01	lncRNA
ENSG00000088356	PDRG1	-3.45e-01	1.70e-02	protein_coding
ENSG00000141349	G6PC3	 1.54e-01	3.45e-01	protein_coding
ENSG00000108591	DRG2	-2.22e-01	2.70e-01	protein_coding
ENSG00000250241	AC105383.1	 5.10e-01	1.29e-01	lncRNA
ENSG00000105404	RABAC1	-3.29e-01	1.42e-02	protein_coding
ENSG00000100567	PSMA3	-1.88e-01	6.08e-01	protein_coding
ENSG00000171720	HDAC3	-9.35e-02	6.42e-01	protein_coding
ENSG00000148158	SNX30	-2.46e-01	5.88e-01	protein_coding
ENSG00000125651	GTF2F1	-2.70e-01	5.64e-02	protein_coding
ENSG00000138650	PCDH10	-1.54e-02	9.78e-01	protein_coding
ENSG00000176261	ZBTB8OS	 9.04e-03	9.86e-01	protein_coding
ENSG00000064545	TMEM161A	-9.10e-02	7.06e-01	protein_coding
ENSG00000100796	PPP4R3A	 1.49e-01	6.58e-01	protein_coding
ENSG00000112210	RAB23	 1.88e-01	6.78e-01	protein_coding
ENSG00000113851	CRBN	 2.01e-02	9.74e-01	protein_coding
ENSG00000119950	MXI1	 5.56e-02	9.19e-01	protein_coding
ENSG00000147650	LRP12	-3.45e-02	9.58e-01	protein_coding
ENSG00000176095	IP6K1	 3.10e-01	5.57e-02	protein_coding
ENSG00000096717	SIRT1	 9.68e-02	8.54e-01	protein_coding
ENSG00000112293	GPLD1	-3.00e-02	9.66e-01	protein_coding
ENSG00000105186	ANKRD27	-2.97e-01	2.11e-01	protein_coding
ENSG00000131504	DIAPH1	 5.02e-01	6.04e-03	protein_coding
ENSG00000245937	LINC01184	-8.55e-02	8.05e-01	lncRNA
ENSG00000102531	FNDC3A	 2.13e-02	9.67e-01	protein_coding
ENSG00000186326	RGS9BP	-2.83e-01	4.83e-01	protein_coding
ENSG00000134057	CCNB1	-3.12e-01	1.17e-02	protein_coding
ENSG00000241878	PISD	 2.24e-01	4.40e-01	protein_coding
ENSG00000172382	PRSS27	-1.47e-01	7.52e-01	protein_coding
ENSG00000129083	COPB1	-1.25e-01	7.92e-01	protein_coding
ENSG00000275202	AL161421.1	 3.23e-01	3.42e-01	lncRNA
ENSG00000173905	GOLIM4	 1.30e-01	7.80e-01	protein_coding
ENSG00000229388	LINC01715	 1.28e-01	8.02e-01	lncRNA
ENSG00000213859	KCTD11	 1.78e-01	6.79e-01	protein_coding
ENSG00000119906	SLF2	-1.38e-01	7.22e-01	protein_coding
ENSG00000133028	SCO1	-2.68e-01	2.48e-01	protein_coding
ENSG00000101146	RAE1	 1.77e-01	2.96e-01	protein_coding
ENSG00000072756	TRNT1	 1.30e-01	7.74e-01	protein_coding
ENSG00000074755	ZZEF1	 3.01e-01	2.18e-01	protein_coding
ENSG00000160062	ZBTB8A	 1.33e-01	7.47e-01	protein_coding
ENSG00000107185	RGP1	 6.13e-01	4.06e-05	protein_coding
ENSG00000170222	ADPRM	-8.02e-02	8.95e-01	protein_coding
ENSG00000119661	DNAL1	 3.39e-03	9.96e-01	protein_coding
ENSG00000136485	DCAF7	 9.19e-02	7.19e-01	protein_coding
ENSG00000105516	DBP	 7.59e-02	8.04e-01	protein_coding
ENSG00000177082	WDR73	-3.22e-01	9.02e-02	protein_coding
ENSG00000149257	SERPINH1	-3.11e-03	9.93e-01	protein_coding
ENSG00000185721	DRG1	-4.27e-01	2.52e-03	protein_coding
ENSG00000113456	RAD1	 9.10e-02	7.35e-01	protein_coding
ENSG00000171843	MLLT3	-1.08e-01	8.14e-01	protein_coding
ENSG00000118777	ABCG2	 8.86e-02	8.83e-01	protein_coding
ENSG00000063176	SPHK2	 3.00e-01	2.73e-01	protein_coding
ENSG00000198604	BAZ1A	-1.71e-01	7.24e-01	protein_coding
ENSG00000143878	RHOB	 2.67e-01	1.01e-01	protein_coding
ENSG00000196588	MRTFA	 2.88e-01	2.18e-01	protein_coding
ENSG00000043093	DCUN1D1	-1.97e-01	6.90e-01	protein_coding
ENSG00000185920	PTCH1	-4.04e-01	1.75e-01	protein_coding
ENSG00000129084	PSMA1	-9.02e-02	7.16e-01	protein_coding
ENSG00000113460	BRIX1	-2.61e-01	4.11e-01	protein_coding
ENSG00000063177	RPL18	 8.31e-03	9.81e-01	protein_coding
ENSG00000136463	TACO1	-4.14e-01	1.21e-02	protein_coding
ENSG00000197329	PELI1	-4.51e-01	2.14e-01	protein_coding
ENSG00000198039	ZNF273	 1.04e-02	9.89e-01	protein_coding
ENSG00000118960	HS1BP3	-1.05e-01	6.99e-01	protein_coding
ENSG00000164251	F2RL1	-5.98e-02	9.19e-01	protein_coding
ENSG00000127507	ADGRE2	-6.82e-02	8.97e-01	protein_coding
ENSG00000196139	AKR1C3	-2.63e-01	1.93e-01	protein_coding
ENSG00000197982	C1orf122	-4.35e-01	3.91e-04	protein_coding
ENSG00000178105	DDX10	 1.20e-01	8.14e-01	protein_coding
ENSG00000152620	NADK2	-2.95e-01	1.85e-01	protein_coding
ENSG00000069535	MAOB	 8.26e-02	7.18e-01	protein_coding
ENSG00000112992	NNT	-2.36e-01	4.13e-01	protein_coding
ENSG00000109099	PMP22	 1.35e-01	6.87e-01	protein_coding
ENSG00000104205	SGK3	 2.46e-02	9.72e-01	protein_coding
ENSG00000196449	YRDC	-1.70e-01	4.31e-01	protein_coding
ENSG00000146576	C7orf26	 4.30e-01	1.21e-01	protein_coding
ENSG00000171219	CDC42BPG	 7.55e-02	8.91e-01	protein_coding
ENSG00000165219	GAPVD1	 1.84e-01	5.31e-01	protein_coding
ENSG00000267321	LINC02001	-7.50e-02	7.75e-01	lncRNA
ENSG00000271155	AL161729.1	-3.81e-01	3.01e-01	lncRNA
ENSG00000101363	MANBAL	-2.78e-01	8.06e-02	protein_coding
ENSG00000160961	ZNF333	-5.89e-02	9.12e-01	protein_coding
ENSG00000108733	PEX12	 2.76e-02	9.57e-01	protein_coding
ENSG00000103363	ELOB	 2.83e-02	9.41e-01	protein_coding
ENSG00000089335	ZNF302	 9.05e-02	8.73e-01	protein_coding
ENSG00000259345	AC013652.1	 4.29e-01	1.46e-01	lncRNA
ENSG00000116205	TCEANC2	-3.69e-01	2.92e-01	protein_coding
ENSG00000091542	ALKBH5	 2.92e-01	7.60e-02	protein_coding
ENSG00000140564	FURIN	 6.22e-01	7.38e-06	protein_coding
ENSG00000205913	SRRM2-AS1	 9.93e-02	8.48e-01	lncRNA
ENSG00000176700	SCAND2P	-4.12e-01	7.75e-02	transcribed_unprocessed_pseudogene
ENSG00000230176	LINC01433	-1.78e-01	6.29e-01	lncRNA
ENSG00000205534	SMG1P2	 1.17e-01	8.04e-01	transcribed_unprocessed_pseudogene
ENSG00000176371	ZSCAN2	-2.87e-01	3.01e-01	protein_coding
ENSG00000114098	ARMC8	-2.33e-01	5.08e-01	protein_coding
ENSG00000167595	PROSER3	 3.21e-01	3.47e-01	protein_coding
ENSG00000214174	AMZ2P1	-6.31e-02	9.11e-01	transcribed_unprocessed_pseudogene
ENSG00000129968	ABHD17A	-4.39e-01	6.43e-03	protein_coding
ENSG00000248092	NNT-AS1	 3.22e-01	3.50e-01	lncRNA
ENSG00000134352	IL6ST	-1.68e-01	7.19e-01	protein_coding
ENSG00000105376	ICAM5	 1.65e-02	9.77e-01	protein_coding
ENSG00000125835	SNRPB	-2.00e-01	2.89e-01	protein_coding
ENSG00000167468	GPX4	-7.38e-02	8.10e-01	protein_coding
ENSG00000155189	AGPAT5	 4.00e-01	1.56e-01	protein_coding
ENSG00000088876	ZNF343	-2.25e-01	5.26e-01	protein_coding
ENSG00000165525	NEMF	 1.04e-01	8.36e-01	protein_coding
ENSG00000164053	ATRIP	-2.03e-01	4.32e-01	protein_coding
ENSG00000213462	ERV3-1	 4.97e-01	1.75e-01	protein_coding
ENSG00000135372	NAT10	 3.47e-01	2.95e-02	protein_coding
ENSG00000107021	TBC1D13	 3.75e-01	5.67e-02	protein_coding
ENSG00000157954	WIPI2	-5.28e-02	8.34e-01	protein_coding
ENSG00000162924	REL	 9.50e-02	8.47e-01	protein_coding
ENSG00000271447	MMP28	 1.67e-01	7.40e-01	protein_coding
ENSG00000122952	ZWINT	-7.08e-01	7.11e-09	protein_coding
ENSG00000185753	CXorf38	-6.07e-02	9.02e-01	protein_coding
ENSG00000104228	TRIM35	 3.48e-02	9.23e-01	protein_coding
ENSG00000185808	PIGP	 6.46e-02	8.68e-01	protein_coding
ENSG00000167978	SRRM2	-1.69e-01	4.19e-01	protein_coding
ENSG00000172301	COPRS	-2.40e-01	2.52e-01	protein_coding
ENSG00000071626	DAZAP1	-1.53e-01	3.42e-01	protein_coding
ENSG00000251003	ZFPM2-AS1	-9.03e-02	8.78e-01	lncRNA
ENSG00000234585	CCT6P3	 8.09e-02	8.94e-01	transcribed_unprocessed_pseudogene
ENSG00000234006	DDX39B-AS1	-9.63e-02	8.70e-01	lncRNA
ENSG00000034677	RNF19A	-1.92e-01	6.03e-01	protein_coding
ENSG00000270647	TAF15	 2.43e-01	2.91e-01	protein_coding
ENSG00000101160	CTSZ	-1.10e-01	5.75e-01	protein_coding
ENSG00000187742	SECISBP2	-3.73e-01	2.67e-01	protein_coding
ENSG00000163378	EOGT	-3.21e-02	9.63e-01	protein_coding
ENSG00000145354	CISD2	 2.93e-02	9.44e-01	protein_coding
ENSG00000162366	PDZK1IP1	 2.44e-01	6.01e-01	protein_coding
ENSG00000137876	RSL24D1	-6.81e-02	8.52e-01	protein_coding
ENSG00000144909	OSBPL11	-1.67e-02	9.78e-01	protein_coding
ENSG00000204498	NFKBIL1	-4.80e-01	4.17e-04	protein_coding
ENSG00000237436	CAMTA1-DT	 2.64e-01	5.63e-01	lncRNA
ENSG00000213020	ZNF611	 1.22e-02	9.87e-01	protein_coding
ENSG00000198937	CCDC167	-5.58e-02	8.52e-01	protein_coding
ENSG00000104450	SPAG1	 1.12e-01	8.44e-01	protein_coding
ENSG00000213689	TREX1	-3.23e-01	1.53e-01	protein_coding
ENSG00000089693	MLF2	-2.74e-02	9.19e-01	protein_coding
ENSG00000140563	MCTP2	-2.52e-01	3.80e-01	protein_coding
ENSG00000188786	MTF1	-2.31e-01	6.03e-01	protein_coding
ENSG00000145990	GFOD1	-3.40e-01	3.20e-01	protein_coding
ENSG00000124172	ATP5F1E	 5.80e-01	6.98e-03	protein_coding
ENSG00000233493	TMEM238	 3.49e-01	3.55e-01	protein_coding
ENSG00000275714	HIST1H3A	-1.43e-01	6.41e-01	protein_coding
ENSG00000278637	HIST1H4A	-4.89e-02	9.07e-01	protein_coding
ENSG00000159335	PTMS	 3.07e-01	3.15e-02	protein_coding
ENSG00000197122	SRC	 2.27e-01	3.64e-01	protein_coding
ENSG00000198563	DDX39B	-8.25e-02	8.39e-01	protein_coding
ENSG00000278705	HIST1H4B	 5.41e-02	8.97e-01	protein_coding
ENSG00000120686	UFM1	 4.67e-01	9.64e-02	protein_coding
ENSG00000125691	RPL23	 2.51e-01	2.48e-01	protein_coding
ENSG00000165516	KLHDC2	-1.60e-01	4.81e-01	protein_coding
ENSG00000131187	F12	-2.10e-01	4.33e-01	protein_coding
ENSG00000260727	SLC7A5P1	-1.65e-01	6.99e-01	transcribed_unprocessed_pseudogene
ENSG00000162419	GMEB1	 1.88e-01	5.68e-01	protein_coding
ENSG00000086102	NFX1	 6.55e-02	8.27e-01	protein_coding
ENSG00000146282	RARS2	 2.32e-01	4.73e-01	protein_coding
ENSG00000131188	PRR7	-1.37e-02	9.75e-01	protein_coding
ENSG00000135378	PRRG4	-3.40e-01	4.20e-01	protein_coding
ENSG00000110756	HPS5	 1.84e-01	4.81e-01	protein_coding
ENSG00000278463	HIST1H2AB	-2.47e-01	3.89e-01	protein_coding
ENSG00000170638	TRABD	-2.04e-01	3.47e-01	protein_coding
ENSG00000276410	HIST1H2BB	-1.85e-02	9.79e-01	protein_coding
ENSG00000198055	GRK6	-4.75e-01	2.85e-03	protein_coding
ENSG00000141522	ARHGDIA	 4.92e-01	1.66e-03	protein_coding
ENSG00000132535	DLG4	 4.50e-01	1.39e-01	protein_coding
ENSG00000148339	SLC25A25	-1.27e-01	6.71e-01	protein_coding
ENSG00000103485	QPRT	-6.13e-01	4.88e-08	protein_coding
ENSG00000106078	COBL	-1.50e-02	9.74e-01	protein_coding
ENSG00000198492	YTHDF2	 2.02e-01	3.18e-01	protein_coding
ENSG00000121211	MND1	-2.03e-01	6.52e-01	protein_coding
ENSG00000213676	ATF6B	 5.67e-02	8.64e-01	protein_coding
ENSG00000114166	KAT2B	-1.92e-01	6.95e-01	protein_coding
ENSG00000100330	MTMR3	 3.54e-02	9.48e-01	protein_coding
ENSG00000205903	ZNF316	 6.24e-01	3.00e-02	protein_coding
ENSG00000234771	SLC25A25-AS1	 7.67e-01	1.19e-02	lncRNA
ENSG00000171169	NAIF1	-1.80e-01	5.30e-01	protein_coding
ENSG00000274104	AC020910.4	-4.90e-02	9.36e-01	lncRNA
ENSG00000105640	RPL18A	 2.04e-01	3.57e-01	protein_coding
ENSG00000150787	PTS	-7.08e-02	8.41e-01	protein_coding
ENSG00000114738	MAPKAPK3	-2.61e-01	1.75e-01	protein_coding
ENSG00000229852	AC019205.1	-1.30e-01	8.14e-01	lncRNA
ENSG00000124214	STAU1	 4.96e-01	1.66e-03	protein_coding
ENSG00000185130	HIST1H2BL	 1.24e-01	7.41e-01	protein_coding
ENSG00000108055	SMC3	 1.95e-01	6.36e-01	protein_coding
ENSG00000135314	KHDC1	 3.51e-01	3.03e-01	protein_coding
ENSG00000136100	VPS36	-1.44e-01	6.94e-01	protein_coding
ENSG00000196747	HIST1H2AI	-4.71e-02	9.15e-01	protein_coding
ENSG00000167925	GHDC	-5.52e-02	8.59e-01	protein_coding
ENSG00000169398	PTK2	 1.61e-01	5.44e-01	protein_coding
ENSG00000278828	HIST1H3H	-1.56e-01	6.59e-01	protein_coding
ENSG00000157216	SSBP3	 6.22e-01	1.16e-04	protein_coding
ENSG00000100883	SRP54	-2.48e-01	5.00e-01	protein_coding
ENSG00000250303	AP002884.1	-3.56e-01	3.49e-01	lncRNA
ENSG00000114737	CISH	 3.45e-01	4.11e-01	protein_coding
ENSG00000155313	USP25	-3.26e-01	2.67e-01	protein_coding
ENSG00000187838	PLSCR3	 4.28e-01	2.43e-01	protein_coding
ENSG00000106993	CDC37L1	-7.45e-02	8.86e-01	protein_coding
ENSG00000168615	ADAM9	-1.23e-01	6.52e-01	protein_coding
ENSG00000136938	ANP32B	 2.63e-01	1.03e-01	protein_coding
ENSG00000179859	RNF227	 4.24e-01	2.11e-01	protein_coding
ENSG00000169126	ARMC4	 9.26e-02	8.73e-01	protein_coding
ENSG00000180626	ZNF594	 1.12e-01	8.39e-01	protein_coding
ENSG00000164403	SHROOM1	 1.21e-01	7.82e-01	protein_coding
ENSG00000142507	PSMB6	-3.02e-01	1.36e-01	protein_coding
ENSG00000099330	OCEL1	 3.15e-01	1.39e-01	protein_coding
ENSG00000277459	AP001527.2	 1.24e-02	9.86e-01	lncRNA
ENSG00000254870	ATP6V1G2-DDX39B	-1.03e-01	7.93e-01	protein_coding
ENSG00000148843	PDCD11	 1.90e-01	5.07e-01	protein_coding
ENSG00000180182	MED14	 5.71e-01	1.96e-02	protein_coding
ENSG00000278677	HIST1H2AM	-2.14e-01	4.49e-01	protein_coding
ENSG00000275221	HIST1H2AK	-1.88e-01	5.35e-01	protein_coding
ENSG00000205544	TMEM256	 1.95e-01	2.74e-01	protein_coding
ENSG00000134058	CDK7	-4.53e-02	9.28e-01	protein_coding
ENSG00000233822	HIST1H2BN	-1.65e-02	9.74e-01	protein_coding
ENSG00000006125	AP2B1	 2.12e-01	1.89e-01	protein_coding
ENSG00000273703	HIST1H2BM	 1.50e-01	7.09e-01	protein_coding
ENSG00000197238	HIST1H4J	 1.59e-01	6.77e-01	protein_coding
ENSG00000010704	HFE	-2.70e-02	9.58e-01	protein_coding
ENSG00000188895	MSL1	 2.37e-01	2.27e-01	protein_coding
ENSG00000162927	PUS10	-4.03e-01	3.15e-01	protein_coding
ENSG00000197153	HIST1H3J	-2.54e-01	4.60e-01	protein_coding
ENSG00000119397	CNTRL	 8.25e-02	8.77e-01	protein_coding
ENSG00000276368	HIST1H2AJ	-7.70e-02	8.52e-01	protein_coding
ENSG00000164850	GPER1	 9.01e-02	8.28e-01	protein_coding
ENSG00000174292	TNK1	 8.54e-03	9.87e-01	protein_coding
ENSG00000168477	TNXB	-4.78e-02	9.07e-01	protein_coding
ENSG00000137693	YAP1	-1.15e-01	6.59e-01	protein_coding
ENSG00000182220	ATP6AP2	 1.60e-01	5.68e-01	protein_coding
ENSG00000099860	GADD45B	-7.71e-02	8.00e-01	protein_coding
ENSG00000186523	FAM86B1	 1.79e-01	7.13e-01	protein_coding
ENSG00000130227	XPO7	 1.50e-01	5.62e-01	protein_coding
ENSG00000171467	ZNF318	 1.97e-01	5.75e-01	protein_coding
ENSG00000021776	AQR	 8.01e-02	8.68e-01	protein_coding
ENSG00000169857	AVEN	-3.54e-01	1.43e-01	protein_coding
ENSG00000280187	AC022107.1	-9.35e-03	9.91e-01	TEC
ENSG00000215883	CYB5RL	-2.65e-01	4.32e-01	protein_coding
ENSG00000146540	C7orf50	-7.39e-01	8.90e-08	protein_coding
ENSG00000118961	LDAH	-3.11e-01	3.47e-01	protein_coding
ENSG00000087266	SH3BP2	 1.97e-01	5.99e-01	protein_coding
ENSG00000162928	PEX13	-2.12e-01	4.64e-01	protein_coding
ENSG00000123213	NLN	 3.19e-02	9.53e-01	protein_coding
ENSG00000272779	AC245060.4	 8.49e-02	8.56e-01	transcribed_unprocessed_pseudogene
ENSG00000116221	MRPL37	-2.98e-01	2.18e-02	protein_coding
ENSG00000197061	HIST1H4C	 1.98e-01	5.34e-01	protein_coding
ENSG00000197841	ZNF181	 9.73e-02	8.69e-01	protein_coding
ENSG00000187475	HIST1H1T	-1.15e-01	8.34e-01	protein_coding
ENSG00000180573	HIST1H2AC	-1.25e-01	7.04e-01	protein_coding
ENSG00000187837	HIST1H1C	-5.56e-01	1.50e-02	protein_coding
ENSG00000140157	NIPA2	-6.18e-02	8.42e-01	protein_coding
ENSG00000180596	HIST1H2BC	-3.13e-02	9.48e-01	protein_coding
ENSG00000060971	ACAA1	-8.20e-01	5.86e-11	protein_coding
ENSG00000204084	INPP5B	 2.10e-01	4.79e-01	protein_coding
ENSG00000101166	PRELID3B	-9.87e-02	7.55e-01	protein_coding
ENSG00000060749	QSER1	 8.19e-01	9.66e-03	protein_coding
ENSG00000205629	LCMT1	 1.99e-01	3.33e-01	protein_coding
ENSG00000256806	C17orf100	 4.64e-01	2.11e-01	protein_coding
ENSG00000186432	KPNA4	-1.53e-01	6.88e-01	protein_coding
ENSG00000101412	E2F1	-1.52e-01	3.66e-01	protein_coding
ENSG00000134874	DZIP1	-1.22e-01	8.10e-01	protein_coding
ENSG00000121892	PDS5A	 1.91e-03	9.97e-01	protein_coding
ENSG00000075151	EIF4G3	 2.00e-01	5.21e-01	protein_coding
ENSG00000170043	TRAPPC1	 2.47e-01	1.50e-01	protein_coding
ENSG00000163636	PSMD6	-8.42e-02	8.29e-01	protein_coding
ENSG00000106785	TRIM14	 3.14e-01	2.26e-01	protein_coding
ENSG00000171566	PLRG1	-9.55e-02	7.93e-01	protein_coding
ENSG00000113597	TRAPPC13	-1.44e-01	7.76e-01	protein_coding
ENSG00000002834	LASP1	 4.61e-01	1.26e-03	protein_coding
ENSG00000113387	SUB1	-1.01e-01	7.50e-01	protein_coding
ENSG00000182095	TNRC18	 7.71e-01	1.24e-05	protein_coding
ENSG00000170037	CNTROB	 2.09e-01	3.34e-01	protein_coding
ENSG00000095380	NANS	-5.98e-01	9.61e-07	protein_coding
ENSG00000120063	GNA13	-2.52e-02	9.66e-01	protein_coding
ENSG00000056586	RC3H2	 5.44e-02	8.53e-01	protein_coding
ENSG00000153044	CENPH	-1.72e-01	6.18e-01	protein_coding
ENSG00000171867	PRNP	-9.75e-02	7.88e-01	protein_coding
ENSG00000273749	CYFIP1	 3.00e-01	1.16e-01	protein_coding
ENSG00000170088	TMEM192	-3.61e-01	3.39e-01	protein_coding
ENSG00000175106	TVP23C	 1.61e-01	7.07e-01	protein_coding
ENSG00000197860	SGTB	-3.92e-02	9.53e-01	protein_coding
ENSG00000164638	SLC29A4	 4.19e-01	2.94e-01	protein_coding
ENSG00000105641	SLC5A5	 4.57e-02	9.33e-01	protein_coding
ENSG00000114125	RNF7	-1.43e-01	3.98e-01	protein_coding
ENSG00000108107	RPL28	 1.88e-01	5.14e-01	protein_coding
ENSG00000112335	SNX3	-1.33e-01	5.80e-01	protein_coding
ENSG00000064651	SLC12A2	-1.46e-03	9.97e-01	protein_coding
ENSG00000164405	UQCRQ	 2.69e-01	7.58e-02	protein_coding
ENSG00000132819	RBM38	 5.42e-02	8.93e-01	protein_coding
ENSG00000166803	PCLAF	 1.12e-01	7.74e-01	protein_coding
ENSG00000259024	TVP23C-CDRT4	-6.12e-01	3.08e-02	protein_coding
ENSG00000104517	UBR5	-1.26e-01	8.22e-01	protein_coding
ENSG00000108106	UBE2S	-2.59e-01	2.24e-01	protein_coding
ENSG00000093144	ECHDC1	-2.38e-01	5.64e-01	protein_coding
ENSG00000270885	RASL10B	-1.60e-01	6.35e-01	protein_coding
ENSG00000108651	UTP6	-4.49e-01	6.44e-02	protein_coding
ENSG00000113595	TRIM23	 3.22e-01	4.41e-01	protein_coding
ENSG00000110047	EHD1	 7.38e-02	7.98e-01	protein_coding
ENSG00000173327	MAP3K11	 2.28e-01	2.06e-01	protein_coding
ENSG00000122376	SHLD2	-1.18e-01	8.29e-01	protein_coding
ENSG00000131196	NFATC1	-9.15e-02	8.68e-01	protein_coding
ENSG00000109466	KLHL2	 1.21e-01	7.96e-01	protein_coding
ENSG00000013523	ANGEL1	 3.88e-01	8.51e-02	protein_coding
ENSG00000102580	DNAJC3	-1.37e-01	7.23e-01	protein_coding
ENSG00000007080	CCDC124	-2.40e-01	3.08e-01	protein_coding
ENSG00000101266	CSNK2A1	 6.59e-02	8.60e-01	protein_coding
ENSG00000153896	ZNF599	-9.12e-02	8.37e-01	protein_coding
ENSG00000198121	LPAR1	 1.08e-01	7.46e-01	protein_coding
ENSG00000088726	TMEM40	-2.11e-02	9.75e-01	protein_coding
ENSG00000204604	ZNF468	 3.28e-01	4.19e-01	protein_coding
ENSG00000041357	PSMA4	-5.68e-01	2.68e-02	protein_coding
ENSG00000071246	VASH1	-9.21e-02	8.36e-01	protein_coding
ENSG00000164684	ZNF704	-1.78e-01	7.29e-01	protein_coding
ENSG00000137818	RPLP1	 3.10e-01	8.84e-02	protein_coding
ENSG00000129219	PLD2	-8.64e-02	7.93e-01	protein_coding
ENSG00000154079	SDHAF4	 3.52e-01	1.87e-01	protein_coding
ENSG00000146143	PRIM2	-1.29e-01	6.40e-01	protein_coding
ENSG00000148672	GLUD1	-1.18e-01	6.18e-01	protein_coding
ENSG00000151151	IPMK	-2.44e-01	5.57e-01	protein_coding
ENSG00000165684	SNAPC4	 1.82e-01	5.05e-01	protein_coding
ENSG00000260589	STAM-AS1	 1.94e-01	6.90e-01	lncRNA
ENSG00000232818	RPS2P32	-1.40e-01	6.24e-01	processed_pseudogene
ENSG00000008226	DLEC1	 1.55e-01	7.62e-01	protein_coding
ENSG00000134153	EMC7	-2.57e-02	9.32e-01	protein_coding
ENSG00000184014	DENND5A	 9.76e-02	6.92e-01	protein_coding
ENSG00000005238	FAM214B	 2.96e-01	3.41e-01	protein_coding
ENSG00000171735	CAMTA1	 2.18e-01	2.36e-01	protein_coding
ENSG00000122873	CISD1	 2.31e-01	3.05e-01	protein_coding
ENSG00000047621	C12orf4	 5.32e-03	9.95e-01	protein_coding
ENSG00000167037	SGSM1	-2.38e-01	5.35e-01	protein_coding
ENSG00000147853	AK3	 1.32e-01	6.90e-01	protein_coding
ENSG00000100345	MYH9	 1.67e-01	4.76e-01	protein_coding
ENSG00000274641	HIST1H2BO	 8.71e-02	8.33e-01	protein_coding
ENSG00000040275	SPDL1	 3.60e-02	9.54e-01	protein_coding
ENSG00000144744	UBA3	-2.81e-01	2.99e-01	protein_coding
ENSG00000015475	BID	-7.15e-01	1.61e-07	protein_coding
ENSG00000134056	MRPS36	 3.38e-02	9.50e-01	protein_coding
ENSG00000182405	PGBD4	 2.51e-01	5.46e-01	protein_coding
ENSG00000118162	KPTN	-2.02e-01	4.45e-01	protein_coding
ENSG00000172795	DCP2	-3.46e-01	2.11e-01	protein_coding
ENSG00000130544	ZNF557	 1.81e-02	9.76e-01	protein_coding
ENSG00000141873	SLC39A3	-2.14e-01	1.76e-01	protein_coding
ENSG00000142002	DPP9	 5.11e-02	8.87e-01	protein_coding
ENSG00000070778	AL162171.1	-2.23e-01	6.23e-01	protein_coding
ENSG00000162976	PQLC3	-1.45e-01	7.23e-01	protein_coding
ENSG00000101417	PXMP4	 4.66e-02	9.26e-01	protein_coding
ENSG00000176490	DIRAS1	 1.30e-01	7.72e-01	protein_coding
ENSG00000100220	RTCB	-6.08e-01	1.61e-07	protein_coding
ENSG00000138347	MYPN	-6.79e-02	8.63e-01	protein_coding
ENSG00000198146	ZNF770	 3.19e-01	4.27e-01	protein_coding
ENSG00000072401	UBE2D1	 3.29e-01	3.79e-01	protein_coding
ENSG00000121210	TMEM131L	 3.16e-01	4.53e-01	protein_coding
ENSG00000141401	IMPA2	-7.28e-02	8.01e-01	protein_coding
ENSG00000166073	GPR176	 2.56e-01	2.81e-01	protein_coding
ENSG00000118496	FBXO30	 2.24e-01	6.33e-01	protein_coding
ENSG00000128791	TWSG1	 1.88e-01	6.99e-01	protein_coding
ENSG00000146414	SHPRH	-7.11e-03	9.93e-01	protein_coding
ENSG00000137801	THBS1	 6.42e-01	1.39e-04	protein_coding
ENSG00000163590	PPM1L	-3.52e-01	2.74e-01	protein_coding
ENSG00000135336	ORC3	 3.65e-02	9.54e-01	protein_coding
ENSG00000221983	UBA52	 8.78e-02	6.31e-01	protein_coding
ENSG00000144747	TMF1	-2.15e-02	9.75e-01	protein_coding
ENSG00000150527	MIA2	 6.52e-01	2.51e-03	protein_coding
ENSG00000011132	APBA3	-3.77e-01	8.12e-02	protein_coding
ENSG00000006016	CRLF1	 1.39e-02	9.85e-01	protein_coding
ENSG00000115268	RPS15	-9.24e-02	7.42e-01	protein_coding
ENSG00000228409	CCT6P1	-4.05e-01	2.44e-01	transcribed_unprocessed_pseudogene
ENSG00000140459	CYP11A1	 2.27e-01	5.35e-01	protein_coding
ENSG00000105402	NAPA	 8.07e-03	9.77e-01	protein_coding
ENSG00000171444	MCC	-2.26e-01	5.48e-01	protein_coding
ENSG00000090581	GNPTG	-3.29e-01	1.57e-01	protein_coding
ENSG00000185880	TRIM69	-1.95e-01	6.17e-01	protein_coding
ENSG00000078070	MCCC1	-5.36e-01	4.75e-02	protein_coding
ENSG00000183323	CCDC125	 4.77e-01	1.92e-01	protein_coding
ENSG00000185900	POMK	-2.86e-01	4.09e-01	protein_coding
ENSG00000124570	SERPINB6	-4.10e-01	4.17e-04	protein_coding
ENSG00000183250	LINC01547	 9.13e-03	9.89e-01	lncRNA
ENSG00000059145	UNKL	-1.62e-02	9.72e-01	protein_coding
ENSG00000168040	FADD	-5.34e-01	6.50e-06	protein_coding
ENSG00000134146	DPH6	 4.05e-02	9.28e-01	protein_coding
ENSG00000006015	REX1BD	-5.07e-01	5.68e-03	protein_coding
ENSG00000188167	TMPPE	 3.00e-01	4.94e-01	protein_coding
ENSG00000229043	AC091729.3	 1.50e-02	9.72e-01	lncRNA
ENSG00000170275	CRTAP	 2.21e-01	1.08e-01	protein_coding
ENSG00000106789	CORO2A	-1.38e-01	7.87e-01	protein_coding
ENSG00000146426	TIAM2	-2.23e-02	9.75e-01	protein_coding
ENSG00000268061	NAPA-AS1	-3.80e-01	2.77e-01	lncRNA
ENSG00000140511	HAPLN3	 3.88e-01	2.74e-01	protein_coding
ENSG00000174276	ZNHIT2	-5.56e-01	1.82e-05	protein_coding
ENSG00000101199	ARFGAP1	 2.01e-02	9.61e-01	protein_coding
ENSG00000224424	PRKAR2A-AS1	 8.81e-02	8.74e-01	lncRNA
ENSG00000231528	FAM225A	 7.71e-01	3.92e-03	lncRNA
ENSG00000169118	CSNK1G1	-6.12e-03	9.91e-01	protein_coding
ENSG00000017797	RALBP1	-2.47e-01	4.96e-01	protein_coding
ENSG00000114302	PRKAR2A	-4.21e-01	6.04e-02	protein_coding
ENSG00000178381	ZFAND2A	-2.60e-01	2.03e-01	protein_coding
ENSG00000164088	PPM1M	-2.98e-01	1.94e-01	protein_coding
ENSG00000166949	SMAD3	 4.25e-01	2.13e-02	protein_coding
ENSG00000236924	AL162411.1	 1.04e-01	8.45e-01	lncRNA
ENSG00000236287	ZBED5	 5.34e-01	4.26e-02	protein_coding
ENSG00000070814	TCOF1	 1.28e-01	4.91e-01	protein_coding
ENSG00000119321	FKBP15	 2.75e-01	3.26e-01	protein_coding
ENSG00000105289	TJP3	-4.44e-01	2.09e-02	protein_coding
ENSG00000247271	ZBED5-AS1	 8.36e-02	8.28e-01	lncRNA
ENSG00000029639	TFB1M	-2.32e-01	4.35e-01	protein_coding
ENSG00000213638	ADAT3	 3.97e-01	1.20e-01	protein_coding
ENSG00000232352	SEMA3B-AS1	 5.36e-02	9.28e-01	lncRNA
ENSG00000124486	USP9X	-2.92e-02	9.36e-01	protein_coding
ENSG00000136867	SLC31A2	 1.77e-01	6.76e-01	protein_coding
ENSG00000225791	TRAM2-AS1	-1.09e-01	8.46e-01	lncRNA
ENSG00000164548	TRA2A	-2.26e-01	3.30e-01	protein_coding
ENSG00000123473	STIL	 9.19e-02	8.01e-01	protein_coding
ENSG00000088247	KHSRP	 3.20e-01	6.84e-03	protein_coding
ENSG00000102804	TSC22D1	 1.10e-01	6.13e-01	protein_coding
ENSG00000073910	FRY	 2.95e-01	5.05e-01	protein_coding
ENSG00000259316	AC087632.1	 1.88e-01	6.23e-01	protein_coding
ENSG00000170266	GLB1	 1.77e-01	5.31e-01	protein_coding
ENSG00000167136	ENDOG	-6.74e-01	1.01e-05	protein_coding
ENSG00000102543	CDADC1	-1.24e-01	7.95e-01	protein_coding
ENSG00000184349	EFNA5	 3.35e-01	3.37e-01	protein_coding
ENSG00000115944	COX7A2L	-7.61e-02	7.94e-01	protein_coding
ENSG00000197279	ZNF165	 4.40e-02	9.45e-01	protein_coding
ENSG00000119862	LGALSL	 2.81e-01	3.26e-01	protein_coding
ENSG00000272009	AL121944.1	-1.78e-01	7.06e-01	lncRNA
ENSG00000227500	SCAMP4	 8.37e-01	5.29e-06	protein_coding
ENSG00000275895	U2AF1L5	-4.54e-02	8.77e-01	protein_coding
ENSG00000095015	MAP3K1	 1.75e-01	6.52e-01	protein_coding
ENSG00000076641	PAG1	-1.08e-01	8.49e-01	protein_coding
ENSG00000259479	SORD2P	-8.48e-02	8.77e-01	transcribed_unprocessed_pseudogene
ENSG00000166619	BLCAP	-2.97e-02	9.36e-01	protein_coding
ENSG00000136108	CKAP2	 3.30e-01	4.43e-01	protein_coding
ENSG00000145819	ARHGAP26	-3.64e-01	3.27e-01	protein_coding
ENSG00000171469	ZNF561	 8.89e-02	8.51e-01	protein_coding
ENSG00000094880	CDC23	-2.97e-01	2.11e-01	protein_coding
ENSG00000154582	ELOC	 1.79e-01	4.43e-01	protein_coding
ENSG00000213079	SCAF8	-3.32e-01	3.07e-01	protein_coding
ENSG00000160113	NR2F6	-2.30e-01	1.71e-01	protein_coding
ENSG00000267673	FDX2	-4.71e-01	4.59e-03	protein_coding
ENSG00000102595	UGGT2	 3.24e-02	9.46e-01	protein_coding
ENSG00000198917	SPOUT1	-2.66e-01	1.78e-01	protein_coding
ENSG00000101265	RASSF2	 2.32e-01	6.25e-01	protein_coding
ENSG00000258790	AL121594.1	 6.65e-01	5.34e-02	protein_coding
ENSG00000197077	KIAA1671	 2.83e-01	1.34e-01	protein_coding
ENSG00000100890	KIAA0391	 4.51e-02	9.17e-01	protein_coding
ENSG00000112984	KIF20A	-3.32e-01	7.86e-02	protein_coding
ENSG00000136802	LRRC8A	 3.43e-01	5.16e-02	protein_coding
ENSG00000076662	ICAM3	-1.89e-01	5.75e-01	protein_coding
ENSG00000203497	PDCD4-AS1	 2.19e-01	4.18e-01	lncRNA
ENSG00000141738	GRB7	 2.27e-01	3.87e-01	protein_coding
ENSG00000139832	RAB20	-2.54e-01	1.54e-01	protein_coding
ENSG00000171097	KYAT1	-3.09e-01	9.84e-02	protein_coding
ENSG00000090932	DLL3	-1.55e-01	6.41e-01	protein_coding
ENSG00000108561	C1QBP	-1.54e-01	3.06e-01	protein_coding
ENSG00000215190	LINC00680	-9.96e-02	8.49e-01	transcribed_unprocessed_pseudogene
ENSG00000275880	AL139385.1	 6.01e-02	9.21e-01	lncRNA
ENSG00000108559	NUP88	-2.78e-01	1.06e-01	protein_coding
ENSG00000213995	NAXD	-8.16e-02	7.90e-01	protein_coding
ENSG00000198814	GK	-1.89e-01	6.62e-01	protein_coding
ENSG00000165929	TC2N	 1.63e-01	7.10e-01	protein_coding
ENSG00000274425	AC114271.1	 7.72e-02	8.78e-01	lncRNA
ENSG00000167807	AC011511.1	 1.16e-01	8.39e-01	protein_coding
ENSG00000112339	HBS1L	 1.65e-01	7.04e-01	protein_coding
ENSG00000117298	ECE1	 5.91e-01	1.28e-03	protein_coding
ENSG00000100225	FBXO7	-5.63e-02	8.34e-01	protein_coding
ENSG00000140534	TICRR	 2.25e-01	2.51e-01	protein_coding
ENSG00000145743	FBXL17	 5.05e-01	1.50e-01	protein_coding
ENSG00000214413	BBIP1	 2.14e-01	5.93e-01	protein_coding
ENSG00000187239	FNBP1	 4.43e-01	9.83e-02	protein_coding
ENSG00000166813	KIF7	-2.05e-01	6.13e-01	protein_coding
ENSG00000161847	RAVER1	 9.49e-01	2.47e-11	protein_coding
ENSG00000178802	MPI	-1.56e-01	3.93e-01	protein_coding
ENSG00000138172	CALHM2	 1.03e-01	7.83e-01	protein_coding
ENSG00000069956	MAPK6	-3.87e-02	9.41e-01	protein_coding
ENSG00000105550	FGF21	 3.95e-01	3.24e-01	protein_coding
ENSG00000007520	TSR3	-7.26e-01	1.05e-06	protein_coding
ENSG00000172869	DMXL1	-2.51e-01	4.30e-01	protein_coding
ENSG00000171105	INSR	 8.38e-02	7.82e-01	protein_coding
ENSG00000171084	FAM86JP	 4.34e-01	2.66e-01	transcribed_unprocessed_pseudogene
ENSG00000132646	PCNA	-1.18e-01	6.31e-01	protein_coding
ENSG00000166477	LEO1	 1.47e-01	7.54e-01	protein_coding
ENSG00000110048	OSBP	 4.07e-01	5.68e-02	protein_coding
ENSG00000137133	HINT2	-2.16e-01	1.45e-01	protein_coding
ENSG00000138594	TMOD3	 1.42e-02	9.84e-01	protein_coding
ENSG00000130307	USHBP1	-4.06e-01	2.97e-01	protein_coding
ENSG00000165102	HGSNAT	-1.32e-01	6.91e-01	protein_coding
ENSG00000215375	MYL5	-2.66e-01	4.04e-01	protein_coding
ENSG00000150593	PDCD4	 9.39e-02	8.06e-01	protein_coding
ENSG00000154229	PRKCA	-2.33e-01	3.44e-01	protein_coding
ENSG00000174992	ZG16	 1.45e-01	7.38e-01	protein_coding
ENSG00000029364	SLC39A9	 1.38e-01	6.25e-01	protein_coding
ENSG00000100461	RBM23	 3.49e-03	9.93e-01	protein_coding
ENSG00000107077	KDM4C	 1.97e-01	5.33e-01	protein_coding
ENSG00000136738	STAM	-6.54e-03	9.90e-01	protein_coding
ENSG00000065526	SPEN	 3.75e-01	9.42e-02	protein_coding
ENSG00000179743	AL450998.2	-3.27e-01	1.65e-01	lncRNA
ENSG00000169020	ATP5ME	 6.22e-01	2.08e-04	protein_coding
ENSG00000169371	SNUPN	-2.70e-01	1.15e-01	protein_coding
ENSG00000100902	PSMA6	-3.11e-01	1.77e-01	protein_coding
ENSG00000077312	SNRPA	 9.74e-02	6.24e-01	protein_coding
ENSG00000134152	KATNBL1	-1.54e-01	6.92e-01	protein_coding
ENSG00000129197	RPAIN	-1.33e-01	5.63e-01	protein_coding
ENSG00000237651	C2orf74	 3.08e-02	9.61e-01	protein_coding
ENSG00000137103	TMEM8B	 3.49e-01	1.67e-01	protein_coding
ENSG00000086544	ITPKC	 5.88e-02	8.85e-01	protein_coding
ENSG00000178761	FAM219B	-8.04e-02	8.22e-01	protein_coding
ENSG00000150054	MPP7	-5.32e-01	6.69e-03	protein_coding
ENSG00000162929	KIAA1841	 2.05e-01	6.21e-01	protein_coding
ENSG00000188352	FOCAD	 7.00e-02	8.54e-01	protein_coding
ENSG00000164253	WDR41	-1.09e-01	7.55e-01	protein_coding
ENSG00000188493	C19orf54	 4.90e-01	9.13e-03	protein_coding
ENSG00000129460	NGDN	-4.94e-01	1.60e-02	protein_coding
ENSG00000169410	PTPN9	 6.87e-02	8.34e-01	protein_coding
ENSG00000100632	ERH	-8.87e-02	7.87e-01	protein_coding
ENSG00000263818	RDM1P5	 3.02e-01	4.40e-01	transcribed_processed_pseudogene
ENSG00000185686	PRAME	-1.80e-01	3.92e-01	protein_coding
ENSG00000108840	HDAC5	-3.13e-02	9.34e-01	protein_coding
ENSG00000120685	PROSER1	 3.01e-01	3.80e-01	protein_coding
ENSG00000078177	N4BP2	 8.09e-01	1.33e-02	protein_coding
ENSG00000112996	MRPS30	-1.12e-02	9.73e-01	protein_coding
ENSG00000147996	CBWD5	-1.91e-02	9.75e-01	protein_coding
ENSG00000108587	GOSR1	 5.27e-01	3.56e-02	protein_coding
ENSG00000111640	GAPDH	-2.50e-01	9.31e-02	protein_coding
ENSG00000092020	PPP2R3C	 6.08e-02	9.07e-01	protein_coding
ENSG00000176401	EID2B	-6.79e-03	9.93e-01	protein_coding
ENSG00000005100	DHX33	 2.36e-01	3.62e-01	protein_coding
ENSG00000049245	VAMP3	 4.31e-01	7.11e-02	protein_coding
ENSG00000269968	AC006064.4	 7.80e-02	8.70e-01	lncRNA
ENSG00000107643	MAPK8	 1.76e-01	6.27e-01	protein_coding
ENSG00000212978	AC016747.1	 4.55e-01	1.19e-01	lncRNA
ENSG00000029725	RABEP1	-8.60e-02	8.26e-01	protein_coding
ENSG00000112305	SMAP1	-1.20e-02	9.85e-01	protein_coding
ENSG00000152942	RAD17	-6.69e-02	9.08e-01	protein_coding
ENSG00000130309	COLGALT1	 1.60e-01	4.38e-01	protein_coding
ENSG00000155827	RNF20	-3.06e-01	3.39e-01	protein_coding
ENSG00000196715	VKORC1L1	 7.71e-02	8.34e-01	protein_coding
ENSG00000104957	CCDC130	-1.91e-01	4.72e-01	protein_coding
ENSG00000113389	NPR3	-3.34e-01	1.39e-01	protein_coding
ENSG00000119953	SMNDC1	 8.19e-02	8.11e-01	protein_coding
ENSG00000164687	FABP5	 1.11e-02	9.81e-01	protein_coding
ENSG00000123815	COQ8B	-3.61e-01	2.73e-02	protein_coding
ENSG00000112175	BMP5	 9.51e-03	9.90e-01	protein_coding
ENSG00000173041	ZNF680	 2.81e-01	4.96e-01	protein_coding
ENSG00000151327	FAM177A1	 6.07e-02	8.67e-01	protein_coding
ENSG00000105393	BABAM1	-3.89e-01	2.88e-02	protein_coding
ENSG00000165688	PMPCA	-4.11e-02	8.91e-01	protein_coding
ENSG00000151422	FER	 2.03e-01	6.57e-01	protein_coding
ENSG00000273143	AL355512.1	 1.36e-01	7.97e-01	lncRNA
ENSG00000168237	GLYCTK	-6.44e-01	9.80e-05	protein_coding
ENSG00000166889	PATL1	 4.64e-01	1.96e-02	protein_coding
ENSG00000074695	LMAN1	-3.09e-01	3.16e-01	protein_coding
ENSG00000119844	AFTPH	-5.98e-02	9.04e-01	protein_coding
ENSG00000112983	BRD8	-1.67e-01	4.60e-01	protein_coding
ENSG00000164091	WDR82	 3.96e-01	1.74e-02	protein_coding
ENSG00000090316	MAEA	-2.07e-02	9.47e-01	protein_coding
ENSG00000171448	ZBTB26	 1.94e-01	6.96e-01	protein_coding
ENSG00000140396	NCOA2	 2.37e-01	5.66e-01	protein_coding
ENSG00000274808	TBC1D3B	-4.50e-02	9.44e-01	protein_coding
ENSG00000105643	ARRDC2	-4.61e-01	1.68e-02	protein_coding
ENSG00000096092	TMEM14A	-1.47e-01	6.86e-01	protein_coding
ENSG00000124733	MEA1	-3.82e-01	1.17e-02	protein_coding
ENSG00000120158	RCL1	 2.44e-02	9.40e-01	protein_coding
ENSG00000049246	PER3	-2.42e-01	5.94e-01	protein_coding
ENSG00000166337	TAF10	-1.86e-01	2.85e-01	protein_coding
ENSG00000266173	STRADA	 2.46e-01	3.02e-01	protein_coding
ENSG00000173039	RELA	 5.56e-01	6.84e-05	protein_coding
ENSG00000253741	LNCOC1	-1.02e-01	8.60e-01	lncRNA
ENSG00000100982	PCIF1	 2.58e-01	9.35e-02	protein_coding
ENSG00000134318	ROCK2	-6.08e-01	5.06e-02	protein_coding
ENSG00000160886	LY6K	-1.07e-01	7.21e-01	protein_coding
ENSG00000012171	SEMA3B	 4.26e-02	8.61e-01	protein_coding
ENSG00000165689	ENTR1	-9.04e-02	6.78e-01	protein_coding
ENSG00000136875	PRPF4	 4.30e-02	8.89e-01	protein_coding
ENSG00000176386	CDC26	-2.16e-02	9.66e-01	protein_coding
ENSG00000124702	KLHDC3	-8.17e-02	7.60e-01	protein_coding
ENSG00000132846	ZBED3	 3.97e-01	2.73e-01	protein_coding
ENSG00000108813	DLX4	 1.82e-01	6.68e-01	protein_coding
ENSG00000131061	ZNF341	 4.44e-01	1.40e-01	protein_coding
ENSG00000115421	PAPOLG	 4.99e-01	1.63e-01	protein_coding
ENSG00000090530	P3H2	 3.20e-01	1.65e-01	protein_coding
ENSG00000136868	SLC31A1	 5.10e-02	8.76e-01	protein_coding
ENSG00000176396	EID2	-2.36e-01	4.14e-01	protein_coding
ENSG00000107954	NEURL1	 8.42e-02	7.32e-01	protein_coding
ENSG00000099992	TBC1D10A	-6.06e-01	1.05e-02	protein_coding
ENSG00000079616	KIF22	-5.08e-01	3.79e-05	protein_coding
ENSG00000136319	TTC5	-2.42e-01	3.98e-01	protein_coding
ENSG00000155592	ZKSCAN2	-3.85e-01	3.07e-01	protein_coding
ENSG00000072364	AFF4	-1.06e-01	6.99e-01	protein_coding
ENSG00000113231	PDE8B	-3.74e-01	6.26e-02	protein_coding
ENSG00000239282	CASTOR1	-1.41e-02	9.85e-01	protein_coding
ENSG00000100462	PRMT5	-3.34e-01	2.52e-02	protein_coding
ENSG00000007516	BAIAP3	 9.26e-02	8.76e-01	protein_coding
ENSG00000069509	FUNDC1	-2.05e-02	9.68e-01	protein_coding
ENSG00000073169	SELENOO	-4.91e-01	8.11e-03	protein_coding
ENSG00000169193	CCDC126	 1.97e-01	6.56e-01	protein_coding
ENSG00000079215	SLC1A3	-2.96e-01	3.76e-01	protein_coding
ENSG00000145050	MANF	 6.43e-02	8.05e-01	protein_coding
ENSG00000136068	FLNB	 2.61e-01	6.85e-02	protein_coding
ENSG00000167186	COQ7	-1.47e-01	6.34e-01	protein_coding
ENSG00000108349	CASC3	 5.50e-01	6.93e-05	protein_coding
ENSG00000155545	MIER3	 4.60e-01	2.34e-01	protein_coding
ENSG00000181722	ZBTB20	-6.52e-02	8.91e-01	protein_coding
ENSG00000168724	DNAJC21	 2.36e-02	9.63e-01	protein_coding
ENSG00000138623	SEMA7A	 7.31e-02	8.81e-01	protein_coding
ENSG00000179833	SERTAD2	 5.50e-01	1.01e-01	protein_coding
ENSG00000108370	RGS9	-6.42e-02	9.01e-01	protein_coding
ENSG00000254635	WAC-AS1	 5.01e-02	9.33e-01	lncRNA
ENSG00000166333	ILK	-1.52e-01	3.69e-01	protein_coding
ENSG00000109113	RAB34	-2.37e-01	1.71e-01	protein_coding
ENSG00000162368	CMPK1	 1.72e-02	9.71e-01	protein_coding
ENSG00000062282	DGAT2	-1.75e-01	5.26e-01	protein_coding
ENSG00000244161	FLNB-AS1	-2.43e-02	9.65e-01	lncRNA
ENSG00000267475	AC008736.2	-5.54e-01	1.19e-01	lncRNA
ENSG00000274925	ZKSCAN2-DT	 3.08e-01	4.77e-01	lncRNA
ENSG00000213965	NUDT19	 4.18e-01	1.33e-01	protein_coding
ENSG00000106077	ABHD11	-2.01e-01	4.07e-01	protein_coding
ENSG00000175895	PLEKHF2	-1.67e-01	7.39e-01	protein_coding
ENSG00000133433	GSTT2B	-3.53e-01	4.71e-02	protein_coding
ENSG00000155542	SETD9	 1.88e-01	6.78e-01	protein_coding
ENSG00000096746	HNRNPH3	-1.63e-01	5.24e-01	protein_coding
ENSG00000128059	PPAT	-1.39e-01	7.64e-01	protein_coding
ENSG00000273841	TAF9	-8.69e-04	9.99e-01	protein_coding
ENSG00000099974	DDTL	 3.97e-01	2.40e-01	protein_coding
ENSG00000130193	THEM6	-1.90e-01	2.50e-01	protein_coding
ENSG00000170537	TMC7	-1.94e-01	6.69e-01	protein_coding
ENSG00000188811	NHLRC3	 2.27e-01	5.83e-01	protein_coding
ENSG00000099984	GSTT2	 7.25e-01	2.98e-02	polymorphic_pseudogene
ENSG00000178691	SUZ12	 1.98e-01	5.83e-01	protein_coding
ENSG00000119396	RAB14	 3.77e-01	9.94e-02	protein_coding
ENSG00000169919	GUSB	 1.92e-01	3.58e-01	protein_coding
ENSG00000274828	AC068473.5	 1.10e-01	8.38e-01	lncRNA
ENSG00000148180	GSN	-4.85e-01	2.71e-05	protein_coding
ENSG00000183617	MRPL54	-1.92e-01	4.21e-01	protein_coding
ENSG00000099977	DDT	-4.96e-02	8.35e-01	protein_coding
ENSG00000085231	AK6	-2.11e-01	5.68e-01	protein_coding
ENSG00000164430	CGAS	-8.68e-02	8.24e-01	protein_coding
ENSG00000215386	MIR99AHG	-1.72e-01	7.23e-01	lncRNA
ENSG00000015532	XYLT2	-1.00e-01	7.30e-01	protein_coding
ENSG00000104969	SGTA	 5.51e-02	8.26e-01	protein_coding
ENSG00000204130	RUFY2	 2.11e-01	6.24e-01	protein_coding
ENSG00000141503	MINK1	 4.80e-01	4.17e-02	protein_coding
ENSG00000169992	NLGN2	 1.16e+00	2.19e-12	protein_coding
ENSG00000196812	ZSCAN16	-4.94e-01	1.24e-01	protein_coding
ENSG00000269293	ZSCAN16-AS1	 3.68e-01	2.74e-01	lncRNA
ENSG00000157625	TAB3	 2.20e-01	6.21e-01	protein_coding
ENSG00000052802	MSMO1	 2.31e-01	4.90e-01	protein_coding
ENSG00000160218	TRAPPC10	 1.59e-01	6.02e-01	protein_coding
ENSG00000083896	YTHDC1	 4.08e-02	9.51e-01	protein_coding
ENSG00000133114	GPALPP1	-8.41e-02	8.59e-01	protein_coding
ENSG00000197208	SLC22A4	-3.57e-01	3.44e-01	protein_coding
ENSG00000185658	BRWD1	 2.08e-01	5.54e-01	protein_coding
ENSG00000063241	ISOC2	-3.52e-01	4.08e-02	protein_coding
ENSG00000108187	PBLD	-2.42e-01	5.91e-01	protein_coding
ENSG00000128829	EIF2AK4	 2.07e-02	9.70e-01	protein_coding
ENSG00000083635	NUFIP1	-1.94e-01	6.59e-01	protein_coding
ENSG00000133313	CNDP2	-1.16e-01	6.50e-01	protein_coding
ENSG00000176623	RMDN1	-1.70e-01	6.22e-01	protein_coding
ENSG00000112640	PPP2R5D	 2.13e-01	2.08e-01	protein_coding
ENSG00000255568	BRWD1-AS2	-8.92e-02	8.65e-01	lncRNA
ENSG00000223482	NUTM2A-AS1	 1.34e-01	7.31e-01	lncRNA
ENSG00000107957	SH3PXD2A	 2.94e-01	8.10e-02	protein_coding
ENSG00000197375	SLC22A5	 1.16e-01	7.83e-01	protein_coding
ENSG00000101290	CDS2	-2.72e-01	9.94e-02	protein_coding
ENSG00000136492	BRIP1	 6.71e-01	4.05e-03	protein_coding
ENSG00000108064	TFAM	-4.10e-01	2.34e-01	protein_coding
ENSG00000133104	SPART	-4.92e-01	7.36e-02	protein_coding
ENSG00000173757	STAT5B	 6.18e-02	8.07e-01	protein_coding
ENSG00000140391	TSPAN3	-7.81e-02	8.06e-01	protein_coding
ENSG00000162298	SYVN1	 7.94e-01	1.53e-05	protein_coding
ENSG00000198890	PRMT6	-1.92e-01	3.16e-01	protein_coding
ENSG00000125755	SYMPK	 4.23e-01	1.02e-02	protein_coding
ENSG00000197136	PCNX3	 5.40e-01	1.21e-03	protein_coding
ENSG00000133275	CSNK1G2	-1.58e-01	4.08e-01	protein_coding
ENSG00000166900	STX3	-3.46e-01	2.45e-01	protein_coding
ENSG00000144713	RPL32	 2.45e-01	6.63e-02	protein_coding
ENSG00000149289	ZC3H12C	 6.33e-02	9.14e-01	protein_coding
ENSG00000069849	ATP1B3	 3.18e-01	4.26e-02	protein_coding
ENSG00000115266	APC2	-4.38e-01	2.11e-01	protein_coding
ENSG00000166340	TPP1	 4.51e-01	9.26e-03	protein_coding
ENSG00000154845	PPP4R1	-3.37e-01	1.11e-01	protein_coding
ENSG00000095787	WAC	-3.63e-02	9.15e-01	protein_coding
ENSG00000267317	AC027307.2	 6.15e-01	2.70e-02	lncRNA
ENSG00000183431	SF3A3	-1.82e-01	3.62e-01	protein_coding
ENSG00000119559	C19orf25	-2.78e-01	2.30e-01	protein_coding
ENSG00000129810	SGO1	 2.72e-01	4.65e-01	protein_coding
ENSG00000123124	WWP1	-2.16e-01	6.13e-01	protein_coding
ENSG00000196912	ANKRD36B	-3.15e-01	4.60e-01	protein_coding
ENSG00000149792	MRPL49	-2.04e-01	2.94e-01	protein_coding
ENSG00000166887	VPS39	 1.40e-01	7.08e-01	protein_coding
ENSG00000072682	P4HA2	 1.10e-02	9.77e-01	protein_coding
ENSG00000142544	CTU1	-3.03e-01	2.22e-01	protein_coding
ENSG00000095383	TBC1D2	-1.18e-01	6.92e-01	protein_coding
ENSG00000140263	SORD	-2.37e-01	9.31e-02	protein_coding
ENSG00000233006	MIR3936HG	-3.02e-02	9.63e-01	lncRNA
ENSG00000100068	LRP5L	-2.40e-01	5.35e-01	transcribed_unprocessed_pseudogene
ENSG00000250802	ZBED3-AS1	-1.34e-01	8.00e-01	lncRNA
ENSG00000198315	ZKSCAN8	-7.46e-02	8.66e-01	protein_coding
ENSG00000149806	FAU	-8.26e-02	7.19e-01	protein_coding
ENSG00000057935	MTA3	 1.27e-01	6.60e-01	protein_coding
ENSG00000184162	NR2C2AP	-2.26e-01	2.49e-01	protein_coding
ENSG00000176105	YES1	 2.32e-01	5.92e-01	protein_coding
ENSG00000105613	MAST1	 6.09e-02	9.13e-01	protein_coding
ENSG00000164039	BDH2	-2.34e-01	4.86e-01	protein_coding
ENSG00000168421	RHOH	-2.44e-01	6.07e-01	protein_coding
ENSG00000089057	SLC23A2	-2.23e-01	5.18e-01	protein_coding
ENSG00000164252	AGGF1	-1.08e-01	8.28e-01	protein_coding
ENSG00000198909	MAP3K3	-1.87e-03	9.97e-01	protein_coding
ENSG00000170175	CHRNB1	-1.88e-01	6.07e-01	protein_coding
ENSG00000165272	AQP3	-1.26e-01	5.01e-01	protein_coding
ENSG00000005884	ITGA3	 3.53e-01	7.28e-02	protein_coding
ENSG00000129317	PUS7L	-1.85e-01	7.17e-01	protein_coding
ENSG00000116809	ZBTB17	-2.61e-01	1.78e-01	protein_coding
ENSG00000064490	RFXANK	-4.02e-01	2.85e-03	protein_coding
ENSG00000137824	RMDN3	-1.79e-01	4.38e-01	protein_coding
ENSG00000198231	DDX42	-2.98e-01	1.35e-01	protein_coding
ENSG00000105221	AKT2	 5.02e-02	8.76e-01	protein_coding
ENSG00000156467	UQCRB	 2.28e-01	2.77e-01	protein_coding
ENSG00000181284	TMEM102	-1.21e-01	7.71e-01	protein_coding
ENSG00000132275	RRP8	-2.08e-01	3.28e-01	protein_coding
ENSG00000125319	C17orf53	 3.74e-01	4.81e-02	protein_coding
ENSG00000276234	TADA2A	-2.84e-02	9.52e-01	protein_coding
ENSG00000105552	BCAT2	-1.15e-01	5.85e-01	protein_coding
ENSG00000225973	PIGBOS1	 2.13e-01	6.21e-01	protein_coding
ENSG00000127463	EMC1	 6.02e-01	7.34e-04	protein_coding
ENSG00000164038	SLC9B2	-1.51e-01	7.26e-01	protein_coding
ENSG00000136169	SETDB2	 2.46e-01	6.04e-01	protein_coding
ENSG00000159147	DONSON	-1.96e-01	5.75e-01	protein_coding
ENSG00000135940	COX5B	 5.59e-03	9.89e-01	protein_coding
ENSG00000095066	HOOK2	-2.95e-01	1.93e-01	protein_coding
ENSG00000109689	STIM2	-2.21e-01	6.27e-01	protein_coding
ENSG00000132463	GRSF1	-8.64e-02	7.92e-01	protein_coding
ENSG00000130545	CRB3	-3.46e-01	3.87e-01	protein_coding
ENSG00000145041	DCAF1	 1.20e-01	6.57e-01	protein_coding
ENSG00000259956	RBM15B	 1.58e-01	3.59e-01	protein_coding
ENSG00000175606	TMEM70	 3.70e-02	9.43e-01	protein_coding
ENSG00000122870	BICC1	 2.17e-02	9.70e-01	protein_coding
ENSG00000137710	RDX	 9.78e-02	8.50e-01	protein_coding
ENSG00000069974	RAB27A	 4.24e-03	9.93e-01	protein_coding
ENSG00000125648	SLC25A23	 3.13e-01	2.20e-02	protein_coding
ENSG00000108826	MRPL27	-3.38e-01	2.03e-02	protein_coding
ENSG00000108588	CCDC47	 2.18e-01	5.31e-01	protein_coding
ENSG00000147050	KDM6A	 1.44e-01	7.06e-01	protein_coding
ENSG00000198382	UVRAG	-1.37e-01	7.69e-01	protein_coding
ENSG00000163702	IL17RC	-7.62e-02	7.96e-01	protein_coding
ENSG00000104889	RNASEH2A	-5.24e-01	9.26e-04	protein_coding
ENSG00000204619	PPP1R11	 1.84e-01	3.20e-01	protein_coding
ENSG00000162585	FAAP20	-1.22e-01	5.79e-01	protein_coding
ENSG00000267424	AC020934.1	-3.59e-01	2.74e-01	lncRNA
ENSG00000171223	JUNB	 1.07e-01	6.84e-01	protein_coding
ENSG00000117118	SDHB	-2.03e-01	1.91e-01	protein_coding
ENSG00000012232	EXTL3	 4.62e-01	7.15e-02	protein_coding
ENSG00000254901	BORCS8	-1.26e-01	6.44e-01	protein_coding
ENSG00000260916	CCPG1	-5.23e-01	8.99e-02	protein_coding
ENSG00000165416	SUGT1	-2.90e-01	3.31e-01	protein_coding
ENSG00000152990	ADGRA3	 2.35e-01	4.68e-01	protein_coding
ENSG00000060069	CTDP1	-6.38e-02	8.74e-01	protein_coding
ENSG00000011454	RABGAP1	-4.57e-01	8.83e-02	protein_coding
ENSG00000006715	VPS41	-2.23e-01	5.93e-01	protein_coding
ENSG00000012048	BRCA1	-5.66e-02	8.97e-01	protein_coding
ENSG00000257267	ZNF271P	 5.90e-02	9.14e-01	transcribed_unitary_pseudogene
ENSG00000064489	BORCS8-MEF2B	-5.22e-03	9.94e-01	protein_coding
ENSG00000198001	IRAK4	 1.32e-01	8.07e-01	protein_coding
ENSG00000100234	TIMP3	 5.66e-01	1.92e-03	protein_coding
ENSG00000241837	ATP5PO	-2.10e-01	4.91e-01	protein_coding
ENSG00000113758	DBN1	 4.44e-02	8.52e-01	protein_coding
ENSG00000158186	MRAS	-2.36e-03	9.97e-01	protein_coding
ENSG00000100647	SUSD6	 4.27e-01	1.51e-01	protein_coding
ENSG00000123643	SLC36A1	 8.14e-02	8.54e-01	protein_coding
ENSG00000067167	TRAM1	 2.59e-02	9.51e-01	protein_coding
ENSG00000114745	GORASP1	 2.17e-02	9.54e-01	protein_coding
ENSG00000111641	NOP2	-2.33e-01	1.96e-01	protein_coding
ENSG00000125901	MRPS26	-6.45e-01	1.71e-06	protein_coding
ENSG00000141965	FEM1A	 2.35e-01	1.45e-01	protein_coding
ENSG00000213983	AP1G2	-1.52e-01	6.63e-01	protein_coding
ENSG00000233237	LINC00472	-1.10e-01	8.47e-01	lncRNA
ENSG00000127666	TICAM1	 6.07e-01	1.73e-03	protein_coding
ENSG00000267062	AC018761.2	 1.16e-01	8.37e-01	lncRNA
ENSG00000085276	MECOM	-2.83e-01	5.21e-01	protein_coding
ENSG00000188342	GTF2F2	-1.66e-01	7.10e-01	protein_coding
ENSG00000069943	PIGB	 2.01e-01	5.32e-01	protein_coding
ENSG00000148334	PTGES2	-5.19e-01	3.38e-03	protein_coding
ENSG00000198026	ZNF335	 3.44e-01	5.57e-02	protein_coding
ENSG00000167815	PRDX2	-5.99e-02	8.51e-01	protein_coding
ENSG00000063180	CA11	-1.34e-01	5.24e-01	protein_coding
ENSG00000174780	SRP72	-2.57e-01	3.43e-01	protein_coding
ENSG00000119900	OGFRL1	 2.82e-01	5.27e-01	protein_coding
ENSG00000178719	GRINA	 6.32e-01	4.10e-06	protein_coding
ENSG00000123268	ATF1	-3.77e-02	9.36e-01	protein_coding
ENSG00000132792	CTNNBL1	-4.10e-01	4.86e-02	protein_coding
ENSG00000067606	PRKCZ	-1.85e-02	9.79e-01	protein_coding
ENSG00000105355	PLIN3	-4.28e-01	5.57e-03	protein_coding
ENSG00000131381	RBSN	 3.12e-01	1.44e-01	protein_coding
ENSG00000178685	PARP10	-3.07e-01	9.31e-02	protein_coding
ENSG00000197483	ZNF628	 6.76e-01	5.51e-03	protein_coding
ENSG00000263731	AC145207.5	 1.08e+00	1.07e-04	lncRNA
ENSG00000236104	ZBTB22	 9.08e-02	7.78e-01	protein_coding
ENSG00000224914	LINC00863	-2.71e-01	4.32e-01	lncRNA
ENSG00000159023	EPB41	-2.27e-01	5.47e-01	protein_coding
ENSG00000173517	PEAK1	 1.33e-01	8.04e-01	protein_coding
ENSG00000114742	WDR48	-8.65e-02	8.81e-01	protein_coding
ENSG00000128050	PAICS	-2.20e-01	4.24e-01	protein_coding
ENSG00000172009	THOP1	-5.38e-01	1.03e-03	protein_coding
ENSG00000142494	SLC47A1	 8.22e-02	8.28e-01	protein_coding
ENSG00000159140	SON	-2.94e-01	3.51e-01	protein_coding
ENSG00000188554	NBR1	-2.51e-01	2.92e-01	protein_coding
ENSG00000118007	STAG1	-1.57e-01	6.59e-01	protein_coding
ENSG00000146556	WASH2P	 1.91e-01	6.94e-01	transcribed_unprocessed_pseudogene
ENSG00000273654	AC020904.2	 2.89e-01	5.16e-01	transcribed_processed_pseudogene
ENSG00000168438	CDC40	-2.61e-01	5.51e-01	protein_coding
ENSG00000267002	AC060780.1	 4.51e-01	1.34e-01	lncRNA
ENSG00000198496	NBR2	 3.08e-01	4.27e-01	lncRNA
ENSG00000146007	ZMAT2	-1.66e-01	6.10e-01	protein_coding
ENSG00000115073	ACTR1B	-2.68e-01	1.26e-01	protein_coding
ENSG00000103126	AXIN1	 1.15e-02	9.76e-01	protein_coding
ENSG00000176903	PNMA1	 2.38e-01	3.01e-01	protein_coding
ENSG00000164080	RAD54L2	-4.33e-02	9.32e-01	protein_coding
ENSG00000160124	CCDC58	-3.62e-03	9.96e-01	protein_coding
ENSG00000123737	EXOSC9	-1.51e-01	7.05e-01	protein_coding
ENSG00000198522	GPN1	-1.55e-01	4.76e-01	protein_coding
ENSG00000110768	GTF2H1	-3.05e-01	1.99e-01	protein_coding
ENSG00000166016	ABTB2	 2.54e-01	5.85e-01	protein_coding
ENSG00000184903	IMMP2L	-1.56e-01	6.18e-01	protein_coding
ENSG00000165271	NOL6	 2.60e-01	1.33e-01	protein_coding
ENSG00000120149	MSX2	 2.14e-01	6.50e-01	protein_coding
ENSG00000165997	ARL5B	-4.03e-02	9.49e-01	protein_coding
ENSG00000137872	SEMA6D	 2.93e-01	4.15e-01	protein_coding
ENSG00000176248	ANAPC2	-2.26e-01	1.75e-01	protein_coding
ENSG00000266079	SNORA59B	 2.65e-01	5.26e-01	snoRNA
ENSG00000145386	CCNA2	-2.42e-01	2.54e-01	protein_coding
ENSG00000185432	METTL7A	 4.13e-01	2.04e-02	protein_coding
ENSG00000259431	THTPA	-8.03e-02	8.21e-01	protein_coding
ENSG00000108829	LRRC59	 2.97e-02	9.11e-01	protein_coding
ENSG00000258325	ITFG2-AS1	 1.55e-01	7.36e-01	lncRNA
ENSG00000171792	RHNO1	 1.23e-01	6.12e-01	protein_coding
ENSG00000176101	SSNA1	-5.09e-01	2.55e-03	protein_coding
ENSG00000164081	TEX264	-2.90e-01	6.14e-02	protein_coding
ENSG00000156030	ELMSAN1	 6.04e-02	8.85e-01	protein_coding
ENSG00000249572	AC034231.1	-9.83e-02	8.58e-01	lncRNA
ENSG00000240356	RPL23AP7	-3.58e-01	3.32e-01	transcribed_processed_pseudogene
ENSG00000154920	EME1	-8.06e-02	7.91e-01	protein_coding
ENSG00000259065	AC005520.2	-2.39e-01	6.11e-01	lncRNA
ENSG00000134215	VAV3	-3.15e-01	3.29e-01	protein_coding
ENSG00000168818	STX18	-2.79e-01	2.12e-01	protein_coding
ENSG00000138495	COX17	 1.11e-01	7.55e-01	protein_coding
ENSG00000111203	ITFG2	-9.85e-02	6.96e-01	protein_coding
ENSG00000228719	AL022313.2	-1.39e-01	7.92e-01	lncRNA
ENSG00000276791	AC092117.1	 1.65e-01	6.60e-01	lncRNA
ENSG00000215251	FASTKD5	 1.07e-01	7.92e-01	protein_coding
ENSG00000153071	DAB2	 1.03e-01	7.10e-01	protein_coding
ENSG00000169684	CHRNA5	 1.50e-02	9.77e-01	protein_coding
ENSG00000174343	CHRNA9	-1.58e-01	7.30e-01	protein_coding
ENSG00000052723	SIKE1	-8.11e-02	8.44e-01	protein_coding
ENSG00000182752	PAPPA	-1.72e-01	6.55e-01	protein_coding
ENSG00000170558	CDH2	 2.11e-01	6.14e-01	protein_coding
ENSG00000198743	SLC5A3	 1.72e-02	9.76e-01	protein_coding
ENSG00000113318	MSH3	 2.81e-01	2.57e-01	protein_coding
ENSG00000185019	UBOX5	 9.05e-02	8.33e-01	protein_coding
ENSG00000198722	UNC13B	 1.75e-01	4.73e-01	protein_coding
ENSG00000260924	LINC01311	 7.24e-02	8.75e-01	lncRNA
ENSG00000243927	MRPS6	 1.25e-01	5.88e-01	protein_coding
ENSG00000110172	CHORDC1	-2.55e-02	9.64e-01	protein_coding
ENSG00000146834	MEPCE	 2.93e-01	5.44e-02	protein_coding
ENSG00000186792	HYAL3	-3.36e-01	1.86e-01	protein_coding
ENSG00000214013	GANC	-1.77e-01	6.34e-01	protein_coding
ENSG00000141576	RNF157	 3.52e-01	3.17e-01	protein_coding
ENSG00000247708	STX18-AS1	-3.10e-01	4.52e-01	lncRNA
ENSG00000186318	BACE1	 1.83e-01	6.84e-01	protein_coding
ENSG00000228716	DHFR	-1.07e-01	7.82e-01	protein_coding
ENSG00000260430	AC099518.1	 7.52e-03	9.91e-01	lncRNA
ENSG00000278389	AC099518.6	 5.05e-01	1.71e-01	lncRNA
ENSG00000164877	MICALL2	-4.02e-01	1.47e-01	protein_coding
ENSG00000116288	PARK7	-4.27e-01	1.73e-03	protein_coding
ENSG00000138131	LOXL4	-1.58e-01	6.68e-01	protein_coding
ENSG00000128463	EMC4	-1.73e-01	2.52e-01	protein_coding
ENSG00000205730	ITPRIPL2	-3.02e-02	9.37e-01	protein_coding
ENSG00000182272	B4GALNT4	 1.14e-01	7.15e-01	protein_coding
ENSG00000243943	ZNF512	-1.36e-01	7.57e-01	protein_coding
ENSG00000214706	IFRD2	-1.62e-01	4.04e-01	protein_coding
ENSG00000103528	SYT17	-1.10e-01	7.07e-01	protein_coding
ENSG00000100380	ST13	-2.23e-01	2.94e-01	protein_coding
ENSG00000166140	ZFYVE19	-6.01e-01	1.53e-05	protein_coding
ENSG00000108592	FTSJ3	-1.37e-01	6.31e-01	protein_coding
ENSG00000110274	CEP164	-4.60e-02	9.17e-01	protein_coding
ENSG00000152193	RNF219	 9.35e-02	8.75e-01	protein_coding
ENSG00000172466	ZNF24	-3.72e-01	2.94e-01	protein_coding
ENSG00000243477	NAA80	 5.29e-01	1.46e-02	protein_coding
ENSG00000132967	HMGB1P5	-3.90e-01	1.66e-01	transcribed_processed_pseudogene
ENSG00000144134	RABL2A	-9.14e-02	8.50e-01	protein_coding
ENSG00000099308	MAST3	-5.26e-02	9.12e-01	protein_coding
ENSG00000069424	KCNAB2	 6.91e-02	8.01e-01	protein_coding
ENSG00000163798	SLC4A1AP	-3.34e-01	1.95e-01	protein_coding
ENSG00000117410	ATP6V0B	-1.58e-02	9.62e-01	protein_coding
ENSG00000137880	GCHFR	-3.09e-01	8.63e-02	protein_coding
ENSG00000128159	TUBGCP6	-7.07e-02	8.39e-01	protein_coding
ENSG00000136271	DDX56	-3.17e-01	2.47e-02	protein_coding
ENSG00000103978	TMEM87A	 2.04e-01	5.24e-01	protein_coding
ENSG00000119760	SUPT7L	 1.90e-01	3.14e-01	protein_coding
ENSG00000114841	DNAH1	-4.35e-01	2.68e-01	protein_coding
ENSG00000108448	TRIM16L	 1.11e-02	9.74e-01	transcribed_unprocessed_pseudogene
ENSG00000100348	TXN2	-3.10e-01	1.96e-02	protein_coding
ENSG00000087191	PSMC5	-4.67e-01	4.18e-04	protein_coding
ENSG00000204209	DAXX	 7.84e-02	7.53e-01	protein_coding
ENSG00000090971	NAT14	-5.46e-01	3.93e-03	protein_coding
ENSG00000243156	MICAL3	 3.33e-02	9.40e-01	protein_coding
ENSG00000104129	DNAJC17	-5.00e-01	8.12e-03	protein_coding
ENSG00000152270	PDE3B	 1.74e-01	6.84e-01	protein_coding
ENSG00000170445	HARS	-5.09e-01	2.10e-05	protein_coding
ENSG00000232434	AJM1	-1.02e-01	7.96e-01	protein_coding
ENSG00000177943	MAMDC4	 3.34e-01	4.25e-01	protein_coding
ENSG00000132768	DPH2	-6.58e-02	7.95e-01	protein_coding
ENSG00000157601	MX1	 9.71e-02	8.69e-01	protein_coding
ENSG00000130477	UNC13A	 4.97e-01	1.82e-01	protein_coding
ENSG00000148634	HERC4	 1.01e-01	7.93e-01	protein_coding
ENSG00000142444	TIMM29	-1.88e-01	3.89e-01	protein_coding
ENSG00000135341	MAP3K7	-9.96e-02	8.17e-01	protein_coding
ENSG00000173548	SNX33	 6.83e-01	1.94e-03	protein_coding
ENSG00000093100	AC016026.1	 5.79e-01	1.06e-01	lncRNA
ENSG00000156639	ZFAND3	 4.31e-01	3.48e-02	protein_coding
ENSG00000101574	METTL4	-2.62e-01	5.38e-01	protein_coding
ENSG00000177971	IMP3	-3.48e-01	7.17e-03	protein_coding
ENSG00000275454	AC105020.6	 2.56e-01	5.71e-01	lncRNA
ENSG00000167257	RNF214	 1.12e-01	7.92e-01	protein_coding
ENSG00000148384	INPP5E	 3.51e-01	2.27e-01	protein_coding
ENSG00000142192	APP	 9.09e-02	7.77e-01	protein_coding
ENSG00000134996	OSTF1	-1.61e-01	6.24e-01	protein_coding
ENSG00000160310	PRMT2	-5.44e-01	2.34e-04	protein_coding
ENSG00000104381	GDAP1	-1.35e-01	7.89e-01	protein_coding
ENSG00000054148	PHPT1	-2.00e-01	4.19e-01	protein_coding
ENSG00000167703	SLC43A2	 5.12e-01	1.49e-03	protein_coding
ENSG00000230453	ANKRD18B	 5.93e-01	9.31e-02	protein_coding
ENSG00000159131	GART	-2.51e-01	7.20e-02	protein_coding
ENSG00000169016	E2F6	-2.22e-01	5.19e-01	protein_coding
ENSG00000104880	ARHGEF18	 1.54e-01	5.03e-01	protein_coding
ENSG00000273492	AP000229.1	 3.55e-01	3.98e-01	lncRNA
ENSG00000049656	CLPTM1L	-1.96e-01	1.41e-01	protein_coding
ENSG00000104369	JPH1	-2.79e-01	4.73e-01	protein_coding
ENSG00000106605	BLVRA	-6.56e-01	1.25e-07	protein_coding
ENSG00000176749	CDK5R1	 8.65e-02	8.86e-01	protein_coding
ENSG00000204764	RANBP17	 1.51e-01	7.00e-01	protein_coding
ENSG00000120314	WDR55	 1.41e-02	9.67e-01	protein_coding
ENSG00000126247	CAPNS1	 1.04e-01	6.57e-01	protein_coding
ENSG00000267080	ASB16-AS1	 4.85e-01	1.11e-01	lncRNA
ENSG00000167904	TMEM68	 4.35e-02	9.42e-01	protein_coding
ENSG00000155329	ZCCHC10	 1.87e-01	7.01e-01	protein_coding
ENSG00000181544	FANCB	 2.45e-01	5.33e-01	protein_coding
ENSG00000131697	NPHP4	 1.12e-01	7.51e-01	protein_coding
ENSG00000170242	USP47	 1.62e-01	7.07e-01	protein_coding
ENSG00000158220	ESYT3	 3.67e-01	3.68e-01	protein_coding
ENSG00000105699	LSR	 3.92e-01	7.35e-03	protein_coding
ENSG00000183741	CBX6	 7.64e-01	1.36e-07	protein_coding
ENSG00000182247	UBE2E2	-6.41e-02	8.56e-01	protein_coding
ENSG00000198265	HELZ	-1.85e-01	6.99e-01	protein_coding
ENSG00000105204	DYRK1B	 2.41e-01	4.90e-01	protein_coding
ENSG00000178342	KCNG2	-4.23e-01	2.81e-01	protein_coding
ENSG00000124140	SLC12A5	 3.66e-01	1.74e-01	protein_coding
ENSG00000115902	SLC1A4	 3.48e-01	8.79e-02	protein_coding
ENSG00000115084	SLC35F5	 2.17e-02	9.57e-01	protein_coding
ENSG00000272808	AC015712.6	 2.40e-01	6.13e-01	lncRNA
ENSG00000147592	LACTB2	-1.03e-01	8.03e-01	protein_coding
ENSG00000171466	ZNF562	 5.23e-03	9.93e-01	protein_coding
ENSG00000062582	MRPS24	-2.03e-01	1.72e-01	protein_coding
ENSG00000106608	URGCP	 5.06e-02	8.81e-01	protein_coding
ENSG00000145545	SRD5A1	-7.63e-02	8.07e-01	protein_coding
ENSG00000114054	PCCB	-4.43e-01	2.44e-03	protein_coding
ENSG00000267106	ZNF561-AS1	-2.77e-02	9.53e-01	lncRNA
ENSG00000088899	LZTS3	 3.12e-01	4.22e-01	protein_coding
ENSG00000137574	TGS1	-8.95e-04	9.99e-01	protein_coding
ENSG00000145779	TNFAIP8	-3.21e-01	4.45e-01	protein_coding
ENSG00000092199	HNRNPC	-3.83e-01	5.25e-03	protein_coding
ENSG00000221926	TRIM16	-8.59e-02	7.46e-01	protein_coding
ENSG00000175066	GK5	-3.93e-01	2.74e-01	protein_coding
ENSG00000101337	TM9SF4	 3.13e-01	9.99e-02	protein_coding
ENSG00000122490	PQLC1	-3.01e-01	2.11e-01	protein_coding
ENSG00000063169	BICRA	 1.27e-01	7.71e-01	protein_coding
ENSG00000182670	TTC3	-1.34e-01	7.63e-01	protein_coding
ENSG00000109472	CPE	 2.47e-01	4.73e-01	protein_coding
ENSG00000119943	PYROXD2	-1.78e-01	5.24e-01	protein_coding
ENSG00000100075	SLC25A1	 6.22e-02	8.04e-01	protein_coding
ENSG00000024422	EHD2	 8.64e-01	2.24e-09	protein_coding
ENSG00000204044	SLC12A5-AS1	-5.60e-01	6.91e-02	lncRNA
ENSG00000140092	FBLN5	 5.36e-01	4.25e-02	protein_coding
ENSG00000205758	CRYZL1	 9.31e-02	8.67e-01	protein_coding
ENSG00000154359	LONRF1	-2.79e-01	4.59e-01	protein_coding
ENSG00000204261	PSMB8-AS1	-3.46e-02	9.49e-01	lncRNA
ENSG00000179750	APOBEC3B	-6.43e-02	7.92e-01	protein_coding
ENSG00000154237	LRRK1	 8.13e-02	8.57e-01	protein_coding
ENSG00000114023	FAM162A	-1.69e-01	5.47e-01	protein_coding
ENSG00000168394	TAP1	-2.81e-01	5.87e-02	protein_coding
ENSG00000174109	C16orf91	-8.87e-02	7.24e-01	protein_coding
ENSG00000125676	THOC2	-2.44e-01	5.67e-01	protein_coding
ENSG00000166902	MRPL16	-1.43e-01	4.16e-01	protein_coding
ENSG00000130150	MOSPD2	-1.42e-01	7.90e-01	protein_coding
ENSG00000110330	BIRC2	 2.16e-01	6.59e-01	protein_coding
ENSG00000134905	CARS2	-3.12e-01	3.71e-02	protein_coding
ENSG00000053372	MRTO4	-2.74e-01	1.36e-01	protein_coding
ENSG00000119487	MAPKAP1	-3.50e-02	8.92e-01	protein_coding
ENSG00000164066	INTU	 6.77e-01	4.61e-02	protein_coding
ENSG00000184254	ALDH1A3	-2.80e-01	4.67e-01	protein_coding
ENSG00000112855	HARS2	-4.44e-01	9.81e-03	protein_coding
ENSG00000240065	PSMB9	-4.27e-01	2.42e-03	protein_coding
ENSG00000184363	PKP3	-4.91e-01	1.87e-03	protein_coding
ENSG00000087076	HSD17B14	-7.16e-02	8.93e-01	protein_coding
ENSG00000204264	PSMB8	-3.51e-01	3.30e-02	protein_coding
ENSG00000105339	DENND3	 1.24e-01	7.17e-01	protein_coding
ENSG00000100650	SRSF5	 5.11e-02	8.45e-01	protein_coding
ENSG00000085733	CTTN	-1.20e-01	5.39e-01	protein_coding
ENSG00000114030	KPNA1	-1.30e-01	5.75e-01	protein_coding
ENSG00000213445	SIPA1	-1.34e-03	9.97e-01	protein_coding
ENSG00000120899	PTK2B	-3.34e-02	9.60e-01	protein_coding
ENSG00000142794	NBPF3	-1.41e-01	7.82e-01	protein_coding
ENSG00000114544	SLC41A3	-1.02e-01	6.41e-01	protein_coding
ENSG00000170142	UBE2E1	-1.40e-01	6.41e-01	protein_coding
ENSG00000241945	PWP2	-1.14e-01	7.62e-01	protein_coding
ENSG00000153391	INO80C	-3.29e-02	9.36e-01	protein_coding
ENSG00000046604	DSG2	-4.85e-02	9.32e-01	protein_coding
ENSG00000148450	MSRB2	-1.99e-01	2.93e-01	protein_coding
ENSG00000108506	INTS2	 2.49e-01	5.08e-01	protein_coding
ENSG00000187164	SHTN1	-9.99e-02	8.50e-01	protein_coding
ENSG00000196236	XPNPEP3	-2.92e-01	4.59e-01	protein_coding
ENSG00000196366	C9orf163	-2.29e-01	5.49e-01	lncRNA
ENSG00000148396	SEC16A	 8.37e-01	1.32e-10	protein_coding
ENSG00000187049	TMEM216	-8.05e-02	8.00e-01	protein_coding
ENSG00000153487	ING1	-2.65e-01	2.94e-01	protein_coding
ENSG00000187713	TMEM203	-1.41e-01	4.48e-01	protein_coding
ENSG00000176058	TPRN	-3.65e-02	9.20e-01	protein_coding
ENSG00000108312	UBTF	 1.10e-02	9.76e-01	protein_coding
ENSG00000116285	ERRFI1	 1.99e-01	5.88e-01	protein_coding
ENSG00000204427	ABHD16A	-3.26e-01	3.60e-02	protein_coding
ENSG00000165868	HSPA12A	 4.90e-02	9.29e-01	protein_coding
ENSG00000125772	GPCPD1	-1.35e-01	7.09e-01	protein_coding
ENSG00000185813	PCYT2	-5.63e-01	6.91e-04	protein_coding
ENSG00000164466	SFXN1	-9.11e-03	9.84e-01	protein_coding
ENSG00000121691	CAT	-3.23e-01	2.82e-01	protein_coding
ENSG00000168234	TTC39C	-4.40e-02	9.02e-01	protein_coding
ENSG00000107815	TWNK	 3.34e-01	1.33e-01	protein_coding
ENSG00000276043	UHRF1	 1.47e-01	3.90e-01	protein_coding
ENSG00000157870	PRXL2B	-2.98e-02	9.50e-01	protein_coding
ENSG00000124588	NQO2	-3.63e-01	4.08e-03	protein_coding
ENSG00000166821	PEX11A	-4.44e-01	1.49e-01	protein_coding
ENSG00000087152	ATXN7L3	 2.40e-01	2.70e-01	protein_coding
ENSG00000198171	DDRGK1	-3.78e-01	1.15e-02	protein_coding
ENSG00000131626	PPFIA1	 9.18e-02	8.03e-01	protein_coding
ENSG00000198951	NAGA	 5.39e-02	8.58e-01	protein_coding
ENSG00000280789	PAGR1	-1.52e-01	4.05e-01	protein_coding
ENSG00000198887	SMC5	-4.77e-02	9.11e-01	protein_coding
ENSG00000168591	TMUB2	 5.70e-03	9.88e-01	protein_coding
ENSG00000105559	PLEKHA4	-3.14e-01	2.43e-01	protein_coding
ENSG00000110911	SLC11A2	 3.31e-02	9.23e-01	protein_coding
ENSG00000260035	AC051619.8	 8.70e-01	3.93e-03	lncRNA
ENSG00000163694	RBM47	-1.06e-01	7.96e-01	protein_coding
ENSG00000079999	KEAP1	-2.55e-01	1.66e-01	protein_coding
ENSG00000055950	MRPL43	-1.51e-01	3.98e-01	protein_coding
ENSG00000144455	SUMF1	-2.05e-01	2.86e-01	protein_coding
ENSG00000276023	DUSP14	 3.64e-02	9.02e-01	protein_coding
ENSG00000138606	SHF	-2.98e-03	9.97e-01	protein_coding
ENSG00000109819	PPARGC1A	 4.09e-01	2.62e-01	protein_coding
ENSG00000103495	MAZ	 2.04e-01	2.85e-01	protein_coding
ENSG00000105202	FBL	-4.76e-01	4.48e-05	protein_coding
ENSG00000091527	CDV3	-1.55e-01	5.79e-01	protein_coding
ENSG00000163945	UVSSA	 4.87e-02	9.26e-01	protein_coding
ENSG00000110046	ATG2A	 2.48e-01	2.00e-01	protein_coding
ENSG00000080986	NDC80	 1.77e-01	6.71e-01	protein_coding
ENSG00000259932	AC051619.7	 9.42e-01	2.14e-03	lncRNA
ENSG00000186104	CYP2R1	 3.36e-01	4.24e-01	protein_coding
ENSG00000126561	STAT5A	 4.18e-02	9.07e-01	protein_coding
ENSG00000100387	RBX1	 7.89e-02	7.87e-01	protein_coding
ENSG00000105538	RASIP1	-1.12e-01	6.11e-01	protein_coding
ENSG00000171475	WIPF2	 6.26e-01	2.22e-02	protein_coding
ENSG00000007038	PRSS21	 1.28e-01	4.35e-01	protein_coding
ENSG00000119401	TRIM32	-2.87e-02	9.33e-01	protein_coding
ENSG00000138346	DNA2	 1.14e-01	7.43e-01	protein_coding
ENSG00000259985	AC017100.1	-4.08e-01	2.70e-01	lncRNA
ENSG00000118276	B4GALT6	 8.34e-01	4.30e-03	protein_coding
ENSG00000174137	FAM53A	-5.68e-01	1.43e-02	protein_coding
ENSG00000100350	FOXRED2	 6.72e-01	3.26e-06	protein_coding
ENSG00000135063	FAM189A2	 3.02e-01	4.73e-01	protein_coding
ENSG00000269858	EGLN2	-4.67e-01	9.21e-04	protein_coding
ENSG00000173542	MOB1B	 1.86e-02	9.79e-01	protein_coding
ENSG00000065615	CYB5R4	-4.51e-01	2.35e-01	protein_coding
ENSG00000259952	AC009133.2	 2.62e-01	5.62e-01	lncRNA
ENSG00000173546	CSPG4	 6.09e-01	2.98e-02	protein_coding
ENSG00000171984	SHLD1	-2.50e-01	5.06e-01	protein_coding
ENSG00000141552	ANAPC11	-2.03e-01	2.44e-01	protein_coding
ENSG00000172315	TP53RK	-8.39e-02	7.75e-01	protein_coding
ENSG00000156136	DCK	 2.93e-01	4.54e-01	protein_coding
ENSG00000102854	MSLN	 1.62e-01	5.13e-01	protein_coding
ENSG00000013364	MVP	-3.18e-01	8.51e-02	protein_coding
ENSG00000170364	SETMAR	-2.25e-01	5.92e-01	protein_coding
ENSG00000160932	LY6E	 2.40e-02	9.32e-01	protein_coding
ENSG00000147862	NFIB	 1.39e-01	6.36e-01	protein_coding
ENSG00000087074	PPP1R15A	 1.85e-01	3.75e-01	protein_coding
ENSG00000185532	PRKG1	-1.55e-01	7.74e-01	protein_coding
ENSG00000057019	DCBLD2	-1.81e-01	7.12e-01	protein_coding
ENSG00000139793	MBNL2	-4.50e-02	9.26e-01	protein_coding
ENSG00000173641	HSPB7	 4.18e-01	2.06e-02	protein_coding
ENSG00000107984	DKK1	 3.49e-01	3.95e-01	protein_coding
ENSG00000164880	INTS1	 4.88e-01	1.29e-03	protein_coding
ENSG00000177613	CSTF2T	-1.05e-01	7.69e-01	protein_coding
ENSG00000126003	PLAGL2	 7.80e-01	6.06e-05	protein_coding
ENSG00000125249	RAP2A	-4.81e-01	1.64e-01	protein_coding
ENSG00000197170	PSMD12	-4.29e-03	9.94e-01	protein_coding
ENSG00000100814	CCNB1IP1	 1.46e-01	4.92e-01	protein_coding
ENSG00000156469	MTERF3	-1.73e-01	6.81e-01	protein_coding
ENSG00000183684	ALYREF	-4.51e-01	2.30e-03	protein_coding
ENSG00000238045	AC009133.1	 1.99e-01	6.84e-01	lncRNA
ENSG00000196208	GREB1	 3.96e-02	9.53e-01	protein_coding
ENSG00000170606	HSPA4	-1.05e-02	9.85e-01	protein_coding
ENSG00000183979	NPB	 3.86e-01	3.29e-01	protein_coding
ENSG00000165215	CLDN3	 5.11e-02	9.21e-01	protein_coding
ENSG00000167578	RAB4B	-3.57e-01	1.21e-01	protein_coding
ENSG00000011523	CEP68	-2.14e-01	4.17e-01	protein_coding
ENSG00000244509	APOBEC3C	 3.71e-01	8.71e-02	protein_coding
ENSG00000168461	RAB31	-2.79e-01	2.35e-01	protein_coding
ENSG00000176933	TOB2P1	 1.14e-01	8.37e-01	processed_pseudogene
ENSG00000103249	CLCN7	 1.33e-01	6.93e-01	protein_coding
ENSG00000137185	ZSCAN9	-1.77e-01	5.98e-01	protein_coding
ENSG00000237649	KIFC1	-3.99e-01	9.76e-03	protein_coding
ENSG00000247317	LY6E-DT	-2.59e-01	5.27e-01	lncRNA
ENSG00000196605	ZNF846	-3.55e-01	3.64e-01	protein_coding
ENSG00000130717	UCK1	-4.38e-01	7.21e-03	protein_coding
ENSG00000138069	RAB1A	-1.33e-02	9.76e-01	protein_coding
ENSG00000140199	SLC12A6	-3.89e-01	2.27e-01	protein_coding
ENSG00000129925	TMEM8A	 5.21e-02	8.77e-01	protein_coding
ENSG00000189143	CLDN4	 5.36e-01	1.45e-01	protein_coding
ENSG00000005882	PDK2	 1.40e-01	6.02e-01	protein_coding
ENSG00000111642	CHD4	-7.14e-02	7.43e-01	protein_coding
ENSG00000124574	ABCC10	 2.26e-01	4.35e-01	protein_coding
ENSG00000148219	ASTN2	-4.54e-01	7.35e-02	protein_coding
ENSG00000089063	TMEM230	 1.70e-01	4.11e-01	protein_coding
ENSG00000014216	CAPN1	 1.33e-01	5.14e-01	protein_coding
ENSG00000187626	ZKSCAN4	-2.93e-01	2.70e-01	protein_coding
ENSG00000146376	ARHGAP18	 3.17e-03	9.96e-01	protein_coding
ENSG00000183386	FHL3	 4.89e-01	2.95e-02	protein_coding
ENSG00000105732	ZNF574	 3.60e-01	1.75e-01	protein_coding
ENSG00000172006	ZNF554	 2.06e-01	6.34e-01	protein_coding
ENSG00000140057	AK7	 9.32e-02	8.66e-01	protein_coding
ENSG00000086504	MRPL28	-6.61e-01	1.83e-06	protein_coding
ENSG00000196196	HRCT1	 4.46e-02	9.35e-01	protein_coding
ENSG00000170604	IRF2BP1	 2.27e-01	2.99e-01	protein_coding
ENSG00000105397	TYK2	-5.37e-02	8.55e-01	protein_coding
ENSG00000137338	PGBD1	-1.68e-01	7.31e-01	protein_coding
ENSG00000135297	MTO1	-3.66e-02	9.23e-01	protein_coding
ENSG00000198816	ZNF358	 1.43e-01	6.98e-01	protein_coding
ENSG00000176182	MYPOP	 4.03e-01	1.95e-01	protein_coding
ENSG00000198723	TEX45	 5.21e-01	9.61e-02	protein_coding
ENSG00000197062	ZSCAN26	-6.39e-01	5.22e-02	protein_coding
ENSG00000275835	TUBGCP5	 3.72e-01	1.37e-01	protein_coding
ENSG00000067191	CACNB1	-1.85e-01	6.71e-01	protein_coding
ENSG00000228486	C2orf92	 2.69e-01	5.40e-01	protein_coding
ENSG00000112941	TENT4A	 1.40e-01	6.15e-01	protein_coding
ENSG00000104883	PEX11G	-6.53e-01	2.98e-03	protein_coding
ENSG00000130714	POMT1	 1.93e-01	4.30e-01	protein_coding
ENSG00000127452	FBXL12	 9.13e-02	7.91e-01	protein_coding
ENSG00000178537	SLC25A20	-2.59e-01	2.12e-01	protein_coding
ENSG00000108510	MED13	-1.03e-01	8.34e-01	protein_coding
ENSG00000178741	COX5A	 2.00e-01	2.87e-01	protein_coding
ENSG00000104299	INTS9	 1.72e-01	4.52e-01	protein_coding
ENSG00000139618	BRCA2	-9.59e-02	8.65e-01	protein_coding
ENSG00000179083	FAM133A	 7.68e-02	8.98e-01	protein_coding
ENSG00000188566	NDOR1	 1.61e-01	5.93e-01	protein_coding
ENSG00000226742	HSBP1L1	-6.56e-02	8.71e-01	protein_coding
ENSG00000162078	ZG16B	 2.07e-01	6.74e-01	protein_coding
ENSG00000255874	LINC00346	-5.48e-02	9.26e-01	lncRNA
ENSG00000102048	ASB9	-4.24e-01	1.22e-02	protein_coding
ENSG00000053524	MCF2L2	 4.36e-02	9.48e-01	protein_coding
ENSG00000141759	TXNL4A	-3.97e-01	2.10e-02	protein_coding
ENSG00000151239	TWF1	-2.14e-01	5.65e-01	protein_coding
ENSG00000165171	METTL27	-2.63e-02	9.58e-01	protein_coding
ENSG00000113580	NR3C1	-2.12e-01	4.17e-01	protein_coding
ENSG00000164305	CASP3	 7.46e-02	9.02e-01	protein_coding
ENSG00000101346	POFUT1	 1.99e-01	2.99e-01	protein_coding
ENSG00000185187	SIGIRR	-2.76e-01	1.19e-01	protein_coding
ENSG00000133112	TPT1	 1.55e-01	4.11e-01	protein_coding
ENSG00000120915	EPHX2	-2.63e-01	5.65e-01	protein_coding
ENSG00000176597	B3GNT5	 4.61e-01	1.79e-01	protein_coding
ENSG00000185262	UBALD2	-6.08e-02	8.74e-01	protein_coding
ENSG00000285976	AL135905.2	 5.76e-01	3.91e-04	protein_coding
ENSG00000112245	PTP4A1	 5.17e-01	9.48e-03	protein_coding
ENSG00000213312	RPL7AP34	 4.23e-03	9.96e-01	processed_pseudogene
ENSG00000198517	MAFK	 2.66e-01	2.13e-01	protein_coding
ENSG00000160813	PPP1R35	-3.02e-01	8.13e-02	protein_coding
ENSG00000170919	TPT1-AS1	 4.67e-01	2.07e-01	lncRNA
ENSG00000144746	ARL6IP5	-2.55e-01	3.79e-01	protein_coding
ENSG00000196177	ACADSB	-7.11e-02	9.07e-01	protein_coding
ENSG00000154957	ZNF18	-1.12e-01	8.16e-01	protein_coding
ENSG00000107789	MINPP1	 4.16e-02	9.45e-01	protein_coding
ENSG00000166925	TSC22D4	 4.07e-01	1.84e-02	protein_coding
ENSG00000174032	SLC25A30	-3.18e-01	4.51e-01	protein_coding
ENSG00000185158	LRRC37B	 3.72e-02	9.44e-01	protein_coding
ENSG00000183520	UTP11	 2.90e-02	9.46e-01	protein_coding
ENSG00000128833	MYO5C	-3.31e-01	1.26e-01	protein_coding
ENSG00000110218	PANX1	-2.14e-01	5.03e-01	protein_coding
ENSG00000164855	TMEM184A	 1.95e-02	9.66e-01	protein_coding
ENSG00000122912	SLC25A16	-1.51e-01	7.27e-01	protein_coding
ENSG00000218891	ZNF579	 3.82e-01	6.93e-02	protein_coding
ENSG00000107223	EDF1	-5.08e-01	1.37e-05	protein_coding
ENSG00000175220	ARHGAP1	 6.26e-01	1.11e-05	protein_coding
ENSG00000090060	PAPOLA	 1.51e-02	9.69e-01	protein_coding
ENSG00000198794	SCAMP5	 1.43e-01	7.71e-01	protein_coding
ENSG00000144867	SRPRB	-6.27e-02	8.26e-01	protein_coding
ENSG00000163781	TOPBP1	 4.07e-01	1.19e-01	protein_coding
ENSG00000085491	SLC25A24	 1.09e-01	7.34e-01	protein_coding
ENSG00000198682	PAPSS2	-3.40e-01	2.96e-01	protein_coding
ENSG00000105373	NOP53	-4.38e-01	1.27e-02	protein_coding
ENSG00000260879	AL359258.2	-1.87e-01	6.92e-01	lncRNA
ENSG00000169851	PCDH7	 2.02e-01	4.65e-01	protein_coding
ENSG00000107521	HPS1	-8.63e-02	7.53e-01	protein_coding
ENSG00000139173	TMEM117	 2.22e-01	6.51e-01	protein_coding
ENSG00000167705	RILP	-6.43e-01	4.17e-04	protein_coding
ENSG00000165312	OTUD1	 1.08e-01	8.49e-01	protein_coding
ENSG00000197191	CYSRT1	-7.99e-03	9.92e-01	protein_coding
ENSG00000178718	RPP25	-1.02e-01	5.70e-01	protein_coding
ENSG00000205726	ITSN1	-1.00e-01	8.46e-01	protein_coding
ENSG00000167107	ACSF2	-4.28e-01	2.31e-03	protein_coding
ENSG00000141429	GALNT1	-4.81e-01	1.37e-01	protein_coding
ENSG00000069966	GNB5	-1.22e-01	6.41e-01	protein_coding
ENSG00000162390	ACOT11	 5.35e-01	1.46e-01	protein_coding
ENSG00000112715	VEGFA	-1.76e-01	3.44e-01	protein_coding
ENSG00000125877	ITPA	-4.28e-01	5.23e-04	protein_coding
ENSG00000169251	NMD3	-2.61e-01	4.33e-01	protein_coding
ENSG00000114126	TFDP2	-1.75e-01	6.12e-01	protein_coding
ENSG00000113140	SPARC	 1.34e-01	8.07e-01	protein_coding
ENSG00000101546	RBFA	-2.53e-01	2.64e-01	protein_coding
ENSG00000196923	PDLIM7	 4.55e-02	8.59e-01	protein_coding
ENSG00000118523	CCN2	 4.73e-01	9.50e-03	protein_coding
ENSG00000101407	TTI1	 1.51e-01	6.29e-01	protein_coding
ENSG00000171443	ZNF524	-2.39e-01	3.67e-01	protein_coding
ENSG00000178764	ZHX2	 4.70e-01	1.17e-01	protein_coding
ENSG00000078967	UBE2D4	-1.21e-02	9.77e-01	protein_coding
ENSG00000179943	FIZ1	 5.02e-01	2.54e-02	protein_coding
ENSG00000175213	ZNF408	 1.77e-01	5.51e-01	protein_coding
ENSG00000105698	USF2	-5.37e-02	8.40e-01	protein_coding
ENSG00000105647	PIK3R2	 5.58e-01	2.49e-04	protein_coding
ENSG00000149292	TTC12	-3.36e-01	3.43e-01	protein_coding
ENSG00000216490	IFI30	 1.05e-01	5.56e-01	protein_coding
ENSG00000188647	PTAR1	-2.29e-02	9.68e-01	protein_coding
ENSG00000112511	PHF1	 2.21e-01	3.84e-01	protein_coding
ENSG00000272655	POLR2J4	-2.13e-01	4.81e-01	transcribed_unprocessed_pseudogene
ENSG00000235314	LINC00957	-3.53e-01	3.70e-01	lncRNA
ENSG00000156787	TBC1D31	 1.88e-01	4.84e-01	protein_coding
ENSG00000214783	POLR2J4	 1.42e-01	7.95e-01	lncRNA
ENSG00000196199	MPHOSPH8	 3.83e-01	3.25e-01	protein_coding
ENSG00000104983	CCDC61	-6.24e-01	9.88e-03	protein_coding
ENSG00000188229	TUBB4B	-2.71e-01	6.75e-02	protein_coding
ENSG00000172977	KAT5	-3.19e-01	2.54e-02	protein_coding
ENSG00000114378	HYAL1	 8.77e-03	9.79e-01	protein_coding
ENSG00000053371	AKR7A2	-5.71e-01	7.69e-06	protein_coding
ENSG00000185787	MORF4L1	-3.18e-01	2.17e-02	protein_coding
ENSG00000101558	VAPA	 1.17e-01	6.50e-01	protein_coding
ENSG00000118508	RAB32	-3.30e-01	9.18e-02	protein_coding
ENSG00000159200	RCAN1	-1.16e-01	7.87e-01	protein_coding
ENSG00000260806	AL163051.1	-4.77e-02	9.26e-01	lncRNA
ENSG00000007264	MATK	-5.66e-01	3.38e-03	protein_coding
ENSG00000197696	NMB	-1.92e-01	6.11e-01	protein_coding
ENSG00000117862	TXNDC12	 1.78e-01	5.41e-01	protein_coding
ENSG00000154639	CXADR	 1.06e-01	8.25e-01	protein_coding
ENSG00000271303	SRXN1	 3.29e-02	9.11e-01	protein_coding
ENSG00000153560	UBP1	-1.09e-01	6.90e-01	protein_coding
ENSG00000144711	IQSEC1	-6.27e-01	3.65e-02	protein_coding
ENSG00000147202	DIAPH2	 2.66e-01	4.72e-01	protein_coding
ENSG00000038295	TLL1	-3.05e-01	1.88e-01	protein_coding
ENSG00000125703	ATG4C	-2.95e-02	9.67e-01	protein_coding
ENSG00000172922	RNASEH2C	-3.19e-01	9.97e-02	protein_coding
ENSG00000112514	CUTA	 1.77e-01	4.17e-01	protein_coding
ENSG00000204267	TAP2	 3.03e-02	9.25e-01	protein_coding
ENSG00000141447	OSBPL1A	-6.70e-02	8.59e-01	protein_coding
ENSG00000235109	ZSCAN31	-6.41e-02	9.14e-01	protein_coding
ENSG00000198841	KTI12	-3.90e-01	1.35e-02	protein_coding
ENSG00000121289	CEP89	-7.38e-02	8.06e-01	protein_coding
ENSG00000171307	ZDHHC16	-1.62e-01	3.39e-01	protein_coding
ENSG00000268621	IGFL2-AS1	 2.28e-01	5.45e-01	lncRNA
ENSG00000106351	AGFG2	 2.04e-02	9.58e-01	protein_coding
ENSG00000179111	HES7	 1.09e-02	9.85e-01	protein_coding
ENSG00000266405	AP005061.1	 1.14e-01	8.27e-01	transcribed_processed_pseudogene
ENSG00000174951	FUT1	 2.88e-01	4.99e-01	protein_coding
ENSG00000118946	PCDH17	 3.30e-01	4.35e-01	protein_coding
ENSG00000245910	SNHG6	 4.27e-01	8.25e-03	lncRNA
ENSG00000164070	HSPA4L	-6.34e-02	9.10e-01	protein_coding
ENSG00000154217	PITPNC1	 2.47e-02	9.32e-01	protein_coding
ENSG00000224698	AL390038.1	-9.77e-02	8.59e-01	lncRNA
ENSG00000051596	THOC3	-3.35e-01	1.74e-02	protein_coding
ENSG00000075568	TMEM131	 2.98e-01	3.11e-01	protein_coding
ENSG00000215193	PEX26	 1.26e-01	6.14e-01	protein_coding
ENSG00000069869	NEDD4	-3.70e-01	3.39e-01	protein_coding
ENSG00000189298	ZKSCAN3	-1.53e-01	7.51e-01	protein_coding
ENSG00000225335	AC016027.1	 1.37e-01	7.83e-01	lncRNA
ENSG00000136378	ADAMTS7	-4.76e-02	9.42e-01	protein_coding
ENSG00000100815	TRIP11	-4.18e-02	9.49e-01	protein_coding
ENSG00000177096	PHETA2	-2.11e-01	2.71e-01	protein_coding
ENSG00000127191	TRAF2	-1.17e-01	6.59e-01	protein_coding
ENSG00000177479	ARIH2	 1.02e-02	9.77e-01	protein_coding
ENSG00000070371	CLTCL1	 1.66e-01	6.52e-01	protein_coding
ENSG00000278743	AC087239.1	 1.30e-01	8.08e-01	lncRNA
ENSG00000163840	DTX3L	-2.32e-01	6.26e-01	protein_coding
ENSG00000180739	S1PR5	-1.01e-01	8.57e-01	protein_coding
ENSG00000136859	ANGPTL2	 6.30e-01	4.75e-02	protein_coding
ENSG00000108953	YWHAE	-5.65e-02	7.94e-01	protein_coding
ENSG00000119138	KLF9	-1.47e-02	9.76e-01	protein_coding
ENSG00000167487	KLHL26	 1.55e-01	7.20e-01	protein_coding
ENSG00000141428	C18orf21	-9.01e-02	8.68e-01	protein_coding
ENSG00000114107	CEP70	 5.33e-01	2.68e-02	protein_coding
ENSG00000241127	YAE1	 2.71e-01	5.52e-01	protein_coding
ENSG00000138071	ACTR2	-2.29e-01	3.70e-01	protein_coding
ENSG00000105401	CDC37	-5.56e-01	4.28e-07	protein_coding
ENSG00000121390	PSPC1	-4.43e-01	6.84e-03	protein_coding
ENSG00000100209	HSCB	-2.80e-01	2.66e-01	protein_coding
ENSG00000094804	CDC6	-3.22e-01	1.28e-01	protein_coding
ENSG00000140382	HMG20A	-1.23e-01	7.30e-01	protein_coding
ENSG00000247572	CKMT2-AS1	 2.25e-01	6.37e-01	lncRNA
ENSG00000160221	GATD3A	-6.05e-01	3.59e-04	protein_coding
ENSG00000196776	CD47	 1.42e-03	9.97e-01	protein_coding
ENSG00000138496	PARP9	-3.73e-01	3.00e-01	protein_coding
ENSG00000102103	PQBP1	-2.67e-01	2.12e-01	protein_coding
ENSG00000089195	TRMT6	-6.74e-02	8.93e-01	protein_coding
ENSG00000178980	SELENOW	 2.32e-02	9.19e-01	protein_coding
ENSG00000008517	IL32	-3.83e-01	2.59e-01	protein_coding
ENSG00000118482	PHF3	-2.83e-01	4.25e-01	protein_coding
ENSG00000176046	NUPR1	-2.44e-01	1.07e-01	protein_coding
ENSG00000183763	TRAIP	-1.26e-01	6.86e-01	protein_coding
ENSG00000136986	DERL1	 8.79e-02	6.92e-01	protein_coding
ENSG00000243725	TTC4	 7.73e-02	8.26e-01	protein_coding
ENSG00000105223	PLD3	 3.01e-01	2.62e-02	protein_coding
ENSG00000165209	STRBP	 1.02e-01	8.03e-01	protein_coding
ENSG00000148303	RPL7A	-4.70e-02	8.90e-01	protein_coding
ENSG00000138686	BBS7	-7.56e-02	8.92e-01	protein_coding
ENSG00000136828	RALGPS1	-1.12e-01	8.25e-01	protein_coding
ENSG00000113583	C5orf15	 4.73e-01	3.15e-02	protein_coding
ENSG00000032219	ARID4A	 1.38e-01	7.68e-01	protein_coding
ENSG00000088448	ANKRD10	-7.09e-02	8.50e-01	protein_coding
ENSG00000006451	RALA	-2.57e-01	3.56e-01	protein_coding
ENSG00000106333	PCOLCE	 6.36e-01	3.92e-06	protein_coding
ENSG00000065989	AC011529.1	 7.64e-01	3.51e-05	protein_coding
ENSG00000152518	ZFP36L2	 7.78e-01	2.92e-03	protein_coding
ENSG00000261221	ZNF865	 1.11e+00	1.31e-05	protein_coding
ENSG00000090889	KIF4A	 4.70e-02	8.87e-01	protein_coding
ENSG00000077454	LRCH4	 1.05e-01	7.89e-01	protein_coding
ENSG00000279873	LINC01126	-2.04e-03	9.97e-01	lncRNA
ENSG00000249459	ZNF286B	-2.98e-01	4.86e-01	transcribed_unprocessed_pseudogene
ENSG00000137492	THAP12	-3.81e-02	9.48e-01	protein_coding
ENSG00000148400	NOTCH1	 1.84e-01	6.93e-01	protein_coding
ENSG00000185619	PCGF3	-2.18e-01	4.18e-01	protein_coding
ENSG00000120509	PDZD11	-1.15e-01	6.19e-01	protein_coding
ENSG00000135315	CEP162	 3.26e-03	9.97e-01	protein_coding
ENSG00000127586	CHTF18	-1.90e-02	9.65e-01	protein_coding
ENSG00000126768	TIMM17B	-3.83e-01	7.59e-04	protein_coding
ENSG00000157933	SKI	 1.72e-01	6.84e-01	protein_coding
ENSG00000179922	ZNF784	-3.65e-01	1.82e-01	protein_coding
ENSG00000167635	ZNF146	-3.33e-01	3.73e-01	protein_coding
ENSG00000101421	CHMP4B	-1.50e-01	3.68e-01	protein_coding
ENSG00000120733	KDM3B	 3.30e-02	9.40e-01	protein_coding
ENSG00000153395	LPCAT1	 2.96e-01	6.36e-02	protein_coding
ENSG00000155034	FBXL18	 5.08e-01	3.43e-02	protein_coding
ENSG00000101413	RPRD1B	 1.79e-01	4.21e-01	protein_coding
ENSG00000091073	DTX2	 4.50e-01	3.96e-02	protein_coding
ENSG00000231249	ITPR1-DT	 1.03e-02	9.90e-01	lncRNA
ENSG00000163697	APBB2	-1.56e-01	6.80e-01	protein_coding
ENSG00000183172	SMDT1	 1.19e-01	6.71e-01	protein_coding
ENSG00000022567	SLC45A4	 1.62e-01	6.52e-01	protein_coding
ENSG00000062194	GPBP1	 3.51e-01	2.94e-01	protein_coding
ENSG00000173209	AHSA2P	 2.04e-02	9.70e-01	transcribed_unitary_pseudogene
ENSG00000138829	FBN2	 2.27e-02	9.62e-01	protein_coding
ENSG00000280035	AC011676.5	 2.18e-01	6.50e-01	TEC
ENSG00000178057	NDUFAF3	-1.35e-01	4.19e-01	protein_coding
ENSG00000162636	FAM102B	-5.56e-01	1.28e-02	protein_coding
ENSG00000198959	TGM2	 6.03e-02	8.57e-01	protein_coding
ENSG00000281566	AL157778.1	 4.52e-01	2.04e-01	lncRNA
ENSG00000275765	AC091982.3	-1.88e-01	5.68e-01	lncRNA
ENSG00000221883	ARIH2OS	 5.23e-02	9.15e-01	lncRNA
ENSG00000125977	EIF2S2	-8.41e-02	8.55e-01	protein_coding
ENSG00000163686	ABHD6	 1.18e-01	7.26e-01	protein_coding
ENSG00000177556	ATOX1	 2.48e-01	1.11e-01	protein_coding
ENSG00000105705	AC004475.1	-1.12e-01	6.76e-01	protein_coding
ENSG00000108465	CDK5RAP3	-4.95e-01	4.27e-04	protein_coding
ENSG00000160392	C19orf47	-6.59e-02	8.39e-01	protein_coding
ENSG00000114127	XRN1	-5.30e-01	1.39e-01	protein_coding
ENSG00000013275	PSMC4	-1.56e-01	4.02e-01	protein_coding
ENSG00000007376	RPUSD1	-3.63e-01	3.61e-02	protein_coding
ENSG00000140612	SEC11A	 8.27e-02	7.74e-01	protein_coding
ENSG00000141127	PRPSAP2	-1.25e-01	6.23e-01	protein_coding
ENSG00000107341	UBE2R2	 7.72e-01	2.50e-07	protein_coding
ENSG00000173581	CCDC106	-7.49e-02	7.82e-01	protein_coding
ENSG00000145907	G3BP1	-4.99e-01	8.66e-04	protein_coding
ENSG00000178252	WDR6	 3.42e-01	2.33e-02	protein_coding
ENSG00000116151	MORN1	-9.08e-02	7.61e-01	protein_coding
ENSG00000237037	NDUFA6-DT	 1.16e-01	8.00e-01	lncRNA
ENSG00000108091	CCDC6	 2.34e-01	3.65e-01	protein_coding
ENSG00000213015	ZNF580	 5.82e-01	1.47e-04	protein_coding
ENSG00000183765	CHEK2	 3.62e-02	9.09e-01	protein_coding
ENSG00000171425	ZNF581	 6.48e-02	8.63e-01	protein_coding
ENSG00000184983	NDUFA6	 1.16e-01	8.10e-01	protein_coding
ENSG00000145817	YIPF5	-2.88e-01	2.59e-01	protein_coding
ENSG00000237886	NALT1	-4.01e-01	2.39e-01	lncRNA
ENSG00000115464	USP34	-5.63e-02	9.10e-01	protein_coding
ENSG00000125970	RALY	-4.97e-01	7.84e-05	protein_coding
ENSG00000178814	OPLAH	-2.30e-01	3.90e-01	protein_coding
ENSG00000178149	DALRD3	-3.58e-01	4.56e-02	protein_coding
ENSG00000285230	RALY-AS1	 1.06e-01	8.07e-01	lncRNA
ENSG00000166823	MESP1	-2.12e-01	4.88e-01	protein_coding
ENSG00000166471	TMEM41B	-1.64e-01	6.52e-01	protein_coding
ENSG00000109606	DHX15	-3.29e-01	1.28e-01	protein_coding
ENSG00000116954	RRAGC	 2.82e-01	4.67e-01	protein_coding
ENSG00000130935	NOL11	 9.18e-03	9.86e-01	protein_coding
ENSG00000176014	TUBB6	-3.67e-01	2.54e-03	protein_coding
ENSG00000135002	RFK	-1.91e-01	3.49e-01	protein_coding
ENSG00000172889	EGFL7	-2.38e-01	2.14e-01	protein_coding
ENSG00000140367	UBE2Q2	 4.77e-01	5.70e-02	protein_coding
ENSG00000214114	MYCBP	 1.03e-01	8.15e-01	protein_coding
ENSG00000159069	FBXW5	-4.85e-01	8.75e-04	protein_coding
ENSG00000133731	IMPA1	-3.99e-02	9.52e-01	protein_coding
ENSG00000100372	SLC25A17	-2.32e-01	4.22e-01	protein_coding
ENSG00000114767	RRP9	-5.71e-01	1.74e-04	protein_coding
ENSG00000184489	PTP4A3	 8.47e-02	8.26e-01	protein_coding
ENSG00000140043	PTGR2	 2.21e-01	5.85e-01	protein_coding
ENSG00000177335	C8orf31	 5.47e-01	6.60e-02	lncRNA
ENSG00000141385	AFG3L2	-4.32e-01	5.85e-03	protein_coding
ENSG00000176476	SGF29	 2.34e-01	3.15e-01	protein_coding
ENSG00000040487	PQLC2	 8.13e-02	7.96e-01	protein_coding
ENSG00000128512	DOCK4	-2.62e-01	2.58e-01	protein_coding
ENSG00000239264	TXNDC5	 2.55e-02	9.19e-01	protein_coding
ENSG00000129646	QRICH2	-2.08e-01	5.99e-01	protein_coding
ENSG00000074319	TSG101	-5.36e-03	9.88e-01	protein_coding
ENSG00000174748	RPL15	-5.81e-02	8.40e-01	protein_coding
ENSG00000129484	PARP2	-1.02e-01	7.39e-01	protein_coding
ENSG00000171016	PYGO1	 2.36e-01	6.07e-01	protein_coding
ENSG00000122707	RECK	 1.76e-01	7.19e-01	protein_coding
ENSG00000072210	ALDH3A2	-2.32e-01	4.18e-01	protein_coding
ENSG00000134717	BTF3L4	 2.29e-01	3.05e-01	protein_coding
ENSG00000138629	UBL7	-2.77e-01	2.55e-02	protein_coding
ENSG00000259001	AL355075.4	 1.01e+00	5.32e-04	lncRNA
ENSG00000074935	TUBE1	 9.44e-02	8.44e-01	protein_coding
ENSG00000115020	PIKFYVE	-1.84e-01	6.20e-01	protein_coding
ENSG00000119711	ALDH6A1	-3.83e-01	9.15e-02	protein_coding
ENSG00000182809	CRIP2	-1.05e-01	7.52e-01	protein_coding
ENSG00000153162	BMP6	 7.76e-02	8.72e-01	protein_coding
ENSG00000101350	KIF3B	 2.26e-01	5.29e-01	protein_coding
ENSG00000075624	ACTB	 5.83e-01	3.91e-07	protein_coding
ENSG00000105662	CRTC1	 8.83e-01	2.53e-06	protein_coding
ENSG00000108439	PNPO	 6.18e-02	8.04e-01	protein_coding
ENSG00000188428	BLOC1S5	 6.61e-02	9.13e-01	protein_coding
ENSG00000156471	PTDSS1	 2.96e-01	1.70e-02	protein_coding
ENSG00000116350	SRSF4	 5.43e-02	8.36e-01	protein_coding
ENSG00000174738	NR1D2	-3.40e-01	3.51e-01	protein_coding
ENSG00000171928	TVP23B	 8.59e-02	8.69e-01	protein_coding
ENSG00000178467	P4HTM	-1.80e-01	3.86e-01	protein_coding
ENSG00000104805	NUCB1	 3.09e-01	2.53e-02	protein_coding
ENSG00000124802	EEF1E1	-8.26e-02	8.38e-01	protein_coding
ENSG00000241258	CRCP	-8.89e-02	7.53e-01	protein_coding
ENSG00000119771	KLHL29	 3.78e-01	1.24e-01	protein_coding
ENSG00000005302	MSL3	 1.77e-01	5.30e-01	protein_coding
ENSG00000108604	SMARCD2	-5.13e-02	8.49e-01	protein_coding
ENSG00000174231	PRPF8	 8.16e-01	1.81e-09	protein_coding
ENSG00000224361	AC011239.1	-2.20e-01	6.45e-01	lncRNA
ENSG00000165355	FBXO33	-6.39e-01	3.36e-02	protein_coding
ENSG00000270019	AC110769.2	 2.67e-01	5.62e-01	lncRNA
ENSG00000117411	B4GALT2	-1.65e-01	4.28e-01	protein_coding
ENSG00000197885	NKIRAS1	 1.41e-02	9.81e-01	protein_coding
ENSG00000203778	FAM229B	-5.88e-02	8.90e-01	protein_coding
ENSG00000100393	EP300	 3.20e-01	1.90e-01	protein_coding
ENSG00000076513	ANKRD13A	-1.49e-02	9.72e-01	protein_coding
ENSG00000088766	CRLS1	-1.74e-01	5.02e-01	protein_coding
ENSG00000186806	VSIG10L	 4.68e-01	1.71e-01	protein_coding
ENSG00000188095	MESP2	-1.88e-01	6.81e-01	protein_coding
ENSG00000139842	CUL4A	 5.78e-02	8.40e-01	protein_coding
ENSG00000189144	ZNF573	 1.65e-01	7.47e-01	protein_coding
ENSG00000198945	L3MBTL3	 2.90e-01	5.22e-01	protein_coding
ENSG00000123094	RASSF8	-1.72e-01	7.22e-01	protein_coding
ENSG00000184007	PTP4A2	-2.35e-01	3.62e-01	protein_coding
ENSG00000114315	HES1	 3.91e-01	1.66e-01	protein_coding
ENSG00000185896	LAMP1	 7.34e-01	7.82e-08	protein_coding
ENSG00000115091	ACTR3	-4.48e-01	2.05e-02	protein_coding
ENSG00000158234	FAIM	-1.51e-01	7.33e-01	protein_coding
ENSG00000151725	CENPU	 1.17e-01	8.22e-01	protein_coding
ENSG00000127663	KDM4B	 1.75e-01	5.93e-01	protein_coding
ENSG00000105379	ETFB	-6.06e-01	2.05e-05	protein_coding
ENSG00000174456	C12orf76	-1.28e-01	7.72e-01	protein_coding
ENSG00000111832	RWDD1	-7.98e-02	8.75e-01	protein_coding
ENSG00000246695	RASSF8-AS1	-2.09e-01	5.68e-01	lncRNA
ENSG00000157778	PSMG3	-3.50e-01	4.78e-02	protein_coding
ENSG00000047188	YTHDC2	-1.82e-01	6.61e-01	protein_coding
ENSG00000119725	ZNF410	-1.48e-01	4.86e-01	protein_coding
ENSG00000130734	ATG4D	-1.37e-01	5.79e-01	protein_coding
ENSG00000165195	PIGA	-4.06e-01	2.99e-01	protein_coding
ENSG00000143420	ENSA	-2.13e-01	1.22e-01	protein_coding
ENSG00000166825	ANPEP	 6.59e-01	5.69e-02	protein_coding
ENSG00000230487	PSMG3-AS1	 2.66e-02	9.69e-01	lncRNA
ENSG00000173218	VANGL1	-3.81e-02	9.17e-01	protein_coding
ENSG00000119778	ATAD2B	-3.69e-01	1.71e-01	protein_coding
ENSG00000171970	ZNF57	-5.22e-02	9.34e-01	protein_coding
ENSG00000237973	MTCO1P12	 3.96e-01	3.20e-01	unprocessed_pseudogene
ENSG00000228794	LINC01128	 2.47e-01	5.12e-01	lncRNA
ENSG00000162076	FLYWCH2	-5.00e-01	2.33e-05	protein_coding
ENSG00000164306	PRIMPOL	-3.03e-01	3.98e-01	protein_coding
ENSG00000163930	BAP1	-1.65e-03	9.97e-01	protein_coding
ENSG00000168993	CPLX1	 5.84e-01	6.59e-02	protein_coding
ENSG00000214145	LINC00887	-1.58e-01	7.55e-01	lncRNA
ENSG00000168610	STAT3	 2.71e-01	2.94e-02	protein_coding
ENSG00000100353	EIF3D	-4.44e-01	1.23e-04	protein_coding
ENSG00000228327	AL669831.1	 2.30e-01	5.36e-01	transcribed_unprocessed_pseudogene
ENSG00000014123	UFL1	 3.25e-02	9.63e-01	protein_coding
ENSG00000154640	BTG3	-1.01e-01	8.04e-01	protein_coding
ENSG00000129347	KRI1	 2.94e-02	9.23e-01	protein_coding
ENSG00000176170	SPHK1	-4.86e-01	1.62e-02	protein_coding
ENSG00000147421	HMBOX1	 9.11e-02	8.36e-01	protein_coding
ENSG00000166446	CDYL2	-4.37e-01	4.82e-02	protein_coding
ENSG00000101966	XIAP	 2.87e-01	5.27e-01	protein_coding
ENSG00000075618	FSCN1	 1.79e-01	2.38e-01	protein_coding
ENSG00000132563	REEP2	 5.70e-02	8.88e-01	protein_coding
ENSG00000225630	MTND2P28	 2.74e-01	5.21e-01	unprocessed_pseudogene
ENSG00000248527	MTATP6P1	 3.77e-01	3.60e-01	unprocessed_pseudogene
ENSG00000230615	AL139220.2	-1.60e-01	6.66e-01	lncRNA
ENSG00000131944	FAAP24	-4.29e-01	9.95e-02	protein_coding
ENSG00000125885	MCM8	-3.23e-01	2.19e-01	protein_coding
ENSG00000119522	DENND1A	-1.09e-01	7.23e-01	protein_coding
ENSG00000168300	PCMTD1	 4.25e-01	7.54e-02	protein_coding
ENSG00000196636	SDHAF3	 4.56e-01	1.41e-01	protein_coding
ENSG00000251136	AF117829.1	 1.14e-01	8.26e-01	lncRNA
ENSG00000102870	ZNF629	 5.94e-01	9.09e-04	protein_coding
ENSG00000162639	HENMT1	-2.66e-01	2.50e-01	protein_coding
ENSG00000255154	HTD2	-7.23e-02	8.94e-01	protein_coding
ENSG00000124370	MCEE	 9.31e-03	9.87e-01	protein_coding
ENSG00000157617	C2CD2	-8.85e-01	3.68e-04	protein_coding
ENSG00000170949	ZNF160	 5.56e-02	9.29e-01	protein_coding
ENSG00000120549	KIAA1217	 7.80e-01	1.13e-02	protein_coding
ENSG00000159214	CCDC24	-5.91e-01	4.28e-02	protein_coding
ENSG00000126522	ASL	-5.68e-01	2.23e-03	protein_coding
ENSG00000163684	RPP14	 3.32e-01	3.92e-01	protein_coding
ENSG00000124279	FASTKD3	 1.67e-01	6.90e-01	protein_coding
ENSG00000114861	FOXP1	 3.12e-01	3.46e-01	protein_coding
ENSG00000205339	IPO7	-2.42e-01	4.32e-01	protein_coding
ENSG00000100726	TELO2	-1.60e-01	4.51e-01	protein_coding
ENSG00000124275	MTRR	-1.10e-01	6.54e-01	protein_coding
ENSG00000164438	TLX3	 3.62e-01	1.10e-01	protein_coding
ENSG00000163393	SLC22A15	-3.72e-01	3.26e-01	protein_coding
ENSG00000122970	IFT81	 5.89e-02	9.16e-01	protein_coding
ENSG00000213585	VDAC1	 2.40e-01	8.67e-02	protein_coding
ENSG00000161542	PRPSAP1	 9.79e-02	6.58e-01	protein_coding
ENSG00000120451	SNX19	-2.32e-01	2.81e-01	protein_coding
ENSG00000137221	TJAP1	 2.95e-01	1.76e-01	protein_coding
ENSG00000148204	CRB2	 1.98e-01	6.91e-01	protein_coding
ENSG00000071127	WDR1	-2.98e-01	5.55e-02	protein_coding
ENSG00000175893	ZDHHC21	-1.20e-01	7.97e-01	protein_coding
ENSG00000139835	GRTP1	 1.89e-01	6.40e-01	protein_coding
ENSG00000126226	PCID2	-1.35e-01	4.97e-01	protein_coding
ENSG00000104522	TSTA3	-5.57e-01	8.88e-05	protein_coding
ENSG00000175691	ZNF77	 1.22e-01	8.19e-01	protein_coding
ENSG00000170525	PFKFB3	 6.03e-02	8.78e-01	protein_coding
ENSG00000119723	COQ6	 1.92e-02	9.70e-01	protein_coding
ENSG00000141425	RPRD1A	-2.24e-01	4.25e-01	protein_coding
ENSG00000158691	ZSCAN12	-3.71e-01	2.69e-01	protein_coding
ENSG00000108298	RPL19	-6.07e-02	8.28e-01	protein_coding
ENSG00000204257	HLA-DMA	 9.21e-02	7.60e-01	protein_coding
ENSG00000101596	SMCHD1	 3.31e-01	2.99e-01	protein_coding
ENSG00000232677	LINC00665	 1.98e-01	6.73e-01	lncRNA
ENSG00000187535	IFT140	-2.72e-01	3.01e-01	protein_coding
ENSG00000196517	SLC6A9	 3.30e-01	1.60e-01	protein_coding
ENSG00000116353	MECR	-2.01e-01	3.79e-01	protein_coding
ENSG00000088836	SLC4A11	-1.36e-02	9.83e-01	protein_coding
ENSG00000275066	SYNRG	 1.33e-01	7.28e-01	protein_coding
ENSG00000163932	PRKCD	 1.35e-01	7.34e-01	protein_coding
ENSG00000105649	RAB3A	 4.95e-01	1.51e-01	protein_coding
ENSG00000142599	RERE	 7.90e-02	8.14e-01	protein_coding
ENSG00000163132	MSX1	-8.04e-02	8.89e-01	protein_coding
ENSG00000166450	PRTG	 2.74e-01	4.08e-01	protein_coding
ENSG00000154473	BUB3	-2.16e-01	2.91e-01	protein_coding
ENSG00000254858	MPV17L2	-2.78e-01	7.84e-02	protein_coding
ENSG00000023572	GLRX2	-2.70e-01	2.74e-01	protein_coding
ENSG00000268364	SMC5-AS1	 6.40e-02	9.15e-01	lncRNA
ENSG00000230798	FOXD3-AS1	-8.76e-02	7.95e-01	lncRNA
ENSG00000165138	ANKS6	-4.82e-01	3.29e-02	protein_coding
ENSG00000188986	NELFB	-2.82e-01	7.36e-02	protein_coding
ENSG00000198113	TOR4A	 3.21e-01	1.60e-01	protein_coding
ENSG00000255224	AC109322.1	 2.90e-01	4.68e-01	lncRNA
ENSG00000165072	MAMDC2	 6.31e-02	8.85e-01	protein_coding
ENSG00000225968	ELFN1	 1.14e-01	8.41e-01	protein_coding
ENSG00000236081	ELFN1-AS1	 2.99e-01	9.58e-02	lncRNA
ENSG00000178896	EXOSC4	-4.75e-01	5.94e-03	protein_coding
ENSG00000137845	ADAM10	 1.32e-01	7.73e-01	protein_coding
ENSG00000163626	COX18	-1.77e-01	5.80e-01	protein_coding
ENSG00000099385	BCL7C	-4.81e-01	3.49e-03	protein_coding
ENSG00000082516	GEMIN5	 1.01e-01	7.74e-01	protein_coding
ENSG00000260083	MIR762HG	 1.83e-01	6.69e-01	lncRNA
ENSG00000187097	ENTPD5	 4.76e-02	9.20e-01	protein_coding
ENSG00000174915	PTDSS2	-1.78e-03	9.97e-01	protein_coding
ENSG00000154642	C21orf91	 1.29e-01	8.17e-01	protein_coding
ENSG00000059122	FLYWCH1	-1.73e-01	3.47e-01	protein_coding
ENSG00000243566	UPK3B	-7.87e-02	8.75e-01	protein_coding
ENSG00000082701	GSK3B	 1.09e-01	6.90e-01	protein_coding
ENSG00000261079	AC009053.2	 2.52e-01	5.43e-01	lncRNA
ENSG00000156050	FAM161B	 3.87e-02	9.53e-01	protein_coding
ENSG00000148290	SURF1	-2.46e-01	1.98e-01	protein_coding
ENSG00000132950	ZMYM5	-4.45e-01	2.33e-01	protein_coding
ENSG00000179094	AC129492.1	 3.17e-01	1.50e-01	protein_coding
ENSG00000214331	AC009053.1	 4.14e-01	1.77e-01	transcribed_unprocessed_pseudogene
ENSG00000198435	NRARP	 2.56e-01	4.42e-01	protein_coding
ENSG00000129474	AJUBA	-4.36e-02	8.91e-01	protein_coding
ENSG00000130479	MAP1S	 3.37e-01	9.77e-02	protein_coding
ENSG00000171522	PTGER4	 1.57e-01	7.06e-01	protein_coding
ENSG00000006611	USH1C	-3.44e-01	6.14e-02	protein_coding
ENSG00000136444	RSAD1	-3.48e-01	8.39e-02	protein_coding
ENSG00000101972	STAG2	-1.39e-01	7.77e-01	protein_coding
ENSG00000148291	SURF2	-4.38e-01	7.19e-03	protein_coding
ENSG00000124383	MPHOSPH10	 5.90e-01	6.58e-02	protein_coding
ENSG00000113638	TTC33	-3.50e-01	2.35e-01	protein_coding
ENSG00000148225	WDR31	-7.50e-03	9.92e-01	protein_coding
ENSG00000157077	ZFYVE9	-1.05e-01	8.40e-01	protein_coding
ENSG00000143033	MTF2	 7.15e-02	8.70e-01	protein_coding
ENSG00000152558	TMEM123	-4.00e-01	1.77e-01	protein_coding
ENSG00000047365	ARAP2	-9.46e-02	8.36e-01	protein_coding
ENSG00000103035	PSMD7	-3.05e-01	3.04e-02	protein_coding
ENSG00000155111	CDK19	 1.94e-01	6.94e-01	protein_coding
ENSG00000116747	RO60	-9.40e-02	8.52e-01	protein_coding
ENSG00000220205	VAMP2	 3.46e-01	1.63e-01	protein_coding
ENSG00000204256	BRD2	 3.07e-01	6.79e-02	protein_coding
ENSG00000282458	WASH5P	 4.64e-01	4.33e-02	transcribed_processed_pseudogene
ENSG00000150281	CTF1	 3.91e-01	2.57e-01	protein_coding
ENSG00000004897	CDC27	-1.59e-02	9.75e-01	protein_coding
ENSG00000163138	PACRGL	-9.64e-02	8.47e-01	protein_coding
ENSG00000275964	AL355001.2	-1.79e-01	6.09e-01	lncRNA
ENSG00000228801	AC064807.1	 8.81e-02	8.41e-01	lncRNA
ENSG00000154222	CC2D1B	-1.46e-03	9.97e-01	protein_coding
ENSG00000099364	FBXL19	 4.21e-01	4.83e-02	protein_coding
ENSG00000151012	SLC7A11	-1.99e-01	6.50e-01	protein_coding
ENSG00000121022	COPS5	-3.65e-01	1.51e-01	protein_coding
ENSG00000068001	HYAL2	-3.43e-01	1.97e-02	protein_coding
ENSG00000186591	UBE2H	-5.92e-02	8.86e-01	protein_coding
ENSG00000032444	PNPLA6	 4.60e-01	1.02e-02	protein_coding
ENSG00000104953	TLE6	 2.00e-01	3.97e-01	protein_coding
ENSG00000172331	BPGM	-1.98e-01	6.40e-01	protein_coding
ENSG00000158604	TMED4	 7.28e-02	7.62e-01	protein_coding
ENSG00000269556	TMEM185A	-1.68e-01	6.33e-01	protein_coding
ENSG00000114383	TUSC2	-4.06e-01	2.96e-02	protein_coding
ENSG00000260852	FBXL19-AS1	 2.51e-01	3.95e-01	lncRNA
ENSG00000231259	AC125232.1	-3.64e-01	1.50e-01	unprocessed_pseudogene
ENSG00000175938	ORAI3	 2.35e-01	2.38e-01	protein_coding
ENSG00000124374	PAIP2B	-7.26e-02	8.91e-01	protein_coding
ENSG00000205485	AC004980.1	 1.53e-01	7.46e-01	transcribed_unprocessed_pseudogene
ENSG00000101544	ADNP2	 2.93e-01	5.04e-01	protein_coding
ENSG00000092036	HAUS4	-3.38e-01	7.33e-03	protein_coding
ENSG00000130529	TRPM4	-1.63e-01	6.91e-01	protein_coding
ENSG00000167081	PBX3	 2.21e-01	6.23e-01	protein_coding
ENSG00000254470	AP5B1	 3.05e-01	2.05e-01	protein_coding
ENSG00000197165	SULT1A2	-8.50e-02	8.84e-01	protein_coding
ENSG00000125107	CNOT1	 6.53e-02	8.41e-01	protein_coding
ENSG00000090674	MCOLN1	 1.93e-01	4.65e-01	protein_coding
ENSG00000153317	ASAP1	 4.60e-01	6.19e-02	protein_coding
ENSG00000129933	MAU2	 7.82e-02	8.03e-01	protein_coding
ENSG00000134324	LPIN1	-3.37e-01	2.14e-01	protein_coding
ENSG00000146707	POMZP3	 2.44e-01	3.16e-01	protein_coding
ENSG00000011304	PTBP1	 4.48e-01	2.86e-04	protein_coding
ENSG00000131828	PDHA1	-4.34e-01	1.47e-04	protein_coding
ENSG00000020922	MRE11	-4.05e-01	1.06e-01	protein_coding
ENSG00000214708	AC116407.1	 1.41e-01	7.18e-01	lncRNA
ENSG00000157911	PEX10	-4.70e-01	1.68e-04	protein_coding
ENSG00000122694	GLIPR2	 2.42e-02	9.69e-01	protein_coding
ENSG00000091732	ZC3HC1	-2.51e-01	1.78e-01	protein_coding
ENSG00000153339	TRAPPC8	-2.82e-01	4.45e-01	protein_coding
ENSG00000181638	ZFP41	 1.67e-01	6.93e-01	protein_coding
ENSG00000115970	THADA	 2.83e-01	4.12e-01	protein_coding
ENSG00000250571	GLI4	 4.73e-02	9.01e-01	protein_coding
ENSG00000120738	EGR1	 8.23e-01	1.97e-04	protein_coding
ENSG00000153975	ZUP1	 1.98e-01	6.92e-01	protein_coding
ENSG00000163995	ABLIM2	-7.92e-02	8.60e-01	protein_coding
ENSG00000175216	CKAP5	 5.26e-02	8.68e-01	protein_coding
ENSG00000265666	RARA-AS1	-1.49e-01	6.34e-01	lncRNA
ENSG00000133687	TMTC1	-1.12e-01	7.30e-01	protein_coding
ENSG00000157916	RER1	-2.71e-02	9.13e-01	protein_coding
ENSG00000066777	ARFGEF1	 3.85e-01	2.30e-01	protein_coding
ENSG00000242622	AC092910.3	 3.35e-01	3.11e-01	lncRNA
ENSG00000108061	SHOC2	 4.71e-02	9.22e-01	protein_coding
ENSG00000103037	SETD6	-3.26e-01	2.31e-01	protein_coding
ENSG00000131759	RARA	 6.58e-01	1.48e-03	protein_coding
ENSG00000104312	RIPK2	-2.44e-01	5.20e-01	protein_coding
ENSG00000153531	ADPRHL1	-2.39e-01	6.12e-01	protein_coding
ENSG00000123104	ITPR2	-1.54e-01	7.07e-01	protein_coding
ENSG00000007168	PAFAH1B1	-1.91e-01	4.25e-01	protein_coding
ENSG00000188185	LINC00265	 6.42e-02	9.16e-01	lncRNA
ENSG00000196227	FAM217B	 1.64e-01	7.52e-01	protein_coding
ENSG00000242259	C22orf39	-1.39e-01	5.32e-01	protein_coding
ENSG00000180815	MAP3K15	-2.29e-01	5.45e-01	protein_coding
ENSG00000132825	PPP1R3D	 2.64e-01	5.40e-01	protein_coding
ENSG00000121964	GTDC1	 6.91e-01	4.13e-02	protein_coding
ENSG00000175697	GPR156	-1.42e-01	7.93e-01	protein_coding
ENSG00000171634	BPTF	 4.85e-02	9.07e-01	protein_coding
ENSG00000256591	AP003108.2	-1.95e-01	5.93e-01	protein_coding
ENSG00000104218	CSPP1	-6.58e-02	8.77e-01	protein_coding
ENSG00000162645	GBP2	-3.05e-01	3.98e-01	protein_coding
ENSG00000164830	OXR1	-1.28e-01	7.01e-01	protein_coding
ENSG00000259826	AC072061.1	-8.17e-02	8.91e-01	lncRNA
ENSG00000151835	SACS	-5.10e-01	1.68e-01	protein_coding
ENSG00000088035	ALG6	 1.52e-01	7.71e-01	protein_coding
ENSG00000167985	SDHAF2	 5.83e-02	8.20e-01	protein_coding
ENSG00000158856	DMTN	 2.08e-01	3.74e-01	protein_coding
ENSG00000163428	LRRC58	-3.42e-01	2.45e-01	protein_coding
ENSG00000122483	CCDC18	-1.41e-01	7.90e-01	protein_coding
ENSG00000079950	STX7	-8.54e-02	8.77e-01	protein_coding
ENSG00000130338	TULP4	 9.40e-02	8.31e-01	protein_coding
ENSG00000186314	PRELID2	-2.34e-01	5.07e-01	protein_coding
ENSG00000183309	ZNF623	-1.45e-02	9.80e-01	protein_coding
ENSG00000163430	FSTL1	-1.91e-01	4.51e-01	protein_coding
ENSG00000198732	SMOC1	 4.78e-01	1.42e-04	protein_coding
ENSG00000116750	UCHL5	 3.17e-02	9.39e-01	protein_coding
ENSG00000271737	AC008608.2	-1.31e-01	7.91e-01	lncRNA
ENSG00000233527	ZNF529-AS1	-1.46e-01	7.74e-01	lncRNA
ENSG00000175054	ATR	 2.79e-01	4.68e-01	protein_coding
ENSG00000163046	ANKRD30BL	 3.34e-01	4.34e-01	protein_coding
ENSG00000070010	UFD1	-4.66e-01	1.24e-04	protein_coding
ENSG00000161298	ZNF382	 4.00e-01	2.64e-01	protein_coding
ENSG00000142731	PLK4	-1.82e-01	7.15e-01	protein_coding
ENSG00000117500	TMED5	 1.44e-01	7.21e-01	protein_coding
ENSG00000163950	SLBP	-2.91e-01	1.87e-01	protein_coding
ENSG00000187609	EXD3	 4.80e-02	9.15e-01	protein_coding
ENSG00000186020	ZNF529	-1.87e-01	7.04e-01	protein_coding
ENSG00000165521	AL121768.1	-1.57e-01	7.19e-01	protein_coding
ENSG00000132182	NUP210	 2.51e-01	1.16e-01	protein_coding
ENSG00000185608	MRPL40	-2.25e-01	2.41e-01	protein_coding
ENSG00000166454	ATMIN	 9.88e-02	7.94e-01	protein_coding
ENSG00000117505	DR1	-2.10e-01	5.13e-01	protein_coding
ENSG00000171456	ASXL1	 3.57e-01	5.92e-02	protein_coding
ENSG00000128607	KLHDC10	-4.61e-01	8.13e-02	protein_coding
ENSG00000205581	HMGN1	-9.64e-02	7.24e-01	protein_coding
ENSG00000125347	IRF1	 2.42e-02	9.59e-01	protein_coding
ENSG00000143919	CAMKMT	-9.99e-02	8.10e-01	protein_coding
ENSG00000277147	LINC00869	-2.14e-01	5.13e-01	transcribed_unprocessed_pseudogene
ENSG00000196547	MAN2A2	 1.15e-01	7.29e-01	protein_coding
ENSG00000041880	PARP3	-2.05e-01	4.17e-01	protein_coding
ENSG00000177410	ZFAS1	 3.10e-01	1.89e-01	lncRNA
ENSG00000081041	CXCL2	 5.32e-02	9.26e-01	protein_coding
ENSG00000136152	COG3	-1.15e-01	8.22e-01	protein_coding
ENSG00000111799	COL12A1	 5.61e-01	1.60e-02	protein_coding
ENSG00000197536	C5orf56	 7.96e-02	8.93e-01	lncRNA
ENSG00000141750	STAC2	-2.17e-01	5.71e-01	protein_coding
ENSG00000000003	TSPAN6	 8.72e-02	8.21e-01	protein_coding
ENSG00000113522	RAD50	 1.95e-02	9.76e-01	protein_coding
ENSG00000223745	CCDC18-AS1	 1.41e-01	7.96e-01	lncRNA
ENSG00000253716	MINCR	 6.60e-01	2.51e-03	lncRNA
ENSG00000037757	MRI1	 4.25e-02	8.89e-01	protein_coding
ENSG00000186704	DTX2P1	 2.38e-01	6.11e-01	transcribed_unprocessed_pseudogene
ENSG00000173193	PARP14	-2.03e-01	6.87e-01	protein_coding
ENSG00000124201	ZNFX1	-3.89e-02	9.05e-01	protein_coding
ENSG00000158747	NBL1	-2.82e-01	5.56e-02	protein_coding
ENSG00000100084	HIRA	 2.30e-01	4.29e-01	protein_coding
ENSG00000232040	ZBED9	 1.04e+00	3.81e-04	protein_coding
ENSG00000246350	AL049543.1	 3.32e-01	4.03e-01	lncRNA
ENSG00000148337	CIZ1	 4.03e-01	7.68e-03	protein_coding
ENSG00000166451	CENPN	-1.29e-02	9.78e-01	protein_coding
ENSG00000197021	CXorf40B	-1.97e-01	4.59e-01	protein_coding
ENSG00000134186	PRPF38B	-9.31e-03	9.86e-01	protein_coding
ENSG00000185561	TLCD2	-5.62e-03	9.94e-01	protein_coding
ENSG00000168781	PPIP5K1	-3.85e-01	6.93e-02	protein_coding
ENSG00000198961	PJA2	-4.03e-01	3.03e-01	protein_coding
ENSG00000002822	MAD1L1	-4.75e-01	2.47e-03	protein_coding
ENSG00000213145	CRIP1	 1.19e-01	6.76e-01	protein_coding
ENSG00000248592	TMEM110-MUSTN1	-3.60e-02	9.57e-01	protein_coding
ENSG00000166478	ZNF143	-1.65e-01	6.69e-01	protein_coding
ENSG00000102362	SYTL4	 2.92e-01	4.73e-01	protein_coding
ENSG00000141644	MBD1	-1.70e-01	5.92e-01	protein_coding
ENSG00000152492	CCDC50	-1.83e-01	4.54e-01	protein_coding
ENSG00000132356	PRKAA1	-3.21e-01	2.10e-01	protein_coding
ENSG00000102359	SRPX2	 1.59e-01	7.55e-01	protein_coding
ENSG00000010318	PHF7	-4.53e-01	1.76e-01	protein_coding
ENSG00000153046	CDYL	-4.37e-01	2.97e-02	protein_coding
ENSG00000150401	DCUN1D2	 3.59e-02	9.49e-01	protein_coding
ENSG00000133657	ATP13A3	-2.35e-01	4.82e-01	protein_coding
ENSG00000103121	CMC2	 1.79e-01	4.82e-01	protein_coding
ENSG00000182150	ERCC6L2	-2.39e-01	3.75e-01	protein_coding
ENSG00000126858	RHOT1	 1.02e-01	8.08e-01	protein_coding
ENSG00000146842	TMEM209	 3.20e-01	1.44e-01	protein_coding
ENSG00000233058	LINC00884	 8.86e-02	8.66e-01	lncRNA
ENSG00000175611	LINC00476	-1.50e-01	5.89e-01	lncRNA
ENSG00000149532	CPSF7	 4.21e-01	1.69e-03	protein_coding
ENSG00000223508	RPL23AP53	 7.12e-02	9.05e-01	transcribed_processed_pseudogene
ENSG00000060339	CCAR1	-6.35e-02	8.72e-01	protein_coding
ENSG00000169087	HSPBAP1	-1.17e-01	6.95e-01	protein_coding
ENSG00000077549	CAPZB	 8.63e-02	6.59e-01	protein_coding
ENSG00000183530	PRR14L	-1.44e-01	6.96e-01	protein_coding
ENSG00000265479	DTX2P1-UPK3BP1-PMS2P11	 2.55e-01	5.28e-01	lncRNA
ENSG00000171159	C9orf16	 9.60e-03	9.76e-01	protein_coding
ENSG00000106976	DNM1	 4.33e-01	2.73e-01	protein_coding
ENSG00000122687	MRM2	-2.41e-01	2.42e-01	protein_coding
ENSG00000124228	DDX27	-1.72e-01	3.78e-01	protein_coding
ENSG00000177119	ANO6	 1.88e-01	5.70e-01	protein_coding
ENSG00000112249	ASCC3	-6.70e-02	8.82e-01	protein_coding
ENSG00000282508	LINC01002	 1.15e-01	7.99e-01	lncRNA
ENSG00000156515	HK1	 2.04e-01	3.71e-01	protein_coding
ENSG00000268403	AC132192.2	 2.75e-01	3.55e-01	lncRNA
ENSG00000247240	UBL7-AS1	-1.77e-01	6.36e-01	lncRNA
ENSG00000100395	L3MBTL2	 2.58e-01	1.83e-01	protein_coding
ENSG00000075292	ZNF638	-4.34e-02	9.14e-01	protein_coding
ENSG00000070669	ASNS	-1.86e-01	2.82e-01	protein_coding
ENSG00000107263	RAPGEF1	 1.65e-01	5.26e-01	protein_coding
ENSG00000188747	NOXA1	-3.41e-01	2.11e-01	protein_coding
ENSG00000213533	STIMATE	-2.23e-01	5.20e-01	protein_coding
ENSG00000140905	GCSH	-6.32e-02	8.08e-01	protein_coding
ENSG00000100906	NFKBIA	-6.67e-03	9.85e-01	protein_coding
ENSG00000173436	MICOS10	-1.33e-02	9.73e-01	protein_coding
ENSG00000087842	PIR	-2.84e-01	1.16e-01	protein_coding
ENSG00000013810	TACC3	-1.19e-01	5.68e-01	protein_coding
ENSG00000243554	AC004967.1	 8.75e-02	8.81e-01	transcribed_unprocessed_pseudogene
ENSG00000183444	OR7E38P	 5.25e-03	9.91e-01	unprocessed_pseudogene
ENSG00000164054	SHISA5	 2.61e-01	7.98e-02	protein_coding
ENSG00000174437	ATP2A2	 6.62e-01	2.85e-07	protein_coding
ENSG00000185710	SMG1P4	 9.22e-02	8.61e-01	transcribed_unprocessed_pseudogene
ENSG00000100722	ZC3H14	-1.85e-01	5.70e-01	protein_coding
ENSG00000173276	ZBTB21	 8.58e-01	4.14e-03	protein_coding
ENSG00000175931	UBE2O	 1.82e-01	4.57e-01	protein_coding
ENSG00000138463	SLC49A4	 6.15e-02	8.81e-01	protein_coding
ENSG00000185864	NPIPB4	 4.63e-01	1.95e-01	protein_coding
ENSG00000119777	TMEM214	 5.15e-01	1.87e-05	protein_coding
ENSG00000051009	FAM160A2	 1.81e-01	4.32e-01	protein_coding
ENSG00000134569	LRP4	 7.53e-01	3.08e-03	protein_coding
ENSG00000065883	CDK13	-1.36e-02	9.71e-01	protein_coding
ENSG00000273611	ZNHIT3	-3.72e-02	9.04e-01	protein_coding
ENSG00000148248	SURF4	 1.50e-01	4.27e-01	protein_coding
ENSG00000175467	SART1	 6.54e-03	9.86e-01	protein_coding
ENSG00000104979	C19orf53	 2.47e-02	9.47e-01	protein_coding
ENSG00000131873	CHSY1	-8.49e-02	8.12e-01	protein_coding
ENSG00000127564	PKMYT1	 2.74e-01	1.15e-01	protein_coding
ENSG00000280018	CU634019.6	 3.32e-01	2.61e-01	lncRNA
ENSG00000185347	TEDC1	-7.30e-01	1.53e-07	protein_coding
ENSG00000168936	TMEM129	-3.63e-02	9.15e-01	protein_coding
ENSG00000143457	GOLPH3L	-1.30e-01	7.71e-01	protein_coding
ENSG00000277161	PIGW	 3.69e-01	1.89e-01	protein_coding
ENSG00000197858	GPAA1	-2.36e-02	9.42e-01	protein_coding
ENSG00000170802	FOXN2	-3.40e-01	2.41e-01	protein_coding
ENSG00000120705	ETF1	 4.65e-02	8.77e-01	protein_coding
ENSG00000104140	RHOV	-3.86e-01	1.66e-03	protein_coding
ENSG00000103599	IQCH	-1.22e-01	8.28e-01	protein_coding
ENSG00000111540	RAB5B	 2.00e-01	2.26e-01	protein_coding
ENSG00000162415	ZSWIM5	 1.26e-01	8.16e-01	protein_coding
ENSG00000186594	MIR22HG	 8.15e-02	8.57e-01	lncRNA
ENSG00000281912	LINC01144	 3.29e-01	3.90e-01	lncRNA
ENSG00000106330	MOSPD3	 2.94e-01	1.67e-01	protein_coding
ENSG00000145592	RPL37	 5.61e-01	3.10e-05	protein_coding
ENSG00000171453	POLR1C	-3.45e-01	8.20e-02	protein_coding
ENSG00000122705	CLTA	-3.14e-01	9.04e-03	protein_coding
ENSG00000186603	HPDL	-2.08e-01	2.27e-01	protein_coding
ENSG00000090863	GLG1	 4.11e-01	1.24e-02	protein_coding
ENSG00000167716	WDR81	 3.23e-01	1.81e-01	protein_coding
ENSG00000095739	BAMBI	 1.91e-01	6.35e-01	protein_coding
ENSG00000172057	ORMDL3	-1.92e-01	4.09e-01	protein_coding
ENSG00000234231	AC093616.1	-8.29e-02	8.81e-01	transcribed_unprocessed_pseudogene
ENSG00000105499	PLA2G4C	 3.46e-01	2.93e-01	protein_coding
ENSG00000203814	HIST2H2BF	 1.79e-01	5.93e-01	protein_coding
ENSG00000222041	CYTOR	 2.12e-01	2.65e-01	lncRNA
ENSG00000151014	NOCT	 3.33e-01	2.87e-01	protein_coding
ENSG00000101811	CSTF2	-6.08e-01	3.12e-04	protein_coding
ENSG00000259673	IQCH-AS1	-1.95e-01	6.30e-01	lncRNA
ENSG00000109381	ELF2	 1.06e-01	7.38e-01	protein_coding
ENSG00000010319	SEMA3G	 8.25e-02	8.92e-01	protein_coding
ENSG00000116266	STXBP3	 9.79e-02	8.64e-01	protein_coding
ENSG00000131584	ACAP3	-1.18e-01	6.89e-01	protein_coding
ENSG00000179091	CYC1	-5.18e-01	3.13e-03	protein_coding
ENSG00000103591	AAGAB	-5.15e-02	8.47e-01	protein_coding
ENSG00000151247	EIF4E	-1.88e-01	6.52e-01	protein_coding
ENSG00000127980	PEX1	-6.19e-02	9.19e-01	protein_coding
ENSG00000197782	ZNF780A	 2.78e-01	5.02e-01	protein_coding
ENSG00000133216	EPHB2	-7.47e-02	8.82e-01	protein_coding
ENSG00000189227	C15orf61	 2.62e-01	3.08e-01	protein_coding
ENSG00000163517	HDAC11	-3.08e-01	2.94e-01	protein_coding
ENSG00000134954	ETS1	 5.40e-02	9.19e-01	protein_coding
ENSG00000273015	AC008124.1	 4.08e-02	9.41e-01	lncRNA
ENSG00000180773	SLC36A4	 4.26e-01	1.76e-01	protein_coding
ENSG00000051382	PIK3CB	-3.69e-02	9.52e-01	protein_coding
ENSG00000181163	NPM1	-1.47e-01	5.85e-01	protein_coding
ENSG00000103066	PLA2G15	 2.35e-01	2.98e-01	protein_coding
ENSG00000132003	ZSWIM4	 5.18e-01	4.54e-03	protein_coding
ENSG00000171823	FBXL14	-8.90e-02	8.61e-01	protein_coding
ENSG00000267519	AC020916.1	 3.11e-01	4.67e-01	lncRNA
ENSG00000134371	CDC73	-2.79e-01	2.34e-01	protein_coding
ENSG00000119946	CNNM1	 3.82e-01	1.48e-01	protein_coding
ENSG00000163738	MTHFD2L	-8.95e-02	8.29e-01	protein_coding
ENSG00000123505	AMD1	 3.43e-01	1.36e-01	protein_coding
ENSG00000164823	OSGIN2	-5.35e-01	8.61e-02	protein_coding
ENSG00000196502	SULT1A1	-3.79e-01	6.64e-02	protein_coding
ENSG00000181135	ZNF707	-2.25e-01	4.15e-01	protein_coding
ENSG00000168876	ANKRD49	-3.27e-03	9.97e-01	protein_coding
ENSG00000187764	SEMA4D	 3.96e-01	2.46e-01	protein_coding
ENSG00000157259	GATAD1	 6.27e-02	8.66e-01	protein_coding
ENSG00000278259	MYO19	-9.35e-03	9.77e-01	protein_coding
ENSG00000159921	GNE	-2.14e-01	2.76e-01	protein_coding
ENSG00000134333	LDHA	-5.84e-02	8.14e-01	protein_coding
ENSG00000124571	XPO5	 2.45e-01	3.03e-01	protein_coding
ENSG00000131650	KREMEN2	 2.89e-01	3.80e-01	protein_coding
ENSG00000237943	PRKCQ-AS1	-1.19e-01	8.26e-01	lncRNA
ENSG00000169692	AGPAT2	-2.55e-01	1.65e-01	protein_coding
ENSG00000146433	TMEM181	 2.69e-01	3.59e-01	protein_coding
ENSG00000163399	ATP1A1	 3.80e-01	1.58e-02	protein_coding
ENSG00000167491	GATAD2A	 4.65e-01	1.94e-03	protein_coding
ENSG00000162073	PAQR4	-4.25e-02	8.71e-01	protein_coding
ENSG00000103534	TMC5	-7.17e-02	8.73e-01	protein_coding
ENSG00000108819	PPP1R9B	 4.35e-01	1.02e-01	protein_coding
ENSG00000083067	TRPM3	 4.63e-01	2.30e-01	protein_coding
ENSG00000187607	ZNF286A	-1.98e-01	5.63e-01	protein_coding
ENSG00000186854	TRABD2A	 2.75e-03	9.97e-01	protein_coding
ENSG00000111229	ARPC3	-1.01e-01	7.66e-01	protein_coding
ENSG00000087088	BAX	-9.88e-02	7.30e-01	protein_coding
ENSG00000147133	TAF1	 4.85e-03	9.93e-01	protein_coding
ENSG00000151726	ACSL1	-3.26e-01	6.91e-02	protein_coding
ENSG00000112893	MAN2A1	 1.73e-02	9.72e-01	protein_coding
ENSG00000266208	AC080112.1	-3.55e-01	1.33e-01	lncRNA
ENSG00000197930	ERO1A	-3.46e-01	1.22e-01	protein_coding
ENSG00000104142	VPS18	 2.48e-01	1.21e-01	protein_coding
ENSG00000034510	TMSB10	 1.27e-01	5.19e-01	protein_coding
ENSG00000071575	TRIB2	 2.33e-01	6.22e-01	protein_coding
ENSG00000127054	INTS11	-2.49e-01	1.15e-01	protein_coding
ENSG00000131871	SELENOS	-2.80e-01	1.09e-01	protein_coding
ENSG00000145868	FBXO38	-1.04e-01	8.39e-01	protein_coding
ENSG00000178038	ALS2CL	-3.19e-01	4.07e-01	protein_coding
ENSG00000124786	SLC35B3	 1.57e-01	7.30e-01	protein_coding
ENSG00000013619	MAMLD1	 3.26e-01	4.24e-01	protein_coding
ENSG00000066735	KIF26A	 4.54e-01	5.17e-02	protein_coding
ENSG00000137207	YIPF3	 8.99e-02	6.50e-01	protein_coding
ENSG00000198839	ZNF277	 2.89e-01	5.00e-01	protein_coding
ENSG00000250462	LRRC37BP1	 4.79e-02	9.37e-01	transcribed_unprocessed_pseudogene
ENSG00000271576	AL359504.2	 1.63e-01	7.52e-01	lncRNA
ENSG00000214401	KANSL1-AS1	-1.04e-01	8.38e-01	lncRNA
ENSG00000188021	UBQLN2	 7.86e-01	1.42e-06	protein_coding
ENSG00000197183	NOL4L	 3.60e-01	9.49e-02	protein_coding
ENSG00000214719	AC005562.1	-1.72e-01	7.29e-01	lncRNA
ENSG00000120053	GOT1	-1.01e-01	6.36e-01	protein_coding
ENSG00000183598	HIST2H3D	-2.08e-01	5.26e-01	protein_coding
ENSG00000203811	HIST2H3C	-1.79e-01	6.07e-01	protein_coding
ENSG00000181924	COA4	-2.76e-02	9.26e-01	protein_coding
ENSG00000082458	DLG3	-3.55e-01	1.12e-01	protein_coding
ENSG00000136895	GARNL3	 1.95e-01	6.93e-01	protein_coding
ENSG00000270882	HIST2H4A	 1.78e-01	6.19e-01	protein_coding
ENSG00000196510	ANAPC7	-1.90e-01	2.85e-01	protein_coding
ENSG00000197180	AC244090.1	 3.27e-01	4.15e-01	lncRNA
ENSG00000170577	SIX2	 2.45e-01	1.96e-01	protein_coding
ENSG00000120071	KANSL1	-2.84e-01	1.78e-01	protein_coding
ENSG00000103061	SLC7A6OS	-5.57e-01	7.03e-03	protein_coding
ENSG00000196371	FUT4	-4.90e-03	9.96e-01	protein_coding
ENSG00000203812	HIST2H2AA3	-9.72e-01	3.96e-07	protein_coding
ENSG00000133704	IPO8	 1.69e-01	7.32e-01	protein_coding
ENSG00000261716	AC239868.1	 2.36e-01	4.65e-01	transcribed_unprocessed_pseudogene
ENSG00000166716	ZNF592	 6.33e-01	3.06e-05	protein_coding
ENSG00000065717	TLE2	 4.61e-01	6.50e-03	protein_coding
ENSG00000103064	SLC7A6	-4.44e-02	8.90e-01	protein_coding
ENSG00000105953	OGDH	 3.98e-01	1.37e-02	protein_coding
ENSG00000132024	CC2D1A	 3.79e-01	7.76e-02	protein_coding
ENSG00000121578	B4GALT4	-3.22e-01	4.28e-01	protein_coding
ENSG00000272196	HIST2H2AA4	 3.03e-03	9.96e-01	protein_coding
ENSG00000166025	AMOTL1	-1.35e-01	6.12e-01	protein_coding
ENSG00000270276	HIST2H4B	 7.65e-02	8.34e-01	protein_coding
ENSG00000150995	ITPR1	-2.31e-01	4.11e-01	protein_coding
ENSG00000156508	EEF1A1	-2.42e-01	1.77e-01	protein_coding
ENSG00000132016	C19orf57	-1.70e-01	6.47e-01	protein_coding
ENSG00000168411	RFWD3	 1.36e-01	5.44e-01	protein_coding
ENSG00000105141	CASP14	 8.62e-01	1.62e-04	protein_coding
ENSG00000184110	EIF3C	-3.60e-02	8.75e-01	protein_coding
ENSG00000231156	AC093702.1	-2.06e-01	6.59e-01	lncRNA
ENSG00000140853	NLRC5	 1.22e-01	6.53e-01	protein_coding
ENSG00000183826	BTBD9	-1.38e-01	7.64e-01	protein_coding
ENSG00000204271	SPIN3	-2.28e-01	6.17e-01	protein_coding
ENSG00000264207	AC239868.2	 1.37e-01	6.28e-01	lncRNA
ENSG00000258017	AC011603.2	 2.12e-01	5.64e-01	lncRNA
ENSG00000179361	ARID3B	 2.68e-01	5.11e-01	protein_coding
ENSG00000184678	HIST2H2BE	 2.11e-01	6.53e-01	protein_coding
ENSG00000132357	CARD6	 3.08e-03	9.96e-01	protein_coding
ENSG00000258674	AC011448.1	-4.86e-01	1.36e-01	protein_coding
ENSG00000184260	HIST2H2AC	-1.48e-01	6.52e-01	protein_coding
ENSG00000178093	TSSK6	 1.74e-01	7.08e-01	protein_coding
ENSG00000131941	RHPN2	 2.31e-01	4.29e-01	protein_coding
ENSG00000066583	ISOC1	 1.81e-01	4.96e-01	protein_coding
ENSG00000065150	IPO5	 4.88e-02	8.92e-01	protein_coding
ENSG00000109618	SEPSECS	-1.78e-01	6.86e-01	protein_coding
ENSG00000182134	TDRKH	 2.16e-03	9.97e-01	protein_coding
ENSG00000152127	MGAT5	-7.05e-02	8.70e-01	protein_coding
ENSG00000123416	TUBA1B	-1.41e-01	3.57e-01	protein_coding
ENSG00000040933	INPP4A	-2.16e-01	5.05e-01	protein_coding
ENSG00000177105	RHOG	 1.78e-01	2.94e-01	protein_coding
ENSG00000204272	NBDY	 2.43e-01	1.61e-01	protein_coding
ENSG00000250067	YJEFN3	-1.02e-01	8.61e-01	protein_coding
ENSG00000175575	PAAF1	-2.42e-01	1.42e-01	protein_coding
ENSG00000178096	BOLA1	-3.67e-01	1.61e-02	protein_coding
ENSG00000120885	CLU	 4.20e-01	2.90e-02	protein_coding
ENSG00000204713	TRIM27	-3.41e-01	2.75e-02	protein_coding
ENSG00000186010	NDUFA13	-2.23e-01	2.34e-01	protein_coding
ENSG00000184270	HIST2H2AB	-2.86e-01	3.04e-01	protein_coding
ENSG00000148341	SH3GLB2	-4.10e-01	1.84e-02	protein_coding
ENSG00000144445	KANSL1L	 4.07e-01	3.12e-01	protein_coding
ENSG00000233016	SNHG7	-9.18e-02	7.08e-01	lncRNA
ENSG00000050426	LETMD1	 1.37e-02	9.65e-01	protein_coding
ENSG00000136383	ALPK3	-2.09e-01	6.74e-01	protein_coding
ENSG00000165716	DIPK1B	-4.10e-01	5.56e-02	protein_coding
ENSG00000122786	CALD1	-5.78e-01	1.98e-02	protein_coding
ENSG00000177469	CAVIN1	 1.31e-01	4.32e-01	protein_coding
ENSG00000128510	CPA4	-6.96e-02	8.43e-01	protein_coding
ENSG00000214026	MRPL23	-3.67e-01	7.04e-02	protein_coding
ENSG00000130958	SLC35D2	 2.57e-02	9.60e-01	protein_coding
ENSG00000183421	RIPK4	-2.45e-01	5.79e-01	protein_coding
ENSG00000259863	SH3RF3-AS1	-2.63e-01	5.62e-01	lncRNA
ENSG00000226416	MRPL23-AS1	 3.19e-02	9.63e-01	lncRNA
ENSG00000176407	KCMF1	-1.55e-01	5.26e-01	protein_coding
ENSG00000172985	SH3RF3	 3.67e-01	5.93e-02	protein_coding
ENSG00000119431	HDHD3	-2.10e-01	3.07e-01	protein_coding
ENSG00000107863	ARHGAP21	 2.23e-02	9.57e-01	protein_coding
ENSG00000181827	RFX7	 1.27e-01	8.12e-01	protein_coding
ENSG00000204003	AL355987.1	-4.02e-02	9.52e-01	protein_coding
ENSG00000187922	LCN10	-6.85e-01	1.88e-05	protein_coding
ENSG00000196814	MVB12B	 4.27e-02	9.35e-01	protein_coding
ENSG00000087258	GNAO1	 3.90e-01	2.94e-01	protein_coding
ENSG00000106327	TFR2	-8.66e-02	8.22e-01	protein_coding
ENSG00000146425	DYNLT1	 1.53e-01	4.86e-01	protein_coding
ENSG00000168404	MLKL	-2.65e-02	9.50e-01	protein_coding
ENSG00000124160	NCOA5	 1.52e-01	5.17e-01	protein_coding
ENSG00000160602	AC010761.1	 1.51e-01	5.95e-01	protein_coding
ENSG00000169439	SDC2	-2.94e-01	1.68e-01	protein_coding
ENSG00000162869	PPP1R21	 1.41e-01	7.54e-01	protein_coding
ENSG00000258232	AC125611.3	 4.02e-01	3.13e-01	lncRNA
ENSG00000167553	TUBA1C	 8.07e-02	7.27e-01	protein_coding
ENSG00000185730	ZNF696	 6.18e-02	9.12e-01	protein_coding
ENSG00000131747	TOP2A	-4.68e-02	8.96e-01	protein_coding
ENSG00000203288	TDRKH-AS1	-1.14e-01	8.40e-01	lncRNA
ENSG00000101695	RNF125	-4.64e-02	9.44e-01	protein_coding
ENSG00000272172	AC138696.2	-4.25e-01	2.57e-01	lncRNA
ENSG00000049618	ARID1B	 9.95e-02	7.93e-01	protein_coding
ENSG00000148218	ALAD	-1.27e-01	7.31e-01	protein_coding
ENSG00000006652	IFRD1	 3.22e-02	9.16e-01	protein_coding
ENSG00000006831	ADIPOR2	 3.95e-01	6.02e-02	protein_coding
ENSG00000171045	TSNARE1	-2.48e-01	4.32e-01	protein_coding
ENSG00000171492	LRRC8D	-3.60e-01	3.14e-01	protein_coding
ENSG00000038210	PI4K2B	-3.06e-01	3.50e-01	protein_coding
ENSG00000139531	SUOX	-4.25e-02	8.94e-01	protein_coding
ENSG00000160606	TLCD1	-1.56e-01	4.31e-01	protein_coding
ENSG00000145014	TMEM44	-1.95e-01	5.58e-01	protein_coding
ENSG00000238266	LINC00707	 6.41e-01	4.61e-02	lncRNA
ENSG00000105135	ILVBL	-5.09e-01	3.46e-03	protein_coding
ENSG00000223784	LINP1	-1.77e-01	6.22e-01	lncRNA
ENSG00000204682	CASC10	 4.84e-03	9.94e-01	lncRNA
ENSG00000155158	TTC39B	-6.01e-01	2.53e-02	protein_coding
ENSG00000143450	OAZ3	-1.01e-01	8.57e-01	protein_coding
ENSG00000167552	TUBA1A	-3.04e-01	7.46e-02	protein_coding
ENSG00000119927	GPAM	-8.39e-01	1.12e-03	protein_coding
ENSG00000183513	COA5	 1.52e-01	4.84e-01	protein_coding
ENSG00000175287	PHYHD1	-2.77e-01	3.00e-01	protein_coding
ENSG00000134758	RNF138	 5.60e-01	1.58e-02	protein_coding
ENSG00000197713	RPE	-9.59e-02	7.64e-01	protein_coding
ENSG00000101311	FERMT1	 3.86e-01	6.91e-02	protein_coding
ENSG00000198242	RPL23A	 1.74e-01	5.01e-01	protein_coding
ENSG00000103423	DNAJA3	-1.23e-01	6.68e-01	protein_coding
ENSG00000064102	INTS13	 3.49e-02	9.41e-01	protein_coding
ENSG00000167323	STIM1	 5.66e-01	1.79e-03	protein_coding
ENSG00000128965	CHAC1	 3.26e-01	2.48e-01	protein_coding
ENSG00000063601	MTMR1	-1.24e-01	7.66e-01	protein_coding
ENSG00000169902	TPST1	-1.58e-01	6.13e-01	protein_coding
ENSG00000041802	LSG1	-2.19e-01	4.76e-01	protein_coding
ENSG00000179406	LINC00174	 1.01e-01	8.34e-01	lncRNA
ENSG00000159873	CCDC117	-8.08e-02	8.34e-01	protein_coding
ENSG00000231770	TMEM44-AS1	-1.78e-01	5.91e-01	lncRNA
ENSG00000143436	MRPL9	-2.54e-01	1.05e-01	protein_coding
ENSG00000078403	MLLT10	-8.70e-02	7.99e-01	protein_coding
ENSG00000105137	SYDE1	 3.66e-01	4.43e-02	protein_coding
ENSG00000150403	TMCO3	-3.85e-01	2.61e-02	protein_coding
ENSG00000116815	CD58	 2.62e-01	5.34e-01	protein_coding
ENSG00000102100	SLC35A2	 2.20e-01	1.74e-01	protein_coding
ENSG00000164024	METAP1	 8.56e-02	8.43e-01	protein_coding
ENSG00000189079	ARID2	 1.49e-01	7.76e-01	protein_coding
ENSG00000110958	PTGES3	 2.25e-01	1.35e-01	protein_coding
ENSG00000160563	MED27	-4.71e-04	9.99e-01	protein_coding
ENSG00000123200	ZC3H13	-1.86e-02	9.76e-01	protein_coding
ENSG00000085719	CPNE3	-2.66e-01	5.25e-01	protein_coding
ENSG00000144655	CSRNP1	 1.64e-01	5.36e-01	protein_coding
ENSG00000186862	PDZD7	 1.81e-02	9.79e-01	protein_coding
ENSG00000095319	NUP188	 6.57e-01	3.19e-05	protein_coding
ENSG00000181826	RELL1	-1.38e-01	7.23e-01	protein_coding
ENSG00000123411	IKZF4	 6.81e-01	2.52e-02	protein_coding
ENSG00000264247	LINC00909	 1.43e-01	7.94e-01	lncRNA
ENSG00000088205	DDX18	-1.09e-01	8.21e-01	protein_coding
ENSG00000215421	ZNF407	-4.75e-02	9.39e-01	protein_coding
ENSG00000175283	DOLK	 2.80e-02	9.27e-01	protein_coding
ENSG00000273590	SMIM11B	-4.15e-02	9.10e-01	protein_coding
ENSG00000107819	SFXN3	 7.54e-02	7.41e-01	protein_coding
ENSG00000119899	SLC17A5	 2.92e-01	4.49e-01	protein_coding
ENSG00000203485	INF2	 2.60e-01	1.62e-01	protein_coding
ENSG00000139734	DIAPH3	-4.18e-02	9.09e-01	protein_coding
ENSG00000106524	ANKMY2	 2.03e-01	6.83e-01	protein_coding
ENSG00000171530	TBCA	-2.99e-02	9.31e-01	protein_coding
ENSG00000197694	SPTAN1	 4.60e-01	3.46e-03	protein_coding
ENSG00000141753	IGFBP4	 1.70e-01	2.94e-01	protein_coding
ENSG00000124767	GLO1	-6.29e-02	8.85e-01	protein_coding
ENSG00000107816	LZTS2	-2.72e-01	1.72e-01	protein_coding
ENSG00000172757	CFL1	-6.92e-02	7.55e-01	protein_coding
ENSG00000197728	RPS26	 2.97e-01	1.15e-01	protein_coding
ENSG00000186522	SEPT10	 2.85e-01	2.50e-01	protein_coding
ENSG00000164715	LMTK2	-2.18e-01	4.15e-01	protein_coding
ENSG00000154265	ABCA5	-1.43e-01	7.95e-01	protein_coding
ENSG00000143061	IGSF3	 4.10e-01	7.16e-02	protein_coding
ENSG00000183258	DDX41	-1.58e-01	4.32e-01	protein_coding
ENSG00000152939	MARVELD2	-2.23e-01	6.30e-01	protein_coding
ENSG00000099377	HSD3B7	-2.93e-01	3.75e-01	protein_coding
ENSG00000110925	CSRNP2	 5.00e-02	9.01e-01	protein_coding
ENSG00000151575	TEX9	 1.57e-01	7.64e-01	protein_coding
ENSG00000179335	CLK3	 9.18e-02	7.46e-01	protein_coding
ENSG00000099381	SETD1A	 6.61e-01	1.30e-04	protein_coding
ENSG00000205356	TECPR1	-1.86e-01	6.57e-01	protein_coding
ENSG00000172007	RAB33B	-2.22e-01	6.41e-01	protein_coding
ENSG00000122783	CYREN	-1.55e-01	6.81e-01	protein_coding
ENSG00000273247	AC097376.2	 2.02e-01	6.89e-01	lncRNA
ENSG00000172732	MUS81	 2.18e-02	9.48e-01	protein_coding
ENSG00000082258	CCNT2	 2.30e-01	5.71e-01	protein_coding
ENSG00000182022	CHST15	-7.94e-02	8.75e-01	protein_coding
ENSG00000129355	CDKN2D	-4.94e-01	1.26e-02	protein_coding
ENSG00000164209	SLC25A46	-1.21e-01	7.78e-01	protein_coding
ENSG00000168036	CTNNB1	-3.76e-01	1.25e-02	protein_coding
ENSG00000109390	NDUFC1	 2.23e-01	3.68e-01	protein_coding
ENSG00000119333	WDR34	-5.87e-01	6.96e-05	protein_coding
ENSG00000070950	RAD18	 1.03e-01	7.80e-01	protein_coding
ENSG00000141391	PRELID3A	 8.69e-02	8.12e-01	protein_coding
ENSG00000198176	TFDP1	 2.32e-01	2.58e-01	protein_coding
ENSG00000125633	CCDC93	 2.83e-01	3.58e-01	protein_coding
ENSG00000121940	CLCC1	-7.07e-02	8.88e-01	protein_coding
ENSG00000146856	AGBL3	 6.64e-01	5.01e-02	protein_coding
ENSG00000158402	CDC25C	-4.45e-01	1.54e-02	protein_coding
ENSG00000220804	LINC01881	 5.58e-01	1.05e-01	transcribed_unprocessed_pseudogene
ENSG00000143079	CTTNBP2NL	-1.48e-01	7.54e-01	protein_coding
ENSG00000156463	SH3RF2	-5.69e-03	9.94e-01	protein_coding
ENSG00000103089	FA2H	 2.22e-01	6.33e-01	protein_coding
ENSG00000198142	SOWAHC	-1.75e-01	5.73e-01	protein_coding
ENSG00000068654	POLR1A	 2.89e-02	9.32e-01	protein_coding
ENSG00000120709	FAM53C	 5.28e-01	5.96e-04	protein_coding
ENSG00000170085	SIMC1	 2.58e-01	5.71e-01	protein_coding
ENSG00000176390	CRLF3	 6.70e-02	8.96e-01	protein_coding
ENSG00000155115	GTF3C6	 9.51e-02	7.88e-01	protein_coding
ENSG00000071553	ATP6AP1	 2.78e-01	1.43e-01	protein_coding
ENSG00000225975	LINC01534	-1.22e-01	8.29e-01	lncRNA
ENSG00000161249	DMKN	 9.52e-02	6.09e-01	protein_coding
ENSG00000158525	CPA5	 1.90e-01	6.59e-01	protein_coding
ENSG00000204709	LINC01556	 2.52e-01	5.91e-01	lncRNA
ENSG00000148362	PAXX	-3.31e-01	4.52e-02	protein_coding
ENSG00000175334	BANF1	 4.55e-02	8.58e-01	protein_coding
ENSG00000129354	AP1M2	-1.00e-01	5.90e-01	protein_coding
ENSG00000155090	KLF10	 5.23e-01	1.82e-02	protein_coding
ENSG00000111790	FGFR1OP2	-2.50e-01	4.60e-01	protein_coding
ENSG00000203666	EFCAB2	-3.20e-01	4.14e-01	protein_coding
ENSG00000264538	SUZ12P1	 1.30e-01	7.11e-01	transcribed_unprocessed_pseudogene
ENSG00000169972	PUSL1	-2.24e-01	2.88e-01	protein_coding
ENSG00000060656	PTPRU	 1.81e-01	6.79e-01	protein_coding
ENSG00000105227	PRX	 1.10e-01	8.49e-01	protein_coding
ENSG00000174370	C11orf45	-2.73e-01	4.99e-01	protein_coding
ENSG00000136279	DBNL	-5.41e-01	9.88e-05	protein_coding
ENSG00000151208	DLG5	 4.38e-01	1.89e-02	protein_coding
ENSG00000185825	BCAP31	-1.71e-01	3.76e-01	protein_coding
ENSG00000065518	NDUFB4	 3.14e-01	1.01e-01	protein_coding
ENSG00000121957	GPSM2	-3.48e-01	1.39e-01	protein_coding
ENSG00000140948	ZCCHC14	 3.36e-02	9.51e-01	protein_coding
ENSG00000164134	NAA15	-9.68e-02	8.56e-01	protein_coding
ENSG00000135451	TROAP	 2.87e-02	9.24e-01	protein_coding
ENSG00000260750	AC092720.1	-2.88e-01	4.94e-01	lncRNA
ENSG00000135457	TFCP2	 2.05e-01	4.53e-01	protein_coding
ENSG00000197019	SERTAD1	-2.94e-01	1.84e-01	protein_coding
ENSG00000169583	CLIC3	-2.14e-01	6.56e-01	protein_coding
ENSG00000149179	C11orf49	 2.22e-01	2.93e-01	protein_coding
ENSG00000162641	AKNAD1	 3.39e-01	4.28e-01	protein_coding
ENSG00000149600	COMMD7	-3.16e-01	4.52e-02	protein_coding
ENSG00000100219	XBP1	-9.52e-02	6.57e-01	protein_coding
ENSG00000167565	SERTAD3	 8.05e-02	8.03e-01	protein_coding
ENSG00000188130	MAPK12	-3.66e-01	6.06e-02	protein_coding
ENSG00000154118	JPH3	 4.36e-01	1.09e-01	protein_coding
ENSG00000179632	MAF1	-5.18e-01	3.07e-04	protein_coding
ENSG00000146802	TMEM168	-3.06e-01	4.78e-01	protein_coding
ENSG00000157823	AP3S2	-1.32e-01	5.67e-01	protein_coding
ENSG00000175376	EIF1AD	-3.88e-01	2.08e-02	protein_coding
ENSG00000110888	CAPRIN2	 1.10e-01	8.41e-01	protein_coding
ENSG00000104731	KLHDC4	-4.39e-01	5.98e-03	protein_coding
ENSG00000159461	AMFR	 1.73e-01	3.62e-01	protein_coding
ENSG00000179526	SHARPIN	-2.85e-01	1.20e-01	protein_coding
ENSG00000156535	CD109	 1.34e-01	8.01e-01	protein_coding
ENSG00000228175	GEMIN8P4	 1.35e-01	7.99e-01	processed_pseudogene
ENSG00000168228	ZCCHC4	 4.44e-02	9.25e-01	protein_coding
ENSG00000226471	Z93930.2	 8.07e-02	8.77e-01	lncRNA
ENSG00000134247	PTGFRN	 7.55e-01	3.39e-07	protein_coding
ENSG00000168038	ULK4	-1.04e-01	8.26e-01	protein_coding
ENSG00000179151	EDC3	-1.62e-01	5.25e-01	protein_coding
ENSG00000104964	AES	-2.53e-01	8.53e-02	protein_coding
ENSG00000143368	SF3B4	 5.73e-01	2.94e-06	protein_coding
ENSG00000169554	ZEB2	-8.58e-02	8.84e-01	protein_coding
ENSG00000242498	ARPIN	-2.93e-01	1.70e-01	protein_coding
ENSG00000185420	SMYD3	-1.32e-02	9.74e-01	protein_coding
ENSG00000085840	ORC1	 1.12e-01	6.39e-01	protein_coding
ENSG00000162664	ZNF326	-6.10e-02	9.07e-01	protein_coding
ENSG00000250021	ARPIN-AP3S2	-1.41e-01	4.91e-01	protein_coding
ENSG00000087086	FTL	 7.54e-02	7.79e-01	protein_coding
ENSG00000237310	AC008267.5	-1.00e-01	8.09e-01	lncRNA
ENSG00000131746	TNS4	 4.36e-01	1.75e-01	protein_coding
ENSG00000155287	SLC25A28	-3.41e-01	8.82e-02	protein_coding
ENSG00000186665	C17orf58	-1.13e-02	9.86e-01	protein_coding
ENSG00000135437	RDH5	-3.02e-02	9.60e-01	protein_coding
ENSG00000132842	AP3B1	-1.24e-01	7.96e-01	protein_coding
ENSG00000134744	TUT4	 2.03e-01	6.15e-01	protein_coding
ENSG00000027001	MIPEP	-7.03e-02	8.38e-01	protein_coding
ENSG00000258311	AC009779.3	-1.04e-01	8.30e-01	protein_coding
ENSG00000106268	NUDT1	-4.27e-01	9.28e-04	protein_coding
ENSG00000105426	PTPRS	-3.73e-01	1.55e-01	protein_coding
ENSG00000115446	UNC50	-3.74e-02	9.31e-01	protein_coding
ENSG00000132600	PRMT7	-2.87e-01	1.18e-01	protein_coding
ENSG00000068784	SRBD1	 1.60e-01	6.69e-01	protein_coding
ENSG00000140740	UQCRC2	-1.13e-01	6.29e-01	protein_coding
ENSG00000135441	BLOC1S1	-1.79e-01	2.10e-01	protein_coding
ENSG00000145860	RNF145	 1.18e-01	6.59e-01	protein_coding
ENSG00000135318	NT5E	 6.82e-02	8.71e-01	protein_coding
ENSG00000182481	KPNA2	 1.21e-01	5.69e-01	protein_coding
ENSG00000169641	LUZP1	 3.25e-01	2.60e-01	protein_coding
ENSG00000121864	ZNF639	 5.68e-01	5.44e-02	protein_coding
ENSG00000100403	ZC3H7B	 4.23e-01	1.57e-03	protein_coding
ENSG00000064115	TM7SF3	-2.72e-01	1.15e-01	protein_coding
ENSG00000184988	TMEM106A	-7.54e-02	9.01e-01	protein_coding
ENSG00000169239	CA5B	 1.82e-01	6.95e-01	protein_coding
ENSG00000162851	TFB2M	-2.46e-01	3.02e-01	protein_coding
ENSG00000162852	CNST	-3.52e-01	2.34e-01	protein_coding
ENSG00000196911	KPNA5	 6.15e-02	9.16e-01	protein_coding
ENSG00000147164	SNX12	-1.76e-02	9.58e-01	protein_coding
ENSG00000188917	TRMT2B	-3.53e-02	9.04e-01	protein_coding
ENSG00000267469	AC005944.1	-1.65e-02	9.81e-01	lncRNA
ENSG00000186312	CA5BP1	 1.15e-01	7.37e-01	transcribed_unprocessed_pseudogene
ENSG00000163933	RFT1	-8.77e-02	6.91e-01	protein_coding
ENSG00000100519	PSMC6	-5.83e-01	3.46e-02	protein_coding
ENSG00000004487	KDM1A	 1.62e-01	3.20e-01	protein_coding
ENSG00000178950	GAK	 3.88e-01	5.56e-02	protein_coding
ENSG00000151116	UEVLD	-4.45e-01	1.25e-01	protein_coding
ENSG00000162687	KCNT2	 1.75e-01	6.81e-01	protein_coding
ENSG00000163935	SFMBT1	-6.09e-01	7.42e-03	protein_coding
ENSG00000149182	ARFGAP2	-1.98e-01	3.16e-01	protein_coding
ENSG00000143653	SCCPDH	-3.56e-01	6.94e-02	protein_coding
ENSG00000270964	AC016355.1	 5.21e-02	9.23e-01	lncRNA
ENSG00000141424	SLC39A6	 6.94e-02	8.99e-01	protein_coding
ENSG00000116251	RPL22	 1.53e-01	5.45e-01	protein_coding
ENSG00000125124	BBS2	-4.11e-01	2.94e-02	protein_coding
ENSG00000160695	VPS11	-1.53e-01	5.50e-01	protein_coding
ENSG00000100429	HDAC10	 4.29e-01	1.48e-01	protein_coding
ENSG00000076650	GPATCH1	-1.50e-01	6.92e-01	protein_coding
ENSG00000158286	RNF207	-2.20e-01	5.34e-01	protein_coding
ENSG00000228474	OST4	 3.36e-01	8.93e-02	protein_coding
ENSG00000260475	AL353719.1	-5.08e-02	9.32e-01	lncRNA
ENSG00000100401	RANGAP1	-2.39e-01	1.53e-01	protein_coding
ENSG00000153207	AHCTF1	-2.37e-01	3.24e-01	protein_coding
ENSG00000092820	EZR	-1.62e-01	3.44e-01	protein_coding
ENSG00000084693	AGBL5	-2.05e-01	1.72e-01	protein_coding
ENSG00000179029	TMEM107	 1.99e-01	3.66e-01	protein_coding
ENSG00000134748	PRPF38A	-2.34e-01	1.63e-01	protein_coding
ENSG00000134759	ELP2	-1.45e-01	7.24e-01	protein_coding
ENSG00000169155	ZBTB43	-6.47e-01	4.96e-02	protein_coding
ENSG00000004975	DVL2	 7.66e-02	7.59e-01	protein_coding
ENSG00000104324	CPQ	-4.89e-02	9.32e-01	protein_coding
ENSG00000102384	CENPI	 2.41e-02	9.62e-01	protein_coding
ENSG00000177125	ZBTB34	-6.56e-02	9.01e-01	protein_coding
ENSG00000106028	SSBP1	-1.64e-01	4.79e-01	protein_coding
ENSG00000157326	DHRS4	-2.71e-01	1.00e-01	protein_coding
ENSG00000204856	FAM216A	-1.14e-01	7.11e-01	protein_coding
ENSG00000006282	SPATA20	-1.63e-01	5.51e-01	protein_coding
ENSG00000229180	AC006001.3	-1.49e-01	7.28e-01	transcribed_unprocessed_pseudogene
ENSG00000101577	LPIN2	-2.01e-01	4.61e-01	protein_coding
ENSG00000100749	VRK1	-3.19e-01	1.63e-01	protein_coding
ENSG00000104325	DECR1	 4.08e-02	9.18e-01	protein_coding
ENSG00000183579	ZNRF3	 5.40e-01	2.62e-02	protein_coding
ENSG00000144659	SLC25A38	-7.70e-03	9.81e-01	protein_coding
ENSG00000135424	ITGA7	-4.14e-02	9.50e-01	protein_coding
ENSG00000184271	AC139768.1	 2.02e-01	6.88e-01	protein_coding
ENSG00000086827	ZW10	 9.36e-02	8.55e-01	protein_coding
ENSG00000065154	OAT	-3.93e-01	7.14e-02	protein_coding
ENSG00000087263	OGFOD1	-6.91e-02	8.58e-01	protein_coding
ENSG00000111231	GPN3	-2.11e-01	5.41e-01	protein_coding
ENSG00000132361	CLUH	 4.14e-01	3.46e-02	protein_coding
ENSG00000144810	COL8A1	 1.25e-01	7.94e-01	protein_coding
ENSG00000142875	PRKACB	-7.67e-02	8.93e-01	protein_coding
ENSG00000141956	PRDM15	 1.02e-01	8.37e-01	protein_coding
ENSG00000148300	REXO4	-4.51e-01	9.17e-04	protein_coding
ENSG00000203879	GDI1	 5.64e-02	8.71e-01	protein_coding
ENSG00000036549	AC118549.1	-1.97e-02	9.73e-01	protein_coding
ENSG00000147364	FBXO25	-1.63e-01	5.57e-01	protein_coding
ENSG00000262050	AC005696.1	-1.71e-01	7.15e-01	lncRNA
ENSG00000129667	RHBDF2	 6.56e-01	1.56e-03	protein_coding
ENSG00000167005	NUDT21	-1.69e-01	4.01e-01	protein_coding
ENSG00000142856	ITGB3BP	-7.23e-02	8.94e-01	protein_coding
ENSG00000185115	NSMCE3	-1.11e-01	6.41e-01	protein_coding
ENSG00000233695	GAS6-AS1	 1.03e-01	8.53e-01	lncRNA
ENSG00000187630	DHRS4L2	-1.08e-01	7.13e-01	protein_coding
ENSG00000183087	GAS6	-4.00e-01	1.90e-01	protein_coding
ENSG00000137073	UBAP2	 4.96e-01	2.54e-03	protein_coding
ENSG00000186187	ZNRF1	 7.62e-02	8.03e-01	protein_coding
ENSG00000160323	ADAMTS13	-1.75e-01	7.30e-01	protein_coding
ENSG00000116830	TTF2	-2.87e-01	2.93e-01	protein_coding
ENSG00000119599	DCAF4	-3.33e-02	9.46e-01	protein_coding
ENSG00000184986	TMEM121	-1.31e-01	7.96e-01	protein_coding
ENSG00000114268	PFKFB4	-1.03e-01	8.27e-01	protein_coding
ENSG00000197472	ZNF695	-1.27e-01	7.77e-01	protein_coding
ENSG00000214194	SMIM30	 1.61e-01	6.27e-01	protein_coding
ENSG00000129951	PLPPR3	 5.18e-01	4.58e-02	protein_coding
ENSG00000184481	FOXO4	 4.92e-01	5.38e-03	protein_coding
ENSG00000147689	FAM83A	 5.70e-01	8.41e-07	protein_coding
ENSG00000116237	ICMT	 3.02e-01	9.21e-02	protein_coding
ENSG00000103091	WDR59	-1.26e-03	9.97e-01	protein_coding
ENSG00000188295	ZNF669	 4.05e-01	2.82e-01	protein_coding
ENSG00000025423	HSD17B6	-1.91e-01	7.07e-01	protein_coding
ENSG00000020129	NCDN	 3.37e-01	3.83e-02	protein_coding
ENSG00000226944	AL031847.1	-3.82e-02	9.53e-01	lncRNA
ENSG00000225077	LINC00337	-8.68e-02	8.40e-01	lncRNA
ENSG00000215256	DHRS4-AS1	-2.69e-01	2.76e-01	lncRNA
ENSG00000198018	ENTPD7	-5.87e-02	9.02e-01	protein_coding
ENSG00000147162	OGT	-2.35e-01	2.04e-01	protein_coding
ENSG00000170545	SMAGP	 1.15e-01	6.92e-01	protein_coding
ENSG00000119929	CUTC	-4.66e-01	2.96e-02	protein_coding
ENSG00000196418	ZNF124	 3.01e-01	2.37e-01	protein_coding
ENSG00000007341	ST7L	 8.49e-02	7.83e-01	protein_coding
ENSG00000125845	BMP2	 5.90e-01	4.17e-04	protein_coding
ENSG00000152291	TGOLN2	 1.10e-01	6.64e-01	protein_coding
ENSG00000198056	PRIM1	 3.53e-03	9.95e-01	protein_coding
ENSG00000165802	NSMF	-2.85e-01	8.22e-02	protein_coding
ENSG00000152894	PTPRK	 1.08e-01	6.59e-01	protein_coding
ENSG00000172354	GNB2	 1.62e-02	9.68e-01	protein_coding
ENSG00000227671	AL390728.4	 3.35e-01	4.19e-01	transcribed_unprocessed_pseudogene
ENSG00000104320	NBN	 1.45e-01	7.58e-01	protein_coding
ENSG00000145632	PLK2	 1.21e-01	7.54e-01	protein_coding
ENSG00000162714	ZNF496	-1.74e-01	4.28e-01	protein_coding
ENSG00000183597	TANGO2	-1.13e-01	6.29e-01	protein_coding
ENSG00000102181	CD99L2	 3.62e-01	1.06e-02	protein_coding
ENSG00000106266	SNX8	-4.98e-01	3.43e-03	protein_coding
ENSG00000014919	COX15	 1.88e-01	3.40e-01	protein_coding
ENSG00000121350	PYROXD1	-3.01e-01	4.74e-01	protein_coding
ENSG00000111237	VPS29	-2.85e-01	1.92e-01	protein_coding
ENSG00000110435	PDHX	-4.00e-02	9.18e-01	protein_coding
ENSG00000139218	SCAF11	-2.78e-01	3.05e-01	protein_coding
ENSG00000183283	DAZAP2	 1.82e-01	2.34e-01	protein_coding
ENSG00000074219	TEAD2	-2.31e-01	3.40e-01	protein_coding
ENSG00000198879	SFMBT2	-1.02e-02	9.86e-01	protein_coding
ENSG00000196544	BORCS6	-5.56e-01	4.70e-05	protein_coding
ENSG00000278996	FP671120.2	 4.25e-01	5.11e-02	lncRNA
ENSG00000134278	SPIRE1	-5.26e-01	7.64e-02	protein_coding
ENSG00000166557	TMED3	-2.86e-01	9.71e-02	protein_coding
ENSG00000106263	EIF3B	-2.12e-01	1.23e-01	protein_coding
ENSG00000278993	AC002350.1	 2.89e-02	9.67e-01	TEC
ENSG00000280614	FP236383.2	 2.87e-01	4.20e-01	lncRNA
ENSG00000079739	PGM1	 5.88e-03	9.85e-01	protein_coding
ENSG00000103671	TRIP4	-2.04e-01	4.70e-01	protein_coding
ENSG00000197498	RPF2	 1.08e-01	8.47e-01	protein_coding
ENSG00000135048	CEMIP2	-3.65e-01	1.92e-01	protein_coding
ENSG00000164975	SNAPC3	-3.72e-01	1.97e-01	protein_coding
ENSG00000223573	TINCR	-1.83e-01	6.99e-01	protein_coding
ENSG00000125629	INSIG2	 3.90e-02	9.47e-01	protein_coding
ENSG00000147010	SH3KBP1	-1.20e-01	7.57e-01	protein_coding
ENSG00000165244	ZNF367	-3.02e-01	2.77e-01	protein_coding
ENSG00000164713	BRI3	 2.71e-01	1.03e-01	protein_coding
ENSG00000124541	RRP36	-1.93e-01	2.16e-01	protein_coding
ENSG00000116489	CAPZA1	-8.10e-02	8.50e-01	protein_coding
ENSG00000149089	APIP	-2.02e-01	6.14e-01	protein_coding
ENSG00000004700	RECQL	-5.79e-01	5.22e-02	protein_coding
ENSG00000134253	TRIM45	-2.67e-01	4.83e-01	protein_coding
ENSG00000102096	PIM2	 4.71e-01	4.33e-03	protein_coding
ENSG00000130762	ARHGEF16	-1.87e-01	4.03e-01	protein_coding
ENSG00000101624	CEP76	-1.79e-01	6.23e-01	protein_coding
ENSG00000006453	BAIAP2L1	 2.08e-01	1.92e-01	protein_coding
ENSG00000132017	DCAF15	-1.76e-01	3.96e-01	protein_coding
ENSG00000168028	RPSA	-1.05e-01	7.00e-01	protein_coding
ENSG00000241058	NSUN6	 2.28e-01	5.63e-01	protein_coding
ENSG00000090013	BLVRB	-4.06e-01	1.69e-02	protein_coding
ENSG00000127993	RBM48	 3.23e-01	3.48e-01	protein_coding
ENSG00000134909	ARHGAP32	 2.00e-01	6.41e-01	protein_coding
ENSG00000131876	SNRPA1	 5.00e-02	8.57e-01	protein_coding
ENSG00000000971	CFH	 4.03e-02	9.40e-01	protein_coding
ENSG00000186787	SPIN2B	-1.43e-01	6.99e-01	protein_coding
ENSG00000198870	STKLD1	-3.28e-01	3.91e-01	protein_coding
ENSG00000130600	H19	 2.52e-01	1.75e-01	lncRNA
ENSG00000128789	PSMG2	 9.24e-02	7.66e-01	protein_coding
ENSG00000164985	PSIP1	-2.09e-01	4.82e-01	protein_coding
ENSG00000234851	RPL23AP42	 1.63e-01	5.70e-01	processed_pseudogene
ENSG00000269888	AC112491.1	 2.89e-01	4.88e-01	lncRNA
ENSG00000189319	FAM53B	-2.16e-01	4.80e-01	protein_coding
ENSG00000014914	MTMR11	-3.72e-01	2.34e-01	protein_coding
ENSG00000137942	FNBP1L	 8.87e-02	8.82e-01	protein_coding
ENSG00000015568	RGPD5	-2.54e-01	5.72e-01	protein_coding
ENSG00000115107	STEAP3	 4.48e-01	3.91e-03	protein_coding
ENSG00000196531	NACA	-1.68e-01	4.86e-01	protein_coding
ENSG00000113013	HSPA9	-3.69e-01	5.94e-03	protein_coding
ENSG00000163507	CIP2A	-1.82e-01	6.75e-01	protein_coding
ENSG00000171132	PRKCE	 8.28e-02	8.73e-01	protein_coding
ENSG00000260552	AC023043.1	 2.22e-01	5.55e-01	lncRNA
ENSG00000115459	ELMOD3	-1.65e-01	6.30e-01	protein_coding
ENSG00000107902	LHPP	-1.08e-01	7.35e-01	protein_coding
ENSG00000178999	AURKB	 1.38e-01	5.30e-01	protein_coding
ENSG00000203791	EEF1AKMT2	 9.10e-02	8.37e-01	protein_coding
ENSG00000152944	MED21	 1.02e-01	8.26e-01	protein_coding
ENSG00000144115	THNSL2	 6.90e-02	8.92e-01	protein_coding
ENSG00000142687	KIAA0319L	-1.61e-02	9.76e-01	protein_coding
ENSG00000184428	TOP1MT	-2.17e-01	2.84e-01	protein_coding
ENSG00000198162	MAN1A2	-9.91e-03	9.81e-01	protein_coding
ENSG00000146830	GIGYF1	 1.52e-03	9.97e-01	protein_coding
ENSG00000074800	ENO1	-3.51e-01	2.19e-03	protein_coding
ENSG00000151729	SLC25A4	-2.04e-01	3.29e-01	protein_coding
ENSG00000072840	EVC	-4.36e-01	1.47e-01	protein_coding
ENSG00000122482	ZNF644	 4.03e-01	2.92e-01	protein_coding
ENSG00000029993	HMGB3	-2.50e-01	1.77e-01	protein_coding
ENSG00000198876	DCAF12	 4.24e-01	2.05e-03	protein_coding
ENSG00000196850	PPTC7	 1.39e-01	7.27e-01	protein_coding
ENSG00000198919	DZIP3	-2.95e-01	4.94e-01	protein_coding
ENSG00000169299	PGM2	-5.26e-01	5.64e-02	protein_coding
ENSG00000100360	IFT27	-3.04e-01	5.98e-02	protein_coding
ENSG00000166816	LDHD	-3.95e-01	1.23e-01	protein_coding
ENSG00000103042	SLC38A7	-1.85e-01	5.74e-01	protein_coding
ENSG00000083544	TDRD3	 8.86e-02	8.57e-01	protein_coding
ENSG00000109762	SNX25	 8.82e-02	8.42e-01	protein_coding
ENSG00000101901	ALG13	 2.80e-01	4.51e-01	protein_coding
ENSG00000071859	FAM50A	-6.66e-01	6.67e-07	protein_coding
ENSG00000099256	PRTFDC1	 3.24e-01	3.22e-01	protein_coding
ENSG00000126953	TIMM8A	 3.14e-02	9.33e-01	protein_coding
ENSG00000186132	C2orf76	 3.40e-01	3.63e-01	protein_coding
ENSG00000128908	INO80	 2.19e-02	9.72e-01	protein_coding
ENSG00000136261	BZW2	-2.30e-01	2.56e-01	protein_coding
ENSG00000172336	POP7	-3.75e-01	4.20e-03	protein_coding
ENSG00000183508	TENT5C	-1.67e-01	4.73e-01	protein_coding
ENSG00000132300	PTCD3	-3.41e-02	9.37e-01	protein_coding
ENSG00000109919	MTCH2	-2.41e-02	9.37e-01	protein_coding
ENSG00000224597	SVIL-AS1	 2.90e-01	3.86e-01	transcribed_unprocessed_pseudogene
ENSG00000101986	ABCD1	 4.95e-01	8.30e-03	protein_coding
ENSG00000114698	PLSCR4	 2.27e-01	5.63e-01	protein_coding
ENSG00000106477	CEP41	-1.44e-01	7.28e-01	protein_coding
ENSG00000197892	KIF13B	-3.14e-01	3.83e-01	protein_coding
ENSG00000164323	CFAP97	 1.86e-01	7.14e-01	protein_coding
ENSG00000130254	SAFB2	 1.71e-01	4.32e-01	protein_coding
ENSG00000103257	SLC7A5	 9.74e-01	6.59e-20	protein_coding
ENSG00000160801	PTH1R	-1.28e-01	8.18e-01	protein_coding
ENSG00000167600	CYP2S1	 5.63e-01	8.51e-02	protein_coding
ENSG00000245975	AC090515.2	-7.02e-02	9.07e-01	lncRNA
ENSG00000137764	MAP2K5	 4.17e-01	1.54e-02	protein_coding
ENSG00000151503	NCAPD3	 4.13e-02	8.80e-01	protein_coding
ENSG00000100207	TCF20	 9.35e-02	7.95e-01	protein_coding
ENSG00000182057	OGFRP1	 1.04e-01	8.55e-01	lncRNA
ENSG00000165861	ZFYVE1	 2.09e-03	9.97e-01	protein_coding
ENSG00000183762	KREMEN1	 4.57e-01	3.40e-02	protein_coding
ENSG00000285331	AC090517.5	-9.56e-02	8.21e-01	lncRNA
ENSG00000174373	RALGAPA1	 8.72e-02	8.55e-01	protein_coding
ENSG00000160633	SAFB	 2.34e-01	1.55e-01	protein_coding
ENSG00000121542	SEC22A	 1.92e-02	9.72e-01	protein_coding
ENSG00000197894	ADH5	-5.04e-01	1.21e-04	protein_coding
ENSG00000264522	OTUD7B	-3.48e-01	9.49e-02	protein_coding
ENSG00000150316	CWC15	-9.91e-02	7.86e-01	protein_coding
ENSG00000105612	DNASE2	-2.03e-01	2.48e-01	protein_coding
ENSG00000099282	TSPAN15	-2.79e-01	3.60e-01	protein_coding
ENSG00000105875	WDR91	-9.58e-02	8.50e-01	protein_coding
ENSG00000211455	STK38L	-3.72e-02	9.50e-01	protein_coding
ENSG00000130699	TAF4	 5.33e-01	3.77e-02	protein_coding
ENSG00000260369	AC120024.1	-1.06e-01	8.34e-01	lncRNA
ENSG00000171246	NPTX1	 6.59e-02	8.57e-01	protein_coding
ENSG00000203711	C6orf99	 2.12e-01	6.61e-01	lncRNA
ENSG00000213722	DDAH2	-2.43e-01	3.86e-01	protein_coding
ENSG00000137871	ZNF280D	 1.88e-01	6.24e-01	protein_coding
ENSG00000065485	PDIA5	 1.05e-01	7.78e-01	protein_coding
ENSG00000065361	ERBB3	-2.84e-01	4.69e-01	protein_coding
ENSG00000121741	ZMYM2	-1.52e-01	6.93e-01	protein_coding
ENSG00000076604	TRAF4	 1.27e-01	5.67e-01	protein_coding
ENSG00000115365	LANCL1	-4.26e-01	6.59e-02	protein_coding
ENSG00000130827	PLXNA3	-4.94e-01	1.77e-01	protein_coding
ENSG00000272831	AC027644.3	-2.54e-01	3.19e-01	lncRNA
ENSG00000180921	FAM83H	 1.02e+00	9.76e-13	protein_coding
ENSG00000203499	IQANK1	 6.88e-01	3.73e-02	protein_coding
ENSG00000196976	LAGE3	-1.18e-01	6.85e-01	protein_coding
ENSG00000068308	OTUD5	 6.49e-02	7.65e-01	protein_coding
ENSG00000065328	MCM10	-2.16e-01	5.31e-01	protein_coding
ENSG00000243335	KCTD7	 3.90e-02	9.40e-01	protein_coding
ENSG00000122515	ZMIZ2	 3.78e-01	1.46e-01	protein_coding
ENSG00000163931	TKT	-2.27e-01	3.32e-01	protein_coding
ENSG00000151502	VPS26B	-1.59e-01	4.58e-01	protein_coding
ENSG00000042445	RETSAT	 6.95e-02	7.93e-01	protein_coding
ENSG00000154710	RABGEF1	-1.39e-01	6.91e-01	protein_coding
ENSG00000081377	CDC14B	 2.08e-02	9.68e-01	protein_coding
ENSG00000053900	ANAPC4	-3.16e-02	9.60e-01	protein_coding
ENSG00000175137	SH3BP5L	 2.98e-02	9.16e-01	protein_coding
ENSG00000178028	DMAP1	-3.64e-01	1.77e-02	protein_coding
ENSG00000130956	HABP4	-2.89e-01	3.56e-01	protein_coding
ENSG00000149596	JPH2	 1.58e-01	5.25e-01	protein_coding
ENSG00000260261	AC124944.3	 5.65e-01	3.20e-02	transcribed_unprocessed_pseudogene
ENSG00000128573	FOXP2	 5.30e-01	8.25e-02	protein_coding
ENSG00000197321	SVIL	-1.06e-01	7.80e-01	protein_coding
ENSG00000008277	ADAM22	 1.15e-01	8.21e-01	protein_coding
ENSG00000171161	ZNF672	-7.58e-04	9.98e-01	protein_coding
ENSG00000103496	STX4	-1.84e-01	4.73e-01	protein_coding
ENSG00000122203	KIAA1191	 1.90e-01	3.58e-01	protein_coding
ENSG00000213719	CLIC1	-4.42e-01	1.08e-03	protein_coding
ENSG00000185716	MOSMO	-2.03e-01	6.58e-01	protein_coding
ENSG00000018699	TTC27	-4.43e-01	7.48e-02	protein_coding
ENSG00000160131	VMA21	 2.46e-01	3.68e-01	protein_coding
ENSG00000144840	RABL3	-1.86e-01	7.07e-01	protein_coding
ENSG00000132294	EFR3A	-2.37e-02	9.60e-01	protein_coding
ENSG00000070476	ZXDC	 1.99e-02	9.62e-01	protein_coding
ENSG00000176208	ATAD5	 1.74e-01	7.10e-01	protein_coding
ENSG00000185100	ADSSL1	 2.51e-02	9.48e-01	protein_coding
ENSG00000063854	HAGH	-5.30e-01	5.28e-06	protein_coding
ENSG00000076864	RAP1GAP	 4.24e-01	1.73e-01	protein_coding
ENSG00000132823	OSER1	-2.64e-01	1.10e-01	protein_coding
ENSG00000153767	GTF2E1	-1.18e-01	7.79e-01	protein_coding
ENSG00000072506	HSD17B10	-5.00e-01	6.20e-03	protein_coding
ENSG00000066279	ASPM	-9.01e-02	8.55e-01	protein_coding
ENSG00000171163	ZNF692	-7.11e-02	8.08e-01	protein_coding
ENSG00000182287	AP1S2	 1.72e-01	7.20e-01	protein_coding
ENSG00000170515	PA2G4	-2.22e-01	1.11e-01	protein_coding
ENSG00000204410	MSH5	 2.07e-02	9.54e-01	protein_coding
ENSG00000204588	LINC01123	 8.49e-02	8.07e-01	lncRNA
ENSG00000108846	ABCC3	-1.83e-01	7.04e-01	protein_coding
ENSG00000137692	DCUN1D5	-4.04e-01	2.14e-02	protein_coding
ENSG00000180185	FAHD1	-2.62e-01	3.44e-01	protein_coding
ENSG00000136371	MTHFS	-3.97e-01	1.37e-02	protein_coding
ENSG00000135945	REV1	-1.64e-01	6.74e-01	protein_coding
ENSG00000165591	FAAH2	-2.76e-01	1.82e-01	protein_coding
ENSG00000106086	PLEKHA8	-4.33e-01	1.65e-01	protein_coding
ENSG00000102178	UBL4A	-2.95e-01	5.76e-02	protein_coding
ENSG00000180190	TDRP	-4.27e-01	2.82e-01	protein_coding
ENSG00000259642	ST20-AS1	 2.87e-01	3.91e-01	lncRNA
ENSG00000180953	ST20	 3.21e-02	9.57e-01	protein_coding
ENSG00000259332	ST20-MTHFS	 4.00e-02	9.52e-01	protein_coding
ENSG00000185485	SDHAP1	-4.01e-01	2.40e-01	transcribed_unprocessed_pseudogene
ENSG00000164815	ORC5	-2.88e-01	3.98e-01	protein_coding
ENSG00000044090	CUL7	 9.39e-02	7.31e-01	protein_coding
ENSG00000158411	MITD1	-1.15e-01	7.88e-01	protein_coding
ENSG00000072803	FBXW11	 2.55e-01	3.60e-01	protein_coding
ENSG00000112695	COX7A2	 2.56e-01	1.66e-01	protein_coding
ENSG00000165995	CACNB2	-8.35e-03	9.90e-01	protein_coding
ENSG00000204852	TCTN1	 2.88e-01	4.54e-01	protein_coding
ENSG00000159720	ATP6V0D1	 7.19e-02	7.93e-01	protein_coding
ENSG00000180357	ZNF609	-4.72e-01	1.27e-02	protein_coding
ENSG00000184634	MED12	 9.75e-01	1.14e-05	protein_coding
ENSG00000103415	HMOX2	-5.50e-01	1.42e-05	protein_coding
ENSG00000105738	SIPA1L3	 5.86e-01	3.87e-02	protein_coding
ENSG00000185220	PGBD2	-8.16e-02	8.91e-01	protein_coding
ENSG00000164332	UBLCP1	-9.60e-02	8.57e-01	protein_coding
ENSG00000165660	ABRAXAS2	 3.17e-01	4.52e-01	protein_coding
ENSG00000247595	SPTY2D1OS	 6.98e-02	9.04e-01	protein_coding
ENSG00000137171	KLC4	-3.92e-01	9.44e-03	protein_coding
ENSG00000040633	PHF23	-3.03e-01	4.28e-02	protein_coding
ENSG00000168297	PXK	-1.70e-01	7.46e-01	protein_coding
ENSG00000143365	RORC	-6.02e-02	8.43e-01	protein_coding
ENSG00000179119	SPTY2D1	-3.81e-01	2.30e-01	protein_coding
ENSG00000234545	FAM133B	 1.54e-01	7.22e-01	protein_coding
ENSG00000185414	MRPL30	 2.62e-01	1.44e-01	protein_coding
ENSG00000100664	EIF5	 1.02e-01	7.25e-01	protein_coding
ENSG00000106080	FKBP14	-4.44e-02	9.45e-01	protein_coding
ENSG00000130363	RSPH3	-1.57e-01	7.53e-01	protein_coding
ENSG00000172530	BANP	 1.59e-01	5.83e-01	protein_coding
ENSG00000023041	ZDHHC6	-1.95e-02	9.67e-01	protein_coding
ENSG00000198455	ZXDB	-1.93e-01	6.08e-01	protein_coding
ENSG00000082515	MRPL22	 4.48e-02	8.98e-01	protein_coding
ENSG00000149527	PLCH2	 4.09e-02	9.50e-01	protein_coding
ENSG00000111711	GOLT1B	 1.58e-01	7.54e-01	protein_coding
ENSG00000167601	AXL	 4.37e-01	6.12e-03	protein_coding
ENSG00000170214	ADRA1B	 2.80e-01	3.67e-01	protein_coding
ENSG00000174173	TRMT10C	-5.66e-03	9.94e-01	protein_coding
ENSG00000122678	POLM	 7.41e-02	8.59e-01	protein_coding
ENSG00000097046	CDC7	 2.53e-01	5.27e-01	protein_coding
ENSG00000162591	MEGF6	-2.85e-02	9.57e-01	protein_coding
ENSG00000149657	LSM14B	-2.55e-02	9.32e-01	protein_coding
ENSG00000168298	HIST1H1E	-6.42e-01	3.04e-03	protein_coding
ENSG00000136631	VPS45	 7.99e-02	8.75e-01	protein_coding
ENSG00000186897	C1QL4	-1.50e-01	6.23e-01	protein_coding
ENSG00000196866	HIST1H2AD	-2.37e-01	3.42e-01	protein_coding
ENSG00000136193	SCRN1	-2.10e-01	3.92e-01	protein_coding
ENSG00000282988	AL031777.3	 2.02e-02	9.70e-01	protein_coding
ENSG00000137936	BCAR3	 1.44e-01	6.62e-01	protein_coding
ENSG00000104812	GYS1	 2.87e-01	1.08e-01	protein_coding
ENSG00000158373	HIST1H2BD	-2.46e-02	9.57e-01	protein_coding
ENSG00000158106	RHPN1	-8.58e-02	8.81e-01	protein_coding
ENSG00000197409	HIST1H3D	-3.62e-01	1.63e-01	protein_coding
ENSG00000277224	HIST1H2BF	 1.05e-01	7.68e-01	protein_coding
ENSG00000274290	HIST1H2BE	 3.67e-01	3.62e-01	protein_coding
ENSG00000081154	PCNP	 1.20e-01	6.67e-01	protein_coding
ENSG00000223891	OSER1-DT	-1.07e-01	8.08e-01	lncRNA
ENSG00000178401	DNAJC22	-2.62e-01	4.20e-01	protein_coding
ENSG00000104714	ERICH1	 2.51e-01	4.45e-01	protein_coding
ENSG00000153406	NMRAL1	-2.95e-01	1.31e-01	protein_coding
ENSG00000198205	ZXDA	-2.14e-01	6.21e-01	protein_coding
ENSG00000101150	TPD52L2	-1.70e-01	3.13e-01	protein_coding
ENSG00000270049	AC009061.2	 6.55e-02	9.01e-01	lncRNA
ENSG00000130758	MAP3K10	-2.51e-02	9.54e-01	protein_coding
ENSG00000105810	CDK6	 2.91e-01	3.59e-01	protein_coding
ENSG00000092010	PSME1	-5.68e-02	8.50e-01	protein_coding
ENSG00000273420	AC008738.7	-2.09e-01	6.73e-01	lncRNA
ENSG00000130881	LRP3	-3.49e-01	1.89e-01	protein_coding
ENSG00000132781	MUTYH	-5.90e-01	2.86e-05	protein_coding
ENSG00000175029	CTBP2	 5.76e-02	8.56e-01	protein_coding
ENSG00000140262	TCF12	 3.73e-02	9.23e-01	protein_coding
ENSG00000184990	SIVA1	-2.71e-01	1.53e-01	protein_coding
ENSG00000048162	NOP16	-4.63e-01	6.27e-03	protein_coding
ENSG00000135250	SRPK2	-1.46e-01	6.91e-01	protein_coding
ENSG00000100908	EMC9	-2.73e-01	2.13e-01	protein_coding
ENSG00000182957	SPATA13	-9.00e-01	9.98e-05	protein_coding
ENSG00000140848	CPNE2	-1.64e-02	9.72e-01	protein_coding
ENSG00000019995	ZRANB1	-1.44e-01	6.08e-01	protein_coding
ENSG00000249456	AL731577.2	-6.77e-02	8.89e-01	lncRNA
ENSG00000278834	AC073508.3	 1.54e-01	6.57e-01	lncRNA
ENSG00000135951	TSGA10	 9.70e-03	9.90e-01	protein_coding
ENSG00000147649	MTDH	-3.15e-01	1.05e-01	protein_coding
ENSG00000146066	HIGD2A	 1.57e-01	3.66e-01	protein_coding
ENSG00000256628	ZBTB11-AS1	 1.27e-01	7.62e-01	lncRNA
ENSG00000245556	SCAMP1-AS1	-8.11e-03	9.85e-01	lncRNA
ENSG00000170322	NFRKB	 2.06e-01	5.36e-01	protein_coding
ENSG00000048028	USP28	-4.31e-01	1.09e-01	protein_coding
ENSG00000112651	MRPL2	-4.47e-02	8.80e-01	protein_coding
ENSG00000066422	ZBTB11	-1.06e-01	8.26e-01	protein_coding
ENSG00000176142	TMEM39A	-1.81e-01	4.52e-01	protein_coding
ENSG00000120756	PLS1	-3.38e-01	4.29e-01	protein_coding
ENSG00000111716	LDHB	-3.30e-01	2.11e-01	protein_coding
ENSG00000126903	SLC10A3	-4.57e-02	8.92e-01	protein_coding
ENSG00000175416	CLTB	-7.29e-01	4.16e-07	protein_coding
ENSG00000184939	ZFP90	 2.24e-03	9.97e-01	protein_coding
ENSG00000129353	SLC44A2	 3.95e-01	3.23e-02	protein_coding
ENSG00000164190	NIPBL	 1.54e-01	6.29e-01	protein_coding
ENSG00000178852	EFCAB13	 2.63e-01	5.21e-01	protein_coding
ENSG00000204580	DDR1	 4.13e-01	9.86e-03	protein_coding
ENSG00000198252	STYX	 4.82e-02	9.13e-01	protein_coding
ENSG00000158417	EIF5B	-2.08e-01	6.68e-01	protein_coding
ENSG00000125944	HNRNPR	-3.76e-01	1.54e-02	protein_coding
ENSG00000166860	ZBTB39	 2.11e-01	5.97e-01	protein_coding
ENSG00000005243	COPZ2	-6.25e-01	6.94e-02	protein_coding
ENSG00000134376	CRB1	 6.76e-02	8.40e-01	protein_coding
ENSG00000140319	SRP14	-2.24e-01	3.60e-01	protein_coding
ENSG00000106537	TSPAN13	-1.26e-01	6.59e-01	protein_coding
ENSG00000124787	RPP40	-3.26e-01	3.59e-01	protein_coding
ENSG00000159445	THEM4	 2.78e-01	3.74e-01	protein_coding
ENSG00000129566	TEP1	-1.29e-01	7.35e-01	protein_coding
ENSG00000100058	CRYBB2P1	-1.56e-01	4.83e-01	transcribed_unprocessed_pseudogene
ENSG00000275807	AC145285.6	 7.74e-02	8.96e-01	lncRNA
ENSG00000115514	TXNDC9	-3.44e-01	2.94e-01	protein_coding
ENSG00000168488	ATXN2L	 1.03e+00	1.91e-17	protein_coding
ENSG00000235437	LINC01278	 1.98e-01	5.19e-01	lncRNA
ENSG00000183576	SETD3	 4.29e-03	9.94e-01	protein_coding
ENSG00000157869	RAB28	-1.92e-01	6.65e-01	protein_coding
ENSG00000139182	CLSTN3	 3.46e-01	4.11e-01	protein_coding
ENSG00000143437	ARNT	 9.90e-02	6.89e-01	protein_coding
ENSG00000155368	DBI	 4.00e-02	9.07e-01	protein_coding
ENSG00000182759	MAFA	 1.32e-01	8.06e-01	protein_coding
ENSG00000005483	KMT2E	-5.40e-02	9.13e-01	protein_coding
ENSG00000183474	GTF2H2C	 3.07e-01	4.18e-01	protein_coding
ENSG00000133103	COG6	 1.81e-01	7.22e-01	protein_coding
ENSG00000214770	AL161756.1	-1.52e-01	7.30e-01	lncRNA
ENSG00000133243	BTBD2	 4.02e-02	8.80e-01	protein_coding
ENSG00000239569	KMT2E-AS1	-1.03e-01	7.61e-01	lncRNA
ENSG00000164808	SPIDR	 8.26e-02	7.92e-01	protein_coding
ENSG00000113312	TTC1	-3.44e-02	9.37e-01	protein_coding
ENSG00000196505	GDAP2	 1.37e-02	9.79e-01	protein_coding
ENSG00000171109	MFN1	-5.44e-01	1.26e-01	protein_coding
ENSG00000170234	PWWP2A	 1.44e-01	7.57e-01	protein_coding
ENSG00000134533	RERG	-1.22e-01	7.62e-01	protein_coding
ENSG00000171227	TMEM37	-8.78e-02	8.19e-01	protein_coding
ENSG00000247516	MIR4458HG	 5.71e-01	1.15e-02	lncRNA
ENSG00000039523	RIPOR1	 1.14e-01	7.99e-01	protein_coding
ENSG00000029153	ARNTL2	-2.56e-02	9.62e-01	protein_coding
ENSG00000100522	GNPNAT1	-1.20e-01	7.93e-01	protein_coding
ENSG00000085365	SCAMP1	-1.37e-03	9.98e-01	protein_coding
ENSG00000071889	FAM3A	-2.01e-01	3.00e-01	protein_coding
ENSG00000125148	MT2A	 2.86e-01	1.58e-01	protein_coding
ENSG00000158863	FAM160B2	 7.02e-02	8.27e-01	protein_coding
ENSG00000214113	LYRM4	 4.71e-02	8.51e-01	protein_coding
ENSG00000107537	PHYH	 9.67e-03	9.85e-01	protein_coding
ENSG00000080802	CNOT4	-9.51e-03	9.87e-01	protein_coding
ENSG00000168077	SCARA3	 1.65e-01	4.48e-01	protein_coding
ENSG00000142208	AKT1	-9.99e-02	7.07e-01	protein_coding
ENSG00000106541	AGR2	 8.38e-02	8.86e-01	protein_coding
ENSG00000213047	DENND1B	 2.97e-03	9.96e-01	protein_coding
ENSG00000108821	COL1A1	 2.88e-01	2.80e-01	protein_coding
ENSG00000197969	VPS13A	 1.65e-01	7.06e-01	protein_coding
ENSG00000013573	DDX11	-1.86e-01	4.86e-01	protein_coding
ENSG00000104814	MAP4K1	 2.30e-01	6.17e-01	protein_coding
ENSG00000166473	PKD1L2	 9.51e-02	8.05e-01	polymorphic_pseudogene
ENSG00000151779	NBAS	-2.32e-01	4.38e-01	protein_coding
ENSG00000099901	RANBP1	-1.28e-01	4.96e-01	protein_coding
ENSG00000273066	AL355987.4	 2.86e-02	9.62e-01	lncRNA
ENSG00000141564	RPTOR	 3.87e-01	4.04e-02	protein_coding
ENSG00000186056	MATN1-AS1	 1.89e-01	6.67e-01	lncRNA
ENSG00000197747	S100A10	 1.73e-01	3.64e-01	protein_coding
ENSG00000070759	TESK2	 2.83e-01	3.72e-01	protein_coding
ENSG00000161860	SYCE2	-4.85e-01	5.93e-02	protein_coding
ENSG00000249087	ZNF436-AS1	-2.50e-01	5.52e-01	lncRNA
ENSG00000111371	SLC38A1	 1.71e-01	3.07e-01	protein_coding
ENSG00000117133	RPF1	-2.15e-01	5.75e-01	protein_coding
ENSG00000033627	ATP6V0A1	 3.14e-01	1.66e-01	protein_coding
ENSG00000125945	ZNF436	 8.18e-02	8.90e-01	protein_coding
ENSG00000132773	TOE1	-2.95e-01	4.93e-02	protein_coding
ENSG00000186298	PPP1CC	 7.64e-03	9.87e-01	protein_coding
ENSG00000134987	WDR36	 3.01e-02	9.57e-01	protein_coding
ENSG00000171224	FAM241B	-4.82e-01	7.60e-03	protein_coding
ENSG00000174021	GNG5	 3.15e-01	9.17e-02	protein_coding
ENSG00000146067	FAM193B	 1.34e-01	6.69e-01	protein_coding
ENSG00000077254	USP33	 1.35e-01	7.19e-01	protein_coding
ENSG00000128191	DGCR8	 5.79e-02	9.00e-01	protein_coding
ENSG00000245614	DDX11-AS1	-1.68e-01	6.40e-01	lncRNA
ENSG00000273162	AL133215.2	 2.02e-01	6.12e-01	lncRNA
ENSG00000065882	TBC1D1	 1.28e-01	6.99e-01	protein_coding
ENSG00000111752	PHC1	 1.57e-01	7.17e-01	protein_coding
ENSG00000161544	CYGB	-6.88e-03	9.93e-01	protein_coding
ENSG00000203724	C1orf53	 9.19e-02	7.64e-01	protein_coding
ENSG00000106484	MEST	-7.50e-02	8.49e-01	protein_coding
ENSG00000105607	GCDH	-4.16e-01	7.33e-02	protein_coding
ENSG00000107821	KAZALD1	-1.55e-01	4.94e-01	protein_coding
ENSG00000234028	EIF2AK3-DT	 5.03e-02	9.34e-01	lncRNA
ENSG00000125246	CLYBL	-2.09e-01	5.33e-01	protein_coding
ENSG00000187634	SAMD11	-3.77e-01	3.56e-01	protein_coding
ENSG00000196642	RABL6	-2.26e-01	1.22e-01	protein_coding
ENSG00000132623	ANKEF1	 3.53e-02	9.50e-01	protein_coding
ENSG00000188681	TEKT4P2	 2.12e-02	9.72e-01	transcribed_unprocessed_pseudogene
ENSG00000132305	IMMT	-1.11e-01	7.06e-01	protein_coding
ENSG00000117151	CTBS	 1.43e-01	7.82e-01	protein_coding
ENSG00000104980	TIMM44	-4.84e-01	1.84e-04	protein_coding
ENSG00000167325	RRM1	-2.80e-01	2.97e-01	protein_coding
ENSG00000125166	GOT2	 2.67e-01	4.56e-02	protein_coding
ENSG00000072274	TFRC	 1.07e-01	6.74e-01	protein_coding
ENSG00000104341	LAPTM4B	-1.61e-01	5.81e-01	protein_coding
ENSG00000143418	CERS2	 3.88e-01	8.55e-04	protein_coding
ENSG00000263412	AC004477.1	-3.98e-02	9.32e-01	lncRNA
ENSG00000180767	CHST13	 3.18e-02	9.29e-01	protein_coding
ENSG00000172071	EIF2AK3	-8.48e-02	8.70e-01	protein_coding
ENSG00000132466	ANKRD17	 2.10e-01	4.19e-01	protein_coding
ENSG00000228544	CCDC183-AS1	 4.81e-01	1.93e-01	lncRNA
ENSG00000099899	TRMT2A	-6.16e-01	1.16e-04	protein_coding
ENSG00000244187	TMEM141	-4.17e-01	2.05e-02	protein_coding
ENSG00000139629	GALNT6	 5.90e-02	9.11e-01	protein_coding
ENSG00000003056	M6PR	-7.95e-02	8.24e-01	protein_coding
ENSG00000235173	HGH1	-8.51e-02	7.79e-01	protein_coding
ENSG00000245848	CEBPA	 5.24e-03	9.95e-01	protein_coding
ENSG00000276075	AC027682.6	-1.04e-01	8.01e-01	lncRNA
ENSG00000248508	SRP14-AS1	 1.57e-01	7.54e-01	lncRNA
ENSG00000132639	SNAP25	-1.35e-01	7.96e-01	protein_coding
ENSG00000178531	CTXN1	 2.93e-01	3.40e-01	protein_coding
ENSG00000109920	FNBP4	 2.81e-01	2.74e-01	protein_coding
ENSG00000144559	TAMM41	 1.89e-01	4.54e-01	protein_coding
ENSG00000273080	AC009309.1	-1.47e-01	7.68e-01	lncRNA
ENSG00000158623	COPG2	-1.65e-01	6.56e-01	protein_coding
ENSG00000166532	RIMKLB	-9.20e-02	8.21e-01	protein_coding
ENSG00000138080	EMILIN1	 3.85e-02	9.54e-01	protein_coding
ENSG00000023191	RNH1	-4.39e-01	6.37e-04	protein_coding
ENSG00000241343	RPL36A	 4.12e-01	6.28e-02	protein_coding
ENSG00000167074	TEF	-1.09e-01	7.96e-01	protein_coding
ENSG00000067334	DNTTIP2	-1.77e-01	7.21e-01	protein_coding
ENSG00000157881	PANK4	 8.21e-03	9.86e-01	protein_coding
ENSG00000197766	CFD	-5.31e-01	2.96e-04	protein_coding
ENSG00000169715	MT1E	 3.72e-01	1.25e-01	protein_coding
ENSG00000102882	MAPK3	-3.18e-02	8.93e-01	protein_coding
ENSG00000107362	ABHD17B	 2.51e-01	4.08e-01	protein_coding
ENSG00000021826	CPS1	-1.38e-01	5.04e-01	protein_coding
ENSG00000102393	GLA	-6.90e-02	7.63e-01	protein_coding
ENSG00000204219	TCEA3	 4.72e-03	9.92e-01	protein_coding
ENSG00000182154	MRPL41	-3.16e-01	8.48e-02	protein_coding
ENSG00000185483	ROR1	 8.21e-02	8.89e-01	protein_coding
ENSG00000107331	ABCA2	 3.59e-01	7.83e-02	protein_coding
ENSG00000110002	VWA5A	-2.28e-01	3.71e-01	protein_coding
ENSG00000126945	HNRNPH2	-5.89e-01	1.57e-02	protein_coding
ENSG00000188522	FAM83G	 4.63e-01	3.08e-02	protein_coding
ENSG00000278730	AC005332.6	 5.10e-01	1.62e-01	lncRNA
ENSG00000167394	ZNF668	 6.33e-02	8.45e-01	protein_coding
ENSG00000163389	POGLUT1	-3.75e-01	1.90e-01	protein_coding
ENSG00000023909	GCLM	-3.57e-02	9.51e-01	protein_coding
ENSG00000100092	SH3BP1	 3.52e-01	3.96e-01	protein_coding
ENSG00000065183	WDR3	-4.05e-01	1.46e-01	protein_coding
ENSG00000123352	SPATS2	-1.69e-01	5.47e-01	protein_coding
ENSG00000174796	THAP6	 1.90e-01	7.04e-01	protein_coding
ENSG00000158470	B4GALT5	 5.66e-01	7.57e-03	protein_coding
ENSG00000276966	HIST1H4E	 1.76e-01	4.53e-01	protein_coding
ENSG00000069702	TGFBR3	-1.80e-01	6.33e-01	protein_coding
ENSG00000153574	RPIA	-1.73e-01	5.25e-01	protein_coding
ENSG00000132005	RFX1	 9.75e-01	9.75e-05	protein_coding
ENSG00000275074	NUDT18	-5.56e-01	4.27e-03	protein_coding
ENSG00000196262	PPIA	-2.23e-01	3.30e-01	protein_coding
ENSG00000273802	HIST1H2BG	 9.19e-02	7.96e-01	protein_coding
ENSG00000278932	CR381653.1	 2.13e-01	6.19e-01	lncRNA
ENSG00000186352	ANKRD37	-3.11e-01	3.91e-01	protein_coding
ENSG00000011347	SYT7	 2.83e-01	5.32e-01	protein_coding
ENSG00000170425	ADORA2B	-1.77e-01	5.45e-01	protein_coding
ENSG00000198237	AC131392.1	 8.39e-02	8.18e-01	unprocessed_pseudogene
ENSG00000082641	NFE2L1	 3.51e-01	1.07e-02	protein_coding
ENSG00000101182	PSMA7	-2.22e-01	1.39e-01	protein_coding
ENSG00000162512	SDC3	 1.32e-01	7.55e-01	protein_coding
ENSG00000109775	UFSP2	 4.17e-02	9.46e-01	protein_coding
ENSG00000184220	CMSS1	-1.64e-01	6.31e-01	protein_coding
ENSG00000197763	TXNRD3	-1.94e-01	5.57e-01	protein_coding
ENSG00000241360	PDXP	-2.11e-01	3.05e-01	protein_coding
ENSG00000166866	MYO1A	 1.39e-01	7.97e-01	protein_coding
ENSG00000125827	TMX4	 7.75e-02	8.17e-01	protein_coding
ENSG00000073712	FERMT2	-9.51e-02	8.28e-01	protein_coding
ENSG00000085433	WDR47	-6.67e-02	9.02e-01	protein_coding
ENSG00000143379	SETDB1	-2.25e-02	9.36e-01	protein_coding
ENSG00000234616	JRK	 1.84e-01	5.85e-01	protein_coding
ENSG00000073584	SMARCE1	-2.14e-01	4.29e-01	protein_coding
ENSG00000107281	NPDC1	 4.26e-01	2.18e-02	protein_coding
ENSG00000128923	MINDY2	-7.55e-01	3.11e-04	protein_coding
ENSG00000169564	PCBP1	 5.39e-01	2.01e-06	protein_coding
ENSG00000139800	ZIC5	 4.10e-01	2.44e-01	protein_coding
ENSG00000104081	BMF	 2.25e-01	6.21e-01	protein_coding
ENSG00000173681	BCLAF3	 2.84e-01	5.30e-01	protein_coding
ENSG00000050820	BCAR1	 2.82e-01	8.94e-02	protein_coding
ENSG00000173175	ADCY5	-2.13e-03	9.97e-01	protein_coding
ENSG00000043355	ZIC2	 3.32e-01	2.86e-01	protein_coding
ENSG00000179588	ZFPM1	 2.75e-01	2.11e-01	protein_coding
ENSG00000014164	ZC3H3	 5.65e-01	4.65e-04	protein_coding
ENSG00000197780	TAF13	-4.44e-02	9.36e-01	protein_coding
ENSG00000163191	S100A11	 2.06e-01	4.17e-01	protein_coding
ENSG00000274605	AL355338.1	-1.74e-01	5.65e-01	lncRNA
ENSG00000183207	RUVBL2	-5.01e-01	4.02e-03	protein_coding
ENSG00000215717	TMEM167B	 1.94e-01	5.00e-01	protein_coding
ENSG00000170231	FABP6	-1.63e-01	6.07e-01	protein_coding
ENSG00000107290	SETX	 4.96e-02	9.24e-01	protein_coding
ENSG00000273382	AL356488.3	 2.11e-01	6.54e-01	lncRNA
ENSG00000113845	TIMMDC1	-3.26e-01	8.79e-02	protein_coding
ENSG00000198034	RPS4X	-6.98e-02	7.22e-01	protein_coding
ENSG00000100077	GRK3	 1.41e-01	7.96e-01	protein_coding
ENSG00000155621	C9orf85	 3.04e-02	9.63e-01	protein_coding
ENSG00000086758	HUWE1	 3.40e-01	4.72e-02	protein_coding
ENSG00000277075	HIST1H2AE	-4.92e-02	9.12e-01	protein_coding
ENSG00000151006	PRSS53	 6.88e-01	3.40e-02	protein_coding
ENSG00000167395	ZNF646	 5.51e-01	1.01e-02	protein_coding
ENSG00000183864	TOB2	 5.49e-01	1.94e-03	protein_coding
ENSG00000274712	AC005332.4	 1.06e-01	8.37e-01	transcribed_unprocessed_pseudogene
ENSG00000137038	DMAC1	-1.84e-01	3.66e-01	protein_coding
ENSG00000145685	LHFPL2	 3.31e-03	9.97e-01	protein_coding
ENSG00000183092	BEGAIN	 4.40e-01	2.57e-01	protein_coding
ENSG00000167397	VKORC1	-6.94e-02	7.34e-01	protein_coding
ENSG00000274750	HIST1H3E	-3.63e-01	6.66e-02	protein_coding
ENSG00000038382	TRIO	-2.71e-01	1.46e-01	protein_coding
ENSG00000229117	RPL41	 4.31e-01	2.17e-02	protein_coding
ENSG00000167105	TMEM92	 4.48e-02	9.44e-01	protein_coding
ENSG00000115145	STAM2	-3.86e-01	2.76e-01	protein_coding
ENSG00000184840	TMED9	-4.91e-01	3.19e-04	protein_coding
ENSG00000054654	SYNE2	-4.15e-01	7.74e-02	protein_coding
ENSG00000277775	HIST1H3F	-8.51e-02	8.23e-01	protein_coding
ENSG00000175826	CTDNEP1	 5.44e-01	3.64e-05	protein_coding
ENSG00000100410	PHF5A	-3.11e-01	4.25e-02	protein_coding
ENSG00000160570	DEDD2	-3.05e-01	9.94e-02	protein_coding
ENSG00000163743	RCHY1	 1.03e-01	8.57e-01	protein_coding
ENSG00000102003	SYP	-1.14e-01	8.21e-01	protein_coding
ENSG00000128951	DUT	-1.83e-01	3.79e-01	protein_coding
ENSG00000004766	VPS50	 1.11e-01	8.01e-01	protein_coding
ENSG00000165156	ZHX1	-5.90e-01	7.73e-02	protein_coding
ENSG00000275713	HIST1H2BH	 4.46e-02	9.19e-01	protein_coding
ENSG00000273983	HIST1H3G	-3.38e-02	9.43e-01	protein_coding
ENSG00000188976	NOC2L	-2.81e-01	1.47e-01	protein_coding
ENSG00000137776	SLTM	 9.50e-02	7.86e-01	protein_coding
ENSG00000197818	SLC9A8	 7.54e-01	1.28e-02	protein_coding
ENSG00000218690	HIST1H2APS4	-1.12e-01	8.30e-01	transcribed_unprocessed_pseudogene
ENSG00000278588	HIST1H2BI	-5.69e-02	8.95e-01	protein_coding
ENSG00000158406	HIST1H4H	-1.14e-01	7.12e-01	protein_coding
ENSG00000132591	ERAL1	-3.08e-01	4.61e-02	protein_coding
ENSG00000185989	RASA3	 2.39e-01	3.39e-01	protein_coding
ENSG00000158480	SPATA2	 8.09e-01	8.85e-05	protein_coding
ENSG00000254859	AC067930.3	 6.45e-01	5.68e-02	lncRNA
ENSG00000170296	GABARAP	 1.14e-01	4.94e-01	protein_coding
ENSG00000189376	C8orf76	-3.07e-01	1.89e-01	protein_coding
ENSG00000259488	AC023355.1	 1.82e-01	6.72e-01	lncRNA
ENSG00000158109	TPRG1L	-3.87e-02	9.04e-01	protein_coding
ENSG00000150907	FOXO1	-1.71e-02	9.79e-01	protein_coding
ENSG00000164465	DCBLD1	-1.98e-01	6.52e-01	protein_coding
ENSG00000087365	SF3B2	 5.57e-02	7.82e-01	protein_coding
ENSG00000205476	CCDC85C	 4.91e-01	2.20e-02	protein_coding
ENSG00000196704	AMZ2	 1.41e-01	5.96e-01	protein_coding
ENSG00000114391	RPL24	-1.06e-05	1.00e+00	protein_coding
ENSG00000157450	RNF111	-2.70e-01	4.11e-01	protein_coding
ENSG00000099875	MKNK2	 9.48e-02	7.78e-01	protein_coding
ENSG00000135272	MDFIC	-4.30e-01	8.58e-02	protein_coding
ENSG00000145391	SETD7	-1.49e-01	6.50e-01	protein_coding
ENSG00000205572	SERF1B	 1.05e-01	7.18e-01	protein_coding
ENSG00000115839	RAB3GAP1	 2.08e-01	6.52e-01	protein_coding
ENSG00000181885	CLDN7	-8.72e-02	8.34e-01	protein_coding
ENSG00000082898	XPO1	 2.55e-01	2.01e-01	protein_coding
ENSG00000101654	RNMT	 1.32e-01	8.07e-01	protein_coding
ENSG00000072786	STK10	 8.58e-02	8.68e-01	protein_coding
ENSG00000155561	NUP205	-6.95e-02	8.59e-01	protein_coding
ENSG00000090061	CCNK	 8.18e-01	8.14e-13	protein_coding
ENSG00000142864	SERBP1	-3.45e-01	9.85e-02	protein_coding
ENSG00000173065	FAM222B	 1.03e+00	8.64e-05	protein_coding
ENSG00000132313	MRPL35	-3.06e-01	2.48e-01	protein_coding
ENSG00000112394	SLC16A10	 8.13e-02	8.92e-01	protein_coding
ENSG00000265100	AC005332.1	-7.52e-02	8.77e-01	lncRNA
ENSG00000261575	AC005829.1	 7.67e-02	8.94e-01	transcribed_unprocessed_pseudogene
ENSG00000144120	TMEM177	-9.89e-02	7.04e-01	protein_coding
ENSG00000158545	ZC3H18	 1.40e-01	5.11e-01	protein_coding
ENSG00000121988	ZRANB3	-5.00e-02	9.17e-01	protein_coding
ENSG00000270820	AC016727.1	 2.70e-01	5.25e-01	lncRNA
ENSG00000144061	NPHP1	 2.02e-01	6.52e-01	protein_coding
ENSG00000177150	FAM210A	-2.46e-02	9.57e-01	protein_coding
ENSG00000206053	JPT2	-1.74e-01	3.76e-01	protein_coding
ENSG00000151532	VTI1A	 2.43e-02	9.56e-01	protein_coding
ENSG00000224418	STK24-AS1	-6.33e-02	9.15e-01	lncRNA
ENSG00000047932	GOPC	-4.34e-01	2.09e-01	protein_coding
ENSG00000137124	ALDH1B1	 1.69e-01	4.97e-01	protein_coding
ENSG00000117010	ZNF684	-4.35e-01	2.19e-01	protein_coding
ENSG00000178977	LINC00324	 7.29e-01	1.76e-03	lncRNA
ENSG00000066044	ELAVL1	-2.43e-01	5.08e-01	protein_coding
ENSG00000105968	H2AFV	-1.43e-01	4.45e-01	protein_coding
ENSG00000140479	PCSK6	 6.28e-02	8.64e-01	protein_coding
ENSG00000229891	LINC01315	-1.09e-01	7.70e-01	lncRNA
ENSG00000272688	AP005329.3	 1.14e-01	7.14e-01	lncRNA
ENSG00000075223	SEMA3C	 3.83e-02	9.33e-01	protein_coding
ENSG00000170291	ELP5	-2.34e-01	1.67e-01	protein_coding
ENSG00000147419	CCDC25	-2.62e-01	5.20e-01	protein_coding
ENSG00000162377	COA7	-5.34e-01	3.77e-04	protein_coding
ENSG00000270066	AL356488.2	-1.14e-01	7.64e-01	lncRNA
ENSG00000127954	STEAP4	-6.90e-02	8.70e-01	protein_coding
ENSG00000233871	DLG5-AS1	-3.09e-01	4.38e-01	lncRNA
ENSG00000215067	ALOX12-AS1	-2.82e-01	4.64e-01	lncRNA
ENSG00000267532	MIR497HG	 6.43e-02	9.16e-01	lncRNA
ENSG00000011332	DPF1	-1.21e-01	7.90e-01	protein_coding
ENSG00000261609	GAN	-2.03e-01	5.38e-01	protein_coding
ENSG00000106609	TMEM248	 2.47e-01	2.85e-01	protein_coding
ENSG00000152767	FARP1	 1.56e-01	4.47e-01	protein_coding
ENSG00000120875	DUSP4	 9.08e-02	6.94e-01	protein_coding
ENSG00000184402	SS18L1	-1.35e-01	7.64e-01	protein_coding
ENSG00000243317	STMP1	 2.25e-01	2.67e-01	protein_coding
ENSG00000154832	CXXC1	-2.60e-02	9.36e-01	protein_coding
ENSG00000007545	CRAMP1	 2.27e-01	5.20e-01	protein_coding
ENSG00000272886	DCP1A	 8.76e-02	8.57e-01	protein_coding
ENSG00000258315	C17orf49	-8.58e-02	6.83e-01	protein_coding
ENSG00000180900	SCRIB	 4.14e-01	2.16e-02	protein_coding
ENSG00000153774	CFDP1	-1.61e-01	6.95e-01	protein_coding
ENSG00000167625	ZNF526	 3.71e-01	1.43e-01	protein_coding
ENSG00000196205	EEF1A1P5	-4.93e-01	1.65e-01	processed_pseudogene
ENSG00000108984	MAP2K6	-1.66e-01	5.79e-01	protein_coding
ENSG00000016391	CHDH	-6.35e-01	3.29e-02	protein_coding
ENSG00000215712	TMEM242	 2.56e-01	4.91e-01	protein_coding
ENSG00000148399	DPH7	-2.22e-01	3.11e-01	protein_coding
ENSG00000075142	SRI	 3.68e-02	9.02e-01	protein_coding
ENSG00000166822	TMEM170A	-2.16e-01	5.25e-01	protein_coding
ENSG00000148606	POLR3A	 5.16e-02	8.77e-01	protein_coding
ENSG00000150760	DOCK1	-1.20e-01	6.92e-01	protein_coding
ENSG00000101605	MYOM1	 3.65e-01	3.25e-01	protein_coding
ENSG00000166167	BTRC	-1.79e-01	7.18e-01	protein_coding
ENSG00000180071	ANKRD18A	 8.26e-03	9.92e-01	protein_coding
ENSG00000116299	KIAA1324	-1.18e-01	8.18e-01	protein_coding
ENSG00000168078	PBK	-3.78e-01	2.30e-01	protein_coding
ENSG00000135482	ZC3H10	 3.71e-02	9.37e-01	protein_coding
ENSG00000187778	MCRS1	-4.12e-01	4.59e-03	protein_coding
ENSG00000162378	ZYG11B	-5.86e-01	7.03e-03	protein_coding
ENSG00000179818	PCBP1-AS1	 2.01e-01	3.91e-01	lncRNA
ENSG00000102287	GABRE	 6.69e-02	8.87e-01	protein_coding
ENSG00000269335	IKBKG	-3.62e-01	4.00e-02	protein_coding
ENSG00000038219	BOD1L1	-4.10e-02	9.50e-01	protein_coding
ENSG00000204860	FAM201A	 3.70e-02	9.51e-01	lncRNA
ENSG00000176273	SLC35G1	 4.23e-01	2.85e-01	protein_coding
ENSG00000139641	ESYT1	 4.54e-01	7.55e-04	protein_coding
ENSG00000171320	ESCO2	-1.33e-02	9.85e-01	protein_coding
ENSG00000100911	PSME2	-3.45e-01	5.14e-03	protein_coding
ENSG00000142583	SLC2A5	 8.98e-03	9.87e-01	protein_coding
ENSG00000180304	OAZ2	-1.94e-02	9.53e-01	protein_coding
ENSG00000219200	RNASEK	 1.96e-01	3.03e-01	protein_coding
ENSG00000186260	MRTFB	 6.52e-02	8.81e-01	protein_coding
ENSG00000180488	MIGA1	 1.56e-01	6.74e-01	protein_coding
ENSG00000039068	CDH1	-1.65e-01	7.54e-01	protein_coding
ENSG00000023902	PLEKHO1	-2.08e-01	4.16e-01	protein_coding
ENSG00000102572	STK24	 3.17e-01	1.31e-01	protein_coding
ENSG00000165533	TTC8	-6.84e-02	8.92e-01	protein_coding
ENSG00000170325	PRDM10	-3.05e-01	4.18e-01	protein_coding
ENSG00000127947	PTPN12	 6.67e-01	1.51e-02	protein_coding
ENSG00000138030	KHK	-5.78e-01	7.10e-03	protein_coding
ENSG00000086475	SEPHS1	-4.96e-01	9.34e-05	protein_coding
ENSG00000233220	LINC00167	 2.83e-01	5.13e-01	lncRNA
ENSG00000177200	CHD9	 3.53e-01	2.99e-01	protein_coding
ENSG00000135632	SMYD5	 1.17e-01	6.66e-01	protein_coding
ENSG00000237289	CKMT1B	 4.02e-01	6.93e-02	protein_coding
ENSG00000135083	CCNJL	 1.30e-01	7.95e-01	protein_coding
ENSG00000158528	PPP1R9A	-2.73e-01	5.18e-01	protein_coding
ENSG00000179832	MROH1	-3.01e-01	1.41e-01	protein_coding
ENSG00000246067	RAB30-AS1	 1.43e-02	9.79e-01	lncRNA
ENSG00000279476	AC092139.3	 9.49e-01	2.63e-06	TEC
ENSG00000189306	RRP7A	-5.11e-01	3.55e-03	protein_coding
ENSG00000107625	DDX50	 1.86e-02	9.75e-01	protein_coding
ENSG00000092098	RNF31	-2.19e-02	9.63e-01	protein_coding
ENSG00000258056	AC009779.2	-3.05e-01	2.22e-01	lncRNA
ENSG00000231365	WARS2-AS1	 6.70e-02	8.78e-01	lncRNA
ENSG00000168453	HR	 4.19e-01	2.35e-01	protein_coding
ENSG00000106546	AHR	-9.66e-02	8.38e-01	protein_coding
ENSG00000116874	WARS2	-6.70e-02	8.65e-01	protein_coding
ENSG00000101152	DNAJC5	 2.43e-01	1.04e-01	protein_coding
ENSG00000175701	MTLN	 5.43e-01	4.34e-04	protein_coding
ENSG00000068400	GRIPAP1	-2.80e-01	8.92e-02	protein_coding
ENSG00000197603	CPLANE1	 4.74e-02	9.12e-01	protein_coding
ENSG00000153815	CMIP	 1.19e+00	6.48e-18	protein_coding
ENSG00000175198	PCCA	 6.30e-02	8.87e-01	protein_coding
ENSG00000125482	TTF1	-3.51e-01	4.03e-01	protein_coding
ENSG00000108468	CBX1	-2.14e-01	5.57e-01	protein_coding
ENSG00000105887	MTPN	 2.73e-01	3.69e-01	protein_coding
ENSG00000145861	C1QTNF2	-1.18e-01	7.97e-01	protein_coding
ENSG00000134864	GGACT	-5.75e-02	9.15e-01	protein_coding
ENSG00000114784	EIF1B	 2.53e-01	2.56e-01	protein_coding
ENSG00000154945	ANKRD40	 2.56e-02	9.47e-01	protein_coding
ENSG00000141526	SLC16A3	-2.51e-01	1.00e-01	protein_coding
ENSG00000135269	TES	-4.02e-01	1.78e-01	protein_coding
ENSG00000124226	RNF114	-2.24e-01	3.05e-01	protein_coding
ENSG00000267939	AC008946.1	-7.69e-02	8.97e-01	lncRNA
ENSG00000131732	ZCCHC9	 7.23e-02	8.90e-01	protein_coding
ENSG00000151414	NEK7	-2.61e-01	4.04e-01	protein_coding
ENSG00000027847	B4GALT7	-1.24e-01	5.56e-01	protein_coding
ENSG00000137075	RNF38	 1.08e-01	8.06e-01	protein_coding
ENSG00000114450	GNB4	-1.99e-01	4.56e-01	protein_coding
ENSG00000146409	SLC18B1	-2.49e-01	4.94e-01	protein_coding
ENSG00000176681	LRRC37A	-3.77e-02	9.56e-01	protein_coding
ENSG00000147099	HDAC8	-2.42e-01	3.66e-01	protein_coding
ENSG00000105971	CAV2	-6.75e-02	9.03e-01	protein_coding
ENSG00000141551	CSNK1D	 2.88e-01	4.66e-02	protein_coding
ENSG00000175772	LINC01106	-1.14e-01	8.44e-01	lncRNA
ENSG00000160211	G6PD	 2.42e-01	8.14e-02	protein_coding
ENSG00000113194	FAF2	 1.13e-02	9.78e-01	protein_coding
ENSG00000203995	ZYG11A	-8.24e-02	7.96e-01	protein_coding
ENSG00000105722	ERF	 3.73e-01	6.56e-02	protein_coding
ENSG00000166831	RBPMS2	 9.44e-01	3.97e-05	protein_coding
ENSG00000104067	TJP1	 5.38e-02	8.95e-01	protein_coding
ENSG00000135404	CD63	-9.03e-02	7.58e-01	protein_coding
ENSG00000279539	AC006486.2	 1.34e-01	7.77e-01	TEC
ENSG00000180879	SSR4	 2.18e-02	9.28e-01	protein_coding
ENSG00000198874	TYW1	 3.30e-01	3.78e-01	protein_coding
ENSG00000103319	EEF2K	 4.55e-01	3.01e-02	protein_coding
ENSG00000175048	ZDHHC14	 3.02e-02	9.57e-01	protein_coding
ENSG00000228696	ARL17B	-1.64e-01	6.27e-01	protein_coding
ENSG00000104549	SQLE	 1.58e-01	4.82e-01	protein_coding
ENSG00000134294	SLC38A2	 1.61e-01	3.43e-01	protein_coding
ENSG00000105723	GSK3A	 2.86e-01	6.93e-02	protein_coding
ENSG00000148090	AUH	-2.35e-01	5.30e-01	protein_coding
ENSG00000030066	NUP160	-3.13e-01	1.16e-01	protein_coding
ENSG00000187193	MT1X	 2.67e-01	3.81e-01	protein_coding
ENSG00000213928	IRF9	-1.92e-01	5.08e-01	protein_coding
ENSG00000089723	OTUB2	 3.63e-01	3.69e-01	protein_coding
ENSG00000234183	LINC01952	 2.99e-01	4.90e-01	lncRNA
ENSG00000182504	CEP97	-2.74e-01	5.02e-01	protein_coding
ENSG00000206527	HACD2	 3.14e-01	3.04e-01	protein_coding
ENSG00000159685	CHCHD6	-5.94e-01	1.44e-05	protein_coding
ENSG00000126524	SBDS	-1.47e-01	6.46e-01	protein_coding
ENSG00000160325	CACFD1	 1.68e-01	5.28e-01	protein_coding
ENSG00000198324	PHETA1	 2.24e-01	5.56e-01	protein_coding
ENSG00000155363	MOV10	 2.38e-01	2.31e-01	protein_coding
ENSG00000163710	PCOLCE2	 1.00e-01	7.10e-01	protein_coding
ENSG00000157827	FMNL2	-1.99e-01	6.69e-01	protein_coding
ENSG00000104635	SLC39A14	 2.85e-01	1.61e-01	protein_coding
ENSG00000180758	GPR157	 6.04e-01	4.18e-02	protein_coding
ENSG00000085871	MGST2	 5.53e-02	8.67e-01	protein_coding
ENSG00000088305	DNMT3B	 1.43e-01	6.50e-01	protein_coding
ENSG00000088179	PTPN4	 1.27e-01	7.24e-01	protein_coding
ENSG00000186871	ERCC6L	-2.15e-01	6.62e-01	protein_coding
ENSG00000101181	MTG2	-5.28e-01	5.82e-05	protein_coding
ENSG00000221886	ZBED8	 7.75e-02	8.97e-01	protein_coding
ENSG00000089737	DDX24	-2.47e-01	1.76e-01	protein_coding
ENSG00000272768	AC004854.2	-6.43e-04	9.99e-01	lncRNA
ENSG00000163644	PPM1K	-1.18e-01	8.31e-01	protein_coding
ENSG00000146676	PURB	 3.38e-01	2.64e-01	protein_coding
ENSG00000103047	TANGO6	-3.28e-01	1.11e-01	protein_coding
ENSG00000162434	JAK1	 3.47e-02	9.49e-01	protein_coding
ENSG00000100097	LGALS1	-5.55e-02	7.87e-01	protein_coding
ENSG00000102309	PIN4	-2.05e-01	6.29e-01	protein_coding
ENSG00000110514	MADD	 5.45e-02	8.97e-01	protein_coding
ENSG00000108602	ALDH3A1	 1.99e-03	9.97e-01	protein_coding
ENSG00000258099	ATXN2-AS	 9.26e-03	9.91e-01	lncRNA
ENSG00000163597	SNHG16	 2.53e-01	1.21e-01	lncRNA
ENSG00000132359	RAP1GAP2	 3.20e-01	1.04e-01	protein_coding
ENSG00000175567	UCP2	 3.37e-01	7.13e-03	protein_coding
ENSG00000164631	ZNF12	-2.64e-01	5.37e-01	protein_coding
ENSG00000051523	CYBA	 7.61e-03	9.86e-01	protein_coding
ENSG00000162437	RAVER2	 4.78e-02	8.96e-01	protein_coding
ENSG00000254682	AP002387.2	 2.81e-01	4.74e-01	lncRNA
ENSG00000111252	SH2B3	-1.66e-02	9.81e-01	protein_coding
ENSG00000067829	IDH3G	-1.48e-01	5.00e-01	protein_coding
ENSG00000276408	AC025287.2	-2.77e-02	9.68e-01	lncRNA
ENSG00000065457	ADAT1	 7.26e-03	9.88e-01	protein_coding
ENSG00000197296	FITM2	 5.36e-01	2.23e-03	protein_coding
ENSG00000113273	ARSB	 8.50e-02	8.65e-01	protein_coding
ENSG00000172893	DHCR7	 1.75e-01	2.18e-01	protein_coding
ENSG00000165685	TMEM52B	 1.28e-01	6.96e-01	protein_coding
ENSG00000267100	ILF3-DT	-1.59e-01	4.84e-01	lncRNA
ENSG00000188313	PLSCR1	-1.48e-01	6.76e-01	protein_coding
ENSG00000101019	UQCC1	-2.66e-01	1.49e-01	protein_coding
ENSG00000174775	HRAS	-2.80e-01	2.05e-01	protein_coding
ENSG00000166881	NEMP1	 5.33e-01	2.01e-02	protein_coding
ENSG00000198960	ARMCX6	-1.37e-01	6.46e-01	protein_coding
ENSG00000214941	ZSWIM7	 1.13e-01	7.38e-01	protein_coding
ENSG00000088256	GNA11	 1.50e-02	9.70e-01	protein_coding
ENSG00000088298	EDEM2	 1.48e-01	4.85e-01	protein_coding
ENSG00000131089	ARHGEF9	-1.96e-01	4.25e-01	protein_coding
ENSG00000034713	GABARAPL2	-8.57e-02	6.99e-01	protein_coding
ENSG00000267123	SCAT1	-2.88e-01	3.98e-01	lncRNA
ENSG00000173391	OLR1	-3.36e-01	2.16e-01	protein_coding
ENSG00000198736	MSRB1	-4.55e-01	1.26e-03	protein_coding
ENSG00000119125	GDA	 3.02e-01	2.67e-01	protein_coding
ENSG00000102401	ARMCX3	-1.47e-01	6.42e-01	protein_coding
ENSG00000227372	TP73-AS1	 1.45e-01	6.07e-01	transcribed_unitary_pseudogene
ENSG00000205084	TMEM231	 2.27e-01	4.25e-01	protein_coding
ENSG00000135617	PRADC1	-4.49e-01	1.51e-02	protein_coding
ENSG00000011295	TTC19	-1.52e-01	6.45e-01	protein_coding
ENSG00000133872	SARAF	 8.13e-02	7.60e-01	protein_coding
ENSG00000116717	GADD45A	-2.07e-01	5.43e-01	protein_coding
ENSG00000132603	NIP7	-2.52e-01	2.35e-01	protein_coding
ENSG00000126005	MMP24OS	 3.08e-01	5.64e-02	protein_coding
ENSG00000143409	MINDY1	 3.72e-01	1.17e-01	protein_coding
ENSG00000178982	EIF3K	-1.59e-01	4.09e-01	protein_coding
ENSG00000182944	EWSR1	-7.75e-02	6.91e-01	protein_coding
ENSG00000167522	ANKRD11	 8.74e-02	7.57e-01	protein_coding
ENSG00000139197	PEX5	-4.37e-02	8.96e-01	protein_coding
ENSG00000172775	FAM192A	-2.51e-01	1.77e-01	protein_coding
ENSG00000285427	SOD2-OT1	-2.30e-02	9.75e-01	lncRNA
ENSG00000249378	LINC01060	-2.06e-01	6.71e-01	lncRNA
ENSG00000102699	PARP4	-2.02e-01	6.14e-01	protein_coding
ENSG00000125966	MMP24	 1.84e-01	3.66e-01	protein_coding
ENSG00000100916	BRMS1L	-3.54e-02	9.57e-01	protein_coding
ENSG00000101000	PROCR	-3.69e-01	1.93e-02	protein_coding
ENSG00000168807	SNTB2	-5.14e-01	7.83e-03	protein_coding
ENSG00000116213	WRAP73	-4.19e-01	9.95e-03	protein_coding
ENSG00000134825	TMEM258	 4.97e-01	7.45e-04	protein_coding
ENSG00000257261	AC008014.1	-9.17e-02	8.73e-01	lncRNA
ENSG00000242372	EIF6	-3.89e-01	1.48e-02	protein_coding
ENSG00000214293	APTR	-7.50e-02	8.96e-01	lncRNA
ENSG00000120437	ACAT2	-4.46e-01	1.91e-03	protein_coding
ENSG00000102738	MRPS31	-3.33e-01	2.83e-01	protein_coding
ENSG00000110400	NECTIN1	-1.48e-01	7.58e-01	protein_coding
ENSG00000134824	FADS2	 2.26e-01	2.91e-01	protein_coding
ENSG00000173214	MFSD4B	-2.05e-01	6.27e-01	protein_coding
ENSG00000108946	PRKAR1A	-3.70e-01	5.56e-02	protein_coding
ENSG00000100412	ACO2	 1.23e-01	5.68e-01	protein_coding
ENSG00000109787	KLF3	 2.12e-01	5.05e-01	protein_coding
ENSG00000260075	NSFP1	-2.60e-01	5.63e-01	unprocessed_pseudogene
ENSG00000117155	SSX2IP	-4.38e-02	9.48e-01	protein_coding
ENSG00000132604	TERF2	 1.59e-01	5.62e-01	protein_coding
ENSG00000099849	RASSF7	-5.71e-01	2.98e-03	protein_coding
ENSG00000138798	EGF	-2.32e-01	6.30e-01	protein_coding
ENSG00000179627	AL590327.1	 3.01e-01	4.45e-01	protein_coding
ENSG00000213380	COG8	-3.05e-02	9.23e-01	protein_coding
ENSG00000172380	GNG12	 1.50e-01	7.15e-01	protein_coding
ENSG00000185522	LMNTD2	-1.36e-01	7.59e-01	protein_coding
ENSG00000127184	COX7C	 3.43e-01	8.96e-02	protein_coding
ENSG00000100413	POLR3H	-1.64e-01	4.22e-01	protein_coding
ENSG00000196411	EPHB4	 2.33e-01	1.84e-01	protein_coding
ENSG00000187953	PMS2CL	 2.05e-01	5.72e-01	transcribed_unprocessed_pseudogene
ENSG00000144283	PKP4	 1.60e-01	7.19e-01	protein_coding
ENSG00000143401	ANP32E	-2.17e-04	1.00e+00	protein_coding
ENSG00000259781	HMGB1P6	-4.44e-01	1.55e-01	processed_pseudogene
ENSG00000120438	TCP1	 4.52e-02	8.69e-01	protein_coding
ENSG00000102024	PLS3	-1.63e-01	7.58e-01	protein_coding
ENSG00000146828	SLC12A9	 1.83e-01	5.06e-01	protein_coding
ENSG00000068615	REEP1	 2.31e-01	5.93e-01	protein_coding
ENSG00000130433	CACNG6	-2.40e-01	5.28e-01	protein_coding
ENSG00000177156	TALDO1	-3.47e-01	7.34e-03	protein_coding
ENSG00000198691	ABCA4	 1.18e-02	9.86e-01	protein_coding
ENSG00000164609	SLU7	 1.39e-01	7.97e-01	protein_coding
ENSG00000125485	DDX31	-8.05e-02	7.80e-01	protein_coding
ENSG00000141076	UTP4	 1.02e-01	6.31e-01	protein_coding
ENSG00000111726	CMAS	-1.53e-01	6.59e-01	protein_coding
ENSG00000141337	ARSG	 4.40e-02	8.96e-01	protein_coding
ENSG00000187720	THSD4	 7.99e-02	8.64e-01	protein_coding
ENSG00000075413	MARK3	 1.09e-01	7.69e-01	protein_coding
ENSG00000116729	WLS	 4.79e-02	8.55e-01	protein_coding
ENSG00000100106	TRIOBP	-5.41e-01	2.73e-04	protein_coding
ENSG00000048991	R3HDM1	 3.52e-01	2.69e-01	protein_coding
ENSG00000124920	MYRF	-1.05e-02	9.89e-01	protein_coding
ENSG00000168246	UBTD2	 2.55e-01	4.51e-01	protein_coding
ENSG00000213588	ZBTB9	 4.22e-01	7.86e-02	protein_coding
ENSG00000141682	PMAIP1	 1.38e-01	7.54e-01	protein_coding
ENSG00000156970	BUB1B	-2.47e-01	4.90e-01	protein_coding
ENSG00000107938	EDRF1	 1.22e-01	7.71e-01	protein_coding
ENSG00000197283	SYNGAP1	 2.86e-02	9.64e-01	protein_coding
ENSG00000270332	SMC2-AS1	 5.53e-02	9.25e-01	lncRNA
ENSG00000273899	NOL12	-3.73e-01	3.60e-01	protein_coding
ENSG00000198420	TCAF1	-1.28e-01	7.39e-01	protein_coding
ENSG00000159307	SCUBE1	 3.65e-01	3.25e-01	protein_coding
ENSG00000138642	HERC6	-1.41e-01	7.96e-01	protein_coding
ENSG00000198642	KLHL9	-3.10e-01	3.29e-01	protein_coding
ENSG00000146457	WTAP	-1.65e-01	5.56e-01	protein_coding
ENSG00000139269	INHBE	-1.25e-01	7.29e-01	protein_coding
ENSG00000125484	GTF3C4	-1.88e-01	5.27e-01	protein_coding
ENSG00000168137	SETD5	 3.75e-01	5.57e-02	protein_coding
ENSG00000112697	TMEM30A	 2.93e-01	3.61e-01	protein_coding
ENSG00000135624	CCT7	-5.78e-01	3.31e-05	protein_coding
ENSG00000108932	SLC16A6	-8.30e-02	8.86e-01	protein_coding
ENSG00000196367	TRRAP	-6.45e-04	9.99e-01	protein_coding
ENSG00000136770	DNAJC1	-1.67e-01	6.67e-01	protein_coding
ENSG00000055483	USP36	 3.33e-01	1.62e-01	protein_coding
ENSG00000261386	AC027682.4	 1.70e-01	7.45e-01	lncRNA
ENSG00000099814	CEP170B	 6.23e-01	2.85e-03	protein_coding
ENSG00000110841	PPFIBP1	-4.14e-02	9.14e-01	protein_coding
ENSG00000160741	CRTC2	 1.46e-01	6.59e-01	protein_coding
ENSG00000105717	PBX4	 5.19e-03	9.95e-01	protein_coding
ENSG00000002919	SNX11	-2.14e-01	3.29e-01	protein_coding
ENSG00000070540	WIPI1	-2.72e-01	2.82e-01	protein_coding
ENSG00000204842	ATXN2	 4.27e-01	1.21e-01	protein_coding
ENSG00000100263	RHBDD3	-1.57e-01	5.41e-01	protein_coding
ENSG00000136147	PHF11	-5.42e-02	9.23e-01	protein_coding
ENSG00000258429	PDF	-3.89e-01	2.32e-02	protein_coding
ENSG00000065534	MYLK	-2.37e-01	5.52e-01	protein_coding
ENSG00000185829	ARL17A	 4.02e-01	2.40e-01	protein_coding
ENSG00000132612	VPS4A	-1.06e-01	6.19e-01	protein_coding
ENSG00000260914	AC026464.4	-5.81e-02	8.85e-01	protein_coding
ENSG00000134780	DAGLA	 4.92e-01	4.35e-02	protein_coding
ENSG00000151090	THRB	 3.44e-01	2.46e-01	protein_coding
ENSG00000286140	DERPC	-1.75e-01	6.91e-01	protein_coding
ENSG00000174705	SH3PXD2B	 3.00e-03	9.96e-01	protein_coding
ENSG00000124422	USP22	 3.20e-01	4.74e-02	protein_coding
ENSG00000238083	LRRC37A2	 9.86e-02	8.25e-01	protein_coding
ENSG00000265185	SNORD3B-1	 6.91e-03	9.89e-01	snoRNA
ENSG00000262074	SNORD3B-2	-5.13e-02	9.18e-01	snoRNA
ENSG00000112096	SOD2	-4.07e-01	1.60e-02	protein_coding
ENSG00000168802	CHTF8	 2.05e-02	9.64e-01	protein_coding
ENSG00000239523	MYLK-AS1	-2.08e-02	9.70e-01	lncRNA
ENSG00000214357	NEURL1B	 7.05e-01	3.08e-04	protein_coding
ENSG00000160326	SLC2A6	-1.23e-01	6.74e-01	protein_coding
ENSG00000110104	CCDC86	-1.08e-02	9.74e-01	protein_coding
ENSG00000139613	SMARCC2	 1.36e-01	6.15e-01	protein_coding
ENSG00000172081	MOB3A	 6.50e-01	2.06e-02	protein_coding
ENSG00000141027	NCOR1	-1.41e-01	6.99e-01	protein_coding
ENSG00000036054	TBC1D23	-2.19e-01	6.02e-01	protein_coding
ENSG00000178921	PFAS	 2.40e-01	2.12e-01	protein_coding
ENSG00000112306	RPS12	 2.86e-01	1.41e-01	protein_coding
ENSG00000256269	HMBS	-5.32e-01	2.70e-03	protein_coding
ENSG00000102974	CTCF	-3.05e-01	1.40e-01	protein_coding
ENSG00000146083	RNF44	 6.99e-01	5.62e-04	protein_coding
ENSG00000117385	P3H1	-2.60e-02	9.35e-01	protein_coding
ENSG00000131797	CLUHP3	 4.88e-02	9.23e-01	transcribed_unprocessed_pseudogene
ENSG00000166986	MARS	 1.33e-02	9.72e-01	protein_coding
ENSG00000165724	ZMYND19	-4.10e-01	4.08e-03	protein_coding
ENSG00000223797	ENTPD3-AS1	 2.78e-01	4.21e-01	lncRNA
ENSG00000187446	CHP1	 5.42e-01	4.50e-05	protein_coding
ENSG00000196465	MYL6B	-1.87e-01	2.72e-01	protein_coding
ENSG00000091127	PUS7	-2.51e-02	9.65e-01	protein_coding
ENSG00000262202	AC007952.4	 1.39e-01	7.07e-01	lncRNA
ENSG00000164118	CEP44	 3.67e-01	3.38e-01	protein_coding
ENSG00000166582	CENPV	-3.05e-01	2.45e-02	protein_coding
ENSG00000088280	ASAP3	 1.82e-01	4.96e-01	protein_coding
ENSG00000109536	FRG1	 6.88e-02	8.81e-01	protein_coding
ENSG00000151117	TMEM86A	 4.11e-02	9.50e-01	protein_coding
ENSG00000183054	RGPD6	-2.43e-01	6.09e-01	protein_coding
ENSG00000254087	LYN	 3.29e-01	1.29e-01	protein_coding
ENSG00000079819	EPB41L2	-3.98e-01	1.81e-01	protein_coding
ENSG00000112473	SLC39A7	-1.23e-01	4.65e-01	protein_coding
ENSG00000108474	PIGL	-2.15e-01	5.40e-01	protein_coding
ENSG00000131051	RBM39	 3.28e-02	9.08e-01	protein_coding
ENSG00000178971	CTC1	-2.64e-02	9.54e-01	protein_coding
ENSG00000170852	KBTBD2	 3.87e-02	9.34e-01	protein_coding
ENSG00000164117	FBXO8	-8.21e-02	8.59e-01	protein_coding
ENSG00000162521	RBBP4	 2.98e-01	3.32e-02	protein_coding
ENSG00000104660	LEPROTL1	 2.49e-01	3.62e-01	protein_coding
ENSG00000196220	SRGAP3	-2.43e-02	9.73e-01	protein_coding
ENSG00000064547	LPAR2	 1.46e-01	7.71e-01	protein_coding
ENSG00000090686	USP48	 3.39e-02	9.37e-01	protein_coding
ENSG00000149485	FADS1	-2.18e-02	9.54e-01	protein_coding
ENSG00000104047	DTWD1	 2.23e-02	9.73e-01	protein_coding
ENSG00000186470	BTN3A2	-3.14e-01	3.09e-01	protein_coding
ENSG00000162604	TM2D1	 1.29e-01	7.54e-01	protein_coding
ENSG00000204231	RXRB	-1.38e-01	4.78e-01	protein_coding
ENSG00000104671	DCTN6	-9.93e-02	8.44e-01	protein_coding
ENSG00000037749	MFAP3	-1.25e-01	8.08e-01	protein_coding
ENSG00000049323	LTBP1	 3.19e-01	1.37e-01	protein_coding
ENSG00000134077	THUMPD3	 2.21e-01	5.13e-01	protein_coding
ENSG00000171889	MIR31HG	 1.29e-02	9.83e-01	lncRNA
ENSG00000105341	DMAC2	-1.85e-01	3.27e-01	protein_coding
ENSG00000162520	SYNC	-3.30e-01	4.26e-01	protein_coding
ENSG00000102038	SMARCA1	 6.32e-02	9.18e-01	protein_coding
ENSG00000168496	FEN1	-4.53e-01	1.11e-04	protein_coding
ENSG00000163539	CLASP2	-1.77e-01	5.71e-01	protein_coding
ENSG00000166888	STAT6	 1.61e-01	3.89e-01	protein_coding
ENSG00000277072	STAG3L2	-3.18e-02	9.49e-01	transcribed_unprocessed_pseudogene
ENSG00000228526	MIR34AHG	 1.01e-01	8.53e-01	lncRNA
ENSG00000165006	UBAP1	 1.87e-01	3.04e-01	protein_coding
ENSG00000234546	LNCTAM34A	 6.04e-02	9.18e-01	lncRNA
ENSG00000182841	RRP7BP	-5.27e-01	6.56e-03	transcribed_unprocessed_pseudogene
ENSG00000066136	NFYC	 5.73e-04	9.99e-01	protein_coding
ENSG00000092094	OSGEP	-4.52e-01	5.47e-03	protein_coding
ENSG00000135249	RINT1	-1.03e-01	8.54e-01	protein_coding
ENSG00000165630	PRPF18	-1.57e-01	7.64e-01	protein_coding
ENSG00000227674	LINC00355	 3.16e-02	9.61e-01	lncRNA
ENSG00000163714	U2SURP	 2.18e-01	5.30e-01	protein_coding
ENSG00000206573	THUMPD3-AS1	 3.89e-01	1.46e-01	lncRNA
ENSG00000204019	CT83	 1.82e-01	5.68e-01	protein_coding
ENSG00000196275	GTF2IRD2	 3.47e-01	3.24e-01	protein_coding
ENSG00000254485	AC026191.1	 2.10e-01	6.71e-01	lncRNA
ENSG00000125863	MKKS	 3.73e-03	9.96e-01	protein_coding
ENSG00000146574	CCZ1B	-7.44e-01	3.11e-03	protein_coding
ENSG00000285508	AL034430.1	 1.43e-01	6.76e-01	protein_coding
ENSG00000175203	DCTN2	 1.31e-01	6.20e-01	protein_coding
ENSG00000092841	MYL6	-3.30e-01	8.51e-02	protein_coding
ENSG00000118680	MYL12B	-6.91e-02	8.26e-01	protein_coding
ENSG00000138640	FAM13A	 1.46e-02	9.81e-01	protein_coding
ENSG00000136824	SMC2	-3.17e-02	9.59e-01	protein_coding
ENSG00000120910	PPP3CC	-1.70e-01	6.22e-01	protein_coding
ENSG00000198742	SMURF1	 2.83e-02	9.49e-01	protein_coding
ENSG00000196700	ZNF512B	 6.33e-01	9.39e-04	protein_coding
ENSG00000174282	ZBTB4	 7.91e-01	1.34e-04	protein_coding
ENSG00000049239	H6PD	 7.12e-01	4.78e-04	protein_coding
ENSG00000166886	NAB2	-8.52e-02	7.48e-01	protein_coding
ENSG00000140990	NDUFB10	-2.86e-02	9.37e-01	protein_coding
ENSG00000198331	HYLS1	 4.11e-02	9.50e-01	protein_coding
ENSG00000055147	FAM114A2	 1.37e-01	7.53e-01	protein_coding
ENSG00000110060	PUS3	-1.19e-01	8.16e-01	protein_coding
ENSG00000171621	SPSB1	 2.77e-01	4.48e-01	protein_coding
ENSG00000159579	RSPRY1	 1.77e-01	6.69e-01	protein_coding
ENSG00000101608	MYL12A	 4.24e-03	9.92e-01	protein_coding
ENSG00000130177	CDC16	-1.22e-02	9.79e-01	protein_coding
ENSG00000149177	PTPRJ	 7.10e-02	8.69e-01	protein_coding
ENSG00000120896	SORBS3	 5.63e-01	9.59e-04	protein_coding
ENSG00000264235	AP005329.1	 6.94e-02	9.07e-01	lncRNA
ENSG00000145569	OTULINL	-4.75e-02	9.05e-01	protein_coding
ENSG00000123384	LRP1	 2.16e-01	5.05e-01	protein_coding
ENSG00000166987	MBD6	 7.91e-01	7.58e-05	protein_coding
ENSG00000175115	PACS1	 6.62e-01	4.58e-04	protein_coding
ENSG00000153898	MCOLN2	-5.09e-01	1.61e-01	protein_coding
ENSG00000198276	UCKL1	-2.01e-01	2.68e-01	protein_coding
ENSG00000153989	NUS1	 1.78e-02	9.75e-01	protein_coding
ENSG00000107372	ZFAND5	 6.43e-01	1.52e-03	protein_coding
ENSG00000182796	TMEM198B	 5.33e-01	6.91e-02	transcribed_unitary_pseudogene
ENSG00000099995	SF3A1	 6.85e-01	8.71e-06	protein_coding
ENSG00000164574	GALNT10	-2.57e-02	9.56e-01	protein_coding
ENSG00000164978	NUDT2	-4.07e-01	1.58e-02	protein_coding
ENSG00000197943	PLCG2	 2.11e-01	5.39e-01	protein_coding
ENSG00000031698	SARS	-3.91e-01	2.05e-03	protein_coding
ENSG00000187860	CCDC157	-2.12e-01	6.00e-01	protein_coding
ENSG00000161791	FMNL3	-2.21e-03	9.97e-01	protein_coding
ENSG00000185567	AHNAK2	 8.57e-01	3.71e-04	protein_coding
ENSG00000268129	AC026304.1	 1.43e-02	9.81e-01	lncRNA
ENSG00000261236	BOP1	-5.04e-01	3.08e-04	protein_coding
ENSG00000105323	HNRNPUL1	 4.93e-01	9.22e-06	protein_coding
ENSG00000136856	SLC2A8	-1.33e-01	6.42e-01	protein_coding
ENSG00000242114	MTFP1	-4.72e-01	5.09e-03	protein_coding
ENSG00000175197	DDIT3	-4.47e-02	9.17e-01	protein_coding
ENSG00000177707	NECTIN3	-3.16e-02	9.64e-01	protein_coding
ENSG00000110844	PRPF40B	 1.05e-01	7.64e-01	protein_coding
ENSG00000130340	SNX9	-2.38e-01	4.45e-01	protein_coding
ENSG00000101040	ZMYND8	-9.39e-02	7.37e-01	protein_coding
ENSG00000135414	GDF11	 1.05e-01	7.27e-01	protein_coding
ENSG00000167508	MVD	-1.07e-01	7.28e-01	protein_coding
ENSG00000135622	SEMA4F	 2.99e-01	3.22e-01	protein_coding
ENSG00000245680	ZNF585B	-4.76e-02	9.41e-01	protein_coding
ENSG00000135392	DNAJC14	 1.19e-01	5.57e-01	protein_coding
ENSG00000247095	MIR210HG	-2.56e-01	5.32e-01	lncRNA
ENSG00000105329	AC011462.1	 6.45e-01	6.44e-02	protein_coding
ENSG00000115109	EPB41L5	 1.94e-01	6.53e-01	protein_coding
ENSG00000123810	B9D2	-2.72e-02	9.50e-01	protein_coding
ENSG00000008988	RPS20	 2.02e-01	3.36e-01	protein_coding
ENSG00000142039	CCDC97	 4.02e-01	5.69e-02	protein_coding
ENSG00000205323	SARNP	-2.58e-01	3.04e-01	protein_coding
ENSG00000100485	SOS2	 1.72e-01	7.10e-01	protein_coding
ENSG00000149346	SLX4IP	 1.93e-01	6.59e-01	protein_coding
ENSG00000151500	THYN1	-3.84e-01	7.67e-02	protein_coding
ENSG00000077348	EXOSC5	-4.31e-01	1.02e-02	protein_coding
ENSG00000102743	SLC25A15	 2.37e-03	9.97e-01	protein_coding
ENSG00000007968	E2F2	 6.34e-01	3.35e-04	protein_coding
ENSG00000105974	CAV1	 5.10e-02	9.02e-01	protein_coding
ENSG00000117318	ID3	-3.37e-03	9.93e-01	protein_coding
ENSG00000188283	ZNF383	 9.90e-02	8.65e-01	protein_coding
ENSG00000123353	ORMDL2	 1.39e-02	9.70e-01	protein_coding
ENSG00000139644	TMBIM6	 1.78e-01	3.33e-01	protein_coding
ENSG00000164654	MIOS	 1.76e-01	6.76e-01	protein_coding
ENSG00000102934	PLLP	-2.62e-01	2.24e-01	protein_coding
ENSG00000122126	OCRL	 6.13e-02	8.88e-01	protein_coding
ENSG00000100003	SEC14L2	-9.72e-02	8.60e-01	protein_coding
ENSG00000196967	ZNF585A	 1.93e-01	6.93e-01	protein_coding
ENSG00000165732	DDX21	-5.92e-02	8.98e-01	protein_coding
ENSG00000144224	UBXN4	 8.28e-02	8.50e-01	protein_coding
ENSG00000215301	DDX3X	-2.90e-01	1.95e-01	protein_coding
ENSG00000102931	ARL2BP	 2.26e-01	3.31e-01	protein_coding
ENSG00000260630	SNAI3-AS1	-1.37e-01	7.30e-01	lncRNA
ENSG00000108848	LUC7L3	-1.84e-01	6.04e-01	protein_coding
ENSG00000102900	NUP93	 3.96e-01	1.27e-02	protein_coding
ENSG00000137962	ARHGAP29	 6.48e-02	9.14e-01	protein_coding
ENSG00000165912	PACSIN3	-6.99e-01	1.11e-09	protein_coding
ENSG00000164989	CCDC171	-7.17e-01	3.31e-02	protein_coding
ENSG00000204406	MBD5	 9.75e-03	9.88e-01	protein_coding
ENSG00000257433	AC004241.1	-4.85e-02	9.40e-01	lncRNA
ENSG00000164976	MYORG	 6.28e-01	9.70e-03	protein_coding
ENSG00000248098	BCKDHA	-4.43e-02	8.78e-01	protein_coding
ENSG00000104852	SNRNP70	-3.12e-01	1.02e-02	protein_coding
ENSG00000099999	RNF215	-4.09e-01	1.79e-02	protein_coding
ENSG00000254109	RBPMS-AS1	 2.10e-01	6.23e-01	lncRNA
ENSG00000162702	ZNF281	-5.31e-02	9.24e-01	protein_coding
ENSG00000272145	NFYC-AS1	 8.72e-02	8.49e-01	lncRNA
ENSG00000125434	SLC25A35	 4.30e-01	6.91e-02	protein_coding
ENSG00000211584	SLC48A1	 1.84e-01	5.25e-01	protein_coding
ENSG00000156802	ATAD2	 3.46e-01	1.23e-01	protein_coding
ENSG00000226479	TMEM185B	 4.71e-01	1.50e-02	protein_coding
ENSG00000118193	KIF14	 1.99e-01	6.34e-01	protein_coding
ENSG00000108961	RANGRF	-5.53e-02	8.75e-01	protein_coding
ENSG00000114554	PLXNA1	 2.37e-01	3.38e-01	protein_coding
ENSG00000066933	MYO9A	-3.12e-01	3.40e-01	protein_coding
ENSG00000164611	PTTG1	-8.59e-02	7.55e-01	protein_coding
ENSG00000128311	TST	-4.89e-01	1.28e-03	protein_coding
ENSG00000255234	AP000446.1	 2.78e-01	3.30e-01	lncRNA
ENSG00000171612	SLC25A33	-6.05e-02	8.44e-01	protein_coding
ENSG00000142798	HSPG2	 1.63e-01	6.18e-01	protein_coding
ENSG00000132849	PATJ	-2.74e-01	3.96e-01	protein_coding
ENSG00000175221	MED16	 2.30e-01	4.89e-01	protein_coding
ENSG00000204959	ARHGEF34P	 1.07e-01	8.06e-01	unprocessed_pseudogene
ENSG00000118197	DDX59	-2.37e-02	9.62e-01	protein_coding
ENSG00000112769	LAMA4	-8.21e-02	8.49e-01	protein_coding
ENSG00000128309	MPST	-5.35e-01	7.50e-04	protein_coding
ENSG00000259256	LINC01895	 9.27e-02	8.75e-01	lncRNA
ENSG00000050327	ARHGEF5	 3.66e-01	1.97e-01	protein_coding
ENSG00000049769	PPP1R3F	-9.42e-01	3.14e-08	protein_coding
ENSG00000105976	MET	-1.83e-01	3.49e-01	protein_coding
ENSG00000179431	FJX1	 2.31e-01	4.02e-01	protein_coding
ENSG00000107951	MTPAP	-2.89e-01	2.52e-01	protein_coding
ENSG00000166326	TRIM44	 2.49e-01	5.95e-01	protein_coding
ENSG00000130402	ACTN4	 3.80e-01	4.41e-03	protein_coding
ENSG00000129351	ILF3	 2.04e-01	1.88e-01	protein_coding
ENSG00000157110	RBPMS	 8.31e-01	3.77e-08	protein_coding
ENSG00000125089	SH3TC1	-2.64e-01	2.04e-01	protein_coding
ENSG00000179241	LDLRAD3	 5.05e-01	4.71e-02	protein_coding
ENSG00000158292	GPR153	 5.66e-01	2.48e-03	protein_coding
ENSG00000234127	TRIM26	-1.71e-02	9.59e-01	protein_coding
ENSG00000077097	TOP2B	 2.66e-01	5.17e-01	protein_coding
ENSG00000186280	KDM4D	 4.00e-01	2.92e-01	protein_coding
ENSG00000151498	ACAD8	 5.35e-02	8.92e-01	protein_coding
ENSG00000148019	CEP78	-2.68e-01	3.68e-01	protein_coding
ENSG00000115947	ORC4	 9.99e-02	8.34e-01	protein_coding
ENSG00000185112	FAM43A	 2.17e-01	3.07e-01	protein_coding
ENSG00000079462	PAFAH1B3	-2.74e-01	1.58e-01	protein_coding
ENSG00000213189	BTF3L4P2	-2.49e-01	5.84e-01	processed_pseudogene
ENSG00000151491	EPS8	-1.47e-01	7.82e-01	protein_coding
ENSG00000140553	UNC45A	-3.62e-01	2.03e-02	protein_coding
ENSG00000157150	TIMP4	-4.99e-03	9.94e-01	protein_coding
ENSG00000104147	OIP5	-1.83e-01	4.19e-01	protein_coding
ENSG00000121989	ACVR2A	-1.34e-01	7.96e-01	protein_coding
ENSG00000154734	ADAMTS1	 3.20e-01	2.41e-01	protein_coding
ENSG00000205571	SMN2	-2.39e-01	5.19e-01	protein_coding
ENSG00000117362	APH1A	-1.18e-01	5.23e-01	protein_coding
ENSG00000196504	PRPF40A	 6.38e-02	8.70e-01	protein_coding
ENSG00000137500	CCDC90B	-1.54e-01	6.45e-01	protein_coding
ENSG00000115183	TANC1	 4.58e-02	8.96e-01	protein_coding
ENSG00000049759	NEDD4L	 3.87e-02	9.40e-01	protein_coding
ENSG00000247556	OIP5-AS1	 2.46e-02	9.52e-01	lncRNA
ENSG00000165948	IFI27L1	-2.07e-01	2.42e-01	protein_coding
ENSG00000144451	SPAG16	-1.44e-01	7.54e-01	protein_coding
ENSG00000237686	AL109615.3	 1.74e-01	7.09e-01	lncRNA
ENSG00000147400	CETN2	 5.80e-02	8.99e-01	protein_coding
ENSG00000177917	ARL6IP6	 2.94e-01	3.02e-01	protein_coding
ENSG00000181577	C6orf223	 1.54e-01	4.56e-01	lncRNA
ENSG00000030110	BAK1	-3.60e-01	2.89e-02	protein_coding
ENSG00000137804	NUSAP1	-9.38e-02	7.88e-01	protein_coding
ENSG00000079337	RAPGEF3	-7.16e-01	3.13e-02	protein_coding
ENSG00000136144	RCBTB1	-2.77e-01	4.80e-01	protein_coding
ENSG00000114853	ZBTB47	 2.44e-01	3.87e-01	protein_coding
ENSG00000143578	CREB3L4	-3.64e-01	1.28e-02	protein_coding
ENSG00000076003	MCM6	-3.81e-01	6.51e-02	protein_coding
ENSG00000131375	CAPN7	-1.41e-01	6.63e-01	protein_coding
ENSG00000196470	SIAH1	 2.64e-01	4.65e-01	protein_coding
ENSG00000154736	ADAMTS5	 1.23e-02	9.86e-01	protein_coding
ENSG00000076826	CAMSAP3	 4.77e-01	9.34e-02	protein_coding
ENSG00000117528	ABCD3	-1.61e-02	9.70e-01	protein_coding
ENSG00000079432	CIC	 4.89e-01	8.90e-02	protein_coding
ENSG00000042493	CAPG	-7.69e-01	1.36e-07	protein_coding
ENSG00000147383	NSDHL	-4.34e-01	4.08e-03	protein_coding
ENSG00000158717	RNF166	-1.71e-01	5.05e-01	protein_coding
ENSG00000144118	RALB	 9.93e-02	8.06e-01	protein_coding
ENSG00000187257	RSBN1L	 6.54e-01	4.44e-02	protein_coding
ENSG00000114857	NKTR	 4.06e-01	1.03e-01	protein_coding
ENSG00000188368	PRR19	 2.71e-03	9.96e-01	protein_coding
ENSG00000280351	AC127496.7	 4.01e-01	2.52e-01	TEC
ENSG00000166848	TERF2IP	-2.61e-01	1.49e-01	protein_coding
ENSG00000089234	BRAP	 1.96e-01	5.02e-01	protein_coding
ENSG00000142449	FBN3	 1.35e-01	7.13e-01	protein_coding
ENSG00000101997	CCDC22	-1.54e-01	4.52e-01	protein_coding
ENSG00000176108	CHMP6	-5.44e-01	1.80e-02	protein_coding
ENSG00000188807	TMEM201	 7.68e-01	2.92e-06	protein_coding
ENSG00000139112	GABARAPL1	-1.95e-01	2.36e-01	protein_coding
ENSG00000177340	AC024940.1	 1.10e-01	8.46e-01	lncRNA
ENSG00000105825	TFPI2	-2.34e-02	9.52e-01	protein_coding
ENSG00000155868	MED7	-4.76e-02	9.38e-01	protein_coding
ENSG00000165698	SPACA9	 3.06e-01	1.33e-01	protein_coding
ENSG00000139146	SINHCAF	 1.06e-01	7.19e-01	protein_coding
ENSG00000120690	ELF1	 2.10e-01	5.62e-01	protein_coding
ENSG00000154124	OTULIN	-4.95e-01	3.55e-03	protein_coding
ENSG00000114021	NIT2	-3.23e-01	1.34e-01	protein_coding
ENSG00000143363	PRUNE1	 2.90e-01	2.11e-01	protein_coding
ENSG00000198223	CSF2RA	 3.62e-01	2.90e-01	protein_coding
ENSG00000234779	BNC2-AS1	-5.56e-02	9.28e-01	lncRNA
ENSG00000168016	TRANK1	-1.86e-01	7.12e-01	protein_coding
ENSG00000008324	SS18L2	 1.23e-01	7.76e-01	protein_coding
ENSG00000147883	CDKN2B	-2.94e-01	4.08e-01	protein_coding
ENSG00000166965	RCCD1	-1.18e-01	6.27e-01	protein_coding
ENSG00000180992	MRPL14	-3.67e-01	7.03e-03	protein_coding
ENSG00000206535	LNP1	 5.23e-02	9.16e-01	protein_coding
ENSG00000119707	RBM25	 5.01e-02	9.06e-01	protein_coding
ENSG00000145431	PDGFC	 2.17e-02	9.74e-01	protein_coding
ENSG00000070047	PHRF1	 4.05e-01	3.78e-02	protein_coding
ENSG00000065427	KARS	-2.31e-01	1.57e-01	protein_coding
ENSG00000165494	PCF11	 2.74e-01	2.24e-01	protein_coding
ENSG00000147889	CDKN2A	-3.21e-01	6.22e-02	protein_coding
ENSG00000154174	TOMM70	-7.14e-02	8.69e-01	protein_coding
ENSG00000144802	NFKBIZ	-1.00e-01	7.15e-01	protein_coding
ENSG00000117525	F3	 2.85e-01	4.88e-01	protein_coding
ENSG00000163013	FBXO41	-1.28e-01	7.89e-01	protein_coding
ENSG00000135503	ACVR1B	 4.46e-01	4.10e-02	protein_coding
ENSG00000184508	HDDC3	-3.50e-01	2.40e-02	protein_coding
ENSG00000118200	CAMSAP2	 1.61e-02	9.78e-01	protein_coding
ENSG00000173068	BNC2	 3.35e-01	2.15e-01	protein_coding
ENSG00000137449	CPEB2	 1.66e-01	7.46e-01	protein_coding
ENSG00000137216	TMEM63B	 2.44e-01	3.57e-01	protein_coding
ENSG00000147130	ZMYM3	-7.96e-02	7.45e-01	protein_coding
ENSG00000138101	DTNB	 4.22e-01	1.42e-01	protein_coding
ENSG00000263465	SRSF8	 1.92e-01	3.88e-01	protein_coding
ENSG00000163362	INAVA	 3.48e-01	3.97e-01	protein_coding
ENSG00000149218	ENDOD1	-1.17e-01	8.27e-01	protein_coding
ENSG00000169679	BUB1	-1.37e-01	6.82e-01	protein_coding
ENSG00000138326	RPS24	 1.22e-01	7.63e-01	protein_coding
ENSG00000055732	MCOLN3	-5.11e-02	9.27e-01	protein_coding
ENSG00000143543	JTB	-2.00e-01	2.77e-01	protein_coding
ENSG00000137494	ANKRD42	-3.08e-01	3.66e-01	protein_coding
ENSG00000116016	EPAS1	 2.29e-01	2.21e-01	protein_coding
ENSG00000067840	PDZD4	 4.90e-01	1.53e-01	protein_coding
ENSG00000226380	AC016831.1	 3.70e-01	1.36e-01	lncRNA
ENSG00000093183	SEC22C	-7.85e-03	9.81e-01	protein_coding
ENSG00000088682	COQ9	-5.13e-01	4.81e-05	protein_coding
ENSG00000236753	MKLN1-AS	 1.64e-01	7.41e-01	lncRNA
ENSG00000205763	RP9P	-1.16e-01	8.34e-01	transcribed_unprocessed_pseudogene
ENSG00000121310	ECHDC2	 1.79e-02	9.77e-01	protein_coding
ENSG00000144815	NXPE3	-1.18e+00	6.24e-05	protein_coding
ENSG00000068438	FTSJ1	-2.81e-02	9.17e-01	protein_coding
ENSG00000102910	LONP2	-1.70e-01	4.34e-01	protein_coding
ENSG00000247137	AP000873.2	 5.40e-02	9.11e-01	lncRNA
ENSG00000129292	PHF20L1	-3.94e-01	1.71e-01	protein_coding
ENSG00000086666	ZFAND6	 2.90e-01	2.29e-01	protein_coding
ENSG00000059573	ALDH18A1	-1.28e-02	9.68e-01	protein_coding
ENSG00000115548	KDM3A	 3.91e-01	1.89e-01	protein_coding
ENSG00000226328	NUP50-DT	-8.10e-02	8.59e-01	lncRNA
ENSG00000173950	XXYLT1	 6.09e-02	8.38e-01	protein_coding
ENSG00000009413	REV3L	 1.57e-01	7.50e-01	protein_coding
ENSG00000128585	MKLN1	 2.79e-01	2.27e-01	protein_coding
ENSG00000103335	PIEZO1	 3.70e-01	6.02e-02	protein_coding
ENSG00000099810	MTAP	 7.74e-02	8.54e-01	protein_coding
ENSG00000143570	SLC39A1	-2.77e-01	1.09e-01	protein_coding
ENSG00000111275	ALDH2	-2.61e-01	4.91e-01	protein_coding
ENSG00000156831	NSMCE2	-2.97e-01	1.86e-01	protein_coding
ENSG00000111271	ACAD10	 5.09e-02	9.10e-01	protein_coding
ENSG00000003096	KLHL13	-3.33e-01	2.84e-01	protein_coding
ENSG00000015171	ZMYND11	-3.83e-01	2.62e-01	protein_coding
ENSG00000163898	LIPH	 3.15e-01	4.72e-01	protein_coding
ENSG00000132334	PTPRE	-4.32e-01	2.70e-01	protein_coding
ENSG00000240498	CDKN2B-AS1	 9.19e-02	8.42e-01	lncRNA
ENSG00000100523	DDHD1	-1.32e-01	8.09e-01	protein_coding
ENSG00000231721	LINC-PINT	-1.02e-01	8.19e-01	lncRNA
ENSG00000149212	SESN3	-6.21e-01	1.04e-02	protein_coding
ENSG00000163171	CDC42EP3	 2.46e-01	5.75e-01	protein_coding
ENSG00000164961	WASHC5	-2.45e-01	5.26e-01	protein_coding
ENSG00000104728	ARHGEF10	-4.03e-01	4.37e-02	protein_coding
ENSG00000159399	HK2	 1.65e-01	5.93e-01	protein_coding
ENSG00000049883	PTCD2	-2.58e-01	5.61e-01	protein_coding
ENSG00000143545	RAB13	-7.15e-02	7.80e-01	protein_coding
ENSG00000103507	BCKDK	 3.33e-01	6.89e-02	protein_coding
ENSG00000272711	AC019069.1	 5.69e-02	9.17e-01	lncRNA
ENSG00000147471	PLPBP	-1.56e-01	5.85e-01	protein_coding
ENSG00000263934	SNORD3A	 1.31e+00	2.92e-11	snoRNA
ENSG00000282386	AL358472.4	-1.79e-01	6.92e-01	lncRNA
ENSG00000182372	CLN8	-2.66e-01	4.24e-01	protein_coding
ENSG00000197302	ZNF720	 1.71e-01	7.12e-01	protein_coding
ENSG00000100417	PMM1	-2.56e-01	2.62e-01	protein_coding
ENSG00000170791	CHCHD7	 2.81e-01	3.24e-01	protein_coding
ENSG00000068323	TFE3	 1.97e-01	2.34e-01	protein_coding
ENSG00000146776	ATXN7L1	 2.02e-01	6.84e-01	protein_coding
ENSG00000182158	CREB3L2	-2.16e-01	3.00e-01	protein_coding
ENSG00000164970	FAM219A	 7.92e-01	5.97e-03	protein_coding
ENSG00000164010	ERMAP	 4.44e-02	9.36e-01	protein_coding
ENSG00000253982	AC100810.1	 2.71e-02	9.44e-01	lncRNA
ENSG00000125170	DOK4	-4.17e-01	8.22e-02	protein_coding
ENSG00000061273	HDAC7	 6.96e-01	9.44e-05	protein_coding
ENSG00000226137	BAIAP2-DT	 7.08e-02	8.95e-01	lncRNA
ENSG00000140025	EFCAB11	-9.17e-02	8.53e-01	protein_coding
ENSG00000228192	AL512353.1	 1.61e-01	7.56e-01	lncRNA
ENSG00000107669	ATE1	-1.55e-01	5.68e-01	protein_coding
ENSG00000102897	LYRM1	 6.99e-02	8.58e-01	protein_coding
ENSG00000135211	TMEM60	 1.72e-01	7.07e-01	protein_coding
ENSG00000181090	EHMT1	-2.01e-01	3.64e-01	protein_coding
ENSG00000264940	SNORD3C	 8.68e-02	8.75e-01	snoRNA
ENSG00000138073	PREB	-4.22e-01	1.25e-03	protein_coding
ENSG00000174177	CTU2	-6.94e-01	2.78e-05	protein_coding
ENSG00000135018	UBQLN1	-1.05e-02	9.76e-01	protein_coding
ENSG00000196151	WDSUB1	-2.30e-02	9.72e-01	protein_coding
ENSG00000177868	SVBP	-1.49e-01	7.13e-01	protein_coding
ENSG00000053254	FOXN3	 1.00e-01	7.84e-01	protein_coding
ENSG00000137309	HMGA1	 3.76e-01	5.02e-03	protein_coding
ENSG00000164008	C1orf50	 2.55e-01	3.92e-01	protein_coding
ENSG00000130590	SAMD10	 1.45e-01	7.57e-01	protein_coding
ENSG00000165304	MELK	 2.95e-01	2.24e-01	protein_coding
ENSG00000092621	PHGDH	-4.31e-01	4.69e-04	protein_coding
ENSG00000181894	ZNF329	-4.52e-02	9.46e-01	protein_coding
ENSG00000143443	C1orf56	 1.98e-01	4.82e-01	protein_coding
ENSG00000065029	ZNF76	-2.51e-01	2.05e-01	protein_coding
ENSG00000177225	GATD1	 1.29e-01	6.72e-01	protein_coding
ENSG00000111860	CEP85L	 1.93e-01	6.84e-01	protein_coding
ENSG00000197622	CDC42SE1	 1.24e-01	6.50e-01	protein_coding
ENSG00000274070	CASTOR2	 5.41e-01	1.64e-02	protein_coding
ENSG00000113569	NUP155	 2.24e-02	9.53e-01	protein_coding
ENSG00000122642	FKBP9	 5.11e-01	1.71e-02	protein_coding
ENSG00000203993	ARRDC1-AS1	-2.63e-01	1.31e-01	lncRNA
ENSG00000258920	FOXN3-AS1	-3.47e-01	8.19e-02	lncRNA
ENSG00000066654	THUMPD1	-6.74e-02	9.08e-01	protein_coding
ENSG00000172053	QARS	-1.84e-01	2.39e-01	protein_coding
ENSG00000147144	CCDC120	 6.06e-01	2.71e-02	protein_coding
ENSG00000174917	MICOS13	-3.06e-01	8.15e-02	protein_coding
ENSG00000188215	DCUN1D3	 3.68e-01	2.95e-01	protein_coding
ENSG00000135698	MPHOSPH6	-2.77e-01	4.72e-01	protein_coding
ENSG00000113048	MRPS27	-1.43e-01	4.68e-01	protein_coding
ENSG00000089639	GMIP	 4.91e-01	6.30e-02	protein_coding
ENSG00000197070	ARRDC1	-2.67e-01	1.87e-01	protein_coding
ENSG00000137699	TRIM29	 9.22e-02	7.38e-01	protein_coding
ENSG00000110013	SIAE	 3.72e-01	2.71e-01	protein_coding
ENSG00000198898	CAPZA2	-2.57e-01	3.39e-01	protein_coding
ENSG00000123636	BAZ2B	 9.13e-02	8.78e-01	protein_coding
ENSG00000166741	NNMT	-3.53e-01	5.43e-03	protein_coding
ENSG00000104863	LIN7B	-4.58e-01	1.41e-01	protein_coding
ENSG00000171606	ZNF274	 2.27e-01	5.17e-01	protein_coding
ENSG00000107672	NSMCE4A	-3.21e-01	9.98e-02	protein_coding
ENSG00000181222	POLR2A	 2.39e-01	3.63e-01	protein_coding
ENSG00000204291	COL15A1	-9.96e-02	8.65e-01	protein_coding
ENSG00000064199	SPA17	-8.22e-02	8.77e-01	protein_coding
ENSG00000120688	WBP4	 1.56e-01	7.66e-01	protein_coding
ENSG00000083720	OXCT1	-2.60e-01	1.58e-01	protein_coding
ENSG00000120093	HOXB3	-5.24e-02	9.33e-01	protein_coding
ENSG00000165572	KBTBD6	 4.97e-02	9.17e-01	protein_coding
ENSG00000130255	RPL36	 1.26e-01	5.73e-01	protein_coding
ENSG00000141580	WDR45B	 2.19e-01	1.87e-01	protein_coding
ENSG00000169258	GPRIN1	 3.26e-01	1.20e-01	protein_coding
ENSG00000119632	IFI27L2	-1.79e-01	4.78e-01	protein_coding
ENSG00000196511	TPK1	-2.99e-02	9.54e-01	protein_coding
ENSG00000056972	TRAF3IP2	 4.10e-01	9.56e-02	protein_coding
ENSG00000143458	GABPB2	-7.80e-02	8.51e-01	protein_coding
ENSG00000105854	PON2	 5.85e-02	8.96e-01	protein_coding
ENSG00000154144	TBRG1	 3.54e-01	2.89e-01	protein_coding
ENSG00000108511	HOXB6	 2.54e-01	5.79e-01	protein_coding
ENSG00000132207	SLX1A	-1.13e-01	8.27e-01	protein_coding
ENSG00000170522	ELOVL6	 2.00e-01	5.44e-01	protein_coding
ENSG00000005194	CIAPIN1	-4.09e-01	8.62e-03	protein_coding
ENSG00000076924	XAB2	-1.43e-01	5.79e-01	protein_coding
ENSG00000147394	ZNF185	 7.48e-02	9.01e-01	protein_coding
ENSG00000197956	S100A6	 2.23e-01	1.93e-01	protein_coding
ENSG00000179776	CDH5	 1.87e-01	6.12e-01	protein_coding
ENSG00000170955	CAVIN3	-4.98e-01	4.26e-05	protein_coding
ENSG00000231889	TRAF3IP2-AS1	-7.56e-02	9.01e-01	lncRNA
ENSG00000155366	RHOC	-3.91e-01	2.40e-03	protein_coding
ENSG00000180354	MTURN	-2.02e-01	5.65e-01	protein_coding
ENSG00000154553	PDLIM3	-2.62e-01	4.75e-01	protein_coding
ENSG00000141568	FOXK2	 9.37e-02	7.23e-01	protein_coding
ENSG00000106714	CNTNAP3	-1.08e-01	8.07e-01	protein_coding
ENSG00000005189	REXO5	-1.19e-01	6.90e-01	protein_coding
ENSG00000204599	TRIM39	-1.47e-01	6.81e-01	protein_coding
ENSG00000167733	HSD11B1L	-2.20e-01	4.94e-01	protein_coding
ENSG00000164219	PGGT1B	-4.59e-01	1.44e-01	protein_coding
ENSG00000180233	ZNRF2	-2.32e-01	4.38e-01	protein_coding
ENSG00000231890	DARS-AS1	 2.41e-01	5.58e-01	lncRNA
ENSG00000213599	SLX1A-SULT1A3	 2.60e-01	3.20e-01	lncRNA
ENSG00000102978	POLR2C	-2.22e-01	1.48e-01	protein_coding
ENSG00000148308	GTF3C5	-2.06e-01	2.37e-01	protein_coding
ENSG00000071189	SNX13	 3.08e-01	3.20e-01	protein_coding
ENSG00000198618	PPIAP22	-4.08e-03	9.96e-01	processed_pseudogene
ENSG00000261052	SULT1A3	 2.60e-01	5.74e-01	protein_coding
ENSG00000166165	CKB	-1.13e-01	5.43e-01	protein_coding
ENSG00000168476	REEP4	 2.60e-01	2.77e-01	protein_coding
ENSG00000124120	TTPAL	 5.23e-01	3.25e-02	protein_coding
ENSG00000087077	TRIP6	-4.25e-01	1.11e-03	protein_coding
ENSG00000110442	COMMD9	-2.39e-01	1.50e-01	protein_coding
ENSG00000177697	CD151	-2.71e-01	4.81e-02	protein_coding
ENSG00000188706	ZDHHC9	 5.24e-01	2.70e-02	protein_coding
ENSG00000073969	NSF	-4.71e-01	1.12e-01	protein_coding
ENSG00000125912	NCLN	 1.25e-01	5.70e-01	protein_coding
ENSG00000138834	MAPK8IP3	 3.00e-01	2.88e-01	protein_coding
ENSG00000177519	RPRM	 1.64e-01	7.39e-01	protein_coding
ENSG00000110107	PRPF19	 1.35e-01	3.91e-01	protein_coding
ENSG00000148429	USP6NL	 4.54e-01	1.09e-01	protein_coding
ENSG00000173145	NOC3L	 3.56e-01	3.66e-01	protein_coding
ENSG00000162613	FUBP1	-1.63e-01	4.84e-01	protein_coding
ENSG00000169627	BOLA2B	 4.92e-02	8.58e-01	protein_coding
ENSG00000166311	SMPD1	 4.49e-01	1.45e-02	protein_coding
ENSG00000116127	ALMS1	-9.22e-02	8.66e-01	protein_coding
ENSG00000188015	S100A3	-3.76e-01	2.83e-01	protein_coding
ENSG00000115866	DARS	-1.90e-01	4.35e-01	protein_coding
ENSG00000197712	FAM114A1	-2.03e-01	5.05e-01	protein_coding
ENSG00000051341	POLQ	-1.33e-01	7.54e-01	protein_coding
ENSG00000124508	BTN2A2	 6.57e-02	8.89e-01	protein_coding
ENSG00000177700	POLR2L	 3.03e-01	6.66e-02	protein_coding
ENSG00000204228	HSD17B8	-3.76e-01	6.13e-02	protein_coding
ENSG00000231074	HCG18	 7.93e-02	8.08e-01	lncRNA
ENSG00000196154	S100A4	 2.12e-01	3.02e-01	protein_coding
ENSG00000125247	TMTC4	-1.05e-01	7.59e-01	protein_coding
ENSG00000103024	NME3	-3.64e-01	7.25e-02	protein_coding
ENSG00000134574	DDB2	-3.96e-01	1.37e-03	protein_coding
ENSG00000074047	GLI2	 4.20e-01	2.89e-01	protein_coding
ENSG00000111731	C2CD5	 6.65e-02	8.97e-01	protein_coding
ENSG00000196678	ERI2	 4.79e-02	9.36e-01	protein_coding
ENSG00000101161	PRPF6	-1.52e-01	3.51e-01	protein_coding
ENSG00000120696	KBTBD7	-2.62e-01	5.33e-01	protein_coding
ENSG00000167642	SPINT2	-4.68e-01	9.91e-02	protein_coding
ENSG00000188846	RPL14	-3.81e-02	8.92e-01	protein_coding
ENSG00000100379	KCTD17	-3.64e-01	4.54e-02	protein_coding
ENSG00000072864	NDE1	 2.21e-01	2.85e-01	protein_coding
ENSG00000254701	AC138866.2	 1.21e-01	7.82e-01	unprocessed_pseudogene
ENSG00000253816	AC138866.1	 1.20e-01	7.75e-01	unprocessed_pseudogene
ENSG00000102977	ACD	 1.13e-01	6.08e-01	protein_coding
ENSG00000138376	BARD1	-2.18e-02	9.61e-01	protein_coding
ENSG00000152409	JMY	-1.24e-01	7.65e-01	protein_coding
ENSG00000089486	CDIP1	 3.73e-01	7.26e-02	protein_coding
ENSG00000280206	AC026401.3	 3.92e-01	2.82e-01	lncRNA
ENSG00000093000	NUP50	-1.50e-01	6.85e-01	protein_coding
ENSG00000120662	MTRF1	 4.07e-02	9.44e-01	protein_coding
ENSG00000204227	RING1	-3.70e-01	2.63e-02	protein_coding
ENSG00000160179	ABCG1	 8.33e-02	7.96e-01	protein_coding
ENSG00000140104	CLBA1	 2.22e-02	9.67e-01	protein_coding
ENSG00000172500	FIBP	-1.59e-01	4.79e-01	protein_coding
ENSG00000181458	TMEM45A	 1.04e-01	7.65e-01	protein_coding
ENSG00000260285	AL133367.1	 1.51e-01	7.54e-01	lncRNA
ENSG00000136141	LRCH1	-3.10e-01	2.52e-01	protein_coding
ENSG00000166166	TRMT61A	-3.60e-01	3.97e-02	protein_coding
ENSG00000023839	ABCC2	-1.30e-01	8.14e-01	protein_coding
ENSG00000167644	C19orf33	 8.89e-02	7.79e-01	protein_coding
ENSG00000068078	FGFR3	-7.77e-01	8.26e-03	protein_coding
ENSG00000229833	PET100	 3.58e-01	1.13e-01	protein_coding
ENSG00000169062	UPF3A	-4.48e-01	3.57e-02	protein_coding
ENSG00000170779	CDCA4	 7.74e-03	9.81e-01	protein_coding
ENSG00000185947	ZNF267	-6.63e-03	9.93e-01	protein_coding
ENSG00000170473	PYM1	-3.72e-01	3.04e-03	protein_coding
ENSG00000241370	RPP21	 4.07e-02	9.01e-01	protein_coding
ENSG00000160410	SHKBP1	 1.64e-01	4.05e-01	protein_coding
ENSG00000143126	CELSR2	 5.41e-01	2.59e-02	protein_coding
ENSG00000268516	AC020915.3	-5.15e-02	9.33e-01	lncRNA
ENSG00000283103	AC010642.2	 3.03e-01	3.57e-01	lncRNA
ENSG00000135362	PRR5L	-7.83e-03	9.89e-01	protein_coding
ENSG00000159753	CARMIL2	 3.61e-02	9.57e-01	protein_coding
ENSG00000143036	SLC44A3	 4.04e-02	9.49e-01	protein_coding
ENSG00000278129	ZNF8	 5.61e-01	7.35e-02	protein_coding
ENSG00000076944	STXBP2	 1.10e-02	9.76e-01	protein_coding
ENSG00000006118	TMEM132A	 3.66e-01	1.07e-02	protein_coding
ENSG00000103479	RBL2	 1.91e-01	5.35e-01	protein_coding
ENSG00000121900	TMEM54	-1.97e-01	3.01e-01	protein_coding
ENSG00000136536	MARCH7	 2.32e-01	5.46e-01	protein_coding
ENSG00000156697	UTP14A	-4.29e-01	8.96e-02	protein_coding
ENSG00000083290	ULK2	-1.36e-01	7.27e-01	protein_coding
ENSG00000099904	ZDHHC8	 5.08e-01	2.95e-03	protein_coding
ENSG00000151657	KIN	 1.50e-01	7.79e-01	protein_coding
ENSG00000123358	NR4A1	 4.55e-01	2.65e-02	protein_coding
ENSG00000198954	KIF1BP	-3.98e-01	9.61e-02	protein_coding
ENSG00000196365	LONP1	-1.67e-01	4.50e-01	protein_coding
ENSG00000152413	HOMER1	-2.53e-01	5.11e-01	protein_coding
ENSG00000198131	ZNF544	-1.77e-01	5.74e-01	protein_coding
ENSG00000166548	TK2	 4.88e-02	8.86e-01	protein_coding
ENSG00000274523	RCC1L	-3.16e-01	4.97e-02	protein_coding
ENSG00000154122	ANKH	 5.38e-02	8.26e-01	protein_coding
ENSG00000109501	WFS1	 4.10e-01	8.84e-02	protein_coding
ENSG00000151883	PARP8	-2.32e-01	5.23e-01	protein_coding
ENSG00000165113	GKAP1	-3.03e-01	4.60e-01	protein_coding
ENSG00000110108	TMEM109	 4.46e-01	2.32e-03	protein_coding
ENSG00000065357	DGKA	 2.31e-02	9.69e-01	protein_coding
ENSG00000153094	BCL2L11	 7.22e-02	8.36e-01	protein_coding
ENSG00000106399	RPA3	 3.03e-01	8.99e-02	protein_coding
ENSG00000250317	SMIM20	 9.61e-02	7.84e-01	protein_coding
ENSG00000044115	CTNNA1	 5.35e-02	8.52e-01	protein_coding
ENSG00000281856	AC106017.2	-3.13e-01	3.73e-01	lncRNA
ENSG00000267216	AC020915.1	-5.08e-01	8.64e-02	lncRNA
ENSG00000140284	SLC27A2	 2.02e-01	6.11e-01	protein_coding
ENSG00000072134	EPN2	 3.81e-02	9.29e-01	protein_coding
ENSG00000108379	WNT3	-1.77e-02	9.77e-01	protein_coding
ENSG00000256053	APOPT1	-2.80e-01	2.13e-01	protein_coding
ENSG00000142396	ERVK3-1	 4.09e-03	9.91e-01	protein_coding
ENSG00000178567	EPM2AIP1	-4.48e-01	1.24e-01	protein_coding
ENSG00000106415	GLCCI1	-5.33e-02	8.95e-01	protein_coding
ENSG00000219545	UMAD1	 1.59e-01	7.30e-01	protein_coding
ENSG00000166170	BAG5	-7.05e-02	8.91e-01	protein_coding
ENSG00000170456	DENND5B	-3.78e-02	9.23e-01	protein_coding
ENSG00000129535	NRL	-5.48e-01	1.16e-01	protein_coding
ENSG00000177954	RPS27	 7.75e-01	9.79e-06	protein_coding
ENSG00000126067	PSMB2	 8.45e-02	6.82e-01	protein_coding
ENSG00000130826	DKC1	-3.35e-02	9.23e-01	protein_coding
ENSG00000091490	SEL1L3	-6.88e-02	8.98e-01	protein_coding
ENSG00000084234	APLP2	 7.00e-03	9.87e-01	protein_coding
ENSG00000166971	AKTIP	 5.04e-02	9.26e-01	protein_coding
ENSG00000153246	PLA2R1	-3.63e-01	3.01e-01	protein_coding
ENSG00000167645	YIF1B	-2.95e-01	1.48e-01	protein_coding
ENSG00000156795	WDYHV1	 1.78e-01	5.82e-01	protein_coding
ENSG00000174428	GTF2IRD2B	-4.14e-02	9.19e-01	protein_coding
ENSG00000087299	L2HGDH	-3.89e-01	1.44e-01	protein_coding
ENSG00000100897	DCAF11	-3.56e-01	7.64e-03	protein_coding
ENSG00000120129	DUSP1	 3.12e-02	8.91e-01	protein_coding
ENSG00000196754	S100A2	-1.19e-01	7.44e-01	protein_coding
ENSG00000143429	LSP1P4	 1.79e-01	6.89e-01	transcribed_unprocessed_pseudogene
ENSG00000126215	XRCC3	-1.01e-01	7.91e-01	protein_coding
ENSG00000188643	S100A16	-1.66e-01	3.42e-01	protein_coding
ENSG00000127920	GNG11	-2.12e-01	1.97e-01	protein_coding
ENSG00000204839	MROH6	-1.48e-01	7.87e-01	protein_coding
ENSG00000152689	RASGRP3	 3.37e-01	3.49e-01	protein_coding
ENSG00000166664	CHRFAM7A	 4.98e-01	1.47e-01	protein_coding
ENSG00000047230	CTPS2	-2.35e-01	2.83e-01	protein_coding
ENSG00000164576	SAP30L	-4.57e-01	1.83e-02	protein_coding
ENSG00000100227	POLDIP3	 1.48e-01	4.66e-01	protein_coding
ENSG00000271746	AL031848.2	 2.50e-01	5.85e-01	lncRNA
ENSG00000035862	TIMP2	 8.76e-01	4.12e-13	protein_coding
ENSG00000153093	ACOXL	 8.21e-02	8.92e-01	protein_coding
ENSG00000132824	SERINC3	 1.99e-01	2.94e-01	protein_coding
ENSG00000152292	SH2D6	-3.17e-01	3.01e-01	protein_coding
ENSG00000102030	NAA10	-3.56e-02	9.19e-01	protein_coding
ENSG00000075651	PLD1	 3.40e-01	1.14e-01	protein_coding
ENSG00000040608	RTN4R	 3.35e-01	2.01e-01	protein_coding
ENSG00000177426	TGIF1	 1.16e-01	6.88e-01	protein_coding
ENSG00000270022	Z93241.1	 7.85e-01	1.11e-03	lncRNA
ENSG00000102312	PORCN	 1.85e-01	5.71e-01	protein_coding
ENSG00000172965	MIR4435-2HG	 2.47e-01	1.53e-01	lncRNA
ENSG00000187961	KLHL17	-3.35e-01	1.75e-01	protein_coding
ENSG00000061794	MRPS35	 2.43e-01	1.87e-01	protein_coding
ENSG00000228782	MRPL45P2	 2.57e-01	4.59e-01	transcribed_unprocessed_pseudogene
ENSG00000075643	MOCOS	 8.43e-03	9.81e-01	protein_coding
ENSG00000164418	GRIK2	-1.58e-01	6.63e-01	protein_coding
ENSG00000126214	KLC1	-6.01e-01	2.15e-02	protein_coding
ENSG00000136518	ACTL6A	-1.17e-01	7.10e-01	protein_coding
ENSG00000153107	ANAPC1	-2.10e-01	3.69e-01	protein_coding
ENSG00000226259	GTF2H2B	 4.90e-01	1.93e-01	transcribed_unprocessed_pseudogene
ENSG00000044459	CNTLN	-1.53e-01	6.93e-01	protein_coding
ENSG00000134463	ECHDC3	-2.53e-01	5.72e-01	protein_coding
ENSG00000105829	BET1	-1.77e-01	6.07e-01	protein_coding
ENSG00000168924	LETM1	 7.95e-02	8.05e-01	protein_coding
ENSG00000157470	FAM81A	 6.63e-02	8.97e-01	protein_coding
ENSG00000130429	ARPC1B	-4.45e-01	2.24e-03	protein_coding
ENSG00000160679	CHTOP	-2.61e-01	7.76e-02	protein_coding
ENSG00000100418	DESI1	 1.54e-01	4.95e-01	protein_coding
ENSG00000197912	SPG7	-1.52e-02	9.76e-01	protein_coding
ENSG00000163528	CHCHD4	-2.31e-01	3.17e-01	protein_coding
ENSG00000128185	DGCR6L	-6.14e-01	4.11e-04	protein_coding
ENSG00000117419	ERI3	-1.45e-01	5.31e-01	protein_coding
ENSG00000271853	AL162258.1	-1.76e-01	6.74e-01	lncRNA
ENSG00000177842	ZNF620	 4.46e-02	9.46e-01	protein_coding
ENSG00000272030	AL162258.2	 5.30e-01	1.40e-01	lncRNA
ENSG00000189171	S100A13	 2.18e-02	9.39e-01	protein_coding
ENSG00000257556	LINC02298	 1.60e-02	9.81e-01	lncRNA
ENSG00000203883	SOX18	 1.33e-01	8.03e-01	protein_coding
ENSG00000157456	CCNB2	 2.16e-02	9.55e-01	protein_coding
ENSG00000186399	GOLGA8R	-3.01e-01	4.16e-01	protein_coding
ENSG00000180694	TMEM64	-1.73e-02	9.77e-01	protein_coding
ENSG00000128536	CDHR3	-2.53e-01	5.90e-01	protein_coding
ENSG00000148426	PROSER2	-9.34e-02	6.92e-01	protein_coding
ENSG00000119878	CRIPT	 1.21e-01	8.18e-01	protein_coding
ENSG00000177873	ZNF619	 1.88e-01	7.06e-01	protein_coding
ENSG00000248919	ATP5MF-PTCD1	-3.23e-01	1.63e-01	protein_coding
ENSG00000106244	PDAP1	 2.87e-02	9.01e-01	protein_coding
ENSG00000119729	RHOQ	 1.94e-01	6.12e-01	protein_coding
ENSG00000136522	MRPL47	-2.08e-01	5.01e-01	protein_coding
ENSG00000243649	CFB	 5.56e-03	9.93e-01	protein_coding
ENSG00000142686	C1orf216	 6.56e-02	8.30e-01	protein_coding
ENSG00000114354	TFG	 3.31e-01	5.43e-02	protein_coding
ENSG00000215302	AC127502.1	-7.83e-02	8.88e-01	transcribed_unprocessed_pseudogene
ENSG00000157483	MYO1E	-2.30e-01	2.22e-01	protein_coding
ENSG00000167513	CDT1	 1.26e-01	6.59e-01	protein_coding
ENSG00000188290	HES4	-2.97e-01	2.06e-01	protein_coding
ENSG00000104529	EEF1D	-5.44e-01	5.32e-04	protein_coding
ENSG00000097021	ACOT7	-2.02e-01	3.67e-01	protein_coding
ENSG00000151665	PIGF	 7.65e-02	8.56e-01	protein_coding
ENSG00000184277	TM2D3	-1.68e-02	9.66e-01	protein_coding
ENSG00000087448	KLHL42	-4.70e-01	2.23e-02	protein_coding
ENSG00000160917	CPSF4	-1.49e-01	5.30e-01	protein_coding
ENSG00000277053	GTF2IP1	 3.91e-01	1.08e-01	transcribed_unprocessed_pseudogene
ENSG00000266472	MRPS21	 1.07e-01	6.82e-01	protein_coding
ENSG00000250565	ATP6V1E2	-1.72e-01	6.96e-01	protein_coding
ENSG00000004799	PDK4	-7.80e-02	8.92e-01	protein_coding
ENSG00000241468	ATP5MF	 1.81e-01	4.35e-01	protein_coding
ENSG00000104447	TRPS1	-2.15e-02	9.72e-01	protein_coding
ENSG00000126001	CEP250	-2.50e-01	4.38e-01	protein_coding
ENSG00000204366	ZBTB12	-1.80e-01	6.50e-01	protein_coding
ENSG00000123179	EBPL	 1.17e-01	6.07e-01	protein_coding
ENSG00000131725	WDR44	 2.28e-01	4.88e-01	protein_coding
ENSG00000100889	PCK2	-2.56e-01	1.02e-01	protein_coding
ENSG00000198910	L1CAM	-3.21e-01	4.58e-01	protein_coding
ENSG00000153561	RMND5A	-8.30e-02	8.52e-01	protein_coding
ENSG00000198858	R3HDM4	-3.66e-02	9.02e-01	protein_coding
ENSG00000134222	PSRC1	-7.48e-02	7.96e-01	protein_coding
ENSG00000106246	PTCD1	-3.04e-01	1.80e-01	protein_coding
ENSG00000175104	TRAF6	-1.59e-01	7.18e-01	protein_coding
ENSG00000116852	KIF21B	 8.55e-02	8.49e-01	protein_coding
ENSG00000135537	AFG1L	-1.28e-01	7.82e-01	protein_coding
ENSG00000231500	RPS18	 2.09e-01	3.03e-01	protein_coding
ENSG00000185507	IRF7	-4.64e-01	7.23e-02	protein_coding
ENSG00000114331	ACAP2	-8.74e-02	8.60e-01	protein_coding
ENSG00000115561	CHMP3	-4.24e-01	1.06e-01	protein_coding
ENSG00000008282	SYPL1	 3.34e-01	6.53e-02	protein_coding
ENSG00000135999	EPC2	-2.27e-01	5.82e-01	protein_coding
ENSG00000106245	BUD31	-1.27e-01	5.06e-01	protein_coding
ENSG00000181830	SLC35C1	 2.75e-01	2.50e-01	protein_coding
ENSG00000102981	PARD6A	-2.77e-01	3.01e-01	protein_coding
ENSG00000239305	RNF103	-6.62e-02	8.95e-01	protein_coding
ENSG00000206538	VGLL3	-5.52e-02	9.30e-01	protein_coding
ENSG00000169895	SYAP1	-3.24e-01	2.32e-01	protein_coding
ENSG00000109790	KLHL5	-1.17e-01	7.76e-01	protein_coding
ENSG00000105520	PLPPR2	 4.66e-01	4.83e-03	protein_coding
ENSG00000087087	SRRT	 2.50e-01	2.15e-01	protein_coding
ENSG00000166352	C11orf74	-1.04e-01	8.39e-01	protein_coding
ENSG00000241685	ARPC1A	 3.03e-02	9.15e-01	protein_coding
ENSG00000116514	RNF19B	-5.75e-02	8.91e-01	protein_coding
ENSG00000102753	KPNA3	 2.22e-02	9.69e-01	protein_coding
ENSG00000173295	FAM86B3P	 1.24e-01	8.06e-01	transcribed_unprocessed_pseudogene
ENSG00000253981	ALG1L13P	 1.63e-02	9.77e-01	transcribed_unprocessed_pseudogene
ENSG00000124074	ENKD1	-5.22e-01	3.13e-02	protein_coding
ENSG00000140694	PARN	 2.08e-01	5.19e-01	protein_coding
ENSG00000227954	TARID	 5.00e-01	1.78e-01	lncRNA
ENSG00000004866	ST7	-2.14e-01	3.64e-01	protein_coding
ENSG00000149328	GLB1L2	 1.54e-01	4.63e-01	protein_coding
ENSG00000223501	VPS52	 1.59e-01	4.33e-01	protein_coding
ENSG00000122779	TRIM24	-2.37e-01	4.04e-01	protein_coding
ENSG00000100490	CDKL1	 2.79e-02	9.65e-01	protein_coding
ENSG00000224167	LINC01357	-2.98e-01	3.43e-01	lncRNA
ENSG00000112701	SENP6	-6.32e-02	9.01e-01	protein_coding
ENSG00000198931	APRT	-1.96e-01	3.53e-01	protein_coding
ENSG00000171703	TCEA2	 1.95e-02	9.59e-01	protein_coding
ENSG00000273320	AC007032.1	-2.69e-02	9.68e-01	lncRNA
ENSG00000004777	ARHGAP33	-2.59e-01	5.62e-01	protein_coding
ENSG00000152910	CNTNAP4	-3.29e-01	3.62e-01	protein_coding
ENSG00000064309	CDON	 1.29e-01	7.74e-01	protein_coding
ENSG00000020181	ADGRA2	 2.81e-01	3.93e-01	protein_coding
ENSG00000125375	DMAC2L	 1.17e-02	9.81e-01	protein_coding
ENSG00000166147	FBN1	 3.79e-02	9.54e-01	protein_coding
ENSG00000156804	FBXO32	 4.80e-01	1.24e-02	protein_coding
ENSG00000105726	ATP13A1	 5.02e-01	7.57e-03	protein_coding
ENSG00000100243	CYB5R3	 3.95e-01	5.90e-04	protein_coding
ENSG00000105835	NAMPT	-5.87e-03	9.93e-01	protein_coding
ENSG00000139160	ETFBKMT	-5.13e-02	9.36e-01	protein_coding
ENSG00000122484	RPAP2	 3.35e-01	3.97e-01	protein_coding
ENSG00000121966	CXCR4	 1.89e-01	3.37e-01	protein_coding
ENSG00000097096	SYDE2	-6.56e-01	1.83e-02	protein_coding
ENSG00000136783	NIPSNAP3A	-1.12e-01	7.53e-01	protein_coding
ENSG00000198824	CHAMP1	 2.63e-01	3.78e-01	protein_coding
ENSG00000181666	HKR1	 2.33e-01	4.01e-01	protein_coding
ENSG00000226419	SLC16A1-AS1	-4.87e-01	3.70e-02	lncRNA
ENSG00000188827	SLX4	 5.33e-01	3.36e-02	protein_coding
ENSG00000131370	SH3BP5	-9.27e-02	6.76e-01	protein_coding
ENSG00000089022	MAPKAPK5	-7.33e-02	8.22e-01	protein_coding
ENSG00000162642	C1orf52	-2.26e-01	4.73e-01	protein_coding
ENSG00000151743	AMN1	-5.56e-02	9.25e-01	protein_coding
ENSG00000227199	ST7-AS1	 2.22e-01	6.29e-01	lncRNA
ENSG00000155380	SLC16A1	-2.93e-01	2.52e-01	protein_coding
ENSG00000168079	SCARA5	-1.72e-01	7.24e-01	protein_coding
ENSG00000234608	MAPKAPK5-AS1	 6.20e-02	8.36e-01	lncRNA
ENSG00000104221	BRF2	-4.36e-01	2.18e-02	protein_coding
ENSG00000106100	NOD1	-4.09e-01	1.05e-01	protein_coding
ENSG00000161940	BCL6B	 1.85e-01	6.24e-01	protein_coding
ENSG00000141098	GFOD2	-3.95e-01	1.09e-01	protein_coding
ENSG00000033170	FUT8	 2.36e-01	4.56e-01	protein_coding
ENSG00000139163	ETNK1	-1.88e-02	9.73e-01	protein_coding
ENSG00000173928	SWSAP1	-1.20e-01	7.14e-01	protein_coding
ENSG00000117360	PRPF3	-3.32e-01	5.50e-02	protein_coding
ENSG00000179115	FARSA	-1.87e-01	4.45e-01	protein_coding
ENSG00000152242	C18orf25	-1.79e-01	6.63e-01	protein_coding
ENSG00000164329	TENT2	 2.75e-02	9.61e-01	protein_coding
ENSG00000196998	WDR45	-3.06e-01	1.24e-02	protein_coding
ENSG00000253276	CCDC71L	-1.57e-01	6.70e-01	protein_coding
ENSG00000108599	AKAP10	-9.01e-02	8.17e-01	protein_coding
ENSG00000165030	NFIL3	 2.38e-02	9.65e-01	protein_coding
ENSG00000142867	BCL10	 9.44e-02	8.56e-01	protein_coding
ENSG00000153234	NR4A2	 4.14e-01	1.25e-01	protein_coding
ENSG00000196152	ZNF79	-1.20e-01	7.66e-01	protein_coding
ENSG00000004455	AK2	-3.84e-01	7.00e-03	protein_coding
ENSG00000282057	AC092807.3	-1.39e-02	9.81e-01	lncRNA
ENSG00000123395	ATG101	-6.41e-01	5.20e-09	protein_coding
ENSG00000112319	EYA4	 3.16e-01	2.69e-01	protein_coding
ENSG00000101384	JAG1	-2.57e-02	9.72e-01	protein_coding
ENSG00000153904	DDAH1	 3.89e-01	2.73e-01	protein_coding
ENSG00000143553	SNAPIN	-2.75e-01	9.89e-02	protein_coding
ENSG00000119969	HELLS	 1.64e-01	5.97e-01	protein_coding
ENSG00000119977	TCTN3	 1.23e-01	6.61e-01	protein_coding
ENSG00000183828	NUDT14	-5.11e-01	9.37e-03	protein_coding
ENSG00000115350	POLE4	-3.07e-01	9.40e-02	protein_coding
ENSG00000121671	CRY2	 9.14e-02	8.43e-01	protein_coding
ENSG00000103876	FAH	-2.38e-01	3.04e-01	protein_coding
ENSG00000205517	RGL3	-3.80e-01	2.11e-01	protein_coding
ENSG00000068354	TBC1D25	 2.33e-01	4.45e-01	protein_coding
ENSG00000140451	PIF1	-3.05e-01	1.33e-01	protein_coding
ENSG00000172888	ZNF621	-7.01e-02	9.01e-01	protein_coding
ENSG00000119772	DNMT3A	 1.45e-01	6.63e-01	protein_coding
ENSG00000078269	SYNJ2	-7.12e-01	5.01e-03	protein_coding
ENSG00000117519	CNN3	-1.82e-01	5.20e-01	protein_coding
ENSG00000256288	LINC02617	 2.23e-01	4.50e-01	lncRNA
ENSG00000048140	TSPAN17	-3.85e-01	3.93e-02	protein_coding
ENSG00000163904	SENP2	 5.65e-03	9.92e-01	protein_coding
ENSG00000147155	EBP	-1.64e-01	4.86e-01	protein_coding
ENSG00000083937	CHMP2B	 5.02e-03	9.94e-01	protein_coding
ENSG00000025434	NR1H3	-5.40e-01	4.86e-04	protein_coding
ENSG00000213397	HAUS7	-3.33e-01	1.85e-01	protein_coding
ENSG00000143621	ILF2	-4.31e-01	3.52e-04	protein_coding
ENSG00000108679	LGALS3BP	 4.75e-01	3.07e-04	protein_coding
ENSG00000186468	RPS23	 3.46e-01	9.02e-02	protein_coding
ENSG00000082068	WDR70	-6.07e-02	8.91e-01	protein_coding
ENSG00000214517	PPME1	 2.16e-01	3.48e-01	protein_coding
ENSG00000118689	FOXO3	-2.13e-01	5.48e-01	protein_coding
ENSG00000183604	SMG1P5	-4.66e-01	1.24e-01	transcribed_unprocessed_pseudogene
ENSG00000167767	KRT80	 3.95e-01	1.73e-03	protein_coding
ENSG00000174327	SLC16A13	 6.88e-01	3.59e-03	protein_coding
ENSG00000235501	AC105942.1	 5.76e-01	9.03e-02	lncRNA
ENSG00000173545	ZNF622	-5.95e-01	2.14e-06	protein_coding
ENSG00000085185	BCORL1	 7.34e-01	2.15e-02	protein_coding
ENSG00000152348	ATG10	-1.68e-01	5.79e-01	protein_coding
ENSG00000156239	N6AMT1	-2.30e-01	5.31e-01	protein_coding
ENSG00000172339	ALG14	 2.55e-01	3.05e-01	protein_coding
ENSG00000187266	EPOR	 5.27e-02	8.77e-01	protein_coding
ENSG00000167515	TRAPPC2L	-2.51e-01	1.41e-01	protein_coding
ENSG00000149380	P4HA3	 1.54e-01	6.36e-01	protein_coding
ENSG00000147251	DOCK11	 1.44e-02	9.85e-01	protein_coding
ENSG00000177951	BET1L	 7.37e-02	8.16e-01	protein_coding
ENSG00000105617	LENG1	-3.66e-01	8.43e-02	protein_coding
ENSG00000185252	ZNF74	 6.86e-02	8.52e-01	protein_coding
ENSG00000152078	TMEM56	 4.68e-01	1.20e-01	protein_coding
ENSG00000142676	RPL11	-1.56e-01	6.22e-01	protein_coding
ENSG00000116857	TMEM9	-2.50e-01	1.61e-01	protein_coding
ENSG00000122481	RWDD3	-2.27e-01	6.33e-01	protein_coding
ENSG00000197958	RPL12	 1.81e-01	3.27e-01	protein_coding
ENSG00000108669	CYTH1	 4.26e-02	9.07e-01	protein_coding
ENSG00000102034	ELF4	 7.68e-01	3.19e-05	protein_coding
ENSG00000198799	LRIG2	-2.21e-01	5.44e-01	protein_coding
ENSG00000184916	JAG2	 8.50e-01	4.26e-05	protein_coding
ENSG00000185551	NR2F2	 4.49e-01	1.06e-01	protein_coding
ENSG00000213339	QTRT1	-3.17e-01	1.85e-01	protein_coding
ENSG00000197265	GTF2E2	-7.59e-02	8.27e-01	protein_coding
ENSG00000160796	NBEAL2	 4.69e-01	3.89e-02	protein_coding
ENSG00000138061	CYP1B1	 3.95e-02	9.10e-01	protein_coding
ENSG00000128274	A4GALT	 2.20e-01	3.56e-01	protein_coding
ENSG00000151746	BICD1	 3.11e-02	9.49e-01	protein_coding
ENSG00000100364	KIAA0930	-1.89e-01	3.82e-01	protein_coding
ENSG00000115526	CHST10	-1.23e-01	7.34e-01	protein_coding
ENSG00000141012	GALNS	 2.21e-01	3.24e-01	protein_coding
ENSG00000229950	TFAP2A-AS1	 1.72e-01	7.05e-01	lncRNA
ENSG00000232973	CYP1B1-AS1	-1.49e-02	9.81e-01	lncRNA
ENSG00000150540	HNMT	-1.08e-02	9.87e-01	protein_coding
ENSG00000168906	MAT2A	 7.19e-02	7.55e-01	protein_coding
ENSG00000161955	TNFSF13	 2.98e-01	9.83e-02	protein_coding
ENSG00000102452	NALCN	-9.48e-03	9.90e-01	protein_coding
ENSG00000160799	CCDC12	-4.52e-01	5.21e-03	protein_coding
ENSG00000168014	C2CD3	 3.41e-01	2.12e-01	protein_coding
ENSG00000137203	TFAP2A	 4.52e-01	7.70e-03	protein_coding
ENSG00000189060	H1F0	 3.25e-01	5.95e-02	protein_coding
ENSG00000198270	TMEM116	 1.48e-02	9.79e-01	protein_coding
ENSG00000150477	KIAA1328	 1.52e-01	7.71e-01	protein_coding
ENSG00000141084	RANBP10	 9.89e-02	7.96e-01	protein_coding
ENSG00000112033	PPARD	 3.77e-01	1.60e-01	protein_coding
ENSG00000169071	ROR2	 3.93e-01	3.69e-02	protein_coding
ENSG00000113448	PDE4D	 5.35e-02	8.60e-01	protein_coding
ENSG00000147677	EIF3H	 3.39e-04	9.99e-01	protein_coding
ENSG00000125962	ARMCX5	-3.44e-01	3.59e-01	protein_coding
ENSG00000172943	PHF8	 2.31e-01	4.01e-01	protein_coding
ENSG00000100116	GCAT	-4.45e-01	1.19e-02	protein_coding
ENSG00000272391	POM121C	 6.11e-01	1.57e-02	protein_coding
ENSG00000224596	ZMIZ1-AS1	 8.79e-02	8.59e-01	lncRNA
ENSG00000179218	CALR	 1.89e-02	9.42e-01	protein_coding
ENSG00000088038	CNOT3	 5.44e-01	7.52e-03	protein_coding
ENSG00000103111	MON1B	 3.00e-01	1.18e-01	protein_coding
ENSG00000138757	G3BP2	-1.20e-01	6.95e-01	protein_coding
ENSG00000123178	SPRYD7	-7.49e-02	8.93e-01	protein_coding
ENSG00000197448	GSTK1	-2.04e-01	1.68e-01	protein_coding
ENSG00000275342	PRAG1	 1.25e+00	9.16e-07	protein_coding
ENSG00000179950	PUF60	-4.92e-01	1.12e-04	protein_coding
ENSG00000023734	STRAP	 9.87e-02	6.59e-01	protein_coding
ENSG00000253958	CLDN23	 3.50e-01	3.14e-01	protein_coding
ENSG00000143434	SEMA6C	 1.99e-01	6.90e-01	protein_coding
ENSG00000115486	GGCX	 6.11e-02	8.54e-01	protein_coding
ENSG00000223705	NSUN5P1	-4.55e-01	3.26e-02	transcribed_unprocessed_pseudogene
ENSG00000165029	ABCA1	 3.48e-02	9.50e-01	protein_coding
ENSG00000205078	SYCE1L	 4.58e-02	9.12e-01	protein_coding
ENSG00000169100	SLC25A6	-2.23e-01	2.31e-01	protein_coding
ENSG00000245648	AC022075.1	 1.08e-01	7.24e-01	lncRNA
ENSG00000108239	TBC1D12	-2.78e-01	4.35e-01	protein_coding
ENSG00000011007	ELOA	 2.55e-01	1.33e-01	protein_coding
ENSG00000108175	ZMIZ1	 9.35e-01	5.97e-04	protein_coding
ENSG00000236810	ELOA-AS1	 2.57e-01	5.64e-01	lncRNA
ENSG00000128567	PODXL	 6.55e-01	3.40e-05	protein_coding
ENSG00000154839	SKA1	 1.23e-01	8.05e-01	protein_coding
ENSG00000167657	DAPK3	-4.67e-01	1.19e-03	protein_coding
ENSG00000153443	UBALD1	 3.62e-01	3.51e-02	protein_coding
ENSG00000196839	ADA	-3.04e-01	1.26e-01	protein_coding
ENSG00000162616	DNAJB4	-1.08e-01	8.17e-01	protein_coding
ENSG00000175455	CCDC14	 6.19e-01	1.82e-02	protein_coding
ENSG00000157703	SVOPL	-1.93e-01	5.67e-01	protein_coding
ENSG00000178826	TMEM139	-1.22e-01	6.36e-01	protein_coding
ENSG00000105619	TFPT	-7.19e-01	1.17e-05	protein_coding
ENSG00000169217	CD2BP2	-7.86e-01	3.24e-08	protein_coding
ENSG00000134243	SORT1	 1.13e-01	7.04e-01	protein_coding
ENSG00000111875	ASF1A	 5.22e-01	5.98e-02	protein_coding
ENSG00000254741	AC067930.1	-2.23e-02	9.75e-01	lncRNA
ENSG00000067177	PHKA1	-1.94e-02	9.60e-01	protein_coding
ENSG00000163125	RPRD2	 4.56e-01	1.02e-02	protein_coding
ENSG00000104524	PYCR3	-2.83e-01	2.27e-01	protein_coding
ENSG00000100526	CDKN3	-5.37e-02	9.12e-01	protein_coding
ENSG00000179152	TCAIM	 6.86e-02	8.66e-01	protein_coding
ENSG00000182379	NXPH4	 6.38e-01	7.52e-03	protein_coding
ENSG00000187608	ISG15	-5.95e-01	1.21e-04	protein_coding
ENSG00000100099	HPS4	 9.89e-04	9.98e-01	protein_coding
ENSG00000126602	TRAP1	-2.08e-01	2.64e-01	protein_coding
ENSG00000111885	MAN1A1	-2.34e-01	4.39e-01	protein_coding
ENSG00000278175	GLIDR	-8.84e-03	9.86e-01	lncRNA
ENSG00000135736	CCDC102A	-1.58e-01	6.27e-01	protein_coding
ENSG00000115539	PDCL3	-1.69e-01	6.09e-01	protein_coding
ENSG00000161970	RPL26	 1.67e-01	5.33e-01	protein_coding
ENSG00000182621	PLCB1	-7.45e-01	2.89e-03	protein_coding
ENSG00000230989	HSBP1	 1.08e-01	6.59e-01	protein_coding
ENSG00000173334	TRIB1	 5.37e-01	1.70e-02	protein_coding
ENSG00000176125	UFSP1	-5.57e-01	4.26e-02	protein_coding
ENSG00000074054	CLASP1	 4.40e-02	9.18e-01	protein_coding
ENSG00000147813	NAPRT	-5.85e-01	6.33e-04	protein_coding
ENSG00000150556	LYPD6B	-1.24e-01	8.03e-01	protein_coding
ENSG00000144026	ZNF514	 3.84e-02	9.49e-01	protein_coding
ENSG00000134779	TPGS2	 3.25e-02	8.96e-01	protein_coding
ENSG00000164754	RAD21	-2.41e-01	3.45e-01	protein_coding
ENSG00000134575	ACP2	 4.02e-01	8.27e-03	protein_coding
ENSG00000111877	MCM9	-1.46e-01	7.45e-01	protein_coding
ENSG00000138363	ATIC	-2.06e-02	9.55e-01	protein_coding
ENSG00000153956	CACNA2D1	 2.75e-01	5.33e-01	protein_coding
ENSG00000149418	ST14	-6.40e-02	8.55e-01	protein_coding
ENSG00000081026	MAGI3	-6.57e-02	8.69e-01	protein_coding
ENSG00000185633	NDUFA4L2	 5.43e-01	1.36e-01	protein_coding
ENSG00000169221	TBC1D10B	 6.61e-01	5.84e-06	protein_coding
ENSG00000122643	NT5C3A	-7.39e-02	8.95e-01	protein_coding
ENSG00000147679	UTP23	-1.89e-01	7.07e-01	protein_coding
ENSG00000144228	SPOPL	-2.25e-01	6.41e-01	protein_coding
ENSG00000001497	LAS1L	-5.13e-01	2.85e-06	protein_coding
ENSG00000186666	BCDIN3D	-1.10e-01	7.26e-01	protein_coding
ENSG00000167566	NCKAP5L	 5.11e-01	4.65e-03	protein_coding
ENSG00000144029	MRPS5	-1.37e-01	8.01e-01	protein_coding
ENSG00000175946	KLHL38	 2.44e-01	5.95e-01	protein_coding
ENSG00000123106	CCDC91	 4.92e-01	1.00e-01	protein_coding
ENSG00000122862	SRGN	 1.90e-01	3.92e-01	protein_coding
ENSG00000168734	PKIG	-1.98e-01	2.36e-01	protein_coding
ENSG00000196419	XRCC6	-3.54e-01	4.14e-03	protein_coding
ENSG00000260219	AC106782.2	 1.91e-01	6.48e-01	lncRNA
ENSG00000258057	BCDIN3D-AS1	 1.36e-01	8.01e-01	lncRNA
ENSG00000243279	PRAF2	 4.57e-01	4.07e-03	protein_coding
ENSG00000163395	IGFN1	-5.59e-01	2.35e-03	protein_coding
ENSG00000105618	PRPF31	-2.20e-01	2.52e-01	protein_coding
ENSG00000142871	CCN1	 5.11e-01	1.06e-02	protein_coding
ENSG00000204620	AC115618.1	 1.12e-01	8.38e-01	lncRNA
ENSG00000140988	RPS2	-1.71e-01	4.57e-01	protein_coding
ENSG00000103510	KAT8	-7.32e-02	7.58e-01	protein_coding
ENSG00000147065	MSN	 5.37e-01	2.69e-06	protein_coding
ENSG00000099910	KLHL22	-1.14e-01	6.90e-01	protein_coding
ENSG00000102317	RBM3	-1.68e-01	2.78e-01	protein_coding
ENSG00000148773	MKI67	 1.59e-01	7.65e-01	protein_coding
ENSG00000006625	GGCT	-8.77e-02	8.39e-01	protein_coding
ENSG00000279605	AC067930.5	-1.80e-01	7.03e-01	TEC
ENSG00000226688	ENTPD1-AS1	-2.52e-01	5.91e-01	lncRNA
ENSG00000179886	TIGD5	 1.22e-01	6.83e-01	protein_coding
ENSG00000165118	C9orf64	-6.65e-01	3.30e-04	protein_coding
ENSG00000204634	TBC1D8	-9.80e-02	7.37e-01	protein_coding
ENSG00000134250	NOTCH2	 3.27e-03	9.96e-01	protein_coding
ENSG00000089248	ERP29	-1.27e-01	4.80e-01	protein_coding
ENSG00000184232	OAF	-2.77e-02	9.52e-01	protein_coding
ENSG00000148459	PDSS1	 6.14e-02	9.07e-01	protein_coding
ENSG00000186193	SAPCD2	 1.93e-02	9.61e-01	protein_coding
ENSG00000112039	FANCE	-1.99e-01	3.87e-01	protein_coding
ENSG00000170906	NDUFA3	 3.75e-01	3.93e-02	protein_coding
ENSG00000196295	GARS-DT	-9.24e-04	9.98e-01	lncRNA
ENSG00000163156	SCNM1	 4.58e-03	9.90e-01	protein_coding
ENSG00000140876	NUDT7	 1.22e-01	7.96e-01	protein_coding
ENSG00000023697	DERA	-1.69e-01	5.24e-01	protein_coding
ENSG00000174996	KLC2	 2.73e-01	7.36e-02	protein_coding
ENSG00000283041	AC008038.1	-4.99e-01	1.06e-01	processed_pseudogene
ENSG00000165526	RPUSD4	-1.42e-01	6.41e-01	protein_coding
ENSG00000177380	PPFIA3	-6.50e-02	8.79e-01	protein_coding
ENSG00000163155	LYSMD1	-6.57e-02	8.63e-01	protein_coding
ENSG00000103018	CYB5B	-1.28e-01	5.33e-01	protein_coding
ENSG00000162433	AK4	-1.86e-01	3.92e-01	protein_coding
ENSG00000165629	ATP5F1C	-3.50e-01	4.43e-02	protein_coding
ENSG00000154146	NRGN	 4.30e-01	5.43e-02	protein_coding
ENSG00000106105	GARS	 9.67e-02	6.45e-01	protein_coding
ENSG00000163159	VPS72	-2.64e-01	2.11e-01	protein_coding
ENSG00000102898	NUTF2	 1.01e-01	6.15e-01	protein_coding
ENSG00000141279	NPEPPS	 2.69e-01	2.83e-01	protein_coding
ENSG00000106554	CHCHD3	-2.09e-01	4.09e-01	protein_coding
ENSG00000100376	FAM118A	 3.86e-02	9.39e-01	protein_coding
ENSG00000113719	ERGIC1	 3.03e-01	1.45e-02	protein_coding
ENSG00000154153	RETREG1	-1.00e-01	8.21e-01	protein_coding
ENSG00000170442	KRT86	 3.76e-02	9.56e-01	protein_coding
ENSG00000055130	CUL1	-3.79e-02	9.37e-01	protein_coding
ENSG00000138162	TACC2	 4.80e-01	2.31e-02	protein_coding
ENSG00000204977	TRIM13	-3.48e-02	9.49e-01	protein_coding
ENSG00000119812	FAM98A	-5.72e-01	7.49e-03	protein_coding
ENSG00000273314	AC005229.4	 2.30e-01	5.69e-01	lncRNA
ENSG00000071082	RPL31	 3.29e-01	2.36e-02	protein_coding
ENSG00000148737	TCF7L2	 9.98e-01	1.27e-05	protein_coding
ENSG00000026950	BTN3A1	 2.11e-01	5.87e-01	protein_coding
ENSG00000265692	LINC01970	 5.77e-03	9.93e-01	lncRNA
ENSG00000140961	OSGIN1	 2.22e-02	9.61e-01	protein_coding
ENSG00000169252	ADRB2	 2.87e-01	5.11e-01	protein_coding
ENSG00000274270	AL137060.1	-1.00e-01	8.57e-01	lncRNA
ENSG00000231607	DLEU2	 4.72e-01	5.55e-02	lncRNA
ENSG00000177034	MTX3	-4.05e-01	2.73e-01	protein_coding
ENSG00000148358	GPR107	 2.52e-01	2.42e-01	protein_coding
ENSG00000198755	RPL10A	-1.44e-01	5.40e-01	protein_coding
ENSG00000107929	LARP4B	 2.09e-01	3.63e-01	protein_coding
ENSG00000135480	KRT7	-2.38e-01	4.11e-01	protein_coding
ENSG00000024526	DEPDC1	 2.49e-01	5.86e-01	protein_coding
ENSG00000213918	DNASE1	-2.56e-01	4.82e-01	protein_coding
ENSG00000122958	VPS26A	-1.79e-01	6.27e-01	protein_coding
ENSG00000051108	HERPUD1	 1.67e-01	3.24e-01	protein_coding
ENSG00000149564	ESAM	 4.92e-01	1.69e-01	protein_coding
ENSG00000103150	MLYCD	-4.05e-01	4.37e-02	protein_coding
ENSG00000057757	PITHD1	-3.06e-01	7.22e-02	protein_coding
ENSG00000182199	SHMT2	-2.61e-01	1.11e-01	protein_coding
ENSG00000111300	NAA25	-5.18e-01	5.18e-03	protein_coding
ENSG00000187951	AC091057.1	 1.33e-02	9.86e-01	lncRNA
ENSG00000285693	AP002381.2	 6.79e-02	9.03e-01	lncRNA
ENSG00000185386	MAPK11	-5.12e-01	6.22e-02	protein_coding
ENSG00000205740	AL359878.1	-5.41e-02	9.17e-01	lncRNA
ENSG00000170485	NPAS2	 5.47e-01	3.15e-02	protein_coding
ENSG00000013288	MAN2B2	 1.99e-02	9.72e-01	protein_coding
ENSG00000116017	ARID3A	 4.83e-01	1.90e-01	protein_coding
ENSG00000104408	EIF3E	-1.30e-01	7.22e-01	protein_coding
ENSG00000115364	MRPL19	-2.26e-01	3.63e-01	protein_coding
ENSG00000121653	MAPK8IP1	 8.03e-02	8.44e-01	protein_coding
ENSG00000223947	AC016738.1	-7.07e-02	9.07e-01	lncRNA
ENSG00000004864	SLC25A13	 1.19e-01	7.21e-01	protein_coding
ENSG00000096433	ITPR3	 6.99e-01	4.92e-08	protein_coding
ENSG00000139132	FGD4	-5.92e-02	9.14e-01	protein_coding
ENSG00000070831	CDC42	 1.80e-01	4.34e-01	protein_coding
ENSG00000214530	STARD10	-5.03e-01	5.38e-03	protein_coding
ENSG00000204899	MZT1	-1.20e-01	7.71e-01	protein_coding
ENSG00000143970	ASXL2	-3.04e-01	2.98e-01	protein_coding
ENSG00000005436	GCFC2	-1.99e-01	5.79e-01	protein_coding
ENSG00000181852	RNF41	-8.62e-02	7.03e-01	protein_coding
ENSG00000144034	TPRKB	 2.09e-01	6.54e-01	protein_coding
ENSG00000217555	CKLF	 1.86e-01	3.74e-01	protein_coding
ENSG00000180346	TIGD2	-4.63e-04	9.99e-01	protein_coding
ENSG00000182318	ZSCAN22	 6.71e-01	3.01e-02	protein_coding
ENSG00000137288	UQCC2	-1.01e-01	6.90e-01	protein_coding
ENSG00000166484	MAPK7	 2.61e-01	4.04e-01	protein_coding
ENSG00000218510	LINC00339	-1.29e-02	9.75e-01	lncRNA
ENSG00000067601	PMS2P4	 2.30e-01	5.66e-01	transcribed_unprocessed_pseudogene
ENSG00000196323	ZBTB44	-9.47e-02	8.27e-01	protein_coding
ENSG00000151461	UPF2	 1.05e-01	8.06e-01	protein_coding
ENSG00000136122	BORA	 2.33e-01	5.73e-01	protein_coding
ENSG00000241839	PLEKHO2	 1.46e-01	7.01e-01	protein_coding
ENSG00000168286	THAP11	-7.96e-02	7.87e-01	protein_coding
ENSG00000179021	C3orf38	-3.77e-01	3.55e-01	protein_coding
ENSG00000137970	RPL7P9	-2.64e-01	5.56e-01	processed_pseudogene
ENSG00000151748	SAV1	 2.34e-03	9.96e-01	protein_coding
ENSG00000159166	LAD1	-3.64e-01	2.15e-01	protein_coding
ENSG00000170430	MGMT	-4.40e-01	6.09e-03	protein_coding
ENSG00000136754	ABI1	 1.03e-01	8.06e-01	protein_coding
ENSG00000163320	CGGBP1	 2.98e-01	2.74e-01	protein_coding
ENSG00000187123	LYPD6	-8.02e-02	8.86e-01	protein_coding
ENSG00000171723	GPHN	 3.51e-01	3.12e-01	protein_coding
ENSG00000109738	GLRB	 1.47e-01	7.54e-01	protein_coding
ENSG00000143374	TARS2	-2.15e-01	1.99e-01	protein_coding
ENSG00000156709	AIFM1	-3.75e-01	5.56e-02	protein_coding
ENSG00000151849	CENPJ	 5.15e-01	1.66e-01	protein_coding
ENSG00000267250	AC011591.1	 1.18e-01	8.35e-01	lncRNA
ENSG00000006576	PHTF2	-3.64e-01	2.06e-01	protein_coding
ENSG00000118194	TNNT2	-6.63e-01	3.55e-03	protein_coding
ENSG00000140332	TLE3	 5.66e-01	2.98e-03	protein_coding
ENSG00000106610	STAG3L4	 1.54e-02	9.72e-01	transcribed_unprocessed_pseudogene
ENSG00000214063	TSPAN4	-2.14e-01	2.34e-01	protein_coding
ENSG00000083535	PIBF1	 4.28e-02	9.49e-01	protein_coding
ENSG00000275111	ZNF2	-2.09e-01	5.79e-01	protein_coding
ENSG00000186635	ARAP1	 1.95e-01	3.71e-01	protein_coding
ENSG00000102901	CENPT	-1.28e-01	5.34e-01	protein_coding
ENSG00000130703	OSBPL2	 9.78e-02	7.59e-01	protein_coding
ENSG00000144824	PHLDB2	-5.24e-01	1.06e-02	protein_coding
ENSG00000087274	ADD1	 2.21e-01	4.19e-01	protein_coding
ENSG00000133835	HSD17B4	-2.50e-01	4.28e-01	protein_coding
ENSG00000108641	B9D1	-4.52e-01	1.14e-03	protein_coding
ENSG00000184083	FAM120C	-2.93e-01	8.30e-02	protein_coding
ENSG00000156502	SUPV3L1	 1.67e-01	5.72e-01	protein_coding
ENSG00000069812	HES2	 2.28e-01	6.34e-01	protein_coding
ENSG00000170017	ALCAM	 4.69e-02	9.10e-01	protein_coding
ENSG00000132589	FLOT2	 3.75e-02	9.00e-01	protein_coding
ENSG00000127990	SGCE	 4.58e-03	9.93e-01	protein_coding
ENSG00000076242	MLH1	-4.04e-01	3.43e-02	protein_coding
ENSG00000012983	MAP4K5	-2.00e-01	5.39e-01	protein_coding
ENSG00000122778	KIAA1549	 6.14e-01	6.39e-04	protein_coding
ENSG00000065000	AP3D1	 3.91e-01	3.55e-02	protein_coding
ENSG00000164011	ZNF691	-7.92e-02	8.58e-01	protein_coding
ENSG00000169247	SH3TC2	-2.66e-01	5.66e-01	protein_coding
ENSG00000169894	MUC3A	 8.12e-01	9.21e-04	protein_coding
ENSG00000074071	MRPS34	-6.25e-01	1.22e-07	protein_coding
ENSG00000166908	PIP4K2C	 2.26e-01	3.07e-01	protein_coding
ENSG00000156675	RAB11FIP1	-1.19e-01	6.51e-01	protein_coding
ENSG00000143106	PSMA5	-2.02e-01	3.92e-01	protein_coding
ENSG00000175602	CCDC85B	-5.30e-01	7.40e-04	protein_coding
ENSG00000106799	TGFBR1	-5.90e-01	8.04e-02	protein_coding
ENSG00000141574	SECTM1	 1.23e-01	8.23e-01	protein_coding
ENSG00000179271	GADD45GIP1	-6.31e-01	1.03e-04	protein_coding
ENSG00000083520	DIS3	 3.07e-01	4.03e-01	protein_coding
ENSG00000239407	Z68871.1	-3.44e-02	9.53e-01	lncRNA
ENSG00000175592	FOSL1	 2.50e-01	5.21e-01	protein_coding
ENSG00000265808	SEC22B	 2.17e-03	9.96e-01	protein_coding
ENSG00000223804	AC244669.1	-3.92e-02	9.29e-01	transcribed_unprocessed_pseudogene
ENSG00000179262	RAD23A	 2.93e-01	9.21e-02	protein_coding
ENSG00000223546	LINC00630	 1.11e-01	7.78e-01	lncRNA
ENSG00000104886	PLEKHJ1	-5.53e-01	6.99e-05	protein_coding
ENSG00000008394	MGST1	 2.35e-01	2.23e-01	protein_coding
ENSG00000104219	ZDHHC2	 1.78e-01	6.36e-01	protein_coding
ENSG00000155438	NIFK	 1.51e-01	7.53e-01	protein_coding
ENSG00000165775	FUNDC2	-3.51e-01	2.88e-02	protein_coding
ENSG00000236859	NIFK-AS1	-5.59e-02	9.15e-01	lncRNA
ENSG00000103429	BFAR	-4.15e-02	8.78e-01	protein_coding
ENSG00000181264	TMEM136	 1.39e-01	6.93e-01	protein_coding
ENSG00000105929	ATP6V0A4	-2.68e-01	4.76e-01	protein_coding
ENSG00000279738	AL022311.1	 2.95e-01	4.42e-01	lncRNA
ENSG00000270231	NBPF8	-3.71e-02	9.50e-01	transcribed_unprocessed_pseudogene
ENSG00000090054	SPTLC1	-8.43e-02	8.15e-01	protein_coding
ENSG00000275131	AC241952.1	-2.50e-01	5.93e-01	transcribed_unprocessed_pseudogene
ENSG00000254166	CASC19	 6.95e-02	8.18e-01	lncRNA
ENSG00000223572	CKMT1A	-2.84e-01	4.74e-01	protein_coding
ENSG00000104897	SF3A2	 4.46e-01	1.62e-02	protein_coding
ENSG00000143028	SYPL2	 5.43e-01	7.46e-02	protein_coding
ENSG00000162650	ATXN7L2	 9.64e-02	7.82e-01	protein_coding
ENSG00000111846	GCNT2	-8.67e-02	8.49e-01	protein_coding
ENSG00000105865	DUS4L	 7.74e-02	8.93e-01	protein_coding
ENSG00000182459	TEX19	-2.51e-01	4.20e-01	protein_coding
ENSG00000179862	CITED4	 3.01e-01	2.05e-02	protein_coding
ENSG00000115159	GPD2	-2.33e-01	4.10e-01	protein_coding
ENSG00000273136	NBPF26	 1.15e-01	8.41e-01	protein_coding
ENSG00000246228	CASC8	-6.20e-02	8.64e-01	lncRNA
ENSG00000144048	DUSP11	 4.19e-02	9.19e-01	protein_coding
ENSG00000104885	DOT1L	 2.08e-02	9.64e-01	protein_coding
ENSG00000244558	KCNK15-AS1	 3.24e-01	4.25e-01	lncRNA
ENSG00000182606	TRAK1	-1.87e-01	4.69e-01	protein_coding
ENSG00000124249	KCNK15	-2.63e-02	9.23e-01	protein_coding
ENSG00000139579	NABP2	-2.42e-01	1.66e-01	protein_coding
ENSG00000100124	ANKRD54	-1.77e-01	4.49e-01	protein_coding
ENSG00000064205	CCN5	-3.66e-01	1.77e-01	protein_coding
ENSG00000023287	RB1CC1	 3.17e-02	9.49e-01	protein_coding
ENSG00000145335	SNCA	-1.41e-01	6.52e-01	protein_coding
ENSG00000174151	CYB561D1	 6.49e-02	9.01e-01	protein_coding
ENSG00000007866	TEAD3	 3.04e-01	3.59e-01	protein_coding
ENSG00000107130	NCS1	 1.16e-01	5.93e-01	protein_coding
ENSG00000101098	RIMS4	 2.82e-01	2.15e-01	protein_coding
ENSG00000116675	DNAJC6	 1.69e-01	6.17e-01	protein_coding
ENSG00000276223	AL118522.1	 7.65e-02	8.67e-01	lncRNA
ENSG00000175866	BAIAP2	-7.19e-02	8.19e-01	protein_coding
ENSG00000205777	GAGE1	 1.14e-01	8.28e-01	protein_coding
ENSG00000174749	FAM241A	 1.33e-01	7.70e-01	protein_coding
ENSG00000169871	TRIM56	-1.31e-01	6.88e-01	protein_coding
ENSG00000260025	CRIM1-DT	-1.85e-01	5.86e-01	lncRNA
ENSG00000106366	SERPINE1	 4.27e-01	2.34e-01	protein_coding
ENSG00000131558	EXOC4	-1.36e-01	6.71e-01	protein_coding
ENSG00000147140	NONO	 1.08e-01	5.04e-01	protein_coding
ENSG00000181754	AMIGO1	 2.65e-01	4.19e-01	protein_coding
ENSG00000216649	GAGE12E	-3.26e-01	3.66e-01	protein_coding
ENSG00000075420	FNDC3B	 1.12e-01	7.37e-01	protein_coding
ENSG00000164597	COG5	-1.51e-01	6.46e-01	protein_coding
ENSG00000136104	RNASEH2B	-4.25e-01	2.26e-01	protein_coding
ENSG00000120458	MSANTD2	-3.25e-01	4.46e-01	protein_coding
ENSG00000224902	GAGE12H	-1.57e-01	3.90e-01	protein_coding
ENSG00000171055	FEZ2	-1.53e-01	6.41e-01	protein_coding
ENSG00000167536	DHRS13	-4.40e-01	3.55e-03	protein_coding
ENSG00000073792	IGF2BP2	-1.82e-01	6.12e-01	protein_coding
ENSG00000171680	PLEKHG5	-1.97e-02	9.72e-01	protein_coding
ENSG00000106462	EZH2	 8.54e-02	7.77e-01	protein_coding
ENSG00000100129	EIF3L	-9.53e-02	6.69e-01	protein_coding
ENSG00000185418	TARSL2	-2.30e-01	6.23e-01	protein_coding
ENSG00000168288	MMADHC	-1.79e-01	5.17e-01	protein_coding
ENSG00000052344	PRSS8	 7.36e-02	9.02e-01	protein_coding
ENSG00000236362	GAGE12F	-3.82e-01	1.10e-01	protein_coding
ENSG00000166579	NDEL1	 1.55e-01	6.27e-01	protein_coding
ENSG00000135148	TRAFD1	-1.73e-01	3.55e-01	protein_coding
ENSG00000188486	H2AFX	-5.86e-02	8.53e-01	protein_coding
ENSG00000076053	RBM7	 3.44e-01	3.76e-01	protein_coding
ENSG00000102921	AC026470.1	-3.06e-01	4.07e-01	protein_coding
ENSG00000242247	ARFGAP3	-1.78e-03	9.97e-01	protein_coding
ENSG00000189164	ZNF527	 2.89e-01	4.86e-01	protein_coding
ENSG00000100266	PACSIN2	-6.31e-02	8.07e-01	protein_coding
ENSG00000164610	RP9	-1.21e-01	7.64e-01	protein_coding
ENSG00000232859	LYRM9	-3.65e-01	1.02e-01	protein_coding
ENSG00000162676	GFI1	-5.75e-01	1.07e-01	protein_coding
ENSG00000105856	HBP1	-4.15e-01	6.91e-02	protein_coding
ENSG00000066557	LRRC40	-2.70e-01	5.18e-01	protein_coding
ENSG00000188157	AGRN	 8.01e-01	2.61e-05	protein_coding
ENSG00000117394	SLC2A1	 4.24e-01	1.79e-02	protein_coding
ENSG00000106367	AP1S1	-4.43e-01	1.63e-03	protein_coding
ENSG00000109685	NSD2	-1.42e-01	6.29e-01	protein_coding
ENSG00000090661	CERS4	-2.63e-02	9.60e-01	protein_coding
ENSG00000112167	SAYSD1	-3.66e-01	1.80e-01	protein_coding
ENSG00000173848	NET1	-3.15e-01	2.35e-01	protein_coding
ENSG00000150938	CRIM1	 1.56e-01	5.89e-01	protein_coding
ENSG00000186153	WWOX	-1.88e-01	4.65e-01	protein_coding
ENSG00000139645	ANKRD52	-6.94e-02	8.51e-01	protein_coding
ENSG00000169418	NPR1	 4.55e-01	1.44e-03	protein_coding
ENSG00000173064	HECTD4	 3.66e-01	5.65e-02	protein_coding
ENSG00000076043	REXO2	-2.09e-01	3.33e-01	protein_coding
ENSG00000181192	DHTKD1	-3.69e-01	6.70e-02	protein_coding
ENSG00000155506	LARP1	 5.15e-01	2.80e-04	protein_coding
ENSG00000141542	RAB40B	-1.43e-01	7.46e-01	protein_coding
ENSG00000108179	PPIF	-4.62e-02	8.57e-01	protein_coding
ENSG00000160293	VAV2	 9.27e-02	7.91e-01	protein_coding
ENSG00000176124	DLEU1	 4.03e-02	9.39e-01	lncRNA
ENSG00000146858	ZC3HAV1L	 5.55e-03	9.94e-01	protein_coding
ENSG00000067208	EVI5	-9.79e-04	9.99e-01	protein_coding
ENSG00000138660	AP1AR	 4.14e-01	2.97e-01	protein_coding
ENSG00000140943	MBTPS1	 1.70e-01	2.82e-01	protein_coding
ENSG00000179010	MRFAP1	-1.59e-01	4.34e-01	protein_coding
ENSG00000152475	ZNF837	-3.97e-01	3.14e-01	protein_coding
ENSG00000084731	KIF3C	-2.97e-01	2.15e-01	protein_coding
ENSG00000180425	C11orf71	 2.13e-01	4.96e-01	protein_coding
ENSG00000196576	PLXNB2	 1.30e-01	6.50e-01	protein_coding
ENSG00000155275	TRMT44	-2.47e-01	4.87e-01	protein_coding
ENSG00000106144	CASP2	-7.58e-02	8.06e-01	protein_coding
ENSG00000127922	SEM1	 6.64e-02	8.94e-01	protein_coding
ENSG00000080546	SESN1	 8.43e-02	8.76e-01	protein_coding
ENSG00000162032	SPSB3	-1.62e-01	5.08e-01	protein_coding
ENSG00000262919	CCNQ	-2.73e-01	2.73e-01	protein_coding
ENSG00000197976	AKAP17A	-1.10e-02	9.77e-01	protein_coding
ENSG00000108010	GLRX3	-9.80e-02	7.17e-01	protein_coding
ENSG00000171302	CANT1	 3.53e-01	1.03e-01	protein_coding
ENSG00000133026	MYH10	-3.20e-01	2.97e-01	protein_coding
ENSG00000104331	IMPAD1	-1.98e-01	4.15e-01	protein_coding
ENSG00000159173	TNNI1	-7.93e-02	8.94e-01	protein_coding
ENSG00000213625	LEPROT	 3.19e-01	2.62e-01	protein_coding
ENSG00000157224	CLDN12	-1.88e-01	6.63e-01	protein_coding
ENSG00000176853	FAM91A1	 8.48e-02	8.08e-01	protein_coding
ENSG00000102908	NFAT5	 3.13e-01	2.76e-01	protein_coding
ENSG00000174307	PHLDA3	-6.52e-01	7.69e-06	protein_coding
ENSG00000170846	AC093323.1	-2.26e-01	3.50e-01	protein_coding
ENSG00000065135	GNAI3	-2.12e-01	5.15e-01	protein_coding
ENSG00000107937	GTPBP4	-1.18e-01	6.32e-01	protein_coding
ENSG00000121680	PEX16	-2.11e-01	3.69e-01	protein_coding
ENSG00000136527	TRA2B	-4.46e-01	3.11e-03	protein_coding
ENSG00000131724	IL13RA1	 3.93e-01	2.89e-01	protein_coding
ENSG00000282885	AL627171.2	 1.35e-01	7.93e-01	lncRNA
ENSG00000128408	RIBC2	 1.98e-01	6.04e-01	protein_coding
ENSG00000134917	ADAMTS8	 1.96e-01	5.26e-01	protein_coding
ENSG00000170469	SPATA24	-4.55e-01	3.96e-02	protein_coding
ENSG00000145337	PYURF	-2.92e-01	2.13e-01	protein_coding
ENSG00000067064	IDI1	 8.63e-03	9.86e-01	protein_coding
ENSG00000115963	RND3	 1.71e-01	6.36e-01	protein_coding
ENSG00000116337	AMPD2	 5.15e-01	1.60e-02	protein_coding
ENSG00000147324	MFHAS1	 3.52e-01	2.05e-01	protein_coding
ENSG00000159176	CSRP1	-1.16e-01	6.11e-01	protein_coding
ENSG00000178226	PRSS36	 2.66e-02	9.69e-01	protein_coding
ENSG00000162522	KIAA1522	 6.61e-01	2.40e-06	protein_coding
ENSG00000108309	RUNDC3A	-2.13e-01	6.12e-01	protein_coding
ENSG00000095906	NUBP2	-5.47e-01	1.72e-03	protein_coding
ENSG00000165527	ARF6	-5.21e-02	8.60e-01	protein_coding
ENSG00000141560	FN3KRP	-1.11e-01	5.95e-01	protein_coding
ENSG00000182712	CMC4	-2.93e-01	3.84e-01	protein_coding
ENSG00000143398	PIP5K1A	 1.18e-01	6.37e-01	protein_coding
ENSG00000224536	AC096677.1	 1.27e-01	8.08e-01	lncRNA
ENSG00000240771	ARHGEF25	 2.95e-01	3.81e-01	protein_coding
ENSG00000163993	S100P	 4.40e-02	8.55e-01	protein_coding
ENSG00000178988	MRFAP1L1	-3.71e-01	1.99e-01	protein_coding
ENSG00000267750	RUNDC3A-AS1	-8.46e-02	8.82e-01	lncRNA
ENSG00000186222	BLOC1S4	-1.14e-01	6.92e-01	protein_coding
ENSG00000183496	MEX3B	 1.33e-01	7.97e-01	protein_coding
ENSG00000104626	ERI1	-2.80e-01	3.73e-01	protein_coding
ENSG00000153214	TMEM87B	-1.15e-01	8.41e-01	protein_coding
ENSG00000254959	INMT-MINDY4	 1.84e-02	9.79e-01	protein_coding
ENSG00000179295	PTPN11	-2.18e-01	5.08e-01	protein_coding
ENSG00000241644	INMT	-1.43e-01	4.97e-01	protein_coding
ENSG00000172269	DPAGT1	 6.90e-01	2.59e-04	protein_coding
ENSG00000197774	EME2	-1.99e-01	5.75e-01	protein_coding
ENSG00000087008	ACOX3	-4.04e-01	1.87e-01	protein_coding
ENSG00000266401	AP002478.1	 3.03e-01	4.40e-01	lncRNA
ENSG00000262001	DLGAP1-AS2	 3.00e-01	3.81e-01	lncRNA
ENSG00000198862	LTN1	-2.08e-01	6.42e-01	protein_coding
ENSG00000165632	TAF3	 1.85e-01	7.05e-01	protein_coding
ENSG00000117395	EBNA1BP2	-3.75e-01	1.64e-02	protein_coding
ENSG00000135454	B4GALNT1	 4.16e-01	9.44e-02	protein_coding
ENSG00000138641	HERC3	-3.45e-01	4.15e-01	protein_coding
ENSG00000170871	KIAA0232	 2.25e-01	6.41e-01	protein_coding
ENSG00000132640	BTBD3	 8.27e-02	8.01e-01	protein_coding
ENSG00000116793	PHTF1	 1.07e-01	7.46e-01	protein_coding
ENSG00000177432	NAP1L5	 1.85e-01	7.10e-01	protein_coding
ENSG00000211460	TSN	-2.71e-01	1.77e-01	protein_coding
ENSG00000277443	MARCKS	 2.43e-01	3.23e-01	protein_coding
ENSG00000105793	GTPBP10	 4.53e-01	1.51e-01	protein_coding
ENSG00000177054	ZDHHC13	 1.06e-01	7.57e-01	protein_coding
ENSG00000272325	NUDT3	-9.85e-02	6.95e-01	protein_coding
ENSG00000172375	C2CD2L	 1.22e-01	7.94e-01	protein_coding
ENSG00000087502	ERGIC2	 3.17e-02	9.60e-01	protein_coding
ENSG00000089009	RPL6	-1.15e-01	6.50e-01	protein_coding
ENSG00000003147	ICA1	-3.13e-02	9.63e-01	protein_coding
ENSG00000226067	LINC00623	-3.51e-02	9.37e-01	lncRNA
ENSG00000106392	C1GALT1	-1.95e-01	6.82e-01	protein_coding
ENSG00000085382	HACE1	-6.56e-03	9.93e-01	protein_coding
ENSG00000104687	GSR	 1.72e-01	3.96e-01	protein_coding
ENSG00000065809	FAM107B	 2.62e-03	9.97e-01	protein_coding
ENSG00000116497	S100PBP	-4.28e-03	9.93e-01	protein_coding
ENSG00000174903	RAB1B	-5.19e-02	8.13e-01	protein_coding
ENSG00000153250	RBMS1	-1.49e-01	7.29e-01	protein_coding
ENSG00000134684	YARS	 2.84e-02	9.20e-01	protein_coding
ENSG00000104412	EMC2	 4.86e-01	1.35e-01	protein_coding
ENSG00000257588	AC025154.2	-3.16e-02	9.62e-01	lncRNA
ENSG00000174851	YIF1A	-1.47e-01	5.40e-01	protein_coding
ENSG00000155099	PIP4P2	-2.69e-01	5.26e-01	protein_coding
ENSG00000124614	RPS10	 1.71e-01	4.91e-01	protein_coding
ENSG00000181396	OGFOD3	-3.08e-01	4.87e-02	protein_coding
ENSG00000108691	CCL2	 2.97e-01	2.86e-01	protein_coding
ENSG00000128487	SPECC1	-3.19e-01	2.54e-02	protein_coding
ENSG00000230825	AC005532.1	 2.59e-01	5.61e-01	lncRNA
ENSG00000233223	AC016876.1	-5.22e-01	3.59e-03	lncRNA
ENSG00000100483	VCPKMT	-9.47e-02	8.70e-01	protein_coding
ENSG00000167460	TPM4	 1.28e-01	5.27e-01	protein_coding
ENSG00000105290	APLP1	-1.20e-02	9.79e-01	protein_coding
ENSG00000253738	OTUD6B-AS1	-6.12e-02	9.19e-01	lncRNA
ENSG00000092853	CLSPN	 4.22e-01	2.83e-01	protein_coding
ENSG00000186577	SMIM29	-2.28e-01	3.46e-01	protein_coding
ENSG00000129226	CD68	 3.29e-01	4.33e-01	protein_coding
ENSG00000231327	LINC01816	 5.46e-01	1.74e-02	lncRNA
ENSG00000196914	ARHGEF12	 1.79e-01	5.52e-01	protein_coding
ENSG00000181896	ZNF101	 1.36e-01	7.95e-01	protein_coding
ENSG00000087237	CETP	 1.49e-01	6.50e-01	protein_coding
ENSG00000144152	FBLN7	 6.73e-01	5.58e-03	protein_coding
ENSG00000165424	ZCCHC24	 5.76e-01	2.19e-02	protein_coding
ENSG00000115919	KYNU	-2.22e-01	4.11e-01	protein_coding
ENSG00000253626	EIF5AL1	 1.24e-01	8.25e-01	protein_coding
ENSG00000158526	TSR2	-2.85e-01	9.83e-02	protein_coding
ENSG00000178927	CYBC1	 1.14e-02	9.77e-01	protein_coding
ENSG00000105939	ZC3HAV1	-8.42e-02	7.45e-01	protein_coding
ENSG00000161960	EIF4A1	-3.67e-01	2.68e-03	protein_coding
ENSG00000145780	FEM1C	-7.60e-02	9.01e-01	protein_coding
ENSG00000260018	AC040169.1	 1.49e-01	6.75e-01	lncRNA
ENSG00000270800	RPS10-NUDT3	 2.12e-01	6.43e-01	protein_coding
ENSG00000205809	KLRC2	 9.68e-02	8.05e-01	protein_coding
ENSG00000255284	AP006621.3	-3.73e-01	3.25e-01	lncRNA
ENSG00000175556	LONRF3	-7.71e-02	8.58e-01	protein_coding
ENSG00000130829	DUSP9	-3.81e-01	2.39e-01	protein_coding
ENSG00000103160	HSDL1	-1.65e-01	6.71e-01	protein_coding
ENSG00000102302	FGD1	 7.99e-01	2.23e-05	protein_coding
ENSG00000180964	TCEAL8	 9.51e-03	9.86e-01	protein_coding
ENSG00000255641	AC068775.1	 8.98e-03	9.89e-01	protein_coding
ENSG00000198182	ZNF607	-2.53e-01	5.91e-01	protein_coding
ENSG00000144161	ZC3H8	 3.62e-01	3.71e-01	protein_coding
ENSG00000138768	USO1	-2.01e-01	6.41e-01	protein_coding
ENSG00000198901	PRC1	 3.22e-03	9.95e-01	protein_coding
ENSG00000205060	SLC35B4	-1.09e-01	7.96e-01	protein_coding
ENSG00000198700	IPO9	 3.56e-01	3.77e-02	protein_coding
ENSG00000255198	SNHG9	 4.49e-01	2.21e-01	lncRNA
ENSG00000158435	CNOT11	 2.02e-01	4.48e-01	protein_coding
ENSG00000119523	ALG2	 6.77e-02	8.60e-01	protein_coding
ENSG00000273297	AC009275.1	 2.55e-01	5.43e-01	lncRNA
ENSG00000165119	HNRNPK	-1.49e-01	3.41e-01	protein_coding
ENSG00000175573	C11orf68	-1.19e-01	5.55e-01	protein_coding
ENSG00000134970	TMED7	 6.91e-02	8.55e-01	protein_coding
ENSG00000184898	RBM43	-1.75e-01	7.19e-01	protein_coding
ENSG00000042286	AIFM2	-4.70e-01	5.01e-04	protein_coding
ENSG00000154134	ROBO3	-2.78e-01	3.07e-01	protein_coding
ENSG00000203804	ADAMTSL4-AS1	 3.30e-01	4.38e-01	lncRNA
ENSG00000164587	RPS14	 1.79e-01	3.63e-01	protein_coding
ENSG00000125991	ERGIC3	-7.30e-02	7.64e-01	protein_coding
ENSG00000106803	SEC61B	 1.06e-01	6.92e-01	protein_coding
ENSG00000143384	MCL1	-7.53e-02	7.55e-01	protein_coding
ENSG00000162552	WNT4	-5.39e-01	1.37e-01	protein_coding
ENSG00000161800	RACGAP1	-1.77e-01	4.65e-01	protein_coding
ENSG00000164626	KCNK5	 2.49e-01	3.58e-01	protein_coding
ENSG00000260027	HOXB7	 2.93e-02	9.39e-01	protein_coding
ENSG00000143624	INTS3	 4.46e-01	6.80e-04	protein_coding
ENSG00000148357	HMCN2	 8.01e-02	8.86e-01	protein_coding
ENSG00000166106	ADAMTS15	 4.96e-01	1.72e-01	protein_coding
ENSG00000011009	LYPLA2	-1.30e-01	4.94e-01	protein_coding
ENSG00000070614	NDST1	-9.32e-02	7.35e-01	protein_coding
ENSG00000143382	ADAMTSL4	 7.06e-01	4.41e-03	protein_coding
ENSG00000184056	VPS33B	-1.82e-02	9.70e-01	protein_coding
ENSG00000279198	AC008894.3	 4.06e-01	1.70e-01	TEC
ENSG00000116171	SCP2	 3.27e-04	1.00e+00	protein_coding
ENSG00000103168	TAF1C	-8.89e-02	8.22e-01	protein_coding
ENSG00000160183	TMPRSS3	 1.06e-02	9.77e-01	protein_coding
ENSG00000185596	WASH3P	 1.29e-01	7.80e-01	transcribed_unprocessed_pseudogene
ENSG00000177337	DLGAP1-AS1	 3.28e-01	1.95e-01	lncRNA
ENSG00000140299	BNIP2	-3.00e-02	9.57e-01	protein_coding
ENSG00000145715	RASA1	-1.69e-01	7.04e-01	protein_coding
ENSG00000156521	TYSND1	-2.70e-01	1.70e-01	protein_coding
ENSG00000129214	SHBG	 2.31e-02	9.73e-01	protein_coding
ENSG00000134369	NAV1	 7.20e-01	1.62e-05	protein_coding
ENSG00000104824	HNRNPL	 1.45e-01	5.24e-01	protein_coding
ENSG00000148343	MIGA2	-2.22e-01	5.27e-01	protein_coding
ENSG00000124356	STAMBP	-1.39e-01	6.91e-01	protein_coding
ENSG00000135540	NHSL1	 2.46e-01	5.79e-01	protein_coding
ENSG00000141867	BRD4	 6.66e-01	1.49e-03	protein_coding
ENSG00000073921	PICALM	 3.76e-02	8.95e-01	protein_coding
ENSG00000084733	RAB10	-3.82e-01	5.86e-02	protein_coding
ENSG00000067225	PKM	-2.60e-01	7.95e-02	protein_coding
ENSG00000172766	NAA16	 9.93e-03	9.88e-01	protein_coding
ENSG00000143554	SLC27A3	-1.22e-01	8.17e-01	protein_coding
ENSG00000122406	RPL5	-9.37e-02	6.31e-01	protein_coding
ENSG00000176204	LRRTM4	 8.69e-02	8.77e-01	protein_coding
ENSG00000051620	HEBP2	-2.57e-01	2.26e-01	protein_coding
ENSG00000105771	SMG9	 3.19e-01	7.22e-02	protein_coding
ENSG00000225177	AL590617.2	-1.46e-01	7.56e-01	lncRNA
ENSG00000140307	GTF2A2	 1.44e-01	4.75e-01	protein_coding
ENSG00000104872	PIH1D1	-4.54e-01	1.37e-03	protein_coding
ENSG00000265096	C1QTNF1-AS1	 7.63e-02	8.96e-01	lncRNA
ENSG00000130175	PRKCSH	 7.26e-01	1.63e-12	protein_coding
ENSG00000183808	RBM12B	 5.32e-02	9.21e-01	protein_coding
ENSG00000173918	C1QTNF1	 4.99e-01	1.09e-02	protein_coding
ENSG00000198791	CNOT7	 6.59e-02	8.58e-01	protein_coding
ENSG00000164983	TMEM65	-4.23e-02	9.30e-01	protein_coding
ENSG00000114423	CBLB	 7.63e-02	8.67e-01	protein_coding
ENSG00000269688	AC008982.2	-2.11e-01	6.22e-01	lncRNA
ENSG00000183665	TRMT12	 9.77e-03	9.81e-01	protein_coding
ENSG00000104823	ECH1	-8.18e-02	7.96e-01	protein_coding
ENSG00000164967	RPP25L	-4.02e-01	4.58e-03	protein_coding
ENSG00000134480	CCNH	-2.39e-02	9.61e-01	protein_coding
ENSG00000099337	KCNK6	 1.41e-01	7.96e-01	protein_coding
ENSG00000128422	KRT17	-4.28e-01	4.61e-03	protein_coding
ENSG00000173011	TADA2B	 4.33e-02	9.39e-01	protein_coding
ENSG00000120526	NUDCD1	-1.00e-01	8.39e-01	protein_coding
ENSG00000132405	TBC1D14	 4.01e-02	9.44e-01	protein_coding
ENSG00000075213	SEMA3A	-7.85e-02	8.89e-01	protein_coding
ENSG00000198003	CCDC151	-3.92e-01	2.24e-01	protein_coding
ENSG00000119508	NR4A3	 3.98e-01	1.87e-01	protein_coding
ENSG00000113269	RNF130	 1.25e-01	6.67e-01	protein_coding
ENSG00000163870	TPRA1	-2.80e-01	6.93e-02	protein_coding
ENSG00000116001	TIA1	 9.17e-03	9.89e-01	protein_coding
ENSG00000135469	COQ10A	-2.33e-01	2.54e-01	protein_coding
ENSG00000175550	DRAP1	-3.67e-01	1.68e-02	protein_coding
ENSG00000130119	GNL3L	 1.75e-01	3.66e-01	protein_coding
ENSG00000155959	VBP1	-6.06e-02	9.10e-01	protein_coding
ENSG00000177042	TMEM80	-2.81e-01	2.90e-01	protein_coding
ENSG00000166181	API5	-1.74e-01	6.23e-01	protein_coding
ENSG00000181744	DIPK2A	 2.69e-01	4.66e-01	protein_coding
ENSG00000185664	PMEL	-1.42e-01	6.95e-01	protein_coding
ENSG00000123609	NMI	 8.70e-02	8.73e-01	protein_coding
ENSG00000177030	DEAF1	-1.50e-01	5.24e-01	protein_coding
ENSG00000170089	AC106795.1	-4.53e-01	2.13e-02	transcribed_unprocessed_pseudogene
ENSG00000157796	WDR19	 4.09e-01	2.73e-01	protein_coding
ENSG00000119787	ATL2	-2.92e-01	2.88e-01	protein_coding
ENSG00000048342	CC2D2A	 9.58e-02	8.21e-01	protein_coding
ENSG00000188177	ZC3H6	 4.80e-01	1.93e-01	protein_coding
ENSG00000115998	C2orf42	 3.36e-01	1.92e-01	protein_coding
ENSG00000264772	AC016876.2	-9.34e-03	9.82e-01	lncRNA
ENSG00000141504	SAT2	-2.08e-01	2.14e-01	protein_coding
ENSG00000184677	ZBTB40	-1.19e-01	7.28e-01	protein_coding
ENSG00000176715	ACSF3	-3.13e-01	1.21e-01	protein_coding
ENSG00000167004	PDIA3	 4.43e-01	9.60e-03	protein_coding
ENSG00000205771	CATSPER2P1	 4.96e-03	9.95e-01	transcribed_unprocessed_pseudogene
ENSG00000105048	TNNT1	-5.09e-01	5.23e-04	protein_coding
ENSG00000078142	PIK3C3	-2.68e-01	4.05e-01	protein_coding
ENSG00000008441	NFIX	 2.36e-01	6.10e-01	protein_coding
ENSG00000161618	ALDH16A1	-4.99e-01	1.05e-03	protein_coding
ENSG00000114251	WNT5A	 5.80e-01	9.14e-02	protein_coding
ENSG00000128886	ELL3	-1.75e-01	6.51e-01	protein_coding
ENSG00000171365	CLCN5	-9.06e-02	8.77e-01	protein_coding
ENSG00000185122	HSF1	 3.19e-01	5.19e-02	protein_coding
ENSG00000161956	SENP3	-4.42e-02	8.50e-01	protein_coding
ENSG00000177106	EPS8L2	-3.12e-01	1.12e-01	protein_coding
ENSG00000129255	MPDU1	-4.25e-01	2.77e-04	protein_coding
ENSG00000242028	HYPK	 2.36e-01	5.42e-01	protein_coding
ENSG00000163739	CXCL1	 5.37e-01	1.36e-01	protein_coding
ENSG00000090554	FLT3LG	 6.48e-02	9.02e-01	protein_coding
ENSG00000140264	SERF2	 7.93e-02	6.56e-01	protein_coding
ENSG00000272047	GTF2H5	 1.78e-01	6.41e-01	protein_coding
ENSG00000135069	PSAT1	 4.44e-02	9.01e-01	protein_coding
ENSG00000155508	CNOT8	-2.96e-01	2.14e-01	protein_coding
ENSG00000261251	Z97055.2	 2.06e-01	6.76e-01	lncRNA
ENSG00000170464	DNAJC18	-1.17e-01	7.99e-01	protein_coding
ENSG00000160271	RALGDS	 3.14e-01	3.81e-01	protein_coding
ENSG00000185189	NRBP2	-3.35e-02	9.55e-01	protein_coding
ENSG00000123374	CDK2	-5.42e-03	9.91e-01	protein_coding
ENSG00000175470	PPP2R2D	 6.46e-02	8.45e-01	protein_coding
ENSG00000109016	DHRS7B	-1.78e-01	4.45e-01	protein_coding
ENSG00000052841	TTC17	 8.20e-02	8.26e-01	protein_coding
ENSG00000198892	SHISA4	-2.45e-01	4.56e-01	protein_coding
ENSG00000047249	ATP6V1H	 1.50e-01	5.45e-01	protein_coding
ENSG00000150627	WDR17	 8.74e-02	7.77e-01	protein_coding
ENSG00000169660	HEXD	-4.53e-01	4.73e-03	protein_coding
ENSG00000125503	PPP1R12C	-3.92e-01	2.31e-02	protein_coding
ENSG00000168010	ATG16L2	-5.31e-02	9.10e-01	protein_coding
ENSG00000215114	UBXN2B	 1.12e-01	8.40e-01	protein_coding
ENSG00000171700	RGS19	-2.44e-01	3.30e-01	protein_coding
ENSG00000137100	DCTN3	-1.20e-01	6.86e-01	protein_coding
ENSG00000129991	TNNI3	-4.42e-01	9.54e-02	protein_coding
ENSG00000134375	TIMM17A	-2.19e-01	4.45e-01	protein_coding
ENSG00000185000	DGAT1	 5.33e-02	8.90e-01	protein_coding
ENSG00000152952	PLOD2	 1.20e-01	7.29e-01	protein_coding
ENSG00000232533	AC093673.1	-1.05e-01	7.89e-01	lncRNA
ENSG00000130540	SULT4A1	-5.63e-01	8.37e-02	protein_coding
ENSG00000277150	F8A3	 3.48e-01	3.03e-01	protein_coding
ENSG00000105948	TTC26	-9.93e-02	8.59e-01	protein_coding
ENSG00000142541	RPL13A	-1.81e-01	2.17e-01	protein_coding
ENSG00000186350	RXRA	 3.13e-01	1.31e-01	protein_coding
ENSG00000178307	TMEM11	-4.41e-01	2.56e-03	protein_coding
ENSG00000087206	UIMC1	 1.88e-01	5.15e-01	protein_coding
ENSG00000235106	BRD3OS	 2.81e-01	5.32e-01	protein_coding
ENSG00000160439	RDH13	 5.57e-03	9.90e-01	protein_coding
ENSG00000130706	ADRM1	-5.16e-01	6.89e-05	protein_coding
ENSG00000185973	TMLHE	-6.43e-02	9.02e-01	protein_coding
ENSG00000083845	RPS5	-1.82e-01	3.77e-01	protein_coding
ENSG00000081019	RSBN1	-1.43e-01	7.89e-01	protein_coding
ENSG00000169925	BRD3	 3.26e-01	1.77e-01	protein_coding
ENSG00000130702	LAMA5	 2.50e-02	9.48e-01	protein_coding
ENSG00000107968	MAP3K8	-2.79e-02	9.42e-01	protein_coding
ENSG00000116754	SRSF11	-3.54e-03	9.96e-01	protein_coding
ENSG00000274180	NATD1	 2.72e-01	4.48e-01	protein_coding
ENSG00000224051	CPTP	 5.79e-02	8.81e-01	protein_coding
ENSG00000229980	TOB1-AS1	 1.79e-01	6.41e-01	lncRNA
ENSG00000167987	VPS37C	 3.84e-01	4.77e-02	protein_coding
ENSG00000145365	TIFA	-2.50e-01	5.08e-01	protein_coding
ENSG00000118655	DCLRE1B	 3.00e-01	2.27e-01	protein_coding
ENSG00000141232	TOB1	 5.22e-01	1.09e-02	protein_coding
ENSG00000085662	AKR1B1	-4.41e-01	5.19e-05	protein_coding
ENSG00000073331	ALPK1	-9.09e-02	8.77e-01	protein_coding
ENSG00000167646	DNAAF3	 2.64e-01	2.74e-01	protein_coding
ENSG00000247134	AC090204.1	 2.51e-01	4.91e-01	lncRNA
ENSG00000133466	C1QTNF6	 4.81e-01	3.18e-05	protein_coding
ENSG00000011243	AKAP8L	-1.35e-01	4.79e-01	protein_coding
ENSG00000089127	OAS1	-2.77e-01	1.56e-01	protein_coding
ENSG00000134262	AP4B1	-4.57e-02	9.07e-01	protein_coding
ENSG00000142082	SIRT3	-1.65e-01	5.12e-01	protein_coding
ENSG00000124549	BTN2A3P	-1.56e-01	7.38e-01	transcribed_unprocessed_pseudogene
ENSG00000259330	INAFM2	 5.07e-01	1.16e-01	protein_coding
ENSG00000104691	UBXN8	 1.68e-01	6.49e-01	protein_coding
ENSG00000112110	MRPL18	-1.50e-01	4.78e-01	protein_coding
ENSG00000228812	LAMA5-AS1	-4.99e-02	9.33e-01	lncRNA
ENSG00000111331	OAS3	-2.72e-01	3.29e-01	protein_coding
ENSG00000028839	TBPL1	-2.07e-01	6.22e-01	protein_coding
ENSG00000129245	FXR2	-6.13e-02	8.03e-01	protein_coding
ENSG00000159352	PSMD4	-6.46e-01	7.11e-09	protein_coding
ENSG00000233927	RPS28	 2.79e-01	4.39e-02	protein_coding
ENSG00000170248	PDCD6IP	-3.16e-01	8.74e-02	protein_coding
ENSG00000101856	PGRMC1	-4.53e-02	9.07e-01	protein_coding
ENSG00000205423	CNEP1R1	-9.22e-02	8.66e-01	protein_coding
ENSG00000185627	PSMD13	-4.11e-01	9.11e-03	protein_coding
ENSG00000167775	CD320	-2.64e-01	1.31e-01	protein_coding
ENSG00000107404	DVL1	-4.18e-01	2.44e-03	protein_coding
ENSG00000077713	SLC25A43	 4.90e-02	9.33e-01	protein_coding
ENSG00000157741	UBN2	-3.53e-01	3.23e-01	protein_coding
ENSG00000129173	E2F8	 8.88e-02	8.27e-01	protein_coding
ENSG00000163017	ACTG2	-1.43e-01	7.04e-01	protein_coding
ENSG00000176907	TCIM	 2.21e-02	9.72e-01	protein_coding
ENSG00000105127	AKAP8	-2.64e-01	2.52e-01	protein_coding
ENSG00000213780	GTF2H4	-2.25e-01	1.66e-01	protein_coding
ENSG00000152422	XRCC4	 8.12e-02	8.92e-01	protein_coding
ENSG00000176393	RNPEP	 1.67e-01	2.64e-01	protein_coding
ENSG00000166913	YWHAB	-3.59e-02	8.92e-01	protein_coding
ENSG00000159184	HOXB13	-1.59e-01	6.50e-01	protein_coding
ENSG00000245149	RNF139-AS1	 5.17e-01	1.65e-01	lncRNA
ENSG00000079332	SAR1A	-1.19e-01	7.08e-01	protein_coding
ENSG00000137478	FCHSD2	 8.26e-03	9.89e-01	protein_coding
ENSG00000174695	TMEM167A	 2.92e-01	2.65e-01	protein_coding
ENSG00000162607	USP1	-2.77e-01	3.63e-01	protein_coding
ENSG00000186994	KANK3	-5.88e-01	8.77e-02	protein_coding
ENSG00000024862	CCDC28A	-1.34e-01	7.51e-01	protein_coding
ENSG00000137411	VARS2	 7.17e-03	9.81e-01	protein_coding
ENSG00000267855	NDUFA7	 2.43e-01	1.95e-01	protein_coding
ENSG00000111196	MAGOHB	 1.48e-01	6.85e-01	protein_coding
ENSG00000180035	ZNF48	-2.94e-01	2.79e-01	protein_coding
ENSG00000188549	CCDC9B	 6.43e-02	9.02e-01	protein_coding
ENSG00000159840	ZYX	 7.48e-01	7.53e-07	protein_coding
ENSG00000167658	EEF2	 9.84e-02	7.06e-01	protein_coding
ENSG00000158321	AUTS2	 5.95e-01	3.86e-02	protein_coding
ENSG00000198301	SDAD1	 1.61e-01	7.25e-01	protein_coding
ENSG00000102316	MAGED2	-4.96e-01	2.91e-05	protein_coding
ENSG00000102760	RGCC	-1.61e-01	6.92e-01	protein_coding
ENSG00000157833	GAREM2	-1.07e-01	8.54e-01	protein_coding
ENSG00000100823	APEX1	-3.20e-01	1.07e-02	protein_coding
ENSG00000180096	SEPT1	 4.49e-01	2.03e-01	protein_coding
ENSG00000147684	NDUFB9	-1.88e-01	3.59e-01	protein_coding
ENSG00000166313	APBB1	-2.30e-01	3.44e-01	protein_coding
ENSG00000177963	RIC8A	-1.39e-01	4.30e-01	protein_coding
ENSG00000116525	TRIM62	 6.78e-01	3.15e-02	protein_coding
ENSG00000135541	AHI1	 4.99e-02	9.34e-01	protein_coding
ENSG00000090487	SPG21	 8.29e-02	6.93e-01	protein_coding
ENSG00000143393	PI4KB	 1.87e-01	3.31e-01	protein_coding
ENSG00000160191	PDE9A	 3.19e-01	3.49e-01	protein_coding
ENSG00000112759	SLC29A1	 1.99e-01	3.32e-01	protein_coding
ENSG00000224281	SLC25A5-AS1	 5.30e-02	9.33e-01	lncRNA
ENSG00000187840	EIF4EBP1	-5.68e-02	8.01e-01	protein_coding
ENSG00000143549	TPM3	-1.76e-01	3.59e-01	protein_coding
ENSG00000005022	SLC25A5	-1.47e-01	4.60e-01	protein_coding
ENSG00000178952	TUFM	-2.69e-01	1.87e-01	protein_coding
ENSG00000121858	TNFSF10	 4.03e-01	3.07e-01	protein_coding
ENSG00000104695	PPP2CB	-2.67e-02	9.44e-01	protein_coding
ENSG00000163435	ELF3	-6.07e-02	7.95e-01	protein_coding
ENSG00000155393	HEATR3	-5.45e-02	8.90e-01	protein_coding
ENSG00000176171	BNIP3	-1.55e-01	4.88e-01	protein_coding
ENSG00000259877	AC009113.1	 9.11e-02	8.75e-01	lncRNA
ENSG00000232671	ZNF687-AS1	-8.17e-03	9.89e-01	lncRNA
ENSG00000080031	PTPRH	-1.94e-03	9.97e-01	protein_coding
ENSG00000167280	ENGASE	-5.68e-02	8.98e-01	protein_coding
ENSG00000143373	ZNF687	 5.10e-01	6.37e-04	protein_coding
ENSG00000234678	ELF3-AS1	-3.31e-01	3.16e-01	lncRNA
ENSG00000165782	PIP4P1	-1.07e-01	5.90e-01	protein_coding
ENSG00000206562	METTL6	-5.22e-03	9.93e-01	protein_coding
ENSG00000156253	RWDD2B	-1.90e-01	5.32e-01	protein_coding
ENSG00000127995	CASD1	-4.01e-02	9.52e-01	protein_coding
ENSG00000101940	WDR13	-2.82e-01	2.06e-01	protein_coding
ENSG00000160094	ZNF362	 5.54e-01	3.15e-03	protein_coding
ENSG00000168003	SLC3A2	 7.85e-02	6.77e-01	protein_coding
ENSG00000196363	WDR5	 6.54e-02	8.36e-01	protein_coding
ENSG00000164318	EGFLAM	 1.14e-01	7.54e-01	protein_coding
ENSG00000237441	RGL2	-1.25e-01	6.19e-01	protein_coding
ENSG00000172062	SMN1	 3.57e-01	2.52e-01	protein_coding
ENSG00000138744	NAAA	-3.11e-02	9.59e-01	protein_coding
ENSG00000157240	FZD1	 3.66e-01	3.39e-01	protein_coding
ENSG00000164898	FMC1	 2.46e-01	1.46e-01	protein_coding
ENSG00000273391	AC083880.1	-1.32e-01	7.96e-01	lncRNA
ENSG00000242265	PEG10	-1.13e-01	7.16e-01	protein_coding
ENSG00000165392	WRN	-3.30e-02	9.50e-01	protein_coding
ENSG00000281398	SNHG4	 2.98e-01	3.66e-01	lncRNA
ENSG00000144827	ABHD10	-5.62e-01	4.85e-03	protein_coding
ENSG00000115170	ACVR1	 1.93e-01	6.73e-01	protein_coding
ENSG00000251257	AC010457.1	 2.89e-01	3.30e-01	lncRNA
ENSG00000171793	CTPS1	-6.49e-02	7.82e-01	protein_coding
ENSG00000179240	GVQW3	-2.87e-01	5.25e-01	protein_coding
ENSG00000281649	EBLN3P	-1.48e-01	7.37e-01	lncRNA
ENSG00000183624	HMCES	-1.45e-01	4.33e-01	protein_coding
ENSG00000146963	LUC7L2	-1.69e-01	5.31e-01	protein_coding
ENSG00000131037	EPS8L1	-5.64e-01	7.41e-02	protein_coding
ENSG00000075790	BCAP29	-1.00e-01	8.47e-01	protein_coding
ENSG00000067365	METTL22	-1.97e-01	3.89e-01	protein_coding
ENSG00000077942	FBLN1	 3.58e-01	1.48e-02	protein_coding
ENSG00000164122	ASB5	-6.73e-03	9.93e-01	protein_coding
ENSG00000204220	PFDN6	-1.99e-01	2.94e-01	protein_coding
ENSG00000089177	KIF16B	-1.08e-01	8.24e-01	protein_coding
ENSG00000258498	DIO3OS	-2.99e-01	4.86e-01	lncRNA
ENSG00000188883	KLRG2	-2.17e-01	6.56e-01	protein_coding
ENSG00000133195	SLC39A11	-1.96e-01	5.23e-01	protein_coding
ENSG00000125505	MBOAT7	 5.46e-01	1.31e-03	protein_coding
ENSG00000124333	VAMP7	-3.86e-01	3.47e-01	protein_coding
ENSG00000227057	WDR46	-1.81e-01	4.48e-01	protein_coding
ENSG00000114999	TTL	 1.93e-01	4.65e-01	protein_coding
ENSG00000196591	HDAC2	-1.34e-01	7.41e-01	protein_coding
ENSG00000126804	ZBTB1	-4.52e-01	2.22e-01	protein_coding
ENSG00000100271	TTLL1	 1.27e-01	7.20e-01	protein_coding
ENSG00000163660	CCNL1	 2.47e-01	2.31e-01	protein_coding
ENSG00000230234	AL162582.1	 3.50e-01	2.25e-01	lncRNA
ENSG00000035499	DEPDC1B	-7.40e-02	8.75e-01	protein_coding
ENSG00000129128	SPCS3	 7.41e-02	7.93e-01	protein_coding
ENSG00000170100	ZNF778	-6.76e-01	1.00e-02	protein_coding
ENSG00000118454	ANKRD13C	-4.94e-02	9.18e-01	protein_coding
ENSG00000018610	CXorf56	-1.32e-01	6.63e-01	protein_coding
ENSG00000147687	TATDN1	-9.83e-02	8.50e-01	protein_coding
ENSG00000163281	GNPDA2	-5.75e-02	9.26e-01	protein_coding
ENSG00000150630	VEGFC	 5.42e-01	1.32e-01	protein_coding
ENSG00000103995	CEP152	 7.53e-02	8.87e-01	protein_coding
ENSG00000196455	PIK3R4	 8.96e-02	8.70e-01	protein_coding
ENSG00000144597	EAF1	 4.12e-02	9.33e-01	protein_coding
ENSG00000188385	JAKMIP3	-1.45e-01	7.90e-01	protein_coding
ENSG00000070214	SLC44A1	-1.31e-02	9.78e-01	protein_coding
ENSG00000127554	GFER	-3.78e-01	6.18e-02	protein_coding
ENSG00000240541	TM4SF1-AS1	 4.74e-01	1.56e-01	lncRNA
ENSG00000235863	B3GALT4	 4.53e-02	9.43e-01	protein_coding
ENSG00000120913	PDLIM2	-2.22e-01	2.24e-01	protein_coding
ENSG00000127957	PMS2P3	 3.61e-02	9.51e-01	transcribed_unprocessed_pseudogene
ENSG00000173418	NAA20	-2.08e-01	5.00e-01	protein_coding
ENSG00000171603	CLSTN1	 1.17e+00	4.42e-19	protein_coding
ENSG00000169908	TM4SF1	 7.93e-02	7.51e-01	protein_coding
ENSG00000151806	GUF1	 2.90e-01	5.05e-01	protein_coding
ENSG00000280987	MATR3	 2.40e-02	9.67e-01	protein_coding
ENSG00000145349	CAMK2D	-6.01e-01	5.28e-02	protein_coding
ENSG00000103175	WFDC1	-1.74e-01	2.94e-01	protein_coding
ENSG00000100714	MTHFD1	-6.63e-02	7.47e-01	protein_coding
ENSG00000155660	PDIA4	 2.09e-01	2.99e-01	protein_coding
ENSG00000254402	LRRC24	-1.59e-01	7.07e-01	protein_coding
ENSG00000187994	RINL	-3.01e-01	4.65e-01	protein_coding
ENSG00000213563	C8orf82	-2.11e-01	1.87e-01	protein_coding
ENSG00000114790	ARHGEF26	-3.33e-01	3.89e-01	protein_coding
ENSG00000179761	PIPOX	 5.61e-01	9.32e-02	protein_coding
ENSG00000160959	LRRC14	-1.46e-01	6.34e-01	protein_coding
ENSG00000179912	R3HDM2	 2.04e-01	5.79e-01	protein_coding
ENSG00000138778	CENPE	-2.49e-01	5.98e-01	protein_coding
ENSG00000167799	NUDT8	-1.63e-01	6.02e-01	protein_coding
ENSG00000183751	TBL3	-2.10e-01	1.82e-01	protein_coding
ENSG00000133226	SRRM1	 5.77e-01	7.49e-03	protein_coding
ENSG00000140718	FTO	 7.97e-01	3.70e-06	protein_coding
ENSG00000255135	AP002360.1	-3.00e-01	1.06e-01	lncRNA
ENSG00000241852	C8orf58	-7.24e-02	8.52e-01	protein_coding
ENSG00000183691	NOG	 6.36e-02	9.17e-01	protein_coding
ENSG00000089775	ZBTB25	-5.81e-03	9.91e-01	protein_coding
ENSG00000184897	H1FX	 2.81e-01	1.16e-01	protein_coding
ENSG00000206417	H1FX-AS1	-9.03e-02	8.64e-01	lncRNA
ENSG00000177853	ZNF518A	 5.70e-03	9.94e-01	protein_coding
ENSG00000138138	ATAD1	 2.38e-01	3.74e-01	protein_coding
ENSG00000242338	BMS1P4	 7.61e-02	8.95e-01	transcribed_unprocessed_pseudogene
ENSG00000126803	HSPA2	-8.52e-02	6.92e-01	protein_coding
ENSG00000175354	PTPN2	-1.27e-01	7.46e-01	protein_coding
ENSG00000240024	LINC00888	-6.98e-02	8.96e-01	transcribed_unprocessed_pseudogene
ENSG00000114956	DGUOK	-1.37e-01	4.38e-01	protein_coding
ENSG00000084754	HADHA	-2.27e-01	1.66e-01	protein_coding
ENSG00000114529	C3orf52	-6.31e-02	9.14e-01	protein_coding
ENSG00000136874	STX17	-1.93e-01	6.35e-01	protein_coding
ENSG00000101474	APMAP	-1.10e-01	5.71e-01	protein_coding
ENSG00000109674	NEIL3	 2.32e-01	5.45e-01	protein_coding
ENSG00000185219	ZNF445	-5.16e-01	1.29e-01	protein_coding
ENSG00000197568	HHLA3	 4.21e-01	4.81e-02	lncRNA
ENSG00000170881	RNF139	 1.64e-02	9.77e-01	protein_coding
ENSG00000109118	PHF12	 1.43e-01	6.57e-01	protein_coding
ENSG00000136560	TANK	 1.48e-01	7.41e-01	protein_coding
ENSG00000155975	VPS37A	 4.21e-01	2.09e-01	protein_coding
ENSG00000089597	GANAB	 4.48e-01	3.41e-03	protein_coding
ENSG00000145782	ATG12	 7.56e-02	8.76e-01	protein_coding
ENSG00000108424	KPNB1	-1.45e-01	4.79e-01	protein_coding
ENSG00000171608	PIK3CD	 4.69e-01	3.73e-02	protein_coding
ENSG00000171574	ZNF584	-2.28e-01	4.32e-01	protein_coding
ENSG00000227403	LINC01806	-2.67e-01	4.54e-01	lncRNA
ENSG00000127561	SYNGR3	-3.29e-01	2.52e-01	protein_coding
ENSG00000175756	AURKAIP1	-4.25e-01	1.92e-02	protein_coding
ENSG00000186501	TMEM222	 1.65e-02	9.62e-01	protein_coding
ENSG00000231789	PIK3CD-AS2	 1.08e-01	7.82e-01	lncRNA
ENSG00000125630	POLR1B	 1.01e-01	7.83e-01	protein_coding
ENSG00000125870	SNRPB2	-4.50e-01	1.29e-01	protein_coding
ENSG00000025293	PHF20	 1.48e-03	9.97e-01	protein_coding
ENSG00000247011	AC005920.1	 3.82e-01	3.30e-01	lncRNA
ENSG00000249471	ZNF324B	 2.75e-01	3.96e-01	protein_coding
ENSG00000147955	SIGMAR1	 1.57e-01	3.46e-01	protein_coding
ENSG00000167619	TMEM145	-1.71e-01	7.32e-01	protein_coding
ENSG00000232098	AC012313.1	 6.81e-01	2.39e-03	lncRNA
ENSG00000115233	PSMD14	-8.58e-02	8.58e-01	protein_coding
ENSG00000130695	CEP85	 1.80e-02	9.67e-01	protein_coding
ENSG00000015479	MATR3	-3.21e-01	1.17e-01	protein_coding
ENSG00000170298	LGALS9B	 2.04e-01	5.92e-01	protein_coding
ENSG00000182484	WASH6P	 1.23e-01	7.77e-01	protein_coding
ENSG00000100575	TIMM9	 2.38e-01	3.46e-01	protein_coding
ENSG00000103494	RPGRIP1L	 4.86e-01	1.46e-01	protein_coding
ENSG00000197362	ZNF786	-1.92e-01	6.64e-01	protein_coding
ENSG00000198818	SFT2D1	-1.28e-02	9.76e-01	protein_coding
ENSG00000096060	FKBP5	 1.64e-01	5.08e-01	protein_coding
ENSG00000117308	GALE	-5.70e-01	4.14e-05	protein_coding
ENSG00000177879	AP3S1	 2.41e-03	9.97e-01	protein_coding
ENSG00000138029	HADHB	-1.19e-01	6.25e-01	protein_coding
ENSG00000042088	TDP1	-7.58e-02	7.78e-01	protein_coding
ENSG00000102554	KLF5	-8.73e-02	8.72e-01	protein_coding
ENSG00000127946	HIP1	-2.13e-01	3.70e-01	protein_coding
ENSG00000060138	YBX3	 2.78e-01	2.31e-02	protein_coding
ENSG00000197024	ZNF398	-1.67e-01	7.27e-01	protein_coding
ENSG00000179965	ZNF771	-3.26e-01	1.87e-01	protein_coding
ENSG00000142669	SH3BGRL3	 3.47e-01	7.67e-02	protein_coding
ENSG00000197746	PSAP	 3.02e-01	1.45e-01	protein_coding
ENSG00000109519	GRPEL1	-2.63e-01	2.04e-01	protein_coding
ENSG00000156735	BAG4	-7.07e-01	2.84e-03	protein_coding
ENSG00000179958	DCTPP1	-4.12e-01	3.89e-03	protein_coding
ENSG00000083312	TNPO1	-2.14e-02	9.64e-01	protein_coding
ENSG00000064393	HIPK2	 1.11e-01	7.53e-01	protein_coding
ENSG00000124216	SNAI1	 7.45e-01	6.29e-03	protein_coding
ENSG00000126464	PRR12	 1.48e+00	2.67e-16	protein_coding
ENSG00000167526	RPL13	-2.48e-01	9.10e-02	protein_coding
ENSG00000120725	SIL1	-3.45e-01	3.24e-02	protein_coding
ENSG00000038002	AGA	 5.39e-02	9.09e-01	protein_coding
ENSG00000114812	VIPR1	 2.12e-01	6.57e-01	protein_coding
ENSG00000198837	DENND4B	 1.76e-01	5.68e-01	protein_coding
ENSG00000164488	DACT2	 2.73e-01	5.40e-01	protein_coding
ENSG00000158062	UBXN11	-1.80e-01	3.91e-01	protein_coding
ENSG00000077721	UBE2A	 3.20e-01	1.01e-01	protein_coding
ENSG00000166171	DPCD	-3.47e-01	8.07e-02	protein_coding
ENSG00000122863	CHST3	 6.83e-01	7.96e-05	protein_coding
ENSG00000103512	NOMO1	 6.42e-01	2.05e-05	protein_coding
ENSG00000147509	RGS20	 2.62e-01	5.67e-01	protein_coding
ENSG00000264575	LINC00526	 2.25e-02	9.75e-01	lncRNA
ENSG00000263753	LINC00667	 3.22e-01	2.56e-01	lncRNA
ENSG00000101945	SUV39H1	 1.97e-01	3.58e-01	protein_coding
ENSG00000065665	SEC61A2	 2.60e-01	5.53e-01	protein_coding
ENSG00000262879	AC068152.1	-2.25e-01	4.13e-01	lncRNA
ENSG00000186416	NKRF	 3.44e-01	3.62e-01	protein_coding
ENSG00000130635	COL5A1	 8.11e-01	7.18e-08	protein_coding
ENSG00000179673	RPRML	-3.58e-01	3.57e-01	protein_coding
ENSG00000180817	PPA1	-1.82e-01	3.30e-01	protein_coding
ENSG00000146477	SLC22A3	 1.38e-01	6.95e-01	protein_coding
ENSG00000269113	TRABD2B	 5.23e-01	1.57e-01	protein_coding
ENSG00000166169	POLL	-1.34e-01	6.54e-01	protein_coding
ENSG00000147905	ZCCHC7	-8.09e-02	8.61e-01	protein_coding
ENSG00000119669	IRF2BPL	 3.27e-01	1.64e-01	protein_coding
ENSG00000273729	AC007686.3	-3.09e-02	9.60e-01	lncRNA
ENSG00000100528	CNIH1	-5.37e-02	8.59e-01	protein_coding
ENSG00000143614	GATAD2B	 2.42e-01	2.69e-01	protein_coding
ENSG00000105429	MEGF8	 6.10e-01	2.99e-03	protein_coding
ENSG00000170265	ZNF282	-7.85e-02	7.78e-01	protein_coding
ENSG00000257727	CNPY2	-2.48e-01	1.39e-01	protein_coding
ENSG00000134686	PHC2	-1.02e-01	7.12e-01	protein_coding
ENSG00000164659	KIAA1324L	-2.34e-01	5.87e-01	protein_coding
ENSG00000023318	ERP44	 5.78e-01	4.54e-03	protein_coding
ENSG00000170260	ZNF212	 1.44e-01	7.10e-01	protein_coding
ENSG00000151093	OXSM	-1.89e-01	5.62e-01	protein_coding
ENSG00000129691	ASH2L	-1.17e-01	6.84e-01	protein_coding
ENSG00000107960	STN1	-3.17e-01	1.84e-01	protein_coding
ENSG00000146350	TBC1D32	 5.09e-02	9.36e-01	protein_coding
ENSG00000203880	PCMTD2	-1.92e-01	5.95e-01	protein_coding
ENSG00000122507	BBS9	-8.52e-02	8.70e-01	protein_coding
ENSG00000135597	REPS1	 6.81e-01	2.54e-02	protein_coding
ENSG00000151092	NGLY1	-1.65e-01	6.93e-01	protein_coding
ENSG00000255529	POLR2M	-1.58e-02	9.75e-01	protein_coding
ENSG00000060762	MPC1	 1.88e-02	9.70e-01	protein_coding
ENSG00000144785	AC073896.1	-9.83e-01	1.67e-03	protein_coding
ENSG00000125611	CHCHD5	 8.19e-02	7.78e-01	protein_coding
ENSG00000213949	ITGA1	-1.63e-01	7.57e-01	protein_coding
ENSG00000175324	LSM1	-6.91e-02	8.73e-01	protein_coding
ENSG00000241313	WWTR1-AS1	 1.55e-01	6.89e-01	lncRNA
ENSG00000140323	DISP2	 2.88e-01	5.06e-01	protein_coding
ENSG00000179918	SEPHS2	-3.64e-01	1.21e-01	protein_coding
ENSG00000135473	PAN2	 4.63e-01	5.76e-02	protein_coding
ENSG00000178773	CPNE7	-3.97e-01	6.70e-02	protein_coding
ENSG00000151465	CDC123	-2.10e-01	3.85e-01	protein_coding
ENSG00000114744	COMMD2	-2.98e-01	2.81e-01	protein_coding
ENSG00000204946	ZNF783	-3.26e-01	1.98e-01	protein_coding
ENSG00000181029	TRAPPC5	-6.39e-01	1.15e-03	protein_coding
ENSG00000111801	BTN3A3	-2.57e-02	9.64e-01	protein_coding
ENSG00000104064	GABPB1	-2.48e-01	3.70e-01	protein_coding
ENSG00000234420	ZNF37BP	-2.10e-01	6.71e-01	transcribed_processed_pseudogene
ENSG00000249437	NAIP	 3.71e-01	2.93e-01	protein_coding
ENSG00000164169	PRMT9	-4.62e-02	9.36e-01	protein_coding
ENSG00000244560	AC004890.2	 3.65e-02	9.57e-01	transcribed_unprocessed_pseudogene
ENSG00000205221	VIT	 1.25e-01	8.19e-01	protein_coding
ENSG00000006606	CCL26	-7.21e-02	8.98e-01	protein_coding
ENSG00000018408	WWTR1	 5.10e-01	1.26e-03	protein_coding
ENSG00000156650	KAT6B	-1.19e-01	8.29e-01	protein_coding
ENSG00000038358	EDC4	 3.30e-01	1.36e-01	protein_coding
ENSG00000116761	CTH	-3.29e-02	9.13e-01	protein_coding
ENSG00000153140	CETN3	-1.15e-01	8.23e-01	protein_coding
ENSG00000164168	TMEM184C	-6.94e-02	8.96e-01	protein_coding
ENSG00000285410	GABPB1-IT1	-2.19e-01	4.40e-01	lncRNA
ENSG00000244879	GABPB1-AS1	-1.47e-01	6.52e-01	lncRNA
ENSG00000178188	SH2B1	 4.56e-01	2.99e-03	protein_coding
ENSG00000104853	CLPTM1	 5.23e-01	4.72e-04	protein_coding
ENSG00000126458	RRAS	-4.05e-01	3.69e-02	protein_coding
ENSG00000196305	IARS	-1.10e-01	5.42e-01	protein_coding
ENSG00000183426	NPIPA1	 1.84e-01	5.98e-01	protein_coding
ENSG00000183458	AC138932.1	 2.38e-01	4.66e-01	transcribed_unprocessed_pseudogene
ENSG00000204396	VWA7	 3.81e-01	3.29e-01	protein_coding
ENSG00000177830	CHID1	-2.02e-02	9.50e-01	protein_coding
ENSG00000100926	TM9SF1	 2.33e-02	9.37e-01	protein_coding
ENSG00000083807	SLC27A5	-5.25e-02	8.85e-01	protein_coding
ENSG00000237753	AC079922.2	 5.71e-02	8.99e-01	lncRNA
ENSG00000107742	SPOCK2	-2.67e-01	5.61e-01	protein_coding
ENSG00000237765	FAM200B	 3.43e-02	9.43e-01	protein_coding
ENSG00000198081	ZBTB14	-3.04e-01	4.45e-01	protein_coding
ENSG00000260669	AL096870.2	 7.15e-02	9.07e-01	lncRNA
ENSG00000165905	LARGE2	 1.80e-01	6.48e-01	protein_coding
ENSG00000187605	TET3	 8.07e-01	2.34e-04	protein_coding
ENSG00000067900	ROCK1	-6.80e-02	9.12e-01	protein_coding
ENSG00000165609	NUDT5	-1.30e-01	5.67e-01	protein_coding
ENSG00000144959	NCEH1	-2.19e-02	9.76e-01	protein_coding
ENSG00000105879	CBLL1	 6.16e-01	3.21e-02	protein_coding
ENSG00000083838	ZNF446	-1.53e-01	6.52e-01	protein_coding
ENSG00000166033	HTRA1	 1.71e-01	5.35e-01	protein_coding
ENSG00000169504	CLIC4	 1.06e-01	7.33e-01	protein_coding
ENSG00000241764	AC002467.1	-2.72e-01	4.78e-01	lncRNA
ENSG00000100578	KIAA0586	 7.34e-02	9.02e-01	protein_coding
ENSG00000062485	CS	 4.79e-01	1.54e-03	protein_coding
ENSG00000107679	PLEKHA1	-2.46e-01	5.31e-01	protein_coding
ENSG00000083812	ZNF324	-1.87e-02	9.67e-01	protein_coding
ENSG00000108666	C17orf75	-3.86e-01	2.17e-01	protein_coding
ENSG00000078304	PPP2R5C	 8.33e-02	8.21e-01	protein_coding
ENSG00000126461	SCAF1	 8.41e-01	2.70e-09	protein_coding
ENSG00000170412	GPRC5C	-2.71e-01	2.62e-01	protein_coding
ENSG00000161217	PCYT1A	-2.83e-01	1.92e-01	protein_coding
ENSG00000152684	PELO	-1.31e-01	5.85e-01	protein_coding
ENSG00000101343	CRNKL1	-4.47e-01	1.63e-01	protein_coding
ENSG00000101104	PABPC1L	-4.35e-01	1.91e-01	protein_coding
ENSG00000079805	DNM2	-1.04e-02	9.81e-01	protein_coding
ENSG00000259582	AC026523.1	-6.83e-02	9.06e-01	lncRNA
ENSG00000279091	AC026523.2	 1.88e-01	6.97e-01	TEC
ENSG00000251209	LINC00923	 1.67e-01	7.18e-01	lncRNA
ENSG00000116005	PCYOX1	-8.79e-02	8.26e-01	protein_coding
ENSG00000148356	LRSAM1	 1.13e-01	7.23e-01	protein_coding
ENSG00000189043	NDUFA4	 4.43e-01	3.03e-03	protein_coding
ENSG00000165915	SLC39A13	-4.72e-01	4.08e-03	protein_coding
ENSG00000171992	SYNPO	 9.32e-01	5.57e-11	protein_coding
ENSG00000020633	RUNX3	 3.33e-01	3.86e-01	protein_coding
ENSG00000198369	SPRED2	 5.13e-01	6.75e-02	protein_coding
ENSG00000121274	TENT4B	-3.15e-02	9.62e-01	protein_coding
ENSG00000099203	TMED1	-4.08e-01	3.93e-02	protein_coding
ENSG00000196693	ZNF33B	 1.67e-01	7.50e-01	protein_coding
ENSG00000186395	KRT10	 1.45e-01	6.23e-01	protein_coding
ENSG00000048052	HDAC9	-1.06e-01	7.30e-01	protein_coding
ENSG00000167920	TMEM99	 1.27e-01	6.25e-01	lncRNA
ENSG00000165650	PDZD8	-6.75e-02	8.81e-01	protein_coding
ENSG00000227268	KLLN	-1.61e-01	7.57e-01	protein_coding
ENSG00000255302	EID1	-1.52e-01	6.25e-01	protein_coding
ENSG00000116685	KIAA2013	-1.52e-01	5.08e-01	protein_coding
ENSG00000158636	EMSY	-7.57e-02	8.49e-01	protein_coding
ENSG00000186185	KIF18B	 3.61e-01	3.77e-02	protein_coding
ENSG00000025772	TOMM34	 1.15e-03	9.97e-01	protein_coding
ENSG00000213123	TCTEX1D2	-2.68e-01	4.55e-01	protein_coding
ENSG00000108433	GOSR2	-1.14e-01	5.63e-01	protein_coding
ENSG00000100109	TFIP11	-2.13e-01	3.59e-01	protein_coding
ENSG00000238120	LINC01589	 6.00e-01	4.96e-02	lncRNA
ENSG00000105229	PIAS4	 2.06e-01	5.35e-01	protein_coding
ENSG00000135046	ANXA1	-4.64e-01	1.40e-01	protein_coding
ENSG00000236751	LINC01186	-2.84e-02	9.66e-01	lncRNA
ENSG00000197563	PIGN	 2.25e-01	6.33e-01	protein_coding
ENSG00000117614	SYF2	 1.13e-02	9.88e-01	protein_coding
ENSG00000170892	TSEN34	-5.55e-01	8.87e-06	protein_coding
ENSG00000240849	TMEM189	 2.76e-01	1.16e-01	protein_coding
ENSG00000049167	ERCC8	-1.04e-01	8.26e-01	protein_coding
ENSG00000204394	VARS	 3.74e-01	9.40e-03	protein_coding
ENSG00000100104	SRRD	-4.05e-01	1.87e-01	protein_coding
ENSG00000103707	MTFMT	-4.35e-01	3.83e-02	protein_coding
ENSG00000143569	UBAP2L	 4.70e-01	1.05e-03	protein_coding
ENSG00000118564	FBXL5	-4.89e-02	8.89e-01	protein_coding
ENSG00000121903	ZSCAN20	-6.49e-01	5.56e-02	protein_coding
ENSG00000244687	UBE2V1	 5.69e-01	1.28e-05	protein_coding
ENSG00000111247	RAD51AP1	 1.15e-01	8.09e-01	protein_coding
ENSG00000182934	SRPRA	 4.00e-01	1.69e-02	protein_coding
ENSG00000130638	ATXN10	 5.61e-02	8.37e-01	protein_coding
ENSG00000115484	CCT4	-1.70e-01	2.99e-01	protein_coding
ENSG00000280383	Z95331.1	 5.02e-01	1.22e-01	lncRNA
ENSG00000173894	CBX2	 1.13e-01	7.30e-01	protein_coding
ENSG00000172830	SSH3	-1.13e-02	9.81e-01	protein_coding
ENSG00000087095	NLK	 1.52e-03	9.97e-01	protein_coding
ENSG00000109736	MFSD10	 2.79e-02	9.32e-01	protein_coding
ENSG00000104907	TRMT1	-2.41e-01	2.21e-01	protein_coding
ENSG00000163349	HIPK1	-6.07e-02	8.75e-01	protein_coding
ENSG00000196497	IPO4	 2.27e-01	2.87e-01	protein_coding
ENSG00000279088	AC022400.8	 2.03e-01	5.71e-01	TEC
ENSG00000138074	SLC5A6	 4.93e-01	1.64e-03	protein_coding
ENSG00000166897	ELFN2	-2.77e-01	5.38e-01	protein_coding
ENSG00000174720	LARP7	 2.48e-02	9.73e-01	protein_coding
ENSG00000061656	SPAG4	 2.77e-01	3.38e-01	protein_coding
ENSG00000125450	NUP85	-1.08e-01	7.18e-01	protein_coding
ENSG00000196372	ASB13	-8.91e-02	7.17e-01	protein_coding
ENSG00000010244	ZNF207	 6.20e-02	8.28e-01	protein_coding
ENSG00000237036	ZEB1-AS1	-9.12e-02	8.75e-01	lncRNA
ENSG00000147121	KRBOX4	-2.47e-01	4.76e-01	protein_coding
ENSG00000143612	C1orf43	-1.83e-01	2.85e-01	protein_coding
ENSG00000100138	SNU13	 1.79e-01	2.79e-01	protein_coding
ENSG00000160877	NACC1	 4.72e-01	6.91e-04	protein_coding
ENSG00000178951	ZBTB7A	 2.42e-01	3.12e-01	protein_coding
ENSG00000162384	CZIB	-1.11e-01	6.27e-01	protein_coding
ENSG00000184208	C22orf46	-1.45e-01	7.58e-01	transcribed_unitary_pseudogene
ENSG00000124208	TMEM189-UBE2V1	 2.05e-01	5.32e-01	protein_coding
ENSG00000144136	SLC20A1	 5.93e-01	3.81e-04	protein_coding
ENSG00000106443	PHF14	 2.74e-01	3.61e-01	protein_coding
ENSG00000215126	CBWD6	 4.59e-01	2.35e-01	protein_coding
ENSG00000197798	FAM118B	 4.87e-01	9.84e-02	protein_coding
ENSG00000167216	KATNAL2	 2.07e-01	6.66e-01	protein_coding
ENSG00000157184	CPT2	-2.71e-02	9.32e-01	protein_coding
ENSG00000082996	RNF13	 3.75e-01	1.63e-01	protein_coding
ENSG00000198796	ALPK2	-4.59e-01	1.90e-02	protein_coding
ENSG00000181555	SETD2	 3.75e-01	7.14e-02	protein_coding
ENSG00000110074	FOXRED1	-5.37e-01	7.36e-06	protein_coding
ENSG00000003989	SLC7A2	-1.76e-01	5.00e-01	protein_coding
ENSG00000153130	SCOC	 1.04e-01	8.58e-01	protein_coding
ENSG00000133488	SEC14L4	 3.95e-01	1.88e-01	protein_coding
ENSG00000134014	ELP3	 6.80e-03	9.85e-01	protein_coding
ENSG00000214717	ZBED1	-3.34e-01	4.35e-01	protein_coding
ENSG00000138658	ZGRF1	 3.72e-01	3.55e-01	protein_coding
ENSG00000273619	AL121832.2	-4.47e-02	9.04e-01	lncRNA
ENSG00000070087	PFN2	 2.51e-01	9.76e-02	protein_coding
ENSG00000167363	FN3K	 5.13e-01	2.04e-02	protein_coding
ENSG00000019144	PHLDB1	 2.35e-01	5.24e-01	protein_coding
ENSG00000141570	CBX8	-4.35e-01	4.95e-02	protein_coding
ENSG00000130707	ASS1	-3.41e-01	2.26e-02	protein_coding
ENSG00000148516	ZEB1	 1.66e-01	7.21e-01	protein_coding
ENSG00000102763	VWA8	-2.76e-02	9.53e-01	protein_coding
ENSG00000279689	AC022400.9	 5.68e-01	6.55e-02	TEC
ENSG00000078043	PIAS2	 2.29e-01	5.20e-01	protein_coding
ENSG00000196968	FUT11	 2.75e-01	2.54e-01	protein_coding
ENSG00000128944	KNSTRN	-2.65e-01	1.42e-01	protein_coding
ENSG00000223773	CD99P1	 4.76e-01	9.36e-02	transcribed_unprocessed_pseudogene
ENSG00000131094	C1QL1	 5.15e-02	8.66e-01	protein_coding
ENSG00000182718	ANXA2	-5.00e-01	7.55e-04	protein_coding
ENSG00000276291	FRG1HP	-5.95e-02	8.97e-01	transcribed_unprocessed_pseudogene
ENSG00000254505	CHMP4A	-1.52e-01	5.30e-01	protein_coding
ENSG00000171858	RPS21	 5.23e-01	7.73e-04	protein_coding
ENSG00000173273	TNKS	-3.25e-01	1.36e-01	protein_coding
ENSG00000118640	VAMP8	-2.78e-01	8.37e-02	protein_coding
ENSG00000110881	ASIC1	 5.43e-01	1.01e-03	protein_coding
ENSG00000198894	CIPC	-3.16e-01	4.43e-01	protein_coding
ENSG00000168899	VAMP5	-5.34e-01	1.71e-02	protein_coding
ENSG00000135365	PHF21A	 5.50e-01	1.27e-02	protein_coding
ENSG00000168894	RNF181	-2.06e-01	2.85e-01	protein_coding
ENSG00000119509	INVS	-2.30e-02	9.62e-01	protein_coding
ENSG00000154114	TBCEL	 5.08e-02	9.11e-01	protein_coding
ENSG00000100764	PSMC1	-3.56e-01	1.63e-01	protein_coding
ENSG00000129559	NEDD8	-2.59e-01	1.46e-01	protein_coding
ENSG00000155666	KDM8	-3.35e-01	3.53e-01	protein_coding
ENSG00000196453	ZNF777	 4.04e-01	4.55e-02	protein_coding
ENSG00000169607	CKAP2L	 3.92e-01	3.38e-01	protein_coding
ENSG00000176986	SEC24C	 5.89e-01	5.18e-06	protein_coding
ENSG00000131591	C1orf159	-9.59e-02	7.79e-01	protein_coding
ENSG00000050748	MAPK9	 4.87e-02	8.88e-01	protein_coding
ENSG00000181220	ZNF746	 4.61e-01	2.23e-02	protein_coding
ENSG00000105427	CNFN	 1.19e-02	9.83e-01	protein_coding
ENSG00000173674	EIF1AX	-5.17e-02	9.04e-01	protein_coding
ENSG00000213920	MDP1	-2.91e-01	1.17e-01	protein_coding
ENSG00000154803	FLCN	 2.00e-01	5.21e-01	protein_coding
ENSG00000167523	SPATA33	 1.48e-01	5.72e-01	protein_coding
ENSG00000119720	NRDE2	-1.96e-01	5.32e-01	protein_coding
ENSG00000179598	PLD6	 1.34e-02	9.80e-01	protein_coding
ENSG00000132432	SEC61G	 4.11e-01	3.29e-02	protein_coding
ENSG00000136891	TEX10	-8.04e-02	8.06e-01	protein_coding
ENSG00000138085	ATRAID	 5.63e-02	8.46e-01	protein_coding
ENSG00000163170	BOLA3	 3.10e-01	2.24e-01	protein_coding
ENSG00000205220	PSMB10	-2.79e-01	3.03e-01	protein_coding
ENSG00000164300	SERINC5	-1.05e-01	8.54e-01	protein_coding
ENSG00000133030	MPRIP	 4.72e-02	8.90e-01	protein_coding
ENSG00000261884	AC040162.1	-2.91e-01	4.74e-01	protein_coding
ENSG00000159792	PSKH1	 4.79e-01	1.67e-02	protein_coding
ENSG00000126934	MAP2K2	-5.70e-02	8.07e-01	protein_coding
ENSG00000131165	CHMP1A	-3.91e-01	1.83e-03	protein_coding
ENSG00000113356	POLR3G	-1.71e-01	6.90e-01	protein_coding
ENSG00000109270	LAMTOR3	-1.31e-01	8.06e-01	protein_coding
ENSG00000171862	PTEN	 6.47e-01	4.42e-03	protein_coding
ENSG00000175505	CLCF1	 2.24e-02	9.72e-01	protein_coding
ENSG00000100347	SAMM50	-2.87e-01	5.07e-02	protein_coding
ENSG00000109625	CPZ	 1.72e-01	6.34e-01	protein_coding
ENSG00000166295	ANAPC16	 3.12e-02	9.10e-01	protein_coding
ENSG00000176055	MBLAC2	 2.85e-02	9.67e-01	protein_coding
ENSG00000136448	NMT1	-3.05e-01	3.19e-02	protein_coding
ENSG00000239828	AC063944.1	-9.16e-03	9.91e-01	lncRNA
ENSG00000198680	TUSC1	-3.39e-01	1.09e-01	protein_coding
ENSG00000100344	PNPLA3	-1.57e-01	5.71e-01	protein_coding
ENSG00000154719	MRPL39	-2.51e-01	5.11e-01	protein_coding
ENSG00000243701	DUBR	 3.42e-01	3.55e-01	lncRNA
ENSG00000178966	RMI1	 3.90e-01	2.78e-01	protein_coding
ENSG00000280434	AL031595.3	 4.07e-01	2.83e-01	lncRNA
ENSG00000256537	SMIM10L1	 9.39e-02	8.03e-01	protein_coding
ENSG00000063244	U2AF2	-1.43e-01	4.15e-01	protein_coding
ENSG00000275778	AC018630.2	-7.27e-02	8.91e-01	protein_coding
ENSG00000175482	POLD4	-8.02e-02	7.32e-01	protein_coding
ENSG00000244405	ETV5	-1.38e-01	7.71e-01	protein_coding
ENSG00000231887	PRH1	 7.00e-01	2.94e-02	protein_coding
ENSG00000088387	DOCK9	-1.07e-01	8.29e-01	protein_coding
ENSG00000147533	GOLGA7	-6.45e-02	8.56e-01	protein_coding
ENSG00000218336	TENM3	-1.04e-01	7.75e-01	protein_coding
ENSG00000198933	TBKBP1	 5.35e-01	1.33e-01	protein_coding
ENSG00000172992	DCAKD	 3.13e-01	3.19e-02	protein_coding
ENSG00000204592	HLA-E	-2.65e-01	8.51e-02	protein_coding
ENSG00000137070	IL11RA	-1.70e-01	6.34e-01	protein_coding
ENSG00000104856	RELB	-8.01e-02	8.16e-01	protein_coding
ENSG00000163754	GYG1	-4.75e-02	8.75e-01	protein_coding
ENSG00000102858	MGRN1	 4.33e-01	2.68e-02	protein_coding
ENSG00000177822	TENM3-AS1	 5.49e-01	7.45e-02	lncRNA
ENSG00000186448	ZNF197	-3.69e-01	2.94e-01	protein_coding
ENSG00000187522	HSPA14	 1.02e-01	8.27e-01	protein_coding
ENSG00000213930	GALT	-1.87e-01	5.32e-01	protein_coding
ENSG00000260442	ATP2A1-AS1	 1.72e-01	5.23e-01	lncRNA
ENSG00000136997	MYC	 4.38e-01	3.98e-04	protein_coding
ENSG00000161714	PLCD3	 6.14e-02	8.57e-01	protein_coding
ENSG00000100147	CCDC134	 2.28e-01	4.81e-01	protein_coding
ENSG00000187735	TCEA1	-2.17e-01	4.68e-01	protein_coding
ENSG00000089123	TASP1	 6.80e-03	9.92e-01	protein_coding
ENSG00000165733	BMS1	-2.47e-01	4.71e-01	protein_coding
ENSG00000284024	HSPA14	 9.60e-02	8.23e-01	protein_coding
ENSG00000138303	ASCC1	-1.67e-01	4.72e-01	protein_coding
ENSG00000248367	AC008610.1	 2.26e-02	9.75e-01	lncRNA
ENSG00000136379	ABHD17C	 2.12e-01	6.07e-01	protein_coding
ENSG00000172531	PPP1CA	-2.79e-01	7.46e-02	protein_coding
ENSG00000181513	ACBD4	-3.28e-01	8.51e-02	protein_coding
ENSG00000072415	MPP5	-4.04e-01	1.67e-01	protein_coding
ENSG00000137106	GRHPR	-3.00e-01	6.91e-02	protein_coding
ENSG00000177548	RABEP2	-4.06e-01	7.22e-02	protein_coding
ENSG00000188677	PARVB	-3.44e-01	4.46e-02	protein_coding
ENSG00000165752	STK32C	-3.03e-01	3.38e-02	protein_coding
ENSG00000185024	BRF1	-6.89e-02	8.64e-01	protein_coding
ENSG00000172613	RAD9A	-1.83e-01	5.45e-01	protein_coding
ENSG00000092140	G2E3	 4.48e-01	2.14e-01	protein_coding
ENSG00000102780	DGKH	-2.70e-01	5.22e-01	protein_coding
ENSG00000133193	FAM104A	-2.42e-02	9.50e-01	protein_coding
ENSG00000099341	PSMD8	-4.90e-01	4.10e-06	protein_coding
ENSG00000184985	SORCS2	 2.15e-01	5.79e-01	protein_coding
ENSG00000100554	ATP6V1D	-2.63e-01	3.59e-01	protein_coding
ENSG00000114796	KLHL24	-4.87e-03	9.92e-01	protein_coding
ENSG00000085415	SEH1L	-1.81e-01	4.73e-01	protein_coding
ENSG00000213553	RPLP0P6	 1.34e-02	9.86e-01	processed_pseudogene
ENSG00000187240	DYNC2H1	 5.06e-01	1.32e-01	protein_coding
ENSG00000086589	RBM22	 1.51e-01	4.92e-01	protein_coding
ENSG00000166685	COG1	 1.58e-01	5.44e-01	protein_coding
ENSG00000112763	BTN2A1	 5.46e-02	9.02e-01	protein_coding
ENSG00000169981	ZNF35	 1.06e-01	8.48e-01	protein_coding
ENSG00000224046	AC005076.1	-2.20e-01	6.15e-01	lncRNA
ENSG00000213904	LIPE-AS1	 2.99e-01	5.00e-01	lncRNA
ENSG00000117899	MESD	-9.89e-02	7.01e-01	protein_coding
ENSG00000125864	BFSP1	-2.92e-01	4.60e-01	protein_coding
ENSG00000174574	AKIRIN1	 2.03e-01	5.02e-01	protein_coding
ENSG00000133393	FOPNL	 8.68e-02	8.52e-01	protein_coding
ENSG00000141219	C17orf80	 1.54e-01	7.66e-01	protein_coding
ENSG00000135185	TMEM243	 3.47e-02	9.44e-01	protein_coding
ENSG00000108021	TASOR2	-2.12e-01	5.62e-01	protein_coding
ENSG00000005486	RHBDD2	 3.84e-01	1.55e-02	protein_coding
ENSG00000272447	AL135925.1	-3.02e-02	9.58e-01	lncRNA
ENSG00000196526	AFAP1	 2.21e-01	3.47e-01	protein_coding
ENSG00000079435	LIPE	 4.47e-01	7.12e-02	protein_coding
ENSG00000187186	AL162231.1	 2.39e-01	4.16e-01	protein_coding
ENSG00000006025	AC003665.1	-1.60e-01	7.32e-01	protein_coding
ENSG00000172175	MALT1	-7.60e-01	8.01e-05	protein_coding
ENSG00000251192	ZNF674	-1.66e-02	9.81e-01	protein_coding
ENSG00000225484	NUTM2B-AS1	 1.78e-01	6.46e-01	lncRNA
ENSG00000197415	VEPH1	-3.59e-01	3.87e-01	protein_coding
ENSG00000083444	PLOD1	 1.87e-01	2.78e-01	protein_coding
ENSG00000227232	WASH7P	-8.38e-02	8.75e-01	unprocessed_pseudogene
ENSG00000100139	MICALL1	 2.04e-01	5.43e-01	protein_coding
ENSG00000196296	ATP2A1	-8.22e-02	8.92e-01	protein_coding
ENSG00000172731	LRRC20	 8.17e-03	9.83e-01	protein_coding
ENSG00000143977	SNRPG	 4.57e-01	4.50e-03	protein_coding
ENSG00000063245	EPN1	 3.89e-01	1.60e-02	protein_coding
ENSG00000156256	USP16	-4.20e-01	2.69e-01	protein_coding
ENSG00000249859	PVT1	 5.56e-02	8.64e-01	lncRNA
ENSG00000100503	NIN	-1.04e-01	8.25e-01	protein_coding
ENSG00000143995	MEIS1	-1.90e-01	5.63e-01	protein_coding
ENSG00000197045	GMFB	-1.96e-01	6.25e-01	protein_coding
ENSG00000182325	FBXL6	-4.53e-02	8.88e-01	protein_coding
ENSG00000184719	RNLS	 3.87e-02	9.43e-01	protein_coding
ENSG00000184068	SREBF2-AS1	-1.37e-01	7.89e-01	lncRNA
ENSG00000277149	TYW1B	-2.00e-01	6.84e-01	protein_coding
ENSG00000168653	NDUFS5	 1.81e-02	9.62e-01	protein_coding
ENSG00000121281	ADCY7	 4.80e-02	9.39e-01	protein_coding
ENSG00000174744	BRMS1	-6.70e-01	8.06e-06	protein_coding
ENSG00000174953	DHX36	 3.82e-01	3.43e-01	protein_coding
ENSG00000179364	PACS2	-1.17e-02	9.77e-01	protein_coding
ENSG00000137575	SDCBP	-1.89e-01	4.54e-01	protein_coding
ENSG00000172586	CHCHD1	-6.94e-02	8.34e-01	protein_coding
ENSG00000035141	FAM136A	-1.41e-01	4.73e-01	protein_coding
ENSG00000174791	RIN1	 1.66e-01	5.18e-01	protein_coding
ENSG00000131459	GFPT2	 3.49e-02	9.52e-01	protein_coding
ENSG00000198911	SREBF2	 3.99e-01	1.84e-03	protein_coding
ENSG00000134698	AGO4	-2.44e-01	5.87e-01	protein_coding
ENSG00000120159	CAAP1	-4.88e-01	3.45e-02	protein_coding
ENSG00000132155	RAF1	 1.90e-01	3.02e-01	protein_coding
ENSG00000164031	DNAJB14	 2.56e-01	5.84e-01	protein_coding
ENSG00000184887	BTBD6	-3.15e-01	8.10e-02	protein_coding
ENSG00000148730	EIF4EBP2	 4.42e-01	5.50e-02	protein_coding
ENSG00000096063	SRPK1	 1.37e-01	7.07e-01	protein_coding
ENSG00000198042	MAK16	-1.12e-01	8.23e-01	protein_coding
ENSG00000129696	TTI2	-2.21e-01	2.09e-01	protein_coding
ENSG00000160190	SLC37A1	 1.01e-01	8.41e-01	protein_coding
ENSG00000117305	HMGCL	-5.30e-01	1.16e-04	protein_coding
ENSG00000185803	SLC52A2	-2.23e-01	2.14e-01	protein_coding
ENSG00000136521	NDUFB5	-7.60e-02	8.01e-01	protein_coding
ENSG00000136436	CALCOCO2	-6.87e-02	8.88e-01	protein_coding
ENSG00000172728	FUT10	 1.26e-02	9.81e-01	protein_coding
ENSG00000108469	RECQL5	 2.85e-01	1.76e-01	protein_coding
ENSG00000166164	BRD7	 1.12e-02	9.81e-01	protein_coding
ENSG00000075975	MKRN2	-2.16e-01	2.89e-01	protein_coding
ENSG00000125354	SEPT6	-1.95e-02	9.58e-01	protein_coding
ENSG00000002586	CD99	 2.77e-01	2.34e-01	protein_coding
ENSG00000259818	AL606760.3	 1.16e-01	8.39e-01	lncRNA
ENSG00000107719	PALD1	 4.60e-02	9.04e-01	protein_coding
ENSG00000179163	FUCA1	 1.32e-01	6.89e-01	protein_coding
ENSG00000173163	COMMD1	-1.60e-01	4.96e-01	protein_coding
ENSG00000227398	KIF9-AS1	 1.98e-01	6.94e-01	lncRNA
ENSG00000114648	KLHL18	 4.67e-01	5.22e-02	protein_coding
ENSG00000197506	SLC28A3	 1.13e-01	8.17e-01	protein_coding
ENSG00000034152	MAP2K3	 6.13e-01	2.17e-04	protein_coding
ENSG00000249673	NOP14-AS1	 1.81e-01	6.42e-01	lncRNA
ENSG00000087269	NOP14	 1.54e-01	5.31e-01	protein_coding
ENSG00000226754	AL606760.1	 4.62e-02	9.43e-01	lncRNA
ENSG00000189266	PNRC2	-2.74e-01	4.27e-01	protein_coding
ENSG00000165916	PSMC3	-6.95e-01	3.43e-08	protein_coding
ENSG00000136111	TBC1D4	-2.21e-01	4.58e-01	protein_coding
ENSG00000162385	MAGOH	 5.25e-02	8.95e-01	protein_coding
ENSG00000158042	MRPL17	-2.57e-01	1.46e-01	protein_coding
ENSG00000204576	PRR3	 2.79e-01	1.70e-01	protein_coding
ENSG00000171222	SCAND1	-2.15e-01	3.55e-01	protein_coding
ENSG00000154727	GABPA	-9.78e-02	8.59e-01	protein_coding
ENSG00000149646	CNBD2	-2.11e-02	9.73e-01	protein_coding
ENSG00000065320	NTN1	 4.27e-01	1.11e-01	protein_coding
ENSG00000214655	ZSWIM8	 1.99e-01	5.69e-01	protein_coding
ENSG00000111665	CDCA3	-1.04e-01	7.09e-01	protein_coding
ENSG00000154743	TSEN2	-1.57e-01	6.25e-01	protein_coding
ENSG00000164182	NDUFAF2	-1.67e-02	9.61e-01	protein_coding
ENSG00000230844	ZNF674-AS1	 2.28e-01	5.19e-01	lncRNA
ENSG00000147119	CHST7	-2.35e-01	3.86e-01	protein_coding
ENSG00000130159	ECSIT	-2.79e-01	1.77e-01	protein_coding
ENSG00000204590	GNL1	-6.29e-01	2.23e-05	protein_coding
ENSG00000100532	CGRRF1	 7.92e-02	8.96e-01	protein_coding
ENSG00000168487	BMP1	 3.43e-01	1.33e-02	protein_coding
ENSG00000214212	C19orf38	 2.61e-02	9.70e-01	protein_coding
ENSG00000154723	ATP5PF	 4.06e-02	9.02e-01	protein_coding
ENSG00000198783	ZNF830	-4.91e-01	2.86e-02	protein_coding
ENSG00000010810	FYN	 4.81e-04	9.99e-01	protein_coding
ENSG00000104859	CLASRP	 1.15e-01	6.63e-01	protein_coding
ENSG00000161914	ZNF653	 1.30e-01	7.47e-01	protein_coding
ENSG00000107560	RAB11FIP2	-1.50e-01	7.70e-01	protein_coding
ENSG00000266714	MYO15B	-5.57e-01	1.25e-01	protein_coding
ENSG00000249042	AC008771.1	-1.31e-01	6.92e-01	lncRNA
ENSG00000135506	OS9	 1.56e-01	5.02e-01	protein_coding
ENSG00000166507	NDST2	-2.58e-01	3.80e-01	protein_coding
ENSG00000129422	MTUS1	 1.70e-01	4.83e-01	protein_coding
ENSG00000066117	SMARCD1	 3.34e-01	5.68e-02	protein_coding
ENSG00000136830	FAM129B	 9.85e-02	6.59e-01	protein_coding
ENSG00000188529	SRSF10	 5.57e-02	8.77e-01	protein_coding
ENSG00000088727	KIF9	-1.77e-01	6.53e-01	protein_coding
ENSG00000073111	MCM2	-1.61e-01	4.34e-01	protein_coding
ENSG00000157193	LRP8	 1.80e-01	5.63e-01	protein_coding
ENSG00000221978	CCNL2	 1.03e-02	9.78e-01	protein_coding
ENSG00000092847	AGO1	 4.64e-01	1.16e-02	protein_coding
ENSG00000065923	SLC9A7	-9.26e-02	8.47e-01	protein_coding
ENSG00000174684	B4GAT1	 1.99e-01	3.05e-01	protein_coding
ENSG00000153048	CARHSP1	-2.92e-01	4.08e-02	protein_coding
ENSG00000198918	RPL39	 9.27e-01	8.71e-08	protein_coding
ENSG00000164032	H2AFZ	-2.44e-01	2.38e-01	protein_coding
ENSG00000104915	STX10	-5.17e-01	1.73e-03	protein_coding
ENSG00000188064	WNT7B	 2.35e-02	9.49e-01	protein_coding
ENSG00000133624	ZNF767P	-3.53e-01	3.57e-01	transcribed_unprocessed_pseudogene
ENSG00000149679	CABLES2	 4.98e-01	9.91e-02	protein_coding
ENSG00000166224	SGPL1	-2.04e-03	9.97e-01	protein_coding
ENSG00000184857	TMEM186	-8.25e-02	7.88e-01	protein_coding
ENSG00000005156	LIG3	 7.73e-02	7.83e-01	protein_coding
ENSG00000225648	SBDSP1	-2.66e-01	3.66e-01	transcribed_unprocessed_pseudogene
ENSG00000160172	FAM86C2P	-3.20e-01	3.97e-01	transcribed_unprocessed_pseudogene
ENSG00000127914	AKAP9	 4.60e-02	9.32e-01	protein_coding
ENSG00000010803	SCMH1	 8.02e-01	5.42e-08	protein_coding
ENSG00000170340	B3GNT2	-2.21e-01	5.66e-01	protein_coding
ENSG00000039319	ZFYVE16	 1.04e-01	8.59e-01	protein_coding
ENSG00000140650	PMM2	 4.94e-02	8.84e-01	protein_coding
ENSG00000026297	RNASET2	-2.18e-01	4.96e-01	protein_coding
ENSG00000185324	CDK10	-2.12e-01	3.03e-01	protein_coding
ENSG00000100697	DICER1	 3.88e-01	2.59e-01	protein_coding
ENSG00000005339	CREBBP	 1.08e-01	7.04e-01	protein_coding
ENSG00000244968	LIFR-AS1	-3.44e-02	9.44e-01	lncRNA
ENSG00000143889	HNRNPLL	-2.17e-01	3.51e-01	protein_coding
ENSG00000196821	C6orf106	 3.92e-01	7.46e-03	protein_coding
ENSG00000272288	AL451165.2	 4.52e-01	1.77e-01	lncRNA
ENSG00000235706	DICER1-AS1	 1.55e-01	7.10e-01	lncRNA
ENSG00000235560	AC002310.1	 2.40e-01	5.58e-01	lncRNA
ENSG00000184500	PROS1	-5.66e-01	1.11e-01	protein_coding
ENSG00000137055	PLAA	-2.63e-01	4.10e-01	protein_coding
ENSG00000235272	RAMACL	-4.07e-01	2.95e-01	protein_coding
ENSG00000169951	ZNF764	 7.49e-02	8.64e-01	protein_coding
ENSG00000104213	PDGFRL	-1.97e-02	9.51e-01	protein_coding
ENSG00000169957	ZNF768	-1.11e-01	6.72e-01	protein_coding
ENSG00000165806	CASP7	-8.21e-02	8.41e-01	protein_coding
ENSG00000174669	SLC29A2	 3.75e-01	2.78e-02	protein_coding
ENSG00000100142	POLR2F	-1.95e-01	2.11e-01	protein_coding
ENSG00000020577	SAMD4A	 3.65e-02	9.57e-01	protein_coding
ENSG00000186918	ZNF395	 2.78e-01	4.58e-01	protein_coding
ENSG00000169955	ZNF747	 4.95e-02	9.04e-01	protein_coding
ENSG00000113594	LIFR	 1.18e-01	6.91e-01	protein_coding
ENSG00000188725	SMIM15	-3.59e-01	2.61e-01	protein_coding
ENSG00000103502	CDIPT	-2.16e-02	9.46e-01	protein_coding
ENSG00000088808	PPP1R13B	 2.56e-01	5.62e-01	protein_coding
ENSG00000105926	MPP6	 2.82e-01	3.04e-01	protein_coding
ENSG00000115808	STRN	-2.99e-01	4.64e-01	protein_coding
ENSG00000130558	OLFM1	 8.51e-02	7.29e-01	protein_coding
ENSG00000090470	PDCD7	 1.12e-01	6.93e-01	protein_coding
ENSG00000107164	FUBP3	-4.81e-02	9.02e-01	protein_coding
ENSG00000091140	DLD	-3.81e-01	2.78e-01	protein_coding
ENSG00000119574	ZBTB45	 4.05e-01	7.28e-02	protein_coding
ENSG00000170310	STX8	-1.27e-01	7.29e-01	protein_coding
ENSG00000214050	FBXO16	-1.95e-02	9.77e-01	protein_coding
ENSG00000135164	DMTF1	-1.46e-01	7.61e-01	protein_coding
ENSG00000129187	DCTD	 1.29e-01	5.86e-01	protein_coding
ENSG00000169826	CSGALNACT2	 4.07e-03	9.96e-01	protein_coding
ENSG00000008869	HEATR5B	 1.99e-01	5.64e-01	protein_coding
ENSG00000113300	CNOT6	-1.94e-01	6.10e-01	protein_coding
ENSG00000261188	Z95115.1	 1.01e-01	8.59e-01	lncRNA
ENSG00000100711	ZFYVE21	-3.81e-01	7.16e-02	protein_coding
ENSG00000145736	GTF2H2	 4.86e-02	9.28e-01	protein_coding
ENSG00000091136	LAMB1	 3.74e-02	9.01e-01	protein_coding
ENSG00000196313	POM121	 1.13e+00	1.38e-18	protein_coding
ENSG00000133619	KRBA1	-1.81e-01	6.99e-01	protein_coding
ENSG00000165434	PGM2L1	-5.16e-01	1.01e-01	protein_coding
ENSG00000074266	EED	-5.58e-02	9.01e-01	protein_coding
ENSG00000170889	RPS9	-3.20e-01	8.51e-02	protein_coding
ENSG00000182253	SYNM	-2.18e-01	5.44e-01	protein_coding
ENSG00000106133	NSUN5P2	-4.16e-02	9.26e-01	transcribed_unprocessed_pseudogene
ENSG00000280096	AC015967.2	 1.53e-01	7.77e-01	TEC
ENSG00000260032	NORAD	-5.81e-02	7.89e-01	lncRNA
ENSG00000185379	RAD51D	-5.05e-01	1.05e-02	protein_coding
ENSG00000171174	RBKS	-3.27e-01	2.52e-01	protein_coding
ENSG00000182952	HMGN4	-7.11e-02	8.67e-01	protein_coding
ENSG00000137831	UACA	 7.65e-03	9.92e-01	protein_coding
ENSG00000146109	ABT1	-2.89e-01	7.75e-02	protein_coding
ENSG00000198915	RASGEF1A	 1.18e-01	7.54e-01	protein_coding
ENSG00000165699	TSC1	 3.65e-02	9.21e-01	protein_coding
ENSG00000248323	LUCAT1	 3.37e-01	3.58e-01	lncRNA
ENSG00000167967	E4F1	-4.46e-01	3.69e-03	protein_coding
ENSG00000128294	TPST2	-3.30e-01	2.33e-01	protein_coding
ENSG00000166974	MAPRE2	-1.97e-01	5.28e-01	protein_coding
ENSG00000148498	PARD3	-1.43e-01	5.90e-01	protein_coding
ENSG00000068903	SIRT2	 7.34e-02	7.57e-01	protein_coding
ENSG00000127616	SMARCA4	 7.67e-01	8.52e-11	protein_coding
ENSG00000280670	CCDC163	 3.31e-01	3.49e-01	protein_coding
ENSG00000158019	BABAM2	 2.78e-01	1.09e-01	protein_coding
ENSG00000229809	ZNF688	-2.71e-01	2.04e-01	protein_coding
ENSG00000058056	USP13	-2.04e-01	3.98e-01	protein_coding
ENSG00000197162	ZNF785	 2.45e-01	5.95e-01	protein_coding
ENSG00000052126	PLEKHA5	-5.44e-02	9.07e-01	protein_coding
ENSG00000110651	CD81	 4.71e-01	5.47e-05	protein_coding
ENSG00000168101	NUDT16L1	-4.75e-01	7.93e-03	protein_coding
ENSG00000011451	WIZ	 7.87e-01	1.26e-05	protein_coding
ENSG00000251359	WWC2-AS2	 4.00e-02	9.43e-01	lncRNA
ENSG00000225439	BOLA3-AS1	 4.51e-01	1.89e-01	lncRNA
ENSG00000071794	HLTF	-2.14e-01	6.12e-01	protein_coding
ENSG00000122417	ODF2L	-4.19e-02	9.50e-01	protein_coding
ENSG00000156853	ZNF689	 9.32e-02	7.76e-01	protein_coding
ENSG00000140443	IGF1R	 2.77e-01	2.28e-01	protein_coding
ENSG00000114978	MOB1A	-2.13e-01	2.73e-01	protein_coding
ENSG00000126070	AGO3	-2.66e-01	3.02e-01	protein_coding
ENSG00000198805	PNP	-4.26e-01	3.23e-04	protein_coding
ENSG00000142733	MAP3K6	 3.82e-01	1.47e-01	protein_coding
ENSG00000135045	C9orf40	-2.49e-01	2.58e-01	protein_coding
ENSG00000153933	DGKE	 2.94e-02	9.64e-01	protein_coding
ENSG00000273145	BX537318.1	 9.99e-02	8.60e-01	lncRNA
ENSG00000214226	C17orf67	-1.43e-01	7.93e-01	protein_coding
ENSG00000231711	LINC00899	-2.92e-01	4.14e-01	lncRNA
ENSG00000134900	TPP2	-4.86e-01	6.05e-02	protein_coding
ENSG00000169814	BTD	-1.91e-01	4.14e-01	protein_coding
ENSG00000135452	TSPAN31	 8.12e-02	8.18e-01	protein_coding
ENSG00000156017	CARNMT1	-1.73e-01	7.06e-01	protein_coding
ENSG00000241990	PRR34-AS1	 2.58e-01	4.73e-01	lncRNA
ENSG00000122691	TWIST1	-3.82e-01	1.19e-01	protein_coding
ENSG00000107438	PDLIM1	 3.58e-01	4.84e-03	protein_coding
ENSG00000235159	AL121672.2	 9.00e-01	2.69e-04	lncRNA
ENSG00000170734	POLH	 1.25e-01	7.34e-01	protein_coding
ENSG00000121060	TRIM25	 3.18e-01	1.14e-01	protein_coding
ENSG00000197182	MIRLET7BHG	-9.80e-02	7.77e-01	lncRNA
ENSG00000132485	ZRANB2	-2.58e-01	4.86e-01	protein_coding
ENSG00000172432	GTPBP2	-1.08e-01	7.19e-01	protein_coding
ENSG00000101247	NDUFAF5	-2.99e-01	1.84e-01	protein_coding
ENSG00000141449	GREB1L	-1.62e-01	6.22e-01	protein_coding
ENSG00000243147	MRPL33	 5.38e-01	3.30e-03	protein_coding
ENSG00000109084	TMEM97	 1.04e-01	6.86e-01	protein_coding
ENSG00000135446	CDK4	-2.22e-01	1.92e-01	protein_coding
ENSG00000109083	IFT20	-2.12e-01	4.02e-01	protein_coding
ENSG00000142453	CARM1	 5.45e-01	6.56e-05	protein_coding
ENSG00000132912	DCTN4	 5.45e-02	8.91e-01	protein_coding
ENSG00000168883	USP39	-9.75e-02	6.85e-01	protein_coding
ENSG00000100290	BIK	 1.61e-02	9.82e-01	protein_coding
ENSG00000110057	UNC93B1	-2.66e-01	1.87e-01	protein_coding
ENSG00000138668	HNRNPD	 4.25e-01	3.25e-03	protein_coding
ENSG00000255737	AGAP2-AS1	-2.36e-01	1.77e-01	lncRNA
ENSG00000189077	TMEM120A	-1.10e-01	6.91e-01	protein_coding
ENSG00000139266	MARCH9	 2.58e-01	4.09e-01	protein_coding
ENSG00000269386	RAB11B-AS1	 6.85e-02	8.70e-01	lncRNA
ENSG00000148814	LRRC27	-2.81e-01	3.70e-01	protein_coding
ENSG00000272677	AC124016.1	-1.84e-01	7.10e-01	lncRNA
ENSG00000163872	YEATS2	 4.94e-02	9.05e-01	protein_coding
ENSG00000166228	PCBD1	 9.45e-02	7.10e-01	protein_coding
ENSG00000032389	EIPR1	-4.05e-01	9.19e-04	protein_coding
ENSG00000179604	CDC42EP4	 4.08e-01	7.60e-03	protein_coding
ENSG00000130733	YIPF2	-3.68e-01	5.32e-02	protein_coding
ENSG00000104825	NFKBIB	-2.71e-01	6.51e-02	protein_coding
ENSG00000164758	MED30	 4.43e-02	9.23e-01	protein_coding
ENSG00000092871	RFFL	-2.07e-01	6.12e-01	protein_coding
ENSG00000185236	RAB11B	 6.24e-01	6.12e-06	protein_coding
ENSG00000100294	MCAT	-4.72e-01	2.90e-04	protein_coding
ENSG00000142102	PGGHG	-2.59e-01	3.98e-01	protein_coding
ENSG00000161904	LEMD2	-1.57e-01	5.39e-01	protein_coding
ENSG00000178035	IMPDH2	-4.25e-01	1.49e-03	protein_coding
ENSG00000159202	UBE2Z	 1.86e-01	2.84e-01	protein_coding
ENSG00000131979	GCH1	-1.92e-01	6.05e-01	protein_coding
ENSG00000058600	POLR3E	-3.19e-01	1.23e-01	protein_coding
ENSG00000158792	SPATA2L	-5.86e-01	8.20e-03	protein_coding
ENSG00000169379	ARL13B	-1.99e-01	6.56e-01	protein_coding
ENSG00000106479	ZNF862	 4.10e-01	3.03e-01	protein_coding
ENSG00000085721	RRN3	-2.58e-01	3.73e-01	protein_coding
ENSG00000103222	ABCC1	 3.06e-01	1.67e-01	protein_coding
ENSG00000250251	PKD1P6	-3.96e-01	2.82e-01	transcribed_unprocessed_pseudogene
ENSG00000127948	POR	 1.28e-01	5.56e-01	protein_coding
ENSG00000106692	FKTN	-5.24e-02	9.29e-01	protein_coding
ENSG00000169188	APEX2	 4.04e-02	8.66e-01	protein_coding
ENSG00000232956	SNHG15	-3.74e-02	8.92e-01	lncRNA
ENSG00000250320	AC113383.1	-3.41e-01	2.55e-01	lncRNA
ENSG00000085788	DDHD2	-8.90e-02	7.80e-01	protein_coding
ENSG00000106829	TLE4	 2.67e-02	9.60e-01	protein_coding
ENSG00000100239	PPP6R2	-1.06e-02	9.77e-01	protein_coding
ENSG00000145781	COMMD10	-1.58e-03	9.98e-01	protein_coding
ENSG00000164176	EDIL3	 1.80e-01	3.69e-01	protein_coding
ENSG00000271918	AC034236.2	 1.69e-01	6.99e-01	lncRNA
ENSG00000159199	ATP5MC1	-6.68e-02	7.87e-01	protein_coding
ENSG00000110171	TRIM3	 1.41e-01	7.07e-01	protein_coding
ENSG00000124067	SLC12A4	 2.66e-01	2.33e-01	protein_coding
ENSG00000131373	HACL1	-4.28e-01	1.33e-02	protein_coding
ENSG00000075399	VPS9D1	 2.75e-01	3.21e-01	protein_coding
ENSG00000106701	FSD1L	-3.46e-01	4.15e-01	protein_coding
ENSG00000168769	TET2	-4.86e-01	1.81e-01	protein_coding
ENSG00000178694	NSUN3	-2.42e-01	6.03e-01	protein_coding
ENSG00000168890	TMEM150A	 1.87e-01	6.18e-01	protein_coding
ENSG00000109929	SC5D	-2.70e-01	5.32e-01	protein_coding
ENSG00000237595	LINC01275	-1.27e-02	9.86e-01	lncRNA
ENSG00000100162	CENPM	-2.45e-01	2.74e-01	protein_coding
ENSG00000134001	EIF2S1	-1.54e-01	4.90e-01	protein_coding
ENSG00000109180	OCIAD1	 2.09e-01	4.98e-01	protein_coding
ENSG00000138592	USP8	 3.24e-01	2.17e-01	protein_coding
ENSG00000171853	TRAPPC12	-2.05e-01	4.37e-01	protein_coding
ENSG00000171813	PWWP2B	-3.00e-01	1.76e-01	protein_coding
ENSG00000132763	MMACHC	 3.02e-01	1.48e-01	protein_coding
ENSG00000184185	KCNJ12	 6.85e-02	8.81e-01	protein_coding
ENSG00000186814	ZSCAN30	-3.94e-01	3.33e-01	protein_coding
ENSG00000117450	PRDX1	-2.78e-01	5.64e-02	protein_coding
ENSG00000168887	C2orf68	-2.81e-02	9.24e-01	protein_coding
ENSG00000114346	ECT2	 3.00e-01	3.32e-01	protein_coding
ENSG00000152217	SETBP1	-5.52e-01	8.66e-03	protein_coding
ENSG00000182197	EXT1	 3.49e-01	1.36e-01	protein_coding
ENSG00000231742	LINC01273	 7.56e-02	8.68e-01	lncRNA
ENSG00000186812	ZNF397	-6.09e-05	1.00e+00	protein_coding
ENSG00000167588	GPD1	-4.62e-01	2.31e-01	protein_coding
ENSG00000251474	RPL32P3	-5.49e-01	1.00e-01	transcribed_unprocessed_pseudogene
ENSG00000130713	EXOSC2	-4.00e-01	2.52e-03	protein_coding
ENSG00000205659	LIN52	 6.53e-02	8.96e-01	protein_coding
ENSG00000167461	RAB8A	 1.53e-01	4.07e-01	protein_coding
ENSG00000100241	SBF1	 9.53e-02	7.77e-01	protein_coding
ENSG00000116649	SRM	 3.12e-01	1.77e-01	protein_coding
ENSG00000025156	HSF2	 3.05e-01	4.11e-01	protein_coding
ENSG00000141582	CBX4	 1.69e-01	4.76e-01	protein_coding
ENSG00000172216	CEBPB	 3.31e-01	7.09e-02	protein_coding
ENSG00000100300	TSPO	-3.86e-01	1.49e-02	protein_coding
ENSG00000267598	AC011446.2	 3.51e-01	4.01e-01	lncRNA
ENSG00000160888	IER2	 2.46e-01	2.59e-01	protein_coding
ENSG00000189343	RPS2P46	-2.08e-01	6.69e-01	processed_pseudogene
ENSG00000147535	PLPP5	-4.11e-02	9.26e-01	protein_coding
ENSG00000125445	MRPS7	-5.82e-02	8.37e-01	protein_coding
ENSG00000185201	IFITM2	-1.11e-02	9.73e-01	protein_coding
ENSG00000107186	MPDZ	-6.92e-02	9.02e-01	protein_coding
ENSG00000175806	MSRA	 3.60e-01	2.68e-02	protein_coding
ENSG00000272853	AC069544.1	-1.67e-01	7.45e-01	lncRNA
ENSG00000156052	GNAQ	-5.94e-02	8.95e-01	protein_coding
ENSG00000185885	IFITM1	 1.99e-01	3.36e-01	protein_coding
ENSG00000147536	GINS4	-8.98e-02	7.87e-01	protein_coding
ENSG00000104290	FZD3	-5.84e-02	9.15e-01	protein_coding
ENSG00000272092	AC087623.2	 1.99e-01	6.87e-01	lncRNA
ENSG00000150433	TMEM218	-2.07e-01	4.75e-01	protein_coding
ENSG00000130449	ZSWIM6	 1.55e-01	6.23e-01	protein_coding
ENSG00000196422	PPP1R26	-1.89e-01	6.22e-01	protein_coding
ENSG00000066697	MSANTD3	 4.61e-02	8.96e-01	protein_coding
ENSG00000110367	DDX6	-1.74e-01	5.82e-01	protein_coding
ENSG00000187741	FANCA	 6.05e-02	8.64e-01	protein_coding
ENSG00000158669	GPAT4	 1.26e-01	6.51e-01	protein_coding
ENSG00000147799	ARHGAP39	 3.44e-01	3.06e-01	protein_coding
ENSG00000205704	LINC00634	 3.35e-01	4.35e-01	protein_coding
ENSG00000278376	AP004609.3	 8.58e-01	4.42e-03	lncRNA
ENSG00000242485	MRPL20	-9.32e-02	6.77e-01	protein_coding
ENSG00000224870	MRPL20-AS1	-2.99e-01	2.46e-01	lncRNA
ENSG00000166833	NAV2	-5.01e-02	8.88e-01	protein_coding
ENSG00000114439	BBX	-1.41e-01	6.49e-01	protein_coding
ENSG00000167088	SNRPD1	 1.86e-02	9.69e-01	protein_coding
ENSG00000188243	COMMD6	 7.07e-01	4.58e-04	protein_coding
ENSG00000008294	SPAG9	-2.34e-01	3.66e-01	protein_coding
ENSG00000261373	VPS9D1-AS1	 5.36e-01	5.68e-02	lncRNA
ENSG00000149054	ZNF215	 3.75e-02	9.50e-01	protein_coding
ENSG00000080345	RIF1	-1.40e-01	6.85e-01	protein_coding
ENSG00000204392	LSM2	 2.69e-01	2.11e-01	protein_coding
ENSG00000111897	SERINC1	-8.01e-02	8.48e-01	protein_coding
ENSG00000165959	CLMN	 1.81e-03	9.97e-01	protein_coding
ENSG00000141577	CEP131	 5.43e-02	8.59e-01	protein_coding
ENSG00000099785	MARCH2	-1.58e-01	6.12e-01	protein_coding
ENSG00000102218	RP2	 1.10e-01	8.14e-01	protein_coding
ENSG00000162396	PARS2	 2.30e-01	3.84e-01	protein_coding
ENSG00000138593	SECISBP2L	 2.46e-01	5.93e-01	protein_coding
ENSG00000158805	ZNF276	-2.96e-01	2.83e-01	protein_coding
ENSG00000105849	TWISTNB	-1.13e-01	8.40e-01	protein_coding
ENSG00000231925	TAPBP	 8.41e-01	3.87e-11	protein_coding
ENSG00000181315	ZNF322	-3.14e-01	4.65e-01	protein_coding
ENSG00000007047	MARK4	 5.32e-01	7.97e-02	protein_coding
ENSG00000159111	MRPL10	 2.88e-01	1.20e-01	protein_coding
ENSG00000133678	TMEM254	 6.81e-02	8.73e-01	protein_coding
ENSG00000105928	GSDME	-2.65e-01	9.66e-02	protein_coding
ENSG00000103994	ZNF106	 3.51e-01	3.26e-01	protein_coding
ENSG00000057608	GDI2	-1.80e-01	2.58e-01	protein_coding
ENSG00000141994	DUS3L	-3.10e-01	1.72e-01	protein_coding
ENSG00000166855	CLPX	-2.96e-01	1.97e-01	protein_coding
ENSG00000272764	AL596094.1	-9.83e-02	8.62e-01	lncRNA
ENSG00000179889	PDXDC1	 8.78e-02	6.90e-01	protein_coding
ENSG00000172534	HCFC1	 1.22e+00	4.72e-21	protein_coding
ENSG00000171130	ATP6V0E2	 5.13e-02	8.37e-01	protein_coding
ENSG00000001630	CYP51A1	 1.87e-02	9.50e-01	protein_coding
ENSG00000256235	SMIM3	 1.11e-01	8.46e-01	protein_coding
ENSG00000147548	NSD3	-2.27e-01	4.94e-01	protein_coding
ENSG00000125447	GGA3	-5.52e-02	8.87e-01	protein_coding
ENSG00000138617	PARP16	 5.57e-01	5.89e-03	protein_coding
ENSG00000001629	ANKIB1	 6.28e-02	8.84e-01	protein_coding
ENSG00000177189	RPS6KA3	-6.11e-01	4.82e-02	protein_coding
ENSG00000204934	ATP6V0E2-AS1	 1.80e-01	6.24e-01	lncRNA
ENSG00000180834	MAP6D1	-2.77e-02	9.67e-01	protein_coding
ENSG00000177508	IRX3	 4.79e-01	1.04e-01	protein_coding
ENSG00000181061	HIGD1A	 3.16e-02	9.40e-01	protein_coding
ENSG00000001631	KRIT1	 3.23e-01	3.70e-01	protein_coding
ENSG00000157107	FCHO2	 1.86e-01	6.77e-01	protein_coding
ENSG00000170684	ZNF296	 7.00e-01	1.16e-02	protein_coding
ENSG00000142252	GEMIN7	-2.38e-02	9.39e-01	protein_coding
ENSG00000106733	NMRK1	-1.82e-02	9.76e-01	protein_coding
ENSG00000212123	PRR22	 3.30e-01	3.67e-01	protein_coding
ENSG00000179387	ELMOD2	 1.94e-01	6.99e-01	protein_coding
ENSG00000102221	JADE3	-3.14e-02	9.48e-01	protein_coding
ENSG00000175193	PARL	-2.61e-01	1.09e-01	protein_coding
ENSG00000189114	BLOC1S3	 3.94e-01	9.43e-02	protein_coding
ENSG00000168795	ZBTB5	 5.82e-01	1.11e-02	protein_coding
ENSG00000134049	IER3IP1	 1.71e-01	5.82e-01	protein_coding
ENSG00000139624	CERS5	-7.59e-02	7.84e-01	protein_coding
ENSG00000123427	EEF1AKMT3	 1.38e-01	7.71e-01	protein_coding
ENSG00000251661	AC136475.1	 2.24e-01	6.36e-01	lncRNA
ENSG00000204389	HSPA1A	 4.58e-03	9.88e-01	protein_coding
ENSG00000142089	IFITM3	 2.21e-01	2.38e-01	protein_coding
ENSG00000114631	PODXL2	-2.40e-01	1.81e-01	protein_coding
ENSG00000175536	LIPT2	-1.43e-01	7.04e-01	protein_coding
ENSG00000007255	TRAPPC6A	-5.12e-01	2.98e-03	protein_coding
ENSG00000154914	USP43	 1.65e-02	9.77e-01	protein_coding
ENSG00000203999	LINC01270	-1.93e-02	9.66e-01	lncRNA
ENSG00000204388	HSPA1B	-1.25e-02	9.69e-01	protein_coding
ENSG00000104866	PPP1R37	-2.85e-01	1.77e-01	protein_coding
ENSG00000167220	HDHD2	-1.89e-01	6.59e-01	protein_coding
ENSG00000157045	NTAN1	-1.06e-01	7.95e-01	protein_coding
ENSG00000077463	SIRT6	-3.98e-01	1.66e-02	protein_coding
ENSG00000077514	POLD3	 1.26e-01	7.46e-01	protein_coding
ENSG00000212719	C17orf51	 3.86e-01	2.33e-01	lncRNA
ENSG00000071205	ARHGAP10	 1.66e-03	9.97e-01	protein_coding
ENSG00000178449	COX14	-4.96e-03	9.89e-01	protein_coding
ENSG00000111012	CYP27B1	 3.89e-01	3.01e-01	protein_coding
ENSG00000120992	LYPLA1	 2.94e-01	3.04e-01	protein_coding
ENSG00000267228	AC012254.2	-7.14e-02	9.07e-01	protein_coding
ENSG00000196396	PTPN1	 3.36e-01	5.92e-02	protein_coding
ENSG00000177854	TMEM187	-3.09e-01	1.80e-01	protein_coding
ENSG00000125356	NDUFA1	 4.46e-01	3.43e-03	protein_coding
ENSG00000241860	AL627309.5	 4.54e-01	1.00e-01	lncRNA
ENSG00000125352	RNF113A	-2.39e-01	3.29e-01	protein_coding
ENSG00000197081	IGF2R	 5.97e-01	5.98e-03	protein_coding
ENSG00000178585	CTNNBIP1	-9.72e-02	7.65e-01	protein_coding
ENSG00000186951	PPARA	 1.70e-01	6.96e-01	protein_coding
ENSG00000140950	MEAK7	-4.12e-01	5.22e-02	protein_coding
ENSG00000125457	MIF4GD	-3.22e-01	1.22e-01	protein_coding
ENSG00000100304	TTLL12	 1.76e-01	3.38e-01	protein_coding
ENSG00000279457	WASH9P	-4.48e-01	1.44e-01	unprocessed_pseudogene
ENSG00000124562	SNRPC	-4.70e-03	9.90e-01	protein_coding
ENSG00000204387	C6orf48	 4.68e-02	8.70e-01	lncRNA
ENSG00000130726	TRIM28	 1.39e-01	5.05e-01	protein_coding
ENSG00000257122	RRN3P3	-1.56e-01	7.61e-01	transcribed_unprocessed_pseudogene
ENSG00000133874	RNF122	 4.29e-01	1.29e-01	protein_coding
ENSG00000213614	HEXA	-1.52e-02	9.68e-01	protein_coding
ENSG00000237296	SMG1P1	 1.67e-01	6.14e-01	transcribed_unprocessed_pseudogene
ENSG00000178425	NT5DC1	 1.28e-01	7.67e-01	protein_coding
ENSG00000103187	COTL1	 2.24e-01	2.34e-01	protein_coding
ENSG00000237094	AL732372.2	 2.17e-01	6.27e-01	transcribed_unprocessed_pseudogene
ENSG00000100065	CARD10	-2.68e-01	1.70e-01	protein_coding
ENSG00000135686	KLHL36	 8.42e-02	8.38e-01	protein_coding
ENSG00000167962	ZNF598	 2.75e-01	3.14e-01	protein_coding
ENSG00000183020	AP2A2	-3.06e-02	9.22e-01	protein_coding
ENSG00000140406	TLNRD1	 3.85e-01	9.88e-02	protein_coding
ENSG00000247828	TMEM161B-AS1	-1.98e-03	9.97e-01	lncRNA
ENSG00000179222	MAGED1	 5.10e-01	2.75e-04	protein_coding
ENSG00000140743	AC092338.1	-3.66e-01	3.03e-01	protein_coding
ENSG00000137817	PARP6	 7.44e-02	7.83e-01	protein_coding
ENSG00000101882	NKAP	-2.51e-01	5.68e-01	protein_coding
ENSG00000123297	TSFM	-5.37e-01	2.08e-05	protein_coding
ENSG00000182704	TSKU	 5.16e-01	7.51e-04	protein_coding
ENSG00000167291	TBC1D16	-4.24e-02	9.26e-01	protein_coding
ENSG00000001167	NFYA	-3.02e-01	2.73e-01	protein_coding
ENSG00000169045	HNRNPH1	-9.82e-03	9.76e-01	protein_coding
ENSG00000099783	HNRNPM	-1.35e-01	4.45e-01	protein_coding
ENSG00000037897	METTL1	-1.75e-01	5.59e-01	protein_coding
ENSG00000188559	RALGAPA2	 8.49e-03	9.91e-01	protein_coding
ENSG00000243716	NPIPB5	 5.32e-01	4.92e-02	protein_coding
ENSG00000235408	SNORA71B	 4.54e-01	2.40e-01	snoRNA
ENSG00000198218	QRICH1	 5.47e-01	6.47e-05	protein_coding
ENSG00000196756	SNHG17	 2.49e-01	1.47e-01	lncRNA
ENSG00000204843	DCTN1	 1.92e-01	2.40e-01	protein_coding
ENSG00000130244	FAM98C	-5.55e-01	6.63e-04	protein_coding
ENSG00000125388	GRK4	 5.35e-02	9.33e-01	protein_coding
ENSG00000134313	KIDINS220	 4.76e-01	2.04e-01	protein_coding
ENSG00000124596	OARD1	 3.86e-02	9.37e-01	protein_coding
ENSG00000188693	CYP51A1-AS1	 2.98e-01	4.98e-01	lncRNA
ENSG00000158201	ABHD3	 7.16e-02	8.39e-01	protein_coding
ENSG00000107829	FBXW4	 3.42e-02	9.15e-01	protein_coding
ENSG00000151718	WWC2	 1.54e-01	6.75e-01	protein_coding
ENSG00000104419	NDRG1	 1.80e-01	4.82e-01	protein_coding
ENSG00000198246	SLC29A3	 3.21e-01	3.00e-01	protein_coding
ENSG00000169813	HNRNPF	-3.50e-01	1.90e-02	protein_coding
ENSG00000164180	TMEM161B	 3.77e-01	2.35e-01	protein_coding
ENSG00000145908	ZNF300	-7.06e-02	8.91e-01	protein_coding
ENSG00000065613	SLK	-1.73e-01	7.24e-01	protein_coding
ENSG00000145911	N4BP3	-8.43e-02	8.65e-01	protein_coding
ENSG00000101109	STK4	-2.90e-02	9.50e-01	protein_coding
ENSG00000137714	FDX1	-3.30e-01	2.47e-01	protein_coding
ENSG00000230555	AL450326.1	 2.45e-01	6.05e-01	lncRNA
ENSG00000204060	FOXO6	 2.34e-01	5.83e-01	protein_coding
ENSG00000114626	ABTB1	-2.93e-01	2.40e-01	protein_coding
ENSG00000137054	POLR1E	-1.92e-01	3.30e-01	protein_coding
ENSG00000139154	AEBP2	 4.44e-01	5.81e-02	protein_coding
ENSG00000184216	IRAK1	-2.15e-01	3.76e-01	protein_coding
ENSG00000116688	MFN2	 1.84e-01	3.88e-01	protein_coding
ENSG00000106538	RARRES2	-1.73e-01	5.71e-01	protein_coding
ENSG00000136280	CCM2	-2.32e-01	3.40e-01	protein_coding
ENSG00000065911	MTHFD2	 1.96e-02	9.46e-01	protein_coding
ENSG00000146247	PHIP	-4.95e-02	8.96e-01	protein_coding
ENSG00000230337	EXOSC10-AS1	 1.17e-01	8.06e-01	lncRNA
ENSG00000126822	PLEKHG3	 9.63e-02	7.12e-01	protein_coding
ENSG00000127399	LRRC61	-1.69e-01	3.75e-01	protein_coding
ENSG00000205643	CDPF1	-1.82e-01	4.76e-01	protein_coding
ENSG00000074657	ZNF532	-8.22e-02	8.89e-01	protein_coding
ENSG00000198554	WDHD1	-1.89e-01	5.21e-01	protein_coding
ENSG00000106526	ACTR3C	 9.71e-02	8.41e-01	protein_coding
ENSG00000169189	NSMCE1	-1.39e-01	4.80e-01	protein_coding
ENSG00000188707	ZBED6CL	 1.55e-01	7.09e-01	protein_coding
ENSG00000152795	HNRNPDL	-1.36e-02	9.71e-01	protein_coding
ENSG00000006534	ALDH3B1	-4.37e-02	8.43e-01	protein_coding
ENSG00000163104	SMARCAD1	-2.03e-01	6.34e-01	protein_coding
ENSG00000167604	AD000864.1	-1.99e-01	6.15e-01	protein_coding
ENSG00000116641	DOCK7	 1.04e-01	8.40e-01	protein_coding
ENSG00000245888	NSMCE1-DT	 1.08e-01	8.53e-01	lncRNA
ENSG00000181773	GPR3	 2.84e-01	4.88e-01	protein_coding
ENSG00000138134	STAMBPL1	-6.75e-02	8.83e-01	protein_coding
ENSG00000117569	PTBP2	 1.47e-01	7.14e-01	protein_coding
ENSG00000143575	HAX1	-3.92e-01	4.70e-03	protein_coding
ENSG00000262185	AC005736.1	 3.82e-01	1.79e-01	lncRNA
ENSG00000184281	TSSC4	-6.03e-01	4.75e-04	protein_coding
ENSG00000243660	ZNF487	 1.67e-03	9.98e-01	protein_coding
ENSG00000173614	NMNAT1	 5.59e-03	9.94e-01	protein_coding
ENSG00000129028	THAP10	 1.55e-01	7.64e-01	protein_coding
ENSG00000139180	NDUFA9	-2.89e-01	8.13e-02	protein_coding
ENSG00000204574	ABCF1	 1.85e-01	3.61e-01	protein_coding
ENSG00000109079	TNFAIP1	 1.52e-01	5.40e-01	protein_coding
ENSG00000184465	WDR27	-9.81e-02	7.93e-01	protein_coding
ENSG00000128928	IVD	-1.60e-01	5.12e-01	protein_coding
ENSG00000171824	EXOSC10	 2.49e-01	2.44e-01	protein_coding
ENSG00000214022	REPIN1	 2.70e-01	7.94e-02	protein_coding
ENSG00000162441	LZIC	-1.26e-02	9.80e-01	protein_coding
ENSG00000141519	CCDC40	-5.06e-01	1.20e-01	protein_coding
ENSG00000156411	ATP5MPL	 4.40e-01	1.69e-02	protein_coding
ENSG00000177570	SAMD12	-5.40e-02	9.18e-01	protein_coding
ENSG00000214756	CSKMT	 7.35e-01	1.42e-04	protein_coding
ENSG00000152455	SUV39H2	-2.36e-01	5.31e-01	protein_coding
ENSG00000004142	POLDIP2	-1.83e-01	2.31e-01	protein_coding
ENSG00000196456	ZNF775	-9.25e-02	8.38e-01	protein_coding
ENSG00000204922	UQCC3	-2.76e-01	1.44e-01	protein_coding
ENSG00000117448	AKR1A1	-4.38e-01	3.60e-04	protein_coding
ENSG00000070182	SPTB	-1.59e-02	9.69e-01	protein_coding
ENSG00000140931	CMTM3	-3.66e-02	9.57e-01	protein_coding
ENSG00000175591	P2RY2	-7.56e-02	8.77e-01	protein_coding
ENSG00000197323	TRIM33	-7.98e-02	8.89e-01	protein_coding
ENSG00000135636	DYSF	 3.34e-01	2.57e-01	protein_coding
ENSG00000160908	ZNF394	-2.44e-01	3.79e-01	protein_coding
ENSG00000162194	LBHD1	-1.44e-01	6.41e-01	protein_coding
ENSG00000260339	HEXA-AS1	 1.57e-01	7.68e-01	lncRNA
ENSG00000197355	UAP1L1	 2.83e-01	2.09e-01	protein_coding
ENSG00000247796	AC008966.1	-2.40e-02	9.73e-01	lncRNA
ENSG00000171914	TLN2	-2.12e-01	5.99e-01	protein_coding
ENSG00000241549	GUSBP2	 3.92e-02	9.36e-01	transcribed_unprocessed_pseudogene
ENSG00000010219	DYRK4	 8.79e-02	8.75e-01	protein_coding
ENSG00000128283	CDC42EP1	 6.49e-01	8.10e-07	protein_coding
ENSG00000104899	AMH	 3.29e-01	4.37e-01	protein_coding
ENSG00000185085	INTS5	 5.44e-01	8.54e-05	protein_coding
ENSG00000215630	GUSBP9	-1.85e-01	5.11e-01	unprocessed_pseudogene
ENSG00000278615	C11orf98	-1.83e-01	3.53e-01	protein_coding
ENSG00000109436	TBC1D9	-5.07e-01	8.39e-02	protein_coding
ENSG00000097007	ABL1	 8.07e-01	5.98e-07	protein_coding
ENSG00000162104	ADCY9	 5.45e-01	1.73e-03	protein_coding
ENSG00000196652	ZKSCAN5	-3.01e-01	2.94e-01	protein_coding
ENSG00000260236	AC099778.1	 3.40e-01	3.85e-01	lncRNA
ENSG00000121058	COIL	-2.41e-02	9.69e-01	protein_coding
ENSG00000136153	LMO7	 6.64e-02	8.97e-01	protein_coding
ENSG00000152133	GPATCH11	-2.89e-01	5.22e-01	protein_coding
ENSG00000068383	INPP5A	 1.94e-01	4.13e-01	protein_coding
ENSG00000042062	RIPOR3	 5.49e-02	9.05e-01	protein_coding
ENSG00000198556	ZNF789	 1.79e-02	9.75e-01	protein_coding
ENSG00000093167	LRRFIP2	 2.28e-01	4.51e-01	protein_coding
ENSG00000163541	SUCLG1	-4.63e-01	2.48e-04	protein_coding
ENSG00000137821	LRRC49	-8.24e-02	8.85e-01	protein_coding
ENSG00000271780	AL118558.3	-1.87e-01	6.12e-01	lncRNA
ENSG00000168490	PHYHIP	-3.09e-02	9.19e-01	protein_coding
ENSG00000139083	ETV6	 7.76e-04	9.99e-01	protein_coding
ENSG00000163755	HPS3	-1.07e-01	8.29e-01	protein_coding
ENSG00000158195	WASF2	 7.31e-01	1.51e-09	protein_coding
ENSG00000163162	RNF149	 2.00e-01	3.88e-01	protein_coding
ENSG00000204116	CHIC1	 6.44e-02	9.16e-01	protein_coding
ENSG00000169083	AR	-2.72e-01	4.90e-01	protein_coding
ENSG00000145916	RMND5B	-1.82e-01	3.86e-01	protein_coding
ENSG00000164172	MOCS2	 1.62e-01	5.58e-01	protein_coding
ENSG00000142534	RPS11	 1.92e-01	3.33e-01	protein_coding
ENSG00000175899	A2M	-1.49e-02	9.66e-01	protein_coding
ENSG00000197386	HTT	 5.13e-01	1.57e-02	protein_coding
ENSG00000143390	RFX5	-1.72e-01	3.05e-01	protein_coding
ENSG00000088367	EPB41L1	 3.11e-01	1.72e-01	protein_coding
ENSG00000106400	ZNHIT1	-1.48e-01	5.28e-01	protein_coding
ENSG00000245694	CRNDE	 2.64e-01	3.66e-01	lncRNA
ENSG00000026103	FAS	-1.24e-01	8.26e-01	protein_coding
ENSG00000145912	NHP2	-8.86e-02	6.91e-01	protein_coding
ENSG00000165495	PKNOX2	 4.23e-01	2.83e-01	protein_coding
ENSG00000064995	TAF11	-1.41e-01	5.85e-01	protein_coding
ENSG00000167969	ECI1	-6.05e-01	8.41e-04	protein_coding
ENSG00000148444	COMMD3	-5.73e-02	8.48e-01	protein_coding
ENSG00000106397	PLOD3	 6.66e-01	2.76e-08	protein_coding
ENSG00000118939	UCHL3	 5.16e-02	9.01e-01	protein_coding
ENSG00000138018	SELENOI	-8.47e-02	8.25e-01	protein_coding
ENSG00000196793	ZNF239	-1.61e-01	7.54e-01	protein_coding
ENSG00000110717	NDUFS8	-2.87e-02	9.37e-01	protein_coding
ENSG00000237976	AL391069.2	 2.98e-01	5.05e-01	lncRNA
ENSG00000151287	TEX30	-1.72e-01	6.84e-01	protein_coding
ENSG00000181019	NQO1	-3.57e-01	8.19e-03	protein_coding
ENSG00000176842	IRX5	 3.69e-01	2.87e-01	protein_coding
ENSG00000173567	ADGRF3	-8.27e-03	9.92e-01	protein_coding
ENSG00000143515	ATP8B2	 7.43e-01	3.91e-04	protein_coding
ENSG00000055332	EIF2AK2	-5.11e-01	7.09e-02	protein_coding
ENSG00000147912	FBXO10	-3.56e-01	3.75e-01	protein_coding
ENSG00000065060	UHRF1BP1	 1.84e-01	4.09e-01	protein_coding
ENSG00000214274	ANG	-7.53e-02	8.68e-01	protein_coding
ENSG00000182518	FAM104B	 1.68e-01	5.61e-01	protein_coding
ENSG00000107371	EXOSC3	-1.19e-01	7.13e-01	protein_coding
ENSG00000130332	LSM7	-1.36e-01	5.98e-01	protein_coding
ENSG00000185436	IFNLR1	 2.47e-01	5.63e-01	protein_coding
ENSG00000125637	PSD4	-1.74e-01	7.19e-01	protein_coding
ENSG00000059378	PARP12	 8.88e-02	8.17e-01	protein_coding
ENSG00000108384	RAD51C	-1.14e-01	7.74e-01	protein_coding
ENSG00000185222	TCEAL9	-2.05e-01	6.68e-01	protein_coding
ENSG00000166173	LARP6	 4.94e-02	8.75e-01	protein_coding
ENSG00000005206	SPPL2B	-2.66e-03	9.96e-01	protein_coding
ENSG00000166246	C16orf71	 4.10e-03	9.96e-01	protein_coding
ENSG00000122696	SLC25A51	 3.90e-01	1.87e-01	protein_coding
ENSG00000096384	HSP90AB1	-5.14e-02	8.18e-01	protein_coding
ENSG00000173137	ADCK5	-5.69e-01	2.08e-02	protein_coding
ENSG00000166681	BEX3	-1.37e-01	4.88e-01	protein_coding
ENSG00000172572	PDE3A	 3.09e-03	9.93e-01	protein_coding
ENSG00000122741	DCAF10	 3.08e-01	3.75e-01	protein_coding
ENSG00000103199	ZNF500	 1.22e-01	7.87e-01	protein_coding
ENSG00000116752	BCAS2	-1.67e-03	9.97e-01	protein_coding
ENSG00000103852	TTC23	 2.83e-01	3.60e-01	protein_coding
ENSG00000171943	SRGAP2C	 1.94e-02	9.77e-01	protein_coding
ENSG00000106460	TMEM106B	 1.29e-01	7.41e-01	protein_coding
ENSG00000165275	TRMT10B	 8.50e-02	8.88e-01	protein_coding
ENSG00000071894	CPSF1	 1.09e-01	6.48e-01	protein_coding
ENSG00000281091	AL606763.1	-9.42e-02	8.71e-01	lncRNA
ENSG00000141295	SCRN2	-7.28e-01	2.69e-06	protein_coding
ENSG00000188610	FAM72B	 3.89e-01	3.15e-01	protein_coding
ENSG00000103194	USP10	 1.86e-01	4.45e-01	protein_coding
ENSG00000160712	IL6R	-5.22e-02	9.11e-01	protein_coding
ENSG00000126705	AHDC1	 3.99e-01	1.96e-01	protein_coding
ENSG00000183723	CMTM4	 1.58e-02	9.75e-01	protein_coding
ENSG00000107796	ACTA2	 1.57e-01	7.23e-01	protein_coding
ENSG00000255517	AP002748.3	 4.82e-02	9.18e-01	lncRNA
ENSG00000168096	ANKS3	-3.94e-01	1.26e-01	protein_coding
ENSG00000171631	P2RY6	 1.30e-01	4.35e-01	protein_coding
ENSG00000079482	OPHN1	 2.94e-01	5.02e-01	protein_coding
ENSG00000104904	OAZ1	-1.03e-01	6.77e-01	protein_coding
ENSG00000050405	LIMA1	 1.23e-01	7.59e-01	protein_coding
ENSG00000168283	BMI1	 4.25e-01	1.90e-01	protein_coding
ENSG00000168517	HEXIM2	-4.22e-01	1.87e-02	protein_coding
ENSG00000280832	GSEC	-2.26e-02	9.72e-01	lncRNA
ENSG00000267288	AC138150.2	 1.20e-02	9.84e-01	lncRNA
ENSG00000186834	HEXIM1	 5.12e-02	9.07e-01	protein_coding
ENSG00000276728	AC142472.1	 8.62e-02	8.21e-01	lncRNA
ENSG00000152457	DCLRE1C	 1.23e-01	7.93e-01	protein_coding
ENSG00000133142	TCEAL4	-1.88e-01	5.44e-01	protein_coding
ENSG00000107338	SHB	-6.31e-02	8.81e-01	protein_coding
ENSG00000078124	ACER3	 1.07e-01	8.27e-01	protein_coding
ENSG00000175768	TOMM5	 7.44e-02	8.22e-01	protein_coding
ENSG00000174516	PELI3	-3.40e-02	9.44e-01	protein_coding
ENSG00000260231	KDM7A-DT	 2.15e-01	6.36e-01	lncRNA
ENSG00000035681	NSMAF	-4.28e-02	9.18e-01	protein_coding
ENSG00000110063	DCPS	-7.70e-02	7.59e-01	protein_coding
ENSG00000167476	JSRP1	 1.98e-01	6.82e-01	protein_coding
ENSG00000177383	MAGEF1	-3.83e-01	3.97e-02	protein_coding
ENSG00000150455	TIRAP	 2.36e-01	5.58e-01	protein_coding
ENSG00000175215	CTDSP2	 3.67e-01	2.86e-02	protein_coding
ENSG00000141101	NOB1	-2.43e-01	1.95e-01	protein_coding
ENSG00000048405	ZNF800	 3.42e-02	9.54e-01	protein_coding
ENSG00000146386	ABRACL	 7.97e-02	8.70e-01	protein_coding
ENSG00000133321	RARRES3	-1.47e-01	7.83e-01	protein_coding
ENSG00000100029	PES1	-2.79e-01	4.56e-02	protein_coding
ENSG00000130724	CHMP2A	-4.28e-01	1.52e-04	protein_coding
ENSG00000106404	CLDN15	 7.52e-01	1.36e-02	protein_coding
ENSG00000130720	FIBCD1	 6.69e-02	8.41e-01	protein_coding
ENSG00000174547	MRPL11	-4.45e-01	1.53e-03	protein_coding
ENSG00000103196	CRISPLD2	 4.98e-01	1.43e-01	protein_coding
ENSG00000172465	TCEAL1	-2.85e-01	2.25e-01	protein_coding
ENSG00000204356	NELFE	-4.52e-01	1.46e-03	protein_coding
ENSG00000174165	ZDHHC24	 4.28e-03	9.90e-01	protein_coding
ENSG00000112406	HECA	-5.14e-02	9.32e-01	protein_coding
ENSG00000196507	TCEAL3	-2.83e-01	4.86e-01	protein_coding
ENSG00000156414	TDRD9	-1.53e-01	6.19e-01	protein_coding
ENSG00000164442	CITED2	 3.95e-01	2.17e-02	protein_coding
ENSG00000268996	MAN1B1-DT	 5.53e-02	8.75e-01	lncRNA
ENSG00000198000	NOL8	 4.99e-01	6.10e-02	protein_coding
ENSG00000156261	CCT8	-3.02e-01	2.82e-01	protein_coding
ENSG00000166896	ATP23	 2.31e-01	6.03e-01	protein_coding
ENSG00000204758	AC008429.1	 3.42e-01	3.18e-01	lncRNA
ENSG00000197102	DYNC1H1	 1.12e-02	9.75e-01	protein_coding
ENSG00000077238	IL4R	 5.17e-01	5.14e-02	protein_coding
ENSG00000172345	STARD5	-1.76e-01	7.20e-01	protein_coding
ENSG00000097033	SH3GLB1	-5.80e-02	8.90e-01	protein_coding
ENSG00000134461	ANKRD16	-4.12e-01	8.72e-02	protein_coding
ENSG00000257698	GIHCG	-6.66e-02	8.92e-01	lncRNA
ENSG00000124155	PIGT	 5.49e-01	7.40e-05	protein_coding
ENSG00000254093	PINX1	-4.28e-01	1.26e-02	protein_coding
ENSG00000102078	SLC25A14	 2.40e-02	9.72e-01	protein_coding
ENSG00000124107	SLPI	 2.20e-01	4.11e-01	protein_coding
ENSG00000037241	RPL26L1	-1.45e-01	5.64e-01	protein_coding
ENSG00000135535	CD164	 2.00e-01	5.07e-01	protein_coding
ENSG00000128245	YWHAH	-2.79e-02	9.23e-01	protein_coding
ENSG00000167377	ZNF23	-1.08e-01	8.50e-01	protein_coding
ENSG00000174365	SNHG11	-2.00e-01	3.07e-01	lncRNA
ENSG00000111424	VDR	 4.38e-01	5.47e-02	protein_coding
ENSG00000154556	SORBS2	 2.53e-01	2.12e-01	protein_coding
ENSG00000171204	TMEM126B	-6.06e-02	8.90e-01	protein_coding
ENSG00000182628	SKA2	 2.20e-01	6.22e-01	protein_coding
ENSG00000181704	YIPF6	-1.74e-01	5.34e-01	protein_coding
ENSG00000214253	FIS1	-3.15e-01	1.26e-01	protein_coding
ENSG00000110031	LPXN	 2.20e-02	9.73e-01	protein_coding
ENSG00000108395	TRIM37	-2.49e-02	9.54e-01	protein_coding
ENSG00000163960	UBXN7	-1.07e-01	8.01e-01	protein_coding
ENSG00000197343	ZNF655	 2.13e-01	4.08e-01	protein_coding
ENSG00000183291	SELENOF	 1.02e-01	7.30e-01	protein_coding
ENSG00000204351	SKIV2L	-3.02e-02	9.36e-01	protein_coding
ENSG00000122140	MRPS2	 7.94e-02	7.14e-01	protein_coding
ENSG00000132286	TIMM10B	-1.68e-01	5.10e-01	protein_coding
ENSG00000187189	TSPYL4	 8.07e-01	7.83e-05	protein_coding
ENSG00000254531	AP001816.1	-4.30e-01	1.40e-01	lncRNA
ENSG00000157429	ZNF19	 4.73e-01	2.14e-01	protein_coding
ENSG00000204991	SPIRE2	-2.25e-01	2.91e-01	protein_coding
ENSG00000221909	FAM200A	 1.10e-01	8.49e-01	protein_coding
ENSG00000160345	C9orf116	 1.04e-01	7.53e-01	protein_coding
ENSG00000169057	MECP2	-1.05e-01	7.78e-01	protein_coding
ENSG00000113441	LNPEP	-6.85e-02	8.52e-01	protein_coding
ENSG00000254986	DPP3	-2.47e-01	1.97e-01	protein_coding
ENSG00000075234	TTC38	-9.77e-02	7.30e-01	protein_coding
ENSG00000130725	UBE2M	 1.82e-02	9.60e-01	protein_coding
ENSG00000177239	MAN1B1	 4.36e-03	9.89e-01	protein_coding
ENSG00000198815	FOXJ3	 3.52e-01	2.23e-01	protein_coding
ENSG00000162627	SNX7	-2.76e-02	9.62e-01	protein_coding
ENSG00000198947	DMD	-2.26e-01	3.11e-01	protein_coding
ENSG00000132254	ARFIP2	-4.72e-01	3.80e-05	protein_coding
ENSG00000138814	PPP3CA	 5.46e-03	9.94e-01	protein_coding
ENSG00000135720	DYNC1LI2	-1.76e-01	5.91e-01	protein_coding
ENSG00000119688	ABCD4	-2.04e-01	4.73e-01	protein_coding
ENSG00000163807	KIAA1143	-2.30e-01	6.30e-01	protein_coding
ENSG00000138459	SLC35A5	-3.00e-01	4.95e-01	protein_coding
ENSG00000204568	MRPS18B	-3.63e-01	1.08e-02	protein_coding
ENSG00000224738	AC099850.1	-1.81e-01	7.02e-01	lncRNA
ENSG00000254872	AC139749.1	 2.37e-02	9.67e-01	lncRNA
ENSG00000179532	DNHD1	 3.27e-01	3.33e-01	protein_coding
ENSG00000100504	PYGL	-1.46e-01	4.07e-01	protein_coding
ENSG00000176485	PLA2G16	-3.69e-01	6.20e-03	protein_coding
ENSG00000272583	AL592494.2	 6.06e-02	9.14e-01	lncRNA
ENSG00000116691	MIIP	-3.27e-01	1.07e-01	protein_coding
ENSG00000070018	LRP6	-1.04e-01	7.70e-01	protein_coding
ENSG00000263105	AC009171.2	-2.50e-01	5.82e-01	lncRNA
ENSG00000095209	TMEM38B	 5.40e-01	8.08e-02	protein_coding
ENSG00000123562	MORF4L2	-2.61e-01	2.93e-01	protein_coding
ENSG00000189223	PAX8-AS1	 6.06e-03	9.93e-01	lncRNA
ENSG00000204569	PPP1R10	 3.61e-01	2.64e-02	protein_coding
ENSG00000186660	ZFP91	 2.95e-01	3.92e-01	protein_coding
ENSG00000171298	GAA	 5.40e-01	1.03e-04	protein_coding
ENSG00000100151	PICK1	-3.97e-01	7.34e-03	protein_coding
ENSG00000056736	IL17RB	-5.37e-02	9.16e-01	protein_coding
ENSG00000144848	ATG3	-2.67e-01	2.76e-01	protein_coding
ENSG00000115041	KCNIP3	-1.09e-01	8.30e-01	protein_coding
ENSG00000255073	ZFP91-CNTF	-1.07e+00	5.01e-04	protein_coding
ENSG00000183801	OLFML1	 2.23e-01	4.88e-01	protein_coding
ENSG00000232445	AC006329.1	-1.44e-01	7.66e-01	lncRNA
ENSG00000136732	GYPC	-2.27e-01	1.31e-01	protein_coding
ENSG00000129680	MAP7D3	 3.86e-01	3.44e-01	protein_coding
ENSG00000124635	HIST1H2BJ	-7.10e-02	8.64e-01	protein_coding
ENSG00000130052	STARD8	 4.42e-01	4.28e-02	protein_coding
ENSG00000113732	ATP6V0E1	 2.18e-02	9.47e-01	protein_coding
ENSG00000153786	ZDHHC7	 2.55e-01	2.65e-01	protein_coding
ENSG00000128581	IFT22	-1.04e-01	7.14e-01	protein_coding
ENSG00000184743	ATL3	-3.78e-01	1.46e-02	protein_coding
ENSG00000083799	CYLD	 5.23e-02	9.18e-01	protein_coding
ENSG00000124171	PARD6B	 1.09e-01	8.37e-01	protein_coding
ENSG00000124688	MAD2L1BP	-3.45e-01	8.12e-02	protein_coding
ENSG00000105058	FAM32A	-3.90e-01	7.40e-03	protein_coding
ENSG00000197586	ENTPD6	-1.64e-01	4.56e-01	protein_coding
ENSG00000247121	AC009126.1	 8.76e-02	8.56e-01	lncRNA
ENSG00000138777	PPA2	-1.48e-01	5.71e-01	protein_coding
ENSG00000140598	EFL1	 1.64e-01	7.13e-01	protein_coding
ENSG00000280161	AC022413.1	-1.10e-01	8.41e-01	TEC
ENSG00000165322	ARHGAP12	-1.41e-01	6.73e-01	protein_coding
ENSG00000131446	MGAT1	-8.47e-02	7.23e-01	protein_coding
ENSG00000139131	YARS2	-3.82e-01	2.85e-02	protein_coding
ENSG00000145623	OSMR	 4.03e-01	4.80e-02	protein_coding
ENSG00000173230	GOLGB1	 6.03e-01	2.54e-02	protein_coding
ENSG00000128165	ADM2	 5.41e-01	3.48e-02	protein_coding
ENSG00000153936	HS2ST1	-1.97e-01	6.69e-01	protein_coding
ENSG00000174483	BBS1	 2.93e-01	1.58e-01	protein_coding
ENSG00000147676	MAL2	-2.09e-01	4.53e-01	protein_coding
ENSG00000196268	ZNF493	 1.49e-01	7.74e-01	protein_coding
ENSG00000113083	LOX	 4.84e-01	8.60e-02	protein_coding
ENSG00000004059	ARF5	-2.61e-01	1.66e-01	protein_coding
ENSG00000160714	UBE2Q1	-7.56e-02	8.06e-01	protein_coding
ENSG00000101752	MIB1	-1.81e-01	4.86e-01	protein_coding
ENSG00000157800	SLC37A3	-2.10e-01	4.30e-01	protein_coding
ENSG00000110237	ARHGEF17	 2.19e-01	2.52e-01	protein_coding
ENSG00000096080	MRPS18A	-3.71e-01	1.02e-02	protein_coding
ENSG00000257038	AP002761.3	 1.81e-01	6.59e-01	lncRNA
ENSG00000179562	GCC1	 9.37e-02	8.28e-01	protein_coding
ENSG00000184922	FMNL1	 4.28e-01	1.06e-02	protein_coding
ENSG00000196705	ZNF431	 2.90e-01	4.90e-01	protein_coding
ENSG00000136897	MRPL50	-8.89e-02	8.62e-01	protein_coding
ENSG00000136720	HS6ST1	 2.80e-01	2.66e-01	protein_coding
ENSG00000084774	CAD	 5.47e-01	3.55e-03	protein_coding
ENSG00000118507	AKAP7	-2.85e-01	5.30e-01	protein_coding
ENSG00000076201	PTPN23	 2.65e-01	2.33e-01	protein_coding
ENSG00000157593	SLC35B2	-2.19e-01	1.90e-01	protein_coding
ENSG00000071054	MAP4K4	-1.51e-01	5.90e-01	protein_coding
ENSG00000115816	CEBPZ	 3.13e-01	4.10e-01	protein_coding
ENSG00000170153	RNF150	-1.59e-02	9.73e-01	protein_coding
ENSG00000116863	ADPRHL2	-5.49e-01	1.24e-03	protein_coding
ENSG00000186174	BCL9L	 7.05e-01	1.89e-05	protein_coding
ENSG00000172594	SMPDL3A	 6.00e-02	9.23e-01	protein_coding
ENSG00000165507	DEPP1	 2.01e-02	9.69e-01	protein_coding
ENSG00000174891	RSRC1	 2.69e-01	4.18e-01	protein_coding
ENSG00000234694	AL139289.2	-7.04e-02	8.93e-01	lncRNA
ENSG00000160352	ZNF714	 4.30e-01	1.75e-01	protein_coding
ENSG00000218739	CEBPZOS	 3.19e-01	3.25e-01	protein_coding
ENSG00000124243	BCAS4	-3.89e-01	2.12e-01	protein_coding
ENSG00000139263	LRIG3	-2.52e-01	5.25e-01	protein_coding
ENSG00000156858	PRR14	 4.61e-01	6.25e-03	protein_coding
ENSG00000153310	FAM49B	 1.90e-02	9.72e-01	protein_coding
ENSG00000164463	CREBRF	 3.18e-01	4.65e-01	protein_coding
ENSG00000183971	NPW	-4.80e-02	9.40e-01	protein_coding
ENSG00000134597	RBMX2	-5.14e-01	5.82e-02	protein_coding
ENSG00000146232	NFKBIE	 1.89e-02	9.77e-01	protein_coding
ENSG00000286104	AC016629.3	-5.64e-01	8.90e-02	lncRNA
ENSG00000168779	SHOX2	-2.83e-01	5.20e-01	protein_coding
ENSG00000107551	RASSF4	-4.59e-01	2.34e-01	protein_coding
ENSG00000134046	MBD2	-2.51e-01	5.58e-01	protein_coding
ENSG00000213753	CENPBD1P1	 2.69e-01	2.66e-01	transcribed_processed_pseudogene
ENSG00000099326	MZF1	-7.57e-02	8.06e-01	protein_coding
ENSG00000132394	EEFSEC	-1.10e-01	6.25e-01	protein_coding
ENSG00000177542	SLC25A22	 3.05e-01	1.76e-01	protein_coding
ENSG00000267121	AC008105.3	-4.70e-02	9.37e-01	lncRNA
ENSG00000163913	IFT122	-1.21e-01	6.33e-01	protein_coding
ENSG00000267858	MZF1-AS1	-8.94e-03	9.90e-01	lncRNA
ENSG00000115271	GCA	 3.30e-02	9.62e-01	protein_coding
ENSG00000171202	TMEM126A	 7.08e-02	8.67e-01	protein_coding
ENSG00000173812	EIF1	 3.85e-01	8.85e-03	protein_coding
ENSG00000124608	AARS2	-2.78e-01	1.61e-01	protein_coding
ENSG00000254685	FPGT	-5.32e-01	1.49e-01	protein_coding
ENSG00000102241	HTATSF1	-2.25e-01	6.15e-01	protein_coding
ENSG00000160072	ATAD3B	-1.40e-01	6.84e-01	protein_coding
ENSG00000182979	MTA1	 3.65e-01	2.31e-02	protein_coding
ENSG00000006062	MAP3K14	 9.17e-02	8.10e-01	protein_coding
ENSG00000145247	OCIAD2	-1.03e-01	7.65e-01	protein_coding
ENSG00000074416	MGLL	 4.01e-01	1.76e-01	protein_coding
ENSG00000256642	LINC00273	 1.11e+00	5.28e-06	lncRNA
ENSG00000198373	WWP2	 1.28e-01	6.74e-01	protein_coding
ENSG00000267135	AD000091.1	 1.65e-01	7.55e-01	processed_pseudogene
ENSG00000001461	NIPAL3	 4.77e-02	8.93e-01	protein_coding
ENSG00000126243	LRFN3	 9.69e-01	2.75e-04	protein_coding
ENSG00000113812	ACTR8	-2.49e-01	4.58e-01	protein_coding
ENSG00000168214	RBPJ	-8.90e-02	8.77e-01	protein_coding
ENSG00000109854	HTATIP2	-1.72e-01	3.78e-01	protein_coding
ENSG00000196604	POTEF	-3.77e-01	3.03e-01	protein_coding
ENSG00000001460	STPG1	 2.74e-01	5.31e-01	protein_coding
ENSG00000258839	MC1R	 2.49e-01	4.82e-01	protein_coding
ENSG00000164327	RICTOR	 2.27e-01	3.39e-01	protein_coding
ENSG00000177595	PIDD1	-5.64e-02	8.87e-01	protein_coding
ENSG00000251602	AL928654.1	-2.47e-01	5.39e-01	lncRNA
ENSG00000104835	SARS2	-1.72e-01	3.33e-01	protein_coding
ENSG00000058262	SEC61A1	 3.20e-01	4.03e-02	protein_coding
ENSG00000131408	NR1H2	-1.64e-01	3.59e-01	protein_coding
ENSG00000078808	SDF4	 3.42e-02	8.89e-01	protein_coding
ENSG00000090776	EFNB1	-6.63e-02	8.58e-01	protein_coding
ENSG00000196787	HIST1H2AG	-6.00e-03	9.90e-01	protein_coding
ENSG00000276180	HIST1H4I	 1.60e-01	6.53e-01	protein_coding
ENSG00000197903	HIST1H2BK	 1.20e-01	7.24e-01	protein_coding
ENSG00000263513	FAM72C	 3.76e-01	3.62e-01	protein_coding
ENSG00000148296	SURF6	-5.75e-01	6.70e-04	protein_coding
ENSG00000175792	RUVBL1	-3.29e-01	3.10e-02	protein_coding
ENSG00000140320	BAHD1	 4.41e-01	1.82e-02	protein_coding
ENSG00000156931	VPS8	-1.63e-02	9.81e-01	protein_coding
ENSG00000274997	HIST1H2AH	-1.74e-01	5.75e-01	protein_coding
ENSG00000260458	KCNJ18	 7.04e-02	8.49e-01	protein_coding
ENSG00000189241	TSPYL1	 6.31e-02	8.27e-01	protein_coding
ENSG00000141002	TCF25	 1.97e-02	9.46e-01	protein_coding
ENSG00000129071	MBD4	-1.26e-01	7.66e-01	protein_coding
ENSG00000244625	MIATNB	-9.07e-02	8.43e-01	lncRNA
ENSG00000181191	PJA1	-4.06e-01	1.22e-01	protein_coding
ENSG00000111817	DSE	 3.55e-01	3.66e-01	protein_coding
ENSG00000050555	LAMC3	 2.59e-01	2.51e-01	protein_coding
ENSG00000040199	PHLPP2	-3.18e-02	9.54e-01	protein_coding
ENSG00000165675	ENOX2	 7.31e-02	9.04e-01	protein_coding
ENSG00000145293	ENOPH1	-1.37e-01	6.71e-01	protein_coding
ENSG00000143013	LMO4	 2.35e-01	3.63e-01	protein_coding
ENSG00000134899	ERCC5	-1.73e-01	6.69e-01	protein_coding
ENSG00000205138	SDHAF1	-4.60e-01	3.28e-03	protein_coding
ENSG00000075218	GTSE1	 1.77e-01	3.79e-01	protein_coding
ENSG00000161888	SPC24	-2.42e-01	1.46e-01	protein_coding
ENSG00000136999	CCN3	-2.10e-01	6.72e-01	protein_coding
ENSG00000176022	B3GALT6	-1.13e-02	9.77e-01	protein_coding
ENSG00000269190	FBXO17	-1.71e-01	4.60e-01	protein_coding
ENSG00000198169	ZNF251	 2.04e-01	5.93e-01	protein_coding
ENSG00000258947	TUBB3	 3.63e-02	9.26e-01	protein_coding
ENSG00000111261	MANSC1	 3.49e-01	3.71e-01	protein_coding
ENSG00000087253	LPCAT2	-3.64e-01	3.65e-01	protein_coding
ENSG00000134901	KDELC1	 1.25e-01	7.53e-01	protein_coding
ENSG00000128626	MRPS12	-2.84e-01	2.86e-02	protein_coding
ENSG00000225783	MIAT	 1.20e-01	8.28e-01	lncRNA
ENSG00000011052	NME1-NME2	-7.58e-01	2.17e-07	protein_coding
ENSG00000113272	THG1L	-8.25e-02	8.22e-01	protein_coding
ENSG00000143416	SELENBP1	-1.14e-01	6.09e-01	protein_coding
ENSG00000092531	SNAP23	-1.23e-01	7.61e-01	protein_coding
ENSG00000244045	TMEM199	-1.24e-01	6.45e-01	protein_coding
ENSG00000113734	BNIP1	-4.03e-01	5.68e-02	protein_coding
ENSG00000087470	DNM1L	 1.78e-01	6.34e-01	protein_coding
ENSG00000169105	CHST14	 5.92e-01	3.68e-04	protein_coding
ENSG00000134897	BIVM	-2.11e-01	6.64e-01	protein_coding
ENSG00000143797	MBOAT2	-6.68e-02	9.08e-01	protein_coding
ENSG00000004139	SARM1	 3.62e-01	7.97e-02	protein_coding
ENSG00000262468	LINC01569	-2.97e-03	9.97e-01	lncRNA
ENSG00000120727	PAIP2	-8.45e-02	7.67e-01	protein_coding
ENSG00000213066	FGFR1OP	-1.07e-03	9.98e-01	protein_coding
ENSG00000176978	DPP7	-3.55e-01	3.15e-02	protein_coding
ENSG00000171408	PDE7B	 2.24e-01	6.18e-01	protein_coding
ENSG00000101639	CEP192	-1.26e-01	7.39e-01	protein_coding
ENSG00000159210	SNF8	-4.62e-01	2.22e-03	protein_coding
ENSG00000265254	AC015917.2	 8.77e-03	9.91e-01	lncRNA
ENSG00000134291	TMEM106C	-2.10e-01	2.36e-01	protein_coding
ENSG00000065243	PKN2	-1.30e-02	9.77e-01	protein_coding
ENSG00000243678	NME2	-2.23e-01	1.01e-01	protein_coding
ENSG00000270175	AC023509.3	-4.54e-02	9.17e-01	lncRNA
ENSG00000182263	FIGN	 2.75e-01	5.40e-01	protein_coding
ENSG00000128891	CCDC32	-2.10e-01	4.80e-01	protein_coding
ENSG00000133318	RTN3	 6.38e-01	1.53e-05	protein_coding
ENSG00000124459	ZNF45	-1.43e-01	7.79e-01	protein_coding
ENSG00000109072	VTN	 1.78e-01	5.90e-01	protein_coding
ENSG00000110721	CHKA	 1.24e-02	9.74e-01	protein_coding
ENSG00000146530	VWDE	-6.06e-02	9.11e-01	protein_coding
ENSG00000023516	AKAP11	-1.80e-02	9.79e-01	protein_coding
ENSG00000076351	SLC46A1	 3.05e-01	2.59e-01	protein_coding
ENSG00000137547	MRPL15	-3.37e-01	8.30e-02	protein_coding
ENSG00000141556	TBCD	 3.11e-01	7.32e-02	protein_coding
ENSG00000183049	CAMK1D	 9.58e-02	7.96e-01	protein_coding
ENSG00000115042	FAHD2A	-4.48e-01	3.83e-03	protein_coding
ENSG00000245060	LINC00847	-1.19e-01	7.93e-01	lncRNA
ENSG00000196378	ZNF34	-7.44e-01	1.96e-02	protein_coding
ENSG00000258924	AC002094.1	 6.26e-01	5.55e-02	lncRNA
ENSG00000264920	AC018521.5	 3.75e-01	1.86e-01	lncRNA
ENSG00000239672	NME1	-4.44e-01	3.08e-03	protein_coding
ENSG00000171401	KRT13	-5.10e-01	1.50e-01	protein_coding
ENSG00000278970	HEIH	-7.90e-03	9.84e-01	lncRNA
ENSG00000155858	LSM11	 4.70e-02	9.08e-01	protein_coding
ENSG00000130165	ELOF1	-6.17e-02	7.95e-01	protein_coding
ENSG00000172046	USP19	-5.31e-03	9.87e-01	protein_coding
ENSG00000184731	FAM110C	-6.16e-02	9.20e-01	protein_coding
ENSG00000165714	BORCS5	-1.81e-02	9.72e-01	protein_coding
ENSG00000130164	LDLR	 3.11e-01	2.34e-01	protein_coding
ENSG00000135709	KIAA0513	-2.97e-01	4.22e-01	protein_coding
ENSG00000149554	CHEK1	 1.21e-01	7.61e-01	protein_coding
ENSG00000139546	TARBP2	-4.46e-01	4.26e-03	protein_coding
ENSG00000176438	SYNE3	-5.61e-01	7.80e-02	protein_coding
ENSG00000141543	EIF4A3	-7.94e-02	7.11e-01	protein_coding
ENSG00000110719	TCIRG1	-1.51e-01	4.80e-01	protein_coding
ENSG00000161813	LARP4	 9.27e-02	8.03e-01	protein_coding
ENSG00000172809	RPL38	 3.94e-01	3.53e-03	protein_coding
ENSG00000148297	MED22	 1.74e-01	3.85e-01	protein_coding
ENSG00000028137	TNFRSF1B	 3.72e-01	3.67e-01	protein_coding
ENSG00000118596	SLC16A7	-3.94e-01	3.23e-01	protein_coding
ENSG00000197978	GOLGA6L9	-1.98e-01	6.91e-01	protein_coding
ENSG00000117682	DHDDS	-1.75e-01	5.36e-01	protein_coding
ENSG00000108671	PSMD11	-5.10e-02	8.41e-01	protein_coding
ENSG00000156671	SAMD8	 3.16e-01	4.68e-01	protein_coding
ENSG00000090447	TFAP4	 1.22e-01	6.92e-01	protein_coding
ENSG00000230590	FTX	-1.77e-02	9.72e-01	lncRNA
ENSG00000091986	CCDC80	 2.66e-01	3.40e-01	protein_coding
ENSG00000237550	RPL9P9	 1.16e-01	6.88e-01	transcribed_processed_pseudogene
ENSG00000234147	AL035446.1	 1.18e-01	8.03e-01	lncRNA
ENSG00000111266	DUSP16	 3.76e-02	9.36e-01	protein_coding
ENSG00000196670	ZFP62	-3.41e-01	4.00e-01	protein_coding
ENSG00000170581	STAT2	 3.37e-01	5.15e-02	protein_coding
ENSG00000279259	AC087741.3	-1.21e-01	8.29e-01	TEC
ENSG00000168874	ATOH8	-1.16e-01	6.73e-01	protein_coding
ENSG00000111269	CREBL2	-2.84e-02	9.57e-01	protein_coding
ENSG00000188070	C11orf95	 2.18e-01	6.31e-01	protein_coding
ENSG00000180979	LRRC57	-3.21e-01	3.58e-01	protein_coding
ENSG00000166562	SEC11C	-3.33e-01	2.35e-01	protein_coding
ENSG00000155622	XAGE2	-1.47e-01	6.23e-01	protein_coding
ENSG00000089289	IGBP1	-2.14e-01	3.26e-01	protein_coding
ENSG00000064999	ANKS1A	 3.66e-01	6.25e-02	protein_coding
ENSG00000008513	ST3GAL1	-2.15e-01	5.97e-01	protein_coding
ENSG00000221968	FADS3	-2.07e-01	2.31e-01	protein_coding
ENSG00000134363	FST	 3.40e-01	4.25e-01	protein_coding
ENSG00000167182	SP2	 1.14e+00	5.56e-11	protein_coding
ENSG00000255248	MIR100HG	 2.04e-01	6.32e-01	lncRNA
ENSG00000266338	NBPF15	-8.68e-02	8.52e-01	protein_coding
ENSG00000169570	DTWD2	 5.30e-01	1.10e-01	protein_coding
ENSG00000065054	SLC9A3R2	 4.31e-03	9.93e-01	protein_coding
ENSG00000185127	C6orf120	-1.69e-01	5.83e-01	protein_coding
ENSG00000167302	TEPSIN	 1.39e-01	6.43e-01	protein_coding
ENSG00000225470	JPX	 2.11e-01	5.34e-01	lncRNA
ENSG00000170477	KRT4	-5.85e-01	7.69e-04	protein_coding
ENSG00000127125	PPCS	-3.72e-01	4.88e-02	protein_coding
ENSG00000112812	PRSS16	-3.12e-01	3.20e-01	protein_coding
ENSG00000121064	SCPEP1	 2.50e-01	2.95e-01	protein_coding
ENSG00000197037	ZSCAN25	-1.28e-01	7.24e-01	protein_coding
ENSG00000029534	ANK1	 2.50e-01	5.63e-01	protein_coding
ENSG00000204386	NEU1	 4.48e-02	8.59e-01	protein_coding
ENSG00000163110	PDLIM5	 1.73e-01	5.41e-01	protein_coding
ENSG00000158941	CCAR2	 4.62e-02	8.73e-01	protein_coding
ENSG00000130024	PHF10	 1.36e-01	6.09e-01	protein_coding
ENSG00000206560	ANKRD28	 1.02e-01	8.03e-01	protein_coding
ENSG00000175711	B3GNTL1	-1.36e-01	6.91e-01	protein_coding
ENSG00000072958	AP1M1	 1.04e-01	6.54e-01	protein_coding
ENSG00000232024	LSM12P1	-2.20e-01	5.75e-01	processed_pseudogene
ENSG00000137504	CREBZF	-2.71e-01	1.62e-01	protein_coding
ENSG00000080823	MOK	 2.55e-02	9.69e-01	protein_coding
ENSG00000271133	AC004130.1	 1.22e-01	8.13e-01	lncRNA
ENSG00000099260	PALMD	-8.12e-02	8.75e-01	protein_coding
ENSG00000123444	KBTBD4	-6.23e-02	8.48e-01	protein_coding
ENSG00000196369	SRGAP2B	 3.59e-02	9.43e-01	protein_coding
ENSG00000134910	STT3A	 1.64e-01	5.52e-01	protein_coding
ENSG00000110536	PTPMT1	-2.24e-01	1.37e-01	protein_coding
ENSG00000131149	GSE1	 2.52e-01	3.73e-01	protein_coding
ENSG00000105855	ITGB8	-5.71e-02	8.78e-01	protein_coding
ENSG00000182551	ADI1	-1.09e-01	6.09e-01	protein_coding
ENSG00000151623	NR3C2	-1.59e-02	9.81e-01	protein_coding
ENSG00000184584	TMEM173	 3.43e-01	8.22e-02	protein_coding
ENSG00000213619	NDUFS3	-3.10e-01	5.56e-02	protein_coding
ENSG00000175634	RPS6KB2	-4.82e-01	2.47e-03	protein_coding
ENSG00000156869	FRRS1	-1.64e-01	7.57e-01	protein_coding
ENSG00000196696	AC009022.1	-1.93e-01	6.07e-01	lncRNA
ENSG00000148143	ZNF462	-4.60e-01	8.07e-02	protein_coding
ENSG00000139998	RAB15	 3.96e-02	9.49e-01	protein_coding
ENSG00000138750	NUP54	-2.26e-01	3.89e-01	protein_coding
ENSG00000120162	MOB3B	 1.50e-01	6.24e-01	protein_coding
ENSG00000166200	COPS2	 3.40e-04	1.00e+00	protein_coding
ENSG00000147439	BIN3	-2.46e-01	2.79e-01	protein_coding
ENSG00000116871	MAP7D1	 3.49e-01	1.51e-02	protein_coding
ENSG00000175387	SMAD2	-1.32e-01	5.84e-01	protein_coding
ENSG00000168765	GSTM4	-1.61e-01	4.40e-01	protein_coding
ENSG00000105248	YJU2	-3.19e-01	5.06e-02	protein_coding
ENSG00000009830	POMT2	 5.83e-02	9.02e-01	protein_coding
ENSG00000130939	UBE4B	 2.65e-01	2.68e-01	protein_coding
ENSG00000213281	NRAS	 5.59e-02	8.92e-01	protein_coding
ENSG00000070882	OSBPL3	-5.26e-01	1.22e-02	protein_coding
ENSG00000169964	TMEM42	-1.29e-01	5.71e-01	protein_coding
ENSG00000197157	SND1	 1.06e-01	6.32e-01	protein_coding
ENSG00000131153	GINS2	-2.81e-01	3.27e-02	protein_coding
ENSG00000145741	BTF3	-7.20e-02	7.37e-01	protein_coding
ENSG00000101751	POLI	 4.12e-01	3.03e-01	protein_coding
ENSG00000104643	MTMR9	-4.69e-01	4.56e-02	protein_coding
ENSG00000171865	RNASEH1	-1.87e-01	3.79e-01	protein_coding
ENSG00000163961	RNF168	-3.35e-01	2.09e-01	protein_coding
ENSG00000183161	FANCF	-1.69e-02	9.77e-01	protein_coding
ENSG00000147274	RBMX	-1.56e-02	9.66e-01	protein_coding
ENSG00000075426	FOSL2	-4.15e-02	9.23e-01	protein_coding
ENSG00000100036	SLC35E4	-5.59e-02	8.80e-01	protein_coding
ENSG00000110080	ST3GAL4	-1.71e-01	4.44e-01	protein_coding
ENSG00000149187	CELF1	-8.67e-02	7.26e-01	protein_coding
ENSG00000140153	WDR20	-1.42e-01	7.13e-01	protein_coding
ENSG00000107833	NPM3	-7.50e-02	8.14e-01	protein_coding
ENSG00000149091	DGKZ	 1.38e-01	5.72e-01	protein_coding
ENSG00000159377	PSMB4	-3.00e-01	6.53e-02	protein_coding
ENSG00000005893	LAMP2	 1.22e-01	7.32e-01	protein_coding
ENSG00000054116	TRAPPC3	-2.02e-01	1.63e-01	protein_coding
ENSG00000125952	MAX	 4.08e-01	8.13e-02	protein_coding
ENSG00000135655	USP15	 1.23e-01	8.01e-01	protein_coding
ENSG00000142409	ZNF787	-4.40e-01	9.13e-03	protein_coding
ENSG00000111057	KRT18	-2.57e-01	2.99e-01	protein_coding
ENSG00000164258	NDUFS4	-1.32e-01	7.46e-01	protein_coding
ENSG00000180008	SOCS4	-7.17e-02	9.07e-01	protein_coding
ENSG00000172292	CERS6	 2.43e-01	4.34e-01	protein_coding
ENSG00000166133	RPUSD2	-1.92e-01	4.22e-01	protein_coding
ENSG00000145284	SCD5	 2.27e-01	4.45e-01	protein_coding
ENSG00000197785	ATAD3A	-4.48e-01	3.71e-03	protein_coding
ENSG00000092108	SCFD1	 1.87e-01	6.54e-01	protein_coding
ENSG00000197063	MAFG	 1.52e-01	6.90e-01	protein_coding
ENSG00000133606	MKRN1	-1.31e-01	6.03e-01	protein_coding
ENSG00000152253	SPC25	-9.70e-02	8.31e-01	protein_coding
ENSG00000187531	SIRT7	-1.14e-01	6.75e-01	protein_coding
ENSG00000108094	CUL2	 2.28e-02	9.75e-01	protein_coding
ENSG00000105251	SHD	 1.03e-01	8.58e-01	protein_coding
ENSG00000163808	KIF15	-4.48e-01	8.06e-02	protein_coding
ENSG00000107738	VSIR	 2.85e-01	1.71e-01	protein_coding
ENSG00000113838	TBCCD1	 1.34e-01	7.27e-01	protein_coding
ENSG00000117616	RSRP1	-1.38e-01	6.07e-01	protein_coding
ENSG00000090520	DNAJB11	-1.53e-01	5.58e-01	protein_coding
ENSG00000257365	FNTB	 3.44e-03	9.94e-01	protein_coding
ENSG00000116128	BCL9	 7.34e-01	4.76e-03	protein_coding
ENSG00000170421	KRT8	-6.21e-01	8.20e-06	protein_coding
ENSG00000080824	HSP90AA1	-2.69e-01	1.91e-01	protein_coding
ENSG00000059804	SLC2A3	 9.41e-02	7.96e-01	protein_coding
ENSG00000089280	FUS	 4.28e-02	9.06e-01	protein_coding
ENSG00000146410	MTFR2	 1.24e-01	8.08e-01	protein_coding
ENSG00000000419	DPM1	-9.81e-02	8.17e-01	protein_coding
ENSG00000156958	GALK2	-2.07e-01	4.60e-01	protein_coding
ENSG00000272419	LINC01145	 1.62e-01	7.58e-01	transcribed_unprocessed_pseudogene
ENSG00000169184	MN1	 8.72e-01	3.08e-04	protein_coding
ENSG00000168564	CDKN2AIP	 5.35e-02	9.05e-01	protein_coding
ENSG00000258289	CHURC1	 3.90e-01	6.69e-02	protein_coding
ENSG00000281571	AC241585.2	-5.42e-02	8.75e-01	TEC
ENSG00000111276	CDKN1B	-3.78e-01	1.65e-02	protein_coding
ENSG00000147894	C9orf72	-3.19e-02	9.63e-01	protein_coding
ENSG00000276216	AC245014.3	 5.62e-01	8.54e-05	lncRNA
ENSG00000159882	ZNF230	 1.72e-01	7.42e-01	protein_coding
ENSG00000182512	GLRX5	-7.42e-02	7.71e-01	protein_coding
ENSG00000141030	COPS3	-1.96e-01	4.12e-01	protein_coding
ENSG00000263004	AC007114.1	 2.30e-01	6.13e-01	lncRNA
ENSG00000101126	ADNP	 6.34e-01	1.02e-02	protein_coding
ENSG00000247092	SNHG10	 5.46e-02	8.80e-01	lncRNA
ENSG00000138771	SHROOM3	 1.16e-01	7.53e-01	protein_coding
ENSG00000239382	ALKBH6	-1.30e-01	6.48e-01	protein_coding
ENSG00000122359	ANXA11	 2.85e-01	1.43e-01	protein_coding
ENSG00000106344	RBM28	-1.77e-01	6.69e-01	protein_coding
ENSG00000198551	ZNF627	-1.29e-02	9.86e-01	protein_coding
ENSG00000168175	MAPK1IP1L	 6.01e-01	1.16e-04	protein_coding
ENSG00000115414	FN1	-1.02e-01	8.34e-01	protein_coding
ENSG00000103067	ESRP2	 3.79e-01	9.63e-02	protein_coding
ENSG00000224877	NDUFAF8	-2.09e-01	2.52e-01	protein_coding
ENSG00000149547	EI24	-7.58e-02	8.23e-01	protein_coding
ENSG00000125868	DSTN	 1.46e-01	4.60e-01	protein_coding
ENSG00000162836	ACP6	-2.03e-01	4.87e-01	protein_coding
ENSG00000054938	CHRDL2	 2.56e-01	5.55e-01	protein_coding
ENSG00000137440	FGFBP1	-3.95e-02	9.49e-01	protein_coding
ENSG00000117399	CDC20	-1.36e-01	5.54e-01	protein_coding
ENSG00000175309	PHYKPL	-1.64e-01	6.02e-01	protein_coding
ENSG00000141448	GATA6	 5.25e-02	9.34e-01	protein_coding
ENSG00000196535	MYO18A	 3.22e-01	1.92e-01	protein_coding
ENSG00000255769	GOLGA2P10	-3.36e-01	3.05e-01	transcribed_unprocessed_pseudogene
ENSG00000100416	TRMU	-3.48e-01	2.36e-02	protein_coding
ENSG00000100558	PLEK2	-6.61e-01	5.07e-03	protein_coding
ENSG00000169242	EFNA1	-9.48e-02	7.42e-01	protein_coding
ENSG00000196924	FLNA	 7.94e-01	2.91e-14	protein_coding
ENSG00000083750	RRAGB	-1.13e-01	7.40e-01	protein_coding
ENSG00000143891	GALM	-5.00e-01	1.04e-02	protein_coding
ENSG00000088970	KIZ	 1.44e-01	7.88e-01	protein_coding
ENSG00000162191	UBXN1	-5.25e-01	4.92e-04	protein_coding
ENSG00000092439	TRPM7	 8.64e-02	7.96e-01	protein_coding
ENSG00000168209	DDIT4	-1.80e-01	3.84e-01	protein_coding
ENSG00000168140	VASN	 4.76e-01	4.10e-02	protein_coding
ENSG00000152082	MZT2B	-3.30e-01	8.89e-02	protein_coding
ENSG00000167264	DUS2	 1.24e-01	6.81e-01	protein_coding
ENSG00000180376	CCDC66	 2.27e-01	5.43e-01	protein_coding
ENSG00000234171	RNASEH1-AS1	-1.17e-01	6.87e-01	lncRNA
ENSG00000123240	OPTN	-3.10e-01	2.71e-01	protein_coding
ENSG00000213782	DDX47	 1.35e-02	9.70e-01	protein_coding
ENSG00000170315	UBB	-3.41e-01	2.13e-02	protein_coding
ENSG00000169271	HSPB3	-2.43e-01	5.38e-01	protein_coding
ENSG00000125454	SLC25A19	-2.92e-01	6.44e-02	protein_coding
ENSG00000148719	DNAJB12	 2.63e-01	1.01e-01	protein_coding
ENSG00000113811	SELENOK	 3.01e-01	5.98e-02	protein_coding
ENSG00000197451	HNRNPAB	-3.05e-01	1.38e-02	protein_coding
ENSG00000178996	SNX18	-3.11e-01	3.92e-01	protein_coding
ENSG00000265401	AC093484.3	-2.03e-02	9.73e-01	lncRNA
ENSG00000056998	GYG2	-2.25e-02	9.62e-01	protein_coding
ENSG00000131043	AAR2	-2.76e-01	1.09e-01	protein_coding
ENSG00000131981	LGALS3	-2.52e-01	1.61e-01	protein_coding
ENSG00000100258	LMF2	 2.36e-01	1.90e-01	protein_coding
ENSG00000135587	SMPD2	-4.78e-01	1.16e-02	protein_coding
ENSG00000178878	APOLD1	-1.54e-01	7.73e-01	protein_coding
ENSG00000171346	KRT15	 1.47e-01	7.55e-01	protein_coding
ENSG00000163946	TASOR	-1.14e-01	7.67e-01	protein_coding
ENSG00000132780	NASP	-1.15e-01	5.93e-01	protein_coding
ENSG00000142552	RCN3	 3.18e-02	9.23e-01	protein_coding
ENSG00000173226	IQCB1	-1.84e-01	7.09e-01	protein_coding
ENSG00000136699	SMPD4	 5.12e-01	6.66e-04	protein_coding
ENSG00000119203	CPSF3	 7.45e-02	7.96e-01	protein_coding
ENSG00000126456	IRF3	-2.95e-01	2.30e-01	protein_coding
ENSG00000114770	ABCC5	 2.26e-02	9.60e-01	protein_coding
ENSG00000142459	EVI5L	 2.09e-01	4.86e-01	protein_coding
ENSG00000095794	CREM	 1.71e-01	5.35e-01	protein_coding
ENSG00000154319	FAM167A	-2.60e-01	5.02e-01	protein_coding
ENSG00000143862	ARL8A	 3.88e-01	8.73e-02	protein_coding
ENSG00000168904	LRRC28	 1.14e-01	7.79e-01	protein_coding
ENSG00000137812	KNL1	 3.67e-01	3.55e-01	protein_coding
ENSG00000054690	PLEKHH1	 1.82e-01	6.97e-01	protein_coding
ENSG00000090006	LTBP4	 4.30e-01	1.57e-02	protein_coding
ENSG00000182810	DDX28	-5.48e-01	5.79e-05	protein_coding
ENSG00000263843	AC022211.2	 7.41e-02	8.89e-01	lncRNA
ENSG00000154813	DPH3	 5.06e-02	9.18e-01	protein_coding
ENSG00000134882	UBAC2	-2.31e-02	9.30e-01	protein_coding
ENSG00000159593	NAE1	 2.30e-01	5.10e-01	protein_coding
ENSG00000151693	ASAP2	 2.49e-01	5.06e-01	protein_coding
ENSG00000157637	SLC38A10	 2.32e-01	1.93e-01	protein_coding
ENSG00000120675	DNAJC15	 1.57e-01	6.24e-01	protein_coding
ENSG00000228889	UBAC2-AS1	-5.05e-02	8.96e-01	lncRNA
ENSG00000118804	STBD1	 4.03e-02	9.50e-01	protein_coding
ENSG00000094631	HDAC6	 1.48e-01	6.07e-01	protein_coding
ENSG00000100564	PIGH	-9.84e-02	8.06e-01	protein_coding
ENSG00000134444	RELCH	-1.65e-01	7.10e-01	protein_coding
ENSG00000172725	CORO1B	-4.49e-01	1.18e-03	protein_coding
ENSG00000189157	FAM47E	 5.54e-01	1.27e-01	protein_coding
ENSG00000137814	HAUS2	 1.57e-01	6.78e-01	protein_coding
ENSG00000164331	ANKRA2	-1.30e-01	7.96e-01	protein_coding
ENSG00000205133	TRIQK	 1.13e-01	8.22e-01	protein_coding
ENSG00000146648	EGFR	 1.51e-01	4.66e-01	protein_coding
ENSG00000167685	ZNF444	-2.71e-01	1.55e-01	protein_coding
ENSG00000167994	RAB3IL1	-1.32e-01	5.42e-01	protein_coding
ENSG00000198830	HMGN2	 2.63e-01	5.51e-02	protein_coding
ENSG00000100154	TTC28	-8.42e-02	8.20e-01	protein_coding
ENSG00000096401	CDC5L	-6.58e-01	8.46e-03	protein_coding
ENSG00000164338	UTP15	 4.41e-02	9.35e-01	protein_coding
ENSG00000154102	C16orf74	-2.75e-01	3.03e-01	protein_coding
ENSG00000235954	TTC28-AS1	-3.37e-02	9.49e-01	lncRNA
ENSG00000162623	TYW3	-2.77e-01	4.84e-01	protein_coding
ENSG00000090857	PDPR	-6.20e-02	8.60e-01	protein_coding
ENSG00000106617	PRKAG2	 3.02e-03	9.97e-01	protein_coding
ENSG00000185798	WDR53	-1.02e-01	8.09e-01	protein_coding
ENSG00000174013	FBXO45	 2.97e-01	4.55e-01	protein_coding
ENSG00000109445	ZNF330	 1.68e-02	9.76e-01	protein_coding
ENSG00000185238	PRMT3	 4.50e-04	9.99e-01	protein_coding
ENSG00000078902	TOLLIP	-2.66e-01	3.57e-01	protein_coding
ENSG00000215014	AL645728.1	 2.03e-01	6.57e-01	lncRNA
ENSG00000072736	NFATC3	-3.36e-02	9.17e-01	protein_coding
ENSG00000239911	PRKAG2-AS1	 1.65e-01	7.14e-01	lncRNA
ENSG00000160075	SSU72	-1.35e-01	4.58e-01	protein_coding
ENSG00000105255	FSD1	-2.93e-01	2.91e-01	protein_coding
ENSG00000119185	ITGB1BP1	-1.19e-01	6.57e-01	protein_coding
ENSG00000100150	DEPDC5	-1.78e-01	6.01e-01	protein_coding
ENSG00000169241	SLC50A1	-8.85e-02	6.71e-01	protein_coding
ENSG00000182774	RPS17	 2.67e-01	2.95e-01	protein_coding
ENSG00000180957	PITPNB	 1.01e-01	7.58e-01	protein_coding
ENSG00000262246	CORO7	 1.36e-01	6.75e-01	protein_coding
ENSG00000088930	XRN2	-1.50e-01	6.00e-01	protein_coding
ENSG00000275457	AL117332.1	-1.84e-01	6.92e-01	lncRNA
ENSG00000116791	CRYZ	-6.68e-02	9.06e-01	protein_coding
ENSG00000137947	GTF2B	-4.34e-01	1.60e-01	protein_coding
ENSG00000159217	IGF2BP1	 4.12e-02	9.36e-01	protein_coding
ENSG00000170759	KIF5B	-2.95e-01	2.26e-01	protein_coding
ENSG00000214575	CPEB1	 3.70e-01	3.20e-01	protein_coding
ENSG00000138760	SCARB2	-2.83e-01	4.32e-01	protein_coding
ENSG00000113282	CLINT1	 1.50e-01	7.07e-01	protein_coding
ENSG00000170584	NUDCD2	-2.93e-01	1.87e-01	protein_coding
ENSG00000176619	LMNB2	 1.46e-01	4.37e-01	protein_coding
ENSG00000205336	ADGRG1	 4.63e-01	1.08e-01	protein_coding
ENSG00000138663	COPS4	-9.04e-02	8.59e-01	protein_coding
ENSG00000149196	HIKESHI	 8.76e-02	7.47e-01	protein_coding
ENSG00000113328	CCNG1	-3.89e-02	9.34e-01	protein_coding
ENSG00000179085	DPM3	 1.62e-01	6.02e-01	protein_coding
ENSG00000170471	RALGAPB	 1.69e-01	6.40e-01	protein_coding
ENSG00000090266	NDUFB2	-1.51e-01	5.54e-01	protein_coding
ENSG00000074603	DPP8	 5.85e-02	8.96e-01	protein_coding
ENSG00000160087	UBE2J2	-1.10e-01	6.87e-01	protein_coding
ENSG00000205707	ETFRF1	-4.72e-02	9.34e-01	protein_coding
ENSG00000065057	NTHL1	-7.06e-01	1.21e-04	protein_coding
ENSG00000135049	AGTPBP1	 3.58e-01	1.85e-01	protein_coding
ENSG00000099800	TIMM13	-3.80e-01	3.76e-03	protein_coding
ENSG00000154127	UBASH3B	 4.15e-02	9.50e-01	protein_coding
ENSG00000133703	KRAS	-1.57e-01	7.54e-01	protein_coding
ENSG00000136270	TBRG4	-3.47e-01	3.32e-02	protein_coding
ENSG00000053918	KCNQ1	-8.40e-02	7.97e-01	protein_coding
ENSG00000127603	MACF1	-2.25e-01	3.43e-01	protein_coding
ENSG00000101773	RBBP8	 2.40e-01	5.67e-01	protein_coding
ENSG00000124253	PCK1	 3.46e-01	3.86e-01	protein_coding
ENSG00000123064	DDX54	-1.11e-01	6.67e-01	protein_coding
ENSG00000213516	RBMXL1	-2.20e-01	6.32e-01	protein_coding
ENSG00000077147	TM9SF3	 2.66e-01	4.65e-01	protein_coding
ENSG00000137944	KYAT3	-7.85e-02	8.83e-01	protein_coding
ENSG00000128590	DNAJB9	-4.90e-01	1.81e-01	protein_coding
ENSG00000126453	BCL2L12	-2.12e-01	2.74e-01	protein_coding
ENSG00000175003	SLC22A1	 4.15e-01	2.66e-01	protein_coding
ENSG00000130643	CALY	 3.22e-01	2.07e-01	protein_coding
ENSG00000196405	EVL	 2.80e-01	1.50e-01	protein_coding
ENSG00000284803	AC245033.4	 3.74e-01	1.99e-01	lncRNA
ENSG00000163964	PIGX	-3.72e-01	1.06e-01	protein_coding
ENSG00000006756	ARSD	 1.75e-01	7.16e-01	protein_coding
ENSG00000198546	ZNF511	-6.29e-01	5.96e-06	protein_coding
ENSG00000139405	RITA1	-1.89e-01	2.43e-01	protein_coding
ENSG00000145734	BDP1	-4.05e-01	1.35e-01	protein_coding
ENSG00000183248	PRR36	 1.04e+00	5.94e-04	protein_coding
ENSG00000066322	ELOVL1	 5.67e-02	8.10e-01	protein_coding
ENSG00000166439	RNF169	 5.80e-02	9.10e-01	protein_coding
ENSG00000166747	AP1G1	 1.73e-01	5.35e-01	protein_coding
ENSG00000166578	IQCD	-3.22e-01	4.18e-01	protein_coding
ENSG00000135241	PNPLA8	 4.48e-02	9.44e-01	protein_coding
ENSG00000130640	TUBGCP2	-2.94e-02	9.18e-01	protein_coding
ENSG00000143727	ACP1	-1.62e-01	5.79e-01	protein_coding
ENSG00000217930	PAM16	-2.66e-02	9.29e-01	protein_coding
ENSG00000161526	SAP30BP	-4.60e-01	6.01e-04	protein_coding
ENSG00000186815	TPCN1	 1.15e-01	6.80e-01	protein_coding
ENSG00000151353	TMEM18	 9.33e-02	6.88e-01	protein_coding
ENSG00000269743	SLC25A53	-6.26e-02	9.15e-01	protein_coding
ENSG00000182165	TP53TG1	 9.95e-02	8.57e-01	lncRNA
ENSG00000157764	BRAF	 1.56e-01	6.00e-01	protein_coding
ENSG00000177683	THAP5	 5.85e-02	9.15e-01	protein_coding
ENSG00000120658	ENOX1	 2.97e-01	4.94e-01	protein_coding
ENSG00000013588	GPRC5A	 5.69e-01	2.96e-04	protein_coding
ENSG00000198793	MTOR	 4.78e-01	2.48e-03	protein_coding
ENSG00000123575	FAM199X	-1.95e-01	5.29e-01	protein_coding
ENSG00000156860	FBRS	 3.94e-01	9.35e-02	protein_coding
ENSG00000168005	SPINDOC	-4.89e-01	5.70e-04	protein_coding
ENSG00000096654	ZNF184	-7.67e-03	9.93e-01	protein_coding
ENSG00000255121	AP003392.4	 1.14e-01	8.38e-01	lncRNA
ENSG00000140259	MFAP1	-3.40e-01	1.03e-01	protein_coding
ENSG00000168495	POLR3D	-8.41e-02	7.86e-01	protein_coding
ENSG00000171241	SHCBP1	-1.92e-01	4.95e-01	protein_coding
ENSG00000126603	GLIS2	 8.53e-01	1.30e-07	protein_coding
ENSG00000198408	OGA	-2.53e-02	9.63e-01	protein_coding
ENSG00000182552	RWDD4	 1.30e-01	7.96e-01	protein_coding
ENSG00000185022	MAFF	 1.99e-01	4.27e-01	protein_coding
ENSG00000174080	CTSF	-1.08e-01	6.27e-01	protein_coding
ENSG00000267281	ATF7	-6.26e-01	5.27e-02	protein_coding
ENSG00000133597	ADCK2	-2.16e-01	2.79e-01	protein_coding
ENSG00000013583	HEBP1	 1.36e-01	5.79e-01	protein_coding
ENSG00000112282	MED23	-3.99e-01	2.93e-01	protein_coding
ENSG00000166435	XRRA1	-1.86e-02	9.74e-01	protein_coding
ENSG00000255236	AP002992.1	-3.11e-01	4.55e-01	lncRNA
ENSG00000100997	ABHD12	-1.25e-01	5.43e-01	protein_coding
ENSG00000204371	EHMT2	 3.38e-01	6.25e-02	protein_coding
ENSG00000170962	PDGFD	 3.97e-02	9.53e-01	protein_coding
ENSG00000160710	ADAR	-9.22e-02	7.19e-01	protein_coding
ENSG00000079387	SENP1	 7.08e-02	8.60e-01	protein_coding
ENSG00000237248	LINC00987	-2.06e-02	9.77e-01	lncRNA
ENSG00000184792	OSBP2	 4.35e-01	2.98e-02	protein_coding
ENSG00000121057	AKAP1	 1.58e-01	5.27e-01	protein_coding
ENSG00000184381	PLA2G6	-1.33e-01	7.06e-01	protein_coding
ENSG00000138758	SEPT11	-5.17e-01	8.77e-02	protein_coding
ENSG00000170653	ATF7	 1.52e-03	9.97e-01	protein_coding
ENSG00000172273	HINFP	-2.95e-02	9.49e-01	protein_coding
ENSG00000112062	MAPK14	-2.94e-01	1.56e-01	protein_coding
ENSG00000103723	AP3B2	-8.33e-02	8.89e-01	protein_coding
ENSG00000111602	TIMELESS	 2.38e-01	1.39e-01	protein_coding
ENSG00000104892	KLC3	-7.18e-01	1.24e-02	protein_coding
ENSG00000164136	IL15	-1.39e-01	7.78e-01	protein_coding
ENSG00000114650	SCAP	 1.87e-01	4.01e-01	protein_coding
ENSG00000279080	AL022322.2	 9.71e-02	8.67e-01	lncRNA
ENSG00000130764	LRRC47	-1.06e-01	6.70e-01	protein_coding
ENSG00000228594	FNDC10	 3.27e-01	8.11e-02	protein_coding
ENSG00000054967	RELT	-3.06e-01	3.18e-01	protein_coding
ENSG00000131148	EMC8	-1.86e-01	2.83e-01	protein_coding
ENSG00000118217	ATF6	 3.86e-02	9.25e-01	protein_coding
ENSG00000100994	PYGB	-1.13e-01	6.29e-01	protein_coding
ENSG00000158290	CUL4B	 2.81e-01	5.17e-01	protein_coding
ENSG00000128654	MTX2	-2.50e-01	2.35e-01	protein_coding
ENSG00000125844	RRBP1	 5.07e-02	8.73e-01	protein_coding
ENSG00000133250	ZNF414	 6.50e-01	3.02e-03	protein_coding
ENSG00000101335	MYL9	 1.92e-01	3.63e-01	protein_coding
ENSG00000186166	CCDC84	-3.31e-01	2.38e-01	protein_coding
ENSG00000091262	ABCC6	-1.91e-01	4.94e-01	protein_coding
ENSG00000130023	ERMARD	-1.47e-01	7.72e-01	protein_coding
ENSG00000005448	WDR54	-3.38e-01	9.63e-03	protein_coding
ENSG00000272106	AL691432.2	 1.38e-01	7.32e-01	lncRNA
ENSG00000163866	SMIM12	-2.62e-01	1.24e-01	protein_coding
ENSG00000131143	COX4I1	-1.75e-01	4.22e-01	protein_coding
ENSG00000180370	PAK2	 3.64e-01	1.50e-01	protein_coding
ENSG00000188690	UROS	-1.70e-01	3.73e-01	protein_coding
ENSG00000189362	NEMP2	-9.14e-02	8.63e-01	protein_coding
ENSG00000113739	STC2	 1.67e-01	3.86e-01	protein_coding
ENSG00000185499	MUC1	 8.27e-01	5.39e-04	protein_coding
ENSG00000151690	MFSD6	-4.55e-01	2.32e-01	protein_coding
ENSG00000129682	FGF13	 1.36e-01	7.93e-01	protein_coding
ENSG00000148660	CAMK2G	 1.22e-01	6.56e-01	protein_coding
ENSG00000270194	AC097359.2	 2.17e-01	5.85e-01	lncRNA
ENSG00000057294	PKP2	 1.46e-01	7.00e-01	protein_coding
ENSG00000116161	CACYBP	-3.30e-01	2.66e-02	protein_coding
ENSG00000068796	KIF2A	 4.15e-01	2.14e-01	protein_coding
ENSG00000080845	DLGAP4	 8.36e-01	4.71e-07	protein_coding
ENSG00000104884	ERCC2	-3.81e-02	9.30e-01	protein_coding
ENSG00000196655	TRAPPC4	-4.80e-01	2.24e-03	protein_coding
ENSG00000120333	MRPS14	-6.36e-02	8.01e-01	protein_coding
ENSG00000197256	KANK2	 1.86e-01	4.94e-01	protein_coding
ENSG00000237523	LINC00857	 1.56e-01	7.05e-01	lncRNA
ENSG00000183853	KIRREL1	 5.96e-01	6.76e-05	protein_coding
ENSG00000118181	RPS25	 2.07e-01	4.00e-01	protein_coding
ENSG00000115875	SRSF7	-1.07e-01	6.21e-01	protein_coding
ENSG00000133056	PIK3C2B	 1.19e-01	6.51e-01	protein_coding
ENSG00000158615	PPP1R15B	 2.64e-01	1.86e-01	protein_coding
ENSG00000115194	SLC30A3	 3.08e-02	9.62e-01	protein_coding
ENSG00000086189	DIMT1	 1.42e-01	6.24e-01	protein_coding
ENSG00000116198	CEP104	-1.90e-01	5.93e-01	protein_coding
ENSG00000127022	CANX	-7.68e-02	7.25e-01	protein_coding
ENSG00000136854	STXBP1	 2.25e-01	2.59e-01	protein_coding
ENSG00000136682	CBWD2	-2.01e-01	6.41e-01	protein_coding
ENSG00000111737	RAB35	-5.50e-02	8.41e-01	protein_coding
ENSG00000269893	SNHG8	 5.13e-01	3.92e-03	lncRNA
ENSG00000077152	UBE2T	-2.37e-01	2.48e-01	protein_coding
ENSG00000277283	AC004812.2	 1.90e-01	6.72e-01	lncRNA
ENSG00000086200	IPO11	 3.50e-02	9.37e-01	protein_coding
ENSG00000127080	IPPK	 1.93e-01	5.65e-01	protein_coding
ENSG00000173801	JUP	 5.45e-01	3.70e-05	protein_coding
ENSG00000102189	EEA1	-2.06e-01	6.58e-01	protein_coding
ENSG00000170144	HNRNPA3	-2.14e-01	2.74e-01	protein_coding
ENSG00000069329	VPS35	-2.44e-01	2.09e-01	protein_coding
ENSG00000117602	RCAN3	 2.29e-01	6.23e-01	protein_coding
ENSG00000196781	TLE1	 2.28e-01	2.94e-01	protein_coding
ENSG00000188312	CENPP	-2.09e-01	4.73e-01	protein_coding
ENSG00000137343	ATAT1	 4.12e-01	9.35e-02	protein_coding
ENSG00000181045	SLC26A11	 3.58e-01	3.43e-01	protein_coding
ENSG00000115425	PECR	-2.77e-01	3.60e-01	protein_coding
ENSG00000188092	GPR89B	-7.58e-02	8.60e-01	protein_coding
ENSG00000198929	NOS1AP	 6.67e-01	2.41e-03	protein_coding
ENSG00000171863	RPS7	 3.78e-02	9.14e-01	protein_coding
ENSG00000187024	PTRH1	-5.98e-01	5.51e-04	protein_coding
ENSG00000126460	PRRG2	-2.19e-01	6.29e-01	protein_coding
ENSG00000003400	CASP10	-1.08e-01	8.06e-01	protein_coding
ENSG00000239887	C1orf226	 1.08e+00	1.32e-10	protein_coding
ENSG00000144674	GOLGA4	 2.05e-04	1.00e+00	protein_coding
ENSG00000179304	AC234031.1	 8.21e-02	8.81e-01	protein_coding
ENSG00000089154	GCN1	 5.11e-01	2.53e-02	protein_coding
ENSG00000118242	MREG	-9.47e-02	8.54e-01	protein_coding
ENSG00000138386	NAB1	-4.79e-01	1.82e-02	protein_coding
ENSG00000214248	AC010336.1	 4.79e-01	1.44e-01	lncRNA
ENSG00000232119	MCTS1	 5.63e-02	8.90e-01	protein_coding
ENSG00000137700	SLC37A4	-1.86e-01	3.33e-01	protein_coding
ENSG00000171017	LRRC8E	 1.75e-01	6.99e-01	protein_coding
ENSG00000167447	SMG8	-1.83e-01	4.63e-01	protein_coding
ENSG00000160404	TOR2A	 3.54e-01	8.18e-02	protein_coding
ENSG00000128915	ICE2	-1.69e-01	6.75e-01	protein_coding
ENSG00000167964	RAB26	-3.32e-01	1.17e-01	protein_coding
ENSG00000066084	DIP2B	-4.55e-04	9.99e-01	protein_coding
ENSG00000142546	NOSIP	-6.55e-01	9.19e-05	protein_coding
ENSG00000131508	UBE2D2	 2.67e-01	1.24e-01	protein_coding
ENSG00000198625	MDM4	 8.63e-02	8.49e-01	protein_coding
ENSG00000025708	TYMP	-7.26e-01	1.32e-06	protein_coding
ENSG00000124217	MOCS3	 6.55e-02	8.41e-01	protein_coding
ENSG00000110066	KMT5B	-2.70e-02	9.67e-01	protein_coding
ENSG00000068489	PRR11	 5.14e-01	6.77e-02	protein_coding
ENSG00000126787	DLGAP5	 1.50e-02	9.81e-01	protein_coding
ENSG00000131378	RFTN1	 1.04e-01	6.92e-01	protein_coding
ENSG00000171155	C1GALT1C1	-2.55e-01	5.08e-01	protein_coding
ENSG00000198168	SVIP	 1.14e-01	7.96e-01	protein_coding
ENSG00000159479	MED8	-2.81e-01	6.30e-02	protein_coding
ENSG00000214753	HNRNPUL2	 4.25e-01	8.48e-02	protein_coding
ENSG00000205309	NT5M	-3.80e-01	6.00e-02	protein_coding
ENSG00000152556	PFKM	-2.49e-01	1.34e-01	protein_coding
ENSG00000197530	MIB2	-3.28e-01	5.45e-02	protein_coding
ENSG00000143442	POGZ	 1.88e-01	4.78e-01	protein_coding
ENSG00000183943	PRKX	 3.28e-03	9.95e-01	protein_coding
ENSG00000215030	RPL13P12	 3.51e-03	9.97e-01	processed_pseudogene
ENSG00000168000	BSCL2	-4.56e-01	1.31e-02	protein_coding
ENSG00000260404	AC110079.1	-2.18e-01	6.57e-01	transcribed_unprocessed_pseudogene
ENSG00000215262	KCNU1	 1.96e-01	6.21e-01	protein_coding
ENSG00000152332	UHMK1	-3.11e-01	1.77e-01	protein_coding
ENSG00000150750	C11orf53	-3.30e-03	9.97e-01	protein_coding
ENSG00000172663	TMEM134	-1.73e-01	4.15e-01	protein_coding
ENSG00000111615	KRR1	-5.37e-02	9.27e-01	protein_coding
ENSG00000141026	MED9	-8.27e-02	7.93e-01	protein_coding
ENSG00000111788	AC009533.1	-2.81e-01	4.52e-01	unprocessed_pseudogene
ENSG00000009844	VTA1	 6.12e-03	9.93e-01	protein_coding
ENSG00000103404	USP31	-8.09e-02	8.40e-01	protein_coding
ENSG00000126709	IFI6	-4.78e-03	9.93e-01	protein_coding
ENSG00000139278	GLIPR1	-1.38e-01	8.01e-01	protein_coding
ENSG00000152104	PTPN14	-4.76e-02	8.95e-01	protein_coding
ENSG00000235750	KIAA0040	 4.14e-01	2.93e-01	protein_coding
ENSG00000115415	STAT1	-2.85e-01	2.74e-01	protein_coding
ENSG00000182149	IST1	-1.30e-01	5.34e-01	protein_coding
ENSG00000077157	PPP1R12B	-2.21e-01	4.25e-01	protein_coding
ENSG00000151376	ME3	-2.16e-01	2.62e-01	protein_coding
ENSG00000102119	EMD	 1.50e-01	4.79e-01	protein_coding
ENSG00000116044	NFE2L2	-4.13e-02	9.21e-01	protein_coding
ENSG00000084444	FAM234B	 2.50e-01	5.26e-01	protein_coding
ENSG00000145919	BOD1	-1.37e-01	5.18e-01	protein_coding
ENSG00000168778	TCTN2	 2.56e-01	4.04e-01	protein_coding
ENSG00000118418	HMGN3	-2.36e-01	3.47e-01	protein_coding
ENSG00000109046	WSB1	 2.98e-01	3.24e-01	protein_coding
ENSG00000165898	ISCA2	-1.49e-01	4.86e-01	protein_coding
ENSG00000138600	SPPL2A	-2.20e-01	5.16e-01	protein_coding
ENSG00000278709	NKILA	 2.30e-01	6.28e-01	lncRNA
ENSG00000285756	BX890604.2	 2.39e-02	9.57e-01	lncRNA
ENSG00000083123	BCKDHB	-6.43e-02	9.01e-01	protein_coding
ENSG00000234857	HNRNPUL2-BSCL2	 7.23e-02	8.38e-01	protein_coding
ENSG00000154814	OXNAD1	-1.57e-01	5.85e-01	protein_coding
ENSG00000161243	FBXO27	-7.21e-02	9.02e-01	protein_coding
ENSG00000117676	RPS6KA1	-2.24e-01	2.27e-01	protein_coding
ENSG00000134202	GSTM3	-1.64e-01	3.90e-01	protein_coding
ENSG00000152147	GEMIN6	-8.91e-02	7.93e-01	protein_coding
ENSG00000124225	PMEPA1	 9.30e-02	8.63e-01	protein_coding
ENSG00000176422	SPRYD4	-1.33e-01	7.01e-01	protein_coding
ENSG00000263002	ZNF234	 5.13e-02	9.36e-01	protein_coding
ENSG00000141527	CARD14	-3.40e-01	2.33e-01	protein_coding
ENSG00000163463	KRTCAP2	-1.99e-02	9.63e-01	protein_coding
ENSG00000079246	XRCC5	-4.58e-01	4.87e-02	protein_coding
ENSG00000214826	DDX12P	-1.31e-01	7.53e-01	unprocessed_pseudogene
ENSG00000146373	RNF217	-2.19e-01	5.85e-01	protein_coding
ENSG00000105245	NUMBL	 3.97e-01	1.77e-01	protein_coding
ENSG00000222043	AC079305.1	-1.45e-02	9.84e-01	lncRNA
ENSG00000173852	DPY19L1	 3.40e-01	3.84e-01	protein_coding
ENSG00000119655	NPC2	 1.47e-01	5.58e-01	protein_coding
ENSG00000159433	STARD9	 9.78e-02	8.54e-01	protein_coding
ENSG00000171119	NRTN	-1.77e-03	9.97e-01	protein_coding
ENSG00000080603	SRCAP	 1.98e-01	4.08e-01	protein_coding
ENSG00000117724	CENPF	-1.69e-02	9.73e-01	protein_coding
ENSG00000114416	FXR1	 1.28e-01	7.09e-01	protein_coding
ENSG00000181523	SGSH	 7.41e-02	8.73e-01	protein_coding
ENSG00000145246	ATP10D	 1.90e-01	7.07e-01	protein_coding
ENSG00000025770	NCAPH2	-5.27e-01	1.33e-03	protein_coding
ENSG00000081181	ARG2	-2.77e-01	3.95e-01	protein_coding
ENSG00000109680	TBC1D19	 1.97e-01	6.91e-01	protein_coding
ENSG00000109062	SLC9A3R1	 1.62e-03	9.97e-01	protein_coding
ENSG00000092470	WDR76	 9.11e-02	7.76e-01	protein_coding
ENSG00000119231	SENP5	-3.27e-01	2.77e-01	protein_coding
ENSG00000144580	CNOT9	 2.19e-01	2.71e-01	protein_coding
ENSG00000177989	ODF3B	-1.41e-01	7.93e-01	protein_coding
ENSG00000188636	RTL6	 8.79e-01	2.53e-10	protein_coding
ENSG00000142347	MYO1F	 7.40e-02	8.91e-01	protein_coding
ENSG00000163608	NEPRO	 3.06e-01	3.55e-01	protein_coding
ENSG00000164953	TMEM67	 2.75e-01	5.20e-01	protein_coding
ENSG00000272821	U62317.2	-9.74e-02	8.68e-01	lncRNA
ENSG00000072042	RDH11	 2.92e-02	9.22e-01	protein_coding
ENSG00000177885	GRB2	-3.76e-01	4.24e-02	protein_coding
ENSG00000089060	SLC8B1	 1.63e-02	9.66e-01	protein_coding
ENSG00000104760	FGL1	-9.21e-02	8.77e-01	protein_coding
ENSG00000185344	ATP6V0A2	-7.26e-02	8.31e-01	protein_coding
ENSG00000155957	TMBIM4	 1.90e-01	5.88e-01	protein_coding
ENSG00000058729	RIOK2	 3.45e-02	9.60e-01	protein_coding
ENSG00000100568	VTI1B	-3.38e-01	2.11e-01	protein_coding
ENSG00000265992	ESRG	 5.75e-01	1.06e-01	lncRNA
ENSG00000130158	DOCK6	 4.77e-01	1.14e-01	protein_coding
ENSG00000100083	GGA1	 2.14e-02	9.54e-01	protein_coding
ENSG00000268350	FAM156A	-1.97e-01	5.98e-01	protein_coding
ENSG00000054965	FAM168A	 5.60e-01	6.49e-03	protein_coding
ENSG00000156873	PHKG2	-2.90e-01	5.14e-02	protein_coding
ENSG00000139233	LLPH	-1.22e-01	8.06e-01	protein_coding
ENSG00000151176	PLBD2	 4.66e-01	2.40e-02	protein_coding
ENSG00000145388	METTL14	-1.21e-01	8.26e-01	protein_coding
ENSG00000095637	SORBS1	-2.54e-02	9.60e-01	protein_coding
ENSG00000214765	SEPT7P2	 1.23e-01	8.21e-01	transcribed_unprocessed_pseudogene
ENSG00000103549	RNF40	 1.26e-02	9.68e-01	protein_coding
ENSG00000169359	SLC33A1	 2.00e-01	4.74e-01	protein_coding
ENSG00000171604	CXXC5	-2.90e-02	9.61e-01	protein_coding
ENSG00000138375	SMARCAL1	 9.23e-02	8.21e-01	protein_coding
ENSG00000129757	CDKN1C	-7.17e-02	8.34e-01	protein_coding
ENSG00000115419	GLS	 5.67e-02	8.99e-01	protein_coding
ENSG00000260260	SNHG19	 3.93e-01	1.17e-01	lncRNA
ENSG00000110042	DTX4	 6.25e-01	2.87e-03	protein_coding
ENSG00000102984	ZNF821	-1.72e-01	6.59e-01	protein_coding
ENSG00000163607	GTPBP8	-5.57e-02	9.06e-01	protein_coding
ENSG00000153944	MSI2	-1.47e-01	4.95e-01	protein_coding
ENSG00000178234	GALNT11	-2.23e-01	4.73e-01	protein_coding
ENSG00000102125	TAZ	-4.09e-02	9.04e-01	protein_coding
ENSG00000257512	AC124947.2	 1.99e-01	6.91e-01	transcribed_processed_pseudogene
ENSG00000148803	FUOM	-4.59e-01	1.49e-02	protein_coding
ENSG00000162688	AGL	 1.33e-02	9.81e-01	protein_coding
ENSG00000064012	CASP8	-4.45e-02	9.17e-01	protein_coding
ENSG00000132434	LANCL2	-4.89e-01	2.91e-02	protein_coding
ENSG00000129244	ATP1B2	 4.83e-01	1.94e-01	protein_coding
ENSG00000169598	DFFB	-2.58e-01	4.86e-01	protein_coding
ENSG00000100441	KHNYN	-8.57e-02	8.19e-01	protein_coding
ENSG00000161016	RPL8	-3.98e-01	1.28e-02	protein_coding
ENSG00000141562	NARF	-1.91e-01	3.18e-01	protein_coding
ENSG00000139899	CBLN3	 8.95e-02	8.73e-01	protein_coding
ENSG00000117143	UAP1	-2.86e-01	5.27e-01	protein_coding
ENSG00000172840	PDP2	-1.39e-01	6.99e-01	protein_coding
ENSG00000224470	ATXN1L	 8.78e-01	2.68e-06	protein_coding
ENSG00000139289	PHLDA1	 8.26e-02	8.84e-01	protein_coding
ENSG00000197756	RPL37A	 5.71e-01	9.61e-07	protein_coding
ENSG00000089157	RPLP0	-3.41e-02	9.23e-01	protein_coding
ENSG00000196659	TTC30B	-2.62e-01	5.36e-01	protein_coding
ENSG00000100445	SDR39U1	-2.27e-01	1.22e-01	protein_coding
ENSG00000076984	MAP2K7	 3.30e-01	5.98e-02	protein_coding
ENSG00000261840	AC093249.6	 1.93e-01	6.33e-01	lncRNA
ENSG00000280211	AC106886.4	-4.71e-02	9.42e-01	TEC
ENSG00000114993	RTKN	 4.32e-02	9.19e-01	protein_coding
ENSG00000163728	TTC14	 1.13e-01	7.96e-01	protein_coding
ENSG00000119242	CCDC92	 6.35e-01	2.27e-02	protein_coding
ENSG00000196118	CCDC189	-4.15e-01	9.58e-02	protein_coding
ENSG00000135094	SDS	-7.51e-02	9.01e-01	protein_coding
ENSG00000280734	LINC01232	 6.07e-01	4.66e-02	lncRNA
ENSG00000125304	TM9SF2	 2.11e-01	3.69e-01	protein_coding
ENSG00000164294	GPX8	-5.98e-02	9.01e-01	protein_coding
ENSG00000127884	ECHS1	-1.03e-01	6.41e-01	protein_coding
ENSG00000018510	AGPS	-4.17e-01	1.59e-01	protein_coding
ENSG00000110628	SLC22A18	 3.28e-01	2.98e-02	protein_coding
ENSG00000173598	NUDT4	-1.91e-01	5.34e-01	protein_coding
ENSG00000143207	COP1	 1.11e-01	6.90e-01	protein_coding
ENSG00000100865	CINP	-1.88e-01	3.25e-01	protein_coding
ENSG00000260001	TGFBR3L	-5.40e-02	9.23e-01	protein_coding
ENSG00000197557	TTC30A	-6.92e-02	9.02e-01	protein_coding
ENSG00000131653	TRAF7	 1.42e-01	4.73e-01	protein_coding
ENSG00000103226	NOMO3	 2.94e-01	2.87e-01	protein_coding
ENSG00000139410	SDSL	-6.04e-01	2.00e-04	protein_coding
ENSG00000256594	AC010186.2	-1.68e-01	7.17e-01	transcribed_unprocessed_pseudogene
ENSG00000177889	UBE2N	-6.57e-02	8.89e-01	protein_coding
ENSG00000249550	LINC01234	 1.66e-01	6.66e-01	lncRNA
ENSG00000100577	GSTZ1	-3.60e-01	6.68e-03	protein_coding
ENSG00000205937	RNPS1	 3.14e-01	1.48e-02	protein_coding
ENSG00000054118	THRAP3	-1.71e-01	5.43e-01	protein_coding
ENSG00000022976	ZNF839	 1.62e-03	9.97e-01	protein_coding
ENSG00000133422	MORC2	 6.46e-01	3.36e-03	protein_coding
ENSG00000197119	SLC25A29	-1.49e-01	6.30e-01	protein_coding
ENSG00000163832	ELP6	-5.03e-01	3.23e-04	protein_coding
ENSG00000122965	RBM19	-3.52e-01	5.87e-02	protein_coding
ENSG00000127311	HELB	 3.24e-01	4.54e-01	protein_coding
ENSG00000091651	ORC6	-3.43e-01	6.09e-02	protein_coding
ENSG00000127952	STYXL1	-2.95e-01	1.41e-01	protein_coding
ENSG00000100811	YY1	 1.98e-01	3.98e-01	protein_coding
ENSG00000141696	P3H4	-1.00e-01	6.34e-01	protein_coding
ENSG00000104976	SNAPC2	 1.10e-01	7.49e-01	protein_coding
ENSG00000165804	ZNF219	 2.68e-02	9.37e-01	protein_coding
ENSG00000160703	NLRX1	 2.26e-01	3.86e-01	protein_coding
ENSG00000179195	ZNF664	-3.57e-01	1.51e-01	protein_coding
ENSG00000065970	FOXJ2	 4.35e-01	8.59e-02	protein_coding
ENSG00000106348	IMPDH1	-5.58e-02	8.26e-01	protein_coding
ENSG00000255857	PXN-AS1	-4.96e-02	8.95e-01	lncRNA
ENSG00000131263	RLIM	-2.09e-01	6.08e-01	protein_coding
ENSG00000124145	SDC4	 3.45e-01	1.22e-01	protein_coding
ENSG00000113742	CPEB4	 7.32e-02	8.90e-01	protein_coding
ENSG00000162733	DDR2	-8.30e-02	7.94e-01	protein_coding
ENSG00000165801	ARHGEF40	 3.74e-01	1.31e-01	protein_coding
ENSG00000178605	GTPBP6	-5.44e-01	1.08e-03	protein_coding
ENSG00000132196	HSD17B7	-1.20e-01	6.71e-01	protein_coding
ENSG00000198393	ZNF26	 7.73e-03	9.92e-01	protein_coding
ENSG00000170390	DCLK2	-1.61e-01	7.09e-01	protein_coding
ENSG00000174501	ANKRD36C	-6.05e-02	8.97e-01	protein_coding
ENSG00000198198	SZT2	 2.60e-01	3.01e-01	protein_coding
ENSG00000128655	PDE11A	 1.59e-01	7.52e-01	protein_coding
ENSG00000184709	LRRC26	 4.28e-01	3.93e-02	protein_coding
ENSG00000136636	KCTD3	-2.29e-01	2.74e-01	protein_coding
ENSG00000122644	ARL4A	-4.08e-02	9.38e-01	protein_coding
ENSG00000085982	USP40	 4.43e-02	9.29e-01	protein_coding
ENSG00000114503	NCBP2	-1.26e-01	6.64e-01	protein_coding
ENSG00000168538	TRAPPC11	 8.37e-02	8.64e-01	protein_coding
ENSG00000009307	CSDE1	-2.12e-01	4.96e-01	protein_coding
ENSG00000140995	DEF8	-3.84e-01	3.32e-02	protein_coding
ENSG00000160193	WDR4	-4.57e-01	2.62e-02	protein_coding
ENSG00000182378	PLCXD1	 2.60e-01	5.75e-01	protein_coding
ENSG00000156384	SFR1	-2.35e-01	6.04e-01	protein_coding
ENSG00000013563	DNASE1L1	-1.76e-01	5.14e-01	protein_coding
ENSG00000111696	NT5DC3	-1.24e-02	9.87e-01	protein_coding
ENSG00000178053	MLF1	 5.27e-02	9.33e-01	protein_coding
ENSG00000196954	CASP4	-1.32e-01	7.21e-01	protein_coding
ENSG00000139133	ALG10	-1.23e-01	7.73e-01	protein_coding
ENSG00000155636	RBM45	-1.96e-01	6.41e-01	protein_coding
ENSG00000198015	MRPL42	-7.31e-02	8.85e-01	protein_coding
ENSG00000204954	C12orf73	 1.86e-01	4.77e-01	protein_coding
ENSG00000083168	KAT6A	-4.62e-02	8.96e-01	protein_coding
ENSG00000089159	PXN	 6.47e-01	3.37e-04	protein_coding
ENSG00000147403	RPL10	 8.93e-02	6.52e-01	protein_coding
ENSG00000143772	ITPKB	 2.14e-01	6.59e-01	protein_coding
ENSG00000163344	PMVK	-6.06e-01	4.86e-05	protein_coding
ENSG00000122729	ACO1	 1.87e-01	4.01e-01	protein_coding
ENSG00000166598	HSP90B1	 2.32e-01	5.22e-01	protein_coding
ENSG00000124357	NAGK	-3.82e-01	1.02e-02	protein_coding
ENSG00000112773	TENT5A	-2.83e-01	4.73e-01	protein_coding
ENSG00000231584	FAHD2CP	-7.03e-03	9.92e-01	transcribed_unprocessed_pseudogene
ENSG00000198040	ZNF84	 1.80e-01	7.19e-01	protein_coding
ENSG00000067836	ROGDI	-4.29e-01	3.75e-02	protein_coding
ENSG00000178922	HYI	-4.98e-01	2.15e-02	protein_coding
ENSG00000244274	DBNDD2	-7.06e-04	9.98e-01	protein_coding
ENSG00000197429	IPP	 1.67e-01	7.47e-01	protein_coding
ENSG00000149260	CAPN5	 6.05e-01	8.29e-02	protein_coding
ENSG00000163346	PBXIP1	-3.26e-01	7.99e-02	protein_coding
ENSG00000159592	GPBP1L1	-2.45e-02	9.53e-01	protein_coding
ENSG00000109971	HSPA8	-3.96e-01	1.51e-02	protein_coding
ENSG00000122861	PLAU	 2.88e-01	3.78e-01	protein_coding
ENSG00000143801	PSEN2	-1.96e-01	3.67e-01	protein_coding
ENSG00000280195	AC245140.2	-1.54e-01	7.46e-01	lncRNA
ENSG00000140326	CDAN1	 5.94e-02	8.75e-01	protein_coding
ENSG00000159596	TMEM69	 4.50e-02	9.04e-01	protein_coding
ENSG00000204070	SYS1	 7.64e-02	8.04e-01	protein_coding
ENSG00000272556	GTF2IP13	 4.45e-01	2.41e-01	transcribed_unprocessed_pseudogene
ENSG00000223959	AFG3L1P	-1.24e-01	7.17e-01	transcribed_unitary_pseudogene
ENSG00000173085	COQ2	-2.92e-01	2.47e-01	protein_coding
ENSG00000249806	AC139720.1	 5.30e-03	9.93e-01	lncRNA
ENSG00000089876	DHX32	-8.30e-02	8.42e-01	protein_coding
ENSG00000134531	EMP1	 2.13e-02	9.76e-01	protein_coding
ENSG00000143375	CGN	-1.65e-01	6.90e-01	protein_coding
ENSG00000153827	TRIP12	-1.83e-01	5.35e-01	protein_coding
ENSG00000003509	NDUFAF7	-3.26e-01	1.40e-01	protein_coding
ENSG00000231064	AC234582.1	 1.49e-01	7.59e-01	lncRNA
ENSG00000138780	GSTCD	 1.00e-01	8.18e-01	protein_coding
ENSG00000175061	SNHG29	-2.77e-02	9.02e-01	lncRNA
ENSG00000140416	TPM1	-3.86e-01	1.75e-02	protein_coding
ENSG00000138821	SLC39A8	-3.65e-01	1.82e-01	protein_coding
ENSG00000272735	AC007881.3	 1.33e-01	8.03e-01	lncRNA
ENSG00000239779	WBP1	-3.35e-01	5.19e-03	protein_coding
ENSG00000160766	GBAP1	-7.03e-02	8.27e-01	transcribed_unprocessed_pseudogene
ENSG00000178974	FBXO34	-3.14e-01	3.62e-01	protein_coding
ENSG00000152223	EPG5	 1.85e-01	6.27e-01	protein_coding
ENSG00000029363	BCLAF1	 5.43e-02	9.08e-01	protein_coding
ENSG00000163214	DHX57	-1.48e-01	7.30e-01	protein_coding
ENSG00000181350	LRRC75A	 6.26e-02	9.16e-01	protein_coding
ENSG00000107949	BCCIP	-2.73e-01	5.34e-01	protein_coding
ENSG00000143228	NUF2	 2.41e-02	9.70e-01	protein_coding
ENSG00000259399	TGIF2-RAB5IF	 2.24e-01	6.36e-01	protein_coding
ENSG00000169231	THBS3	 3.05e-01	3.10e-01	protein_coding
ENSG00000177946	CENPBD1	 1.78e-01	5.28e-01	transcribed_unitary_pseudogene
ENSG00000118707	TGIF2	 2.81e-01	1.67e-01	protein_coding
ENSG00000115274	INO80B	-5.38e-02	8.69e-01	protein_coding
ENSG00000138696	BMPR1B	-5.73e-02	9.08e-01	protein_coding
ENSG00000271380	AL451085.2	-4.25e-01	1.57e-01	lncRNA
ENSG00000259498	TPM1-AS	 1.39e-01	7.87e-01	lncRNA
ENSG00000255153	TOLLIP-AS1	 2.07e-02	9.73e-01	lncRNA
ENSG00000115825	PRKD3	-4.98e-02	9.17e-01	protein_coding
ENSG00000163348	PYGO2	 6.21e-01	3.97e-05	protein_coding
ENSG00000101084	RAB5IF	-2.65e-01	3.46e-02	protein_coding
ENSG00000100938	GMPR2	-2.66e-01	1.78e-01	protein_coding
ENSG00000122557	HERPUD2	 2.91e-02	9.61e-01	protein_coding
ENSG00000243749	TMEM35B	 2.02e-02	9.75e-01	protein_coding
ENSG00000254290	AC124067.4	 1.78e-01	7.09e-01	lncRNA
ENSG00000271122	AC018647.2	-3.16e-03	9.97e-01	lncRNA
ENSG00000135390	ATP5MC2	 1.49e-01	6.13e-01	protein_coding
ENSG00000163867	ZMYM6	 7.71e-02	8.94e-01	protein_coding
ENSG00000144043	TEX261	 1.10e-01	7.05e-01	protein_coding
ENSG00000131844	MCCC2	-1.40e-01	5.38e-01	protein_coding
ENSG00000148832	PAOX	-3.45e-01	3.57e-01	protein_coding
ENSG00000120942	UBIAD1	-1.66e-01	4.26e-01	protein_coding
ENSG00000066827	ZFAT	-2.38e-01	3.09e-01	protein_coding
ENSG00000141756	FKBP10	 6.73e-02	7.75e-01	protein_coding
ENSG00000082146	STRADB	-3.66e-02	9.50e-01	protein_coding
ENSG00000154978	VOPP1	 3.48e-02	8.97e-01	protein_coding
ENSG00000106355	LSM5	 2.96e-01	1.33e-01	protein_coding
ENSG00000135899	SP110	 5.84e-02	9.02e-01	protein_coding
ENSG00000117713	ARID1A	 1.78e-01	6.60e-01	protein_coding
ENSG00000142694	EVA1B	-3.41e-01	1.53e-01	protein_coding
ENSG00000165637	VDAC2	 2.02e-02	9.39e-01	protein_coding
ENSG00000173171	MTX1	-3.85e-01	7.68e-03	protein_coding
ENSG00000105866	SP4	 6.92e-02	9.10e-01	protein_coding
ENSG00000174804	FZD4	 5.83e-01	5.87e-02	protein_coding
ENSG00000150687	PRSS23	 1.54e-01	4.00e-01	protein_coding
ENSG00000148824	MTG1	-3.07e-01	3.21e-02	protein_coding
ENSG00000126775	ATG14	 3.25e-01	2.73e-01	protein_coding
ENSG00000136807	CDK9	-5.58e-03	9.89e-01	protein_coding
ENSG00000186654	PRR5	-2.25e-01	3.89e-01	protein_coding
ENSG00000213185	FAM24B	 1.24e-01	7.80e-01	protein_coding
ENSG00000076382	SPAG5	-1.94e-01	5.09e-01	protein_coding
ENSG00000248712	CCDC153	-3.49e-01	3.75e-01	protein_coding
ENSG00000118816	CCNI	 3.13e-01	5.23e-02	protein_coding
ENSG00000100580	TMED8	 3.90e-03	9.95e-01	protein_coding
ENSG00000263956	NBPF11	-1.60e-02	9.79e-01	protein_coding
ENSG00000146701	MDH2	 2.56e-01	1.34e-01	protein_coding
ENSG00000171067	C11orf24	 1.34e-01	5.25e-01	protein_coding
ENSG00000270170	NCBP2-AS2	-2.90e-01	6.02e-02	protein_coding
ENSG00000115993	TRAK2	 2.10e-01	5.46e-01	protein_coding
ENSG00000055609	KMT2C	-3.30e-02	9.47e-01	protein_coding
ENSG00000163655	GMPS	 1.96e-01	3.15e-01	protein_coding
ENSG00000145901	TNIP1	 6.54e-02	8.08e-01	protein_coding
ENSG00000173992	CCS	-2.48e-01	3.79e-01	protein_coding
ENSG00000110711	AIP	-4.89e-01	3.38e-03	protein_coding
ENSG00000167380	ZNF226	 5.04e-02	9.01e-01	protein_coding
ENSG00000138785	INTS12	 1.51e-01	7.39e-01	protein_coding
ENSG00000166783	MARF1	-3.65e-01	1.40e-01	protein_coding
ENSG00000150961	SEC24D	 4.16e-02	9.30e-01	protein_coding
ENSG00000074582	BCS1L	-3.64e-01	7.28e-02	protein_coding
ENSG00000228613	AC141930.1	-4.22e-01	2.82e-01	lncRNA
ENSG00000156968	MPV17L	 7.05e-02	8.63e-01	protein_coding
ENSG00000261455	LINC01003	-1.89e-01	5.64e-01	lncRNA
ENSG00000196584	XRCC2	 4.53e-02	9.37e-01	protein_coding
ENSG00000117139	KDM5B	 5.23e-01	8.15e-03	protein_coding
ENSG00000149115	TNKS1BP1	 6.20e-01	6.84e-03	protein_coding
ENSG00000125995	ROMO1	 4.06e-01	1.19e-02	protein_coding
ENSG00000161021	MAML1	 3.60e-01	1.65e-01	protein_coding
ENSG00000166780	C16orf45	 8.88e-02	8.35e-01	protein_coding
ENSG00000109103	UNC119	-3.34e-01	2.17e-01	protein_coding
ENSG00000169372	CRADD	-2.39e-01	3.43e-01	protein_coding
ENSG00000119681	LTBP2	 3.96e-01	3.13e-01	protein_coding
ENSG00000113790	EHHADH	-4.64e-01	2.04e-01	protein_coding
ENSG00000149136	SSRP1	-4.36e-02	8.29e-01	protein_coding
ENSG00000068912	ERLEC1	-4.78e-02	9.27e-01	protein_coding
ENSG00000184205	TSPYL2	 1.21e-01	7.05e-01	protein_coding
ENSG00000185009	AP3M1	 1.25e-01	7.24e-01	protein_coding
ENSG00000163918	RFC4	-6.02e-02	8.52e-01	protein_coding
ENSG00000187555	USP7	 1.85e-01	5.45e-01	protein_coding
ENSG00000196387	ZNF140	-1.19e-02	9.87e-01	protein_coding
ENSG00000035403	VCL	 1.63e-01	5.14e-01	protein_coding
ENSG00000135111	TBX3	 2.75e-01	4.09e-01	protein_coding
ENSG00000171960	PPIH	-3.08e-01	7.64e-02	protein_coding
ENSG00000007202	KIAA0100	 4.46e-01	3.63e-04	protein_coding
ENSG00000183779	ZNF703	 1.01e+00	1.28e-07	protein_coding
ENSG00000139372	TDG	 2.39e-01	4.57e-01	protein_coding
ENSG00000228084	AC118553.1	 9.55e-02	8.70e-01	lncRNA
ENSG00000156976	EIF4A2	 7.47e-02	7.87e-01	protein_coding
ENSG00000144647	POMGNT2	 1.20e-02	9.73e-01	protein_coding
ENSG00000257923	CUX1	-1.32e-01	6.34e-01	protein_coding
ENSG00000214796	AC098934.1	-4.70e-02	9.08e-01	transcribed_unprocessed_pseudogene
ENSG00000079156	OSBPL6	 4.07e-01	3.12e-01	protein_coding
ENSG00000227543	SPAG5-AS1	 2.90e-01	5.19e-01	lncRNA
ENSG00000196792	STRN3	-2.00e-01	6.36e-01	protein_coding
ENSG00000100592	DAAM1	 1.88e-01	6.98e-01	protein_coding
ENSG00000160691	SHC1	-4.96e-02	8.52e-01	protein_coding
ENSG00000126878	AIF1L	-1.01e-01	6.58e-01	protein_coding
ENSG00000163050	COQ8A	-2.08e-01	2.60e-01	protein_coding
ENSG00000120820	GLT8D2	 5.39e-02	9.07e-01	protein_coding
ENSG00000128641	MYO1B	-4.17e-01	6.58e-02	protein_coding
ENSG00000137955	RABGGTB	-6.51e-03	9.89e-01	protein_coding
ENSG00000147475	ERLIN2	 2.32e-01	4.56e-01	protein_coding
ENSG00000115239	ASB3	-6.47e-02	8.77e-01	protein_coding
ENSG00000223960	PRKRA-AS1	-1.80e-01	7.14e-01	lncRNA
ENSG00000089818	NECAP1	-7.98e-03	9.88e-01	protein_coding
ENSG00000100478	AP4S1	-1.88e-01	7.02e-01	protein_coding
ENSG00000109991	P2RX3	-3.34e-01	4.21e-01	protein_coding
ENSG00000124224	PPP4R1L	 1.59e-01	7.09e-01	transcribed_unprocessed_pseudogene
ENSG00000074696	HACD3	-1.22e-01	6.56e-01	protein_coding
ENSG00000143942	CHAC2	-1.18e-01	8.06e-01	protein_coding
ENSG00000115568	ZNF142	 7.52e-01	3.91e-04	protein_coding
ENSG00000160194	NDUFV3	 5.66e-03	9.87e-01	protein_coding
ENSG00000101003	GINS1	 3.80e-01	1.59e-01	protein_coding
ENSG00000254028	AC083843.2	 4.28e-01	2.70e-01	lncRNA
ENSG00000177303	CASKIN2	-9.51e-02	7.89e-01	protein_coding
ENSG00000150867	PIP4K2A	 2.22e-01	5.24e-01	protein_coding
ENSG00000181610	MRPS23	-4.15e-01	1.32e-02	protein_coding
ENSG00000089163	SIRT4	-3.67e-01	3.39e-01	protein_coding
ENSG00000180228	PRKRA	 1.05e-01	7.03e-01	protein_coding
ENSG00000198912	C1orf174	-6.64e-02	8.21e-01	protein_coding
ENSG00000170854	RIOX2	-4.89e-01	1.56e-01	protein_coding
ENSG00000236552	RPL13AP5	-4.14e-01	3.01e-01	processed_pseudogene
ENSG00000077235	GTF3C1	 4.77e-01	5.11e-03	protein_coding
ENSG00000177728	TMEM94	 2.09e-01	4.73e-01	protein_coding
ENSG00000246763	RGMB-AS1	 7.01e-01	3.25e-02	lncRNA
ENSG00000174136	RGMB	 3.72e-01	2.00e-01	protein_coding
ENSG00000117054	ACADM	-4.27e-01	1.36e-01	protein_coding
ENSG00000072571	HMMR	 3.83e-01	3.33e-01	protein_coding
ENSG00000164951	PDP1	-2.28e-01	6.34e-01	protein_coding
ENSG00000131848	ZSCAN5A	 1.42e-01	7.47e-01	protein_coding
ENSG00000133627	ACTR3B	-4.03e-01	8.73e-02	protein_coding
ENSG00000090612	ZNF268	 6.69e-02	9.14e-01	protein_coding
ENSG00000114646	CSPG5	 1.16e-01	7.94e-01	protein_coding
ENSG00000111727	HCFC2	 1.58e-01	7.43e-01	protein_coding
ENSG00000111667	USP5	-1.87e-01	1.88e-01	protein_coding
ENSG00000120029	ARMH3	-1.21e-01	6.50e-01	protein_coding
ENSG00000163565	IFI16	-4.51e-01	2.12e-01	protein_coding
ENSG00000197150	ABCB8	-3.10e-03	9.94e-01	protein_coding
ENSG00000120837	NFYB	-2.03e-01	5.85e-01	protein_coding
ENSG00000228109	MELTF-AS1	-1.48e-01	7.59e-01	lncRNA
ENSG00000107745	MICU1	-3.15e-01	7.88e-02	protein_coding
ENSG00000163975	MELTF	-3.06e-01	3.49e-01	protein_coding
ENSG00000185129	PURA	 6.23e-02	9.14e-01	protein_coding
ENSG00000003137	CYP26B1	 3.17e-01	4.59e-01	protein_coding
ENSG00000108256	NUFIP2	 8.06e-02	8.59e-01	protein_coding
ENSG00000117620	SLC35A3	-1.49e-01	7.69e-01	protein_coding
ENSG00000009780	FAM76A	-4.91e-02	9.23e-01	protein_coding
ENSG00000196233	LCOR	-3.17e-01	3.91e-01	protein_coding
ENSG00000075391	RASAL2	 1.01e-02	9.86e-01	protein_coding
ENSG00000165669	FAM204A	 3.27e-01	3.01e-01	protein_coding
ENSG00000224687	RASAL2-AS1	 4.47e-01	2.30e-01	lncRNA
ENSG00000173320	STOX2	 3.45e-01	3.49e-01	protein_coding
ENSG00000163482	STK36	 7.15e-02	8.75e-01	protein_coding
ENSG00000227051	C14orf132	-1.74e-01	7.06e-01	protein_coding
ENSG00000123485	HJURP	-1.33e-01	5.88e-01	protein_coding
ENSG00000130021	PUDP	-4.38e-02	9.10e-01	protein_coding
ENSG00000140795	MYLK3	-3.16e-02	9.39e-01	protein_coding
ENSG00000130669	PAK4	 3.18e-01	4.24e-02	protein_coding
ENSG00000162337	LRP5	 3.48e-01	1.82e-02	protein_coding
ENSG00000109107	ALDOC	-1.81e-01	3.24e-01	protein_coding
ENSG00000156876	SASS6	 2.19e-01	6.50e-01	protein_coding
ENSG00000092978	GPATCH2	-2.36e-01	5.69e-01	protein_coding
ENSG00000265688	MAFG-DT	-1.53e-01	7.54e-01	lncRNA
ENSG00000168398	BDKRB2	 1.98e-01	4.79e-01	protein_coding
ENSG00000177628	GBA	 1.08e-01	6.07e-01	protein_coding
ENSG00000177600	RPLP2	 1.30e-01	5.85e-01	protein_coding
ENSG00000163481	RNF25	-5.89e-01	1.41e-03	protein_coding
ENSG00000156875	MFSD14A	 2.20e-01	3.42e-01	protein_coding
ENSG00000054793	ATP9A	 2.68e-01	1.62e-01	protein_coding
ENSG00000100739	BDKRB1	 2.94e-02	9.66e-01	protein_coding
ENSG00000160199	PKNOX1	-1.55e-01	6.92e-01	protein_coding
ENSG00000155755	TMEM237	 4.17e-02	9.19e-01	protein_coding
ENSG00000260136	AC008915.2	-1.92e-01	6.74e-01	lncRNA
ENSG00000196663	TECPR2	-3.17e-01	3.23e-01	protein_coding
ENSG00000087111	PIGS	 1.36e-01	5.30e-01	protein_coding
ENSG00000067533	RRP15	-2.27e-01	5.58e-01	protein_coding
ENSG00000175548	ALG10B	 7.22e-02	8.96e-01	protein_coding
ENSG00000170448	NFXL1	-1.52e-01	6.95e-01	protein_coding
ENSG00000136718	IMP4	-4.53e-01	1.61e-03	protein_coding
ENSG00000224287	MSL3P1	-1.03e-02	9.90e-01	transcribed_processed_pseudogene
ENSG00000156381	ANKRD9	-4.19e-01	6.17e-02	protein_coding
ENSG00000111786	SRSF9	-2.06e-01	1.54e-01	protein_coding
ENSG00000095574	IKZF5	 1.09e-01	8.49e-01	protein_coding
ENSG00000072121	ZFYVE26	 6.03e-02	8.69e-01	protein_coding
ENSG00000173588	CEP83	-1.58e-01	7.57e-01	protein_coding
ENSG00000173933	RBM4	-2.52e-01	7.88e-02	protein_coding
ENSG00000111780	AL021546.1	-1.91e-01	7.06e-01	protein_coding
ENSG00000119965	C10orf88	-3.53e-01	3.88e-01	protein_coding
ENSG00000184371	CSF1	 1.69e-01	7.17e-01	protein_coding
ENSG00000155330	C16orf87	-1.32e-01	8.07e-01	protein_coding
ENSG00000172115	CYCS	 4.56e-02	9.14e-01	protein_coding
ENSG00000168434	COG7	 1.27e-01	6.30e-01	protein_coding
ENSG00000257218	GATC	-1.12e-01	7.20e-01	protein_coding
ENSG00000176244	ACBD7	 2.37e-03	9.97e-01	protein_coding
ENSG00000259782	AC008915.1	 3.67e-01	3.71e-01	lncRNA
ENSG00000239306	RBM14	 5.01e-01	2.48e-04	protein_coding
ENSG00000166189	HPS6	-3.60e-01	2.98e-02	protein_coding
ENSG00000232593	KANTR	 1.11e-03	9.99e-01	protein_coding
ENSG00000179988	PSTK	 1.09e-02	9.86e-01	protein_coding
ENSG00000170855	TRIAP1	-2.04e-01	4.84e-01	protein_coding
ENSG00000111775	COX6A1	 2.71e-01	4.83e-02	protein_coding
ENSG00000134452	FBH1	-3.60e-01	3.19e-02	protein_coding
ENSG00000112584	FAM120B	-1.63e-01	5.85e-01	protein_coding
ENSG00000011198	ABHD5	-2.01e-01	5.68e-01	protein_coding
ENSG00000173914	RBM4B	-1.04e-01	7.55e-01	protein_coding
ENSG00000152464	RPP38	-3.05e-01	1.73e-01	protein_coding
ENSG00000166250	CLMP	-3.04e-01	1.75e-01	protein_coding
ENSG00000110697	PITPNM1	-1.72e-01	3.57e-01	protein_coding
ENSG00000248643	RBM14-RBM4	-4.32e-01	6.11e-02	protein_coding
ENSG00000152465	NMT2	-1.24e-02	9.85e-01	protein_coding
ENSG00000177679	SRRM3	 5.87e-02	9.16e-01	protein_coding
ENSG00000101004	NINL	-1.54e-01	7.19e-01	protein_coding
ENSG00000148834	GSTO1	-3.16e-01	1.21e-01	protein_coding
ENSG00000136710	CCDC115	-5.84e-01	1.11e-05	protein_coding
ENSG00000146674	IGFBP3	 4.45e-01	7.26e-03	protein_coding
ENSG00000111530	CAND1	-4.35e-01	7.64e-02	protein_coding
ENSG00000115275	MOGS	 2.53e-01	2.23e-01	protein_coding
ENSG00000094841	UPRT	-4.85e-01	1.26e-01	protein_coding
ENSG00000075275	CELSR1	 4.81e-01	6.63e-03	protein_coding
ENSG00000066739	ATG2B	 1.81e-01	6.75e-01	protein_coding
ENSG00000131115	ZNF227	 2.17e-01	6.27e-01	protein_coding
ENSG00000163788	SNRK	 2.56e-01	4.24e-01	protein_coding
ENSG00000188010	MORN2	 1.77e-01	6.10e-01	protein_coding
ENSG00000273184	AC010655.4	-4.67e-01	1.67e-01	lncRNA
ENSG00000138764	CCNG2	-1.26e-01	7.96e-01	protein_coding
ENSG00000135245	HILPDA	-1.39e-01	6.95e-01	protein_coding
ENSG00000171103	TRMT61B	-3.05e-01	2.62e-01	protein_coding
ENSG00000160746	ANO10	 1.39e-01	7.13e-01	protein_coding
ENSG00000165055	METTL2B	 1.34e-01	7.02e-01	protein_coding
ENSG00000106211	HSPB1	 2.02e-01	2.67e-01	protein_coding
ENSG00000136717	BIN1	-2.44e-01	1.53e-01	protein_coding
ENSG00000113369	ARRDC3	 1.52e-01	6.92e-01	protein_coding
ENSG00000196428	TSC22D2	 1.87e-01	6.26e-01	protein_coding
ENSG00000166123	GPT2	-4.06e-01	3.62e-03	protein_coding
ENSG00000281357	ARRDC3-AS1	 4.63e-01	2.24e-01	lncRNA
ENSG00000185630	PBX1	 2.91e-01	1.44e-01	protein_coding
ENSG00000162980	ARL5A	-2.55e-01	4.45e-01	protein_coding
ENSG00000244257	PKD1P1	 7.13e-02	8.87e-01	unprocessed_pseudogene
ENSG00000134470	IL15RA	 1.78e-02	9.70e-01	protein_coding
ENSG00000183889	AC138969.1	-1.21e-01	7.39e-01	protein_coding
ENSG00000196498	NCOR2	 3.77e-01	7.60e-02	protein_coding
ENSG00000089902	RCOR1	 3.96e-01	1.74e-01	protein_coding
ENSG00000132661	NXT1	-1.08e-01	6.50e-01	protein_coding
ENSG00000134802	SLC43A3	 3.35e-01	7.36e-02	protein_coding
ENSG00000198728	LDB1	 1.12e-01	7.50e-01	protein_coding
ENSG00000079308	TNS1	 1.68e-01	6.74e-01	protein_coding
ENSG00000162222	TTC9C	-1.35e-02	9.68e-01	protein_coding
ENSG00000168310	IRF2	 2.14e-01	6.14e-01	protein_coding
ENSG00000280649	AC245100.8	-2.78e-01	2.34e-01	TEC
ENSG00000213639	PPP1CB	-2.63e-01	1.85e-01	protein_coding
ENSG00000140105	WARS	 2.29e-01	1.88e-01	protein_coding
ENSG00000160767	FAM189B	 9.61e-01	6.03e-16	protein_coding
ENSG00000101115	SALL4	 4.16e-01	8.12e-02	protein_coding
ENSG00000170027	YWHAG	 4.11e-01	8.22e-02	protein_coding
ENSG00000274020	LINC01138	 1.60e-01	6.67e-01	lncRNA
ENSG00000122545	SEPT7	-1.23e-01	8.06e-01	protein_coding
ENSG00000198431	TXNRD1	-2.71e-01	1.66e-01	protein_coding
ENSG00000146700	SSC4D	-5.62e-02	9.20e-01	protein_coding
ENSG00000132879	FBXO44	-6.62e-01	4.59e-05	protein_coding
ENSG00000185404	SP140L	 4.92e-01	1.73e-01	protein_coding
ENSG00000184752	NDUFA12	 2.14e-01	2.19e-01	protein_coding
ENSG00000148840	PPRC1	 6.25e-01	5.74e-04	protein_coding
ENSG00000188372	ZP3	-5.37e-03	9.90e-01	protein_coding
ENSG00000101442	ACTR5	-3.47e-01	6.53e-02	protein_coding
ENSG00000271646	AC099343.3	 3.21e-01	3.99e-01	lncRNA
ENSG00000138399	FASTKD1	 3.55e-01	3.16e-01	protein_coding
ENSG00000159788	RGS12	-3.87e-01	1.59e-01	protein_coding
ENSG00000170185	USP38	-3.34e-01	3.86e-01	protein_coding
ENSG00000176473	WDR25	-1.80e-01	4.17e-01	protein_coding
ENSG00000116661	FBXO2	-7.39e-01	2.99e-07	protein_coding
ENSG00000005700	IBTK	 1.18e-01	8.00e-01	protein_coding
ENSG00000143367	TUFT1	 2.00e-01	4.85e-01	protein_coding
ENSG00000171681	ATF7IP	-3.00e-01	4.60e-01	protein_coding
ENSG00000183726	TMEM50A	 9.92e-02	7.93e-01	protein_coding
ENSG00000100744	GSKIP	-1.23e-01	7.87e-01	protein_coding
ENSG00000126790	L3HYPDH	-2.34e-01	2.20e-01	protein_coding
ENSG00000088986	DYNLL1	-7.87e-02	7.27e-01	protein_coding
ENSG00000116191	RALGPS2	-5.39e-02	9.25e-01	protein_coding
ENSG00000092969	TGFB2	 3.53e-01	3.20e-01	protein_coding
ENSG00000232536	AL365436.2	 3.25e-01	4.52e-01	lncRNA
ENSG00000183155	RABIF	-4.90e-02	8.89e-01	protein_coding
ENSG00000268388	FENDRR	 7.97e-03	9.92e-01	lncRNA
ENSG00000248008	NRAV	-1.38e-01	5.62e-01	lncRNA
ENSG00000124209	RAB22A	 2.62e-02	9.49e-01	protein_coding
ENSG00000180891	CUEDC1	 2.71e-02	9.40e-01	protein_coding
ENSG00000143353	LYPLAL1	 3.96e-02	9.36e-01	protein_coding
ENSG00000273062	AL449106.1	-4.09e-02	9.26e-01	lncRNA
ENSG00000065621	GSTO2	-2.45e-01	5.38e-01	protein_coding
ENSG00000185670	ZBTB3	 3.58e-01	1.57e-01	protein_coding
ENSG00000168710	AHCYL1	 2.17e-01	2.57e-01	protein_coding
ENSG00000127955	GNAI1	-1.09e-01	8.16e-01	protein_coding
ENSG00000101846	STS	 6.64e-02	8.59e-01	protein_coding
ENSG00000047617	ANO2	 4.35e-02	9.19e-01	protein_coding
ENSG00000197372	ZNF675	-3.27e-02	9.63e-01	protein_coding
ENSG00000168002	POLR2G	-1.48e-01	4.67e-01	protein_coding
ENSG00000167232	ZNF91	 3.85e-01	3.49e-01	protein_coding
ENSG00000050130	JKAMP	-1.23e-01	8.14e-01	protein_coding
ENSG00000012822	CALCOCO1	-3.52e-01	6.84e-02	protein_coding
ENSG00000176845	METRNL	-8.46e-02	7.23e-01	protein_coding
ENSG00000110871	COQ5	-3.65e-01	1.76e-02	protein_coding
ENSG00000136451	VEZF1	 5.09e-01	2.55e-02	protein_coding
ENSG00000022840	RNF10	 3.84e-01	3.04e-02	protein_coding
ENSG00000279069	AC015813.5	-6.86e-02	8.93e-01	TEC
ENSG00000113068	PFDN1	-2.56e-01	4.24e-01	protein_coding
ENSG00000136450	SRSF1	-2.62e-01	7.31e-02	protein_coding
ENSG00000141068	KSR1	 1.65e-01	6.44e-01	protein_coding
ENSG00000076108	BAZ2A	 7.47e-01	6.38e-05	protein_coding
ENSG00000125812	GZF1	-3.05e-02	9.61e-01	protein_coding
ENSG00000264112	AC015813.1	-4.53e-02	9.44e-01	lncRNA
ENSG00000120306	CYSTM1	 1.14e-01	6.65e-01	protein_coding
ENSG00000226278	PSPHP1	 1.54e-01	7.16e-01	unprocessed_pseudogene
ENSG00000173083	HPSE	 5.06e-02	9.14e-01	protein_coding
ENSG00000133131	MORC4	-6.81e-02	8.77e-01	protein_coding
ENSG00000185475	TMEM179B	 2.26e-01	3.69e-01	protein_coding
ENSG00000273270	AC090114.2	 4.30e-01	1.32e-01	lncRNA
ENSG00000148841	ITPRIP	 5.94e-01	1.11e-05	protein_coding
ENSG00000242588	AC108010.1	 5.68e-02	9.15e-01	lncRNA
ENSG00000280828	AC090114.3	-1.06e-01	8.51e-01	unprocessed_pseudogene
ENSG00000162227	TAF6L	-3.40e-01	1.65e-02	protein_coding
ENSG00000127334	DYRK2	 3.06e-02	9.66e-01	protein_coding
ENSG00000168569	TMEM223	-2.53e-01	1.72e-01	protein_coding
ENSG00000166575	TMEM135	 2.74e-01	2.44e-01	protein_coding
ENSG00000131269	ABCB7	-1.33e-01	6.88e-01	protein_coding
ENSG00000269176	AP001160.3	 6.81e-02	8.84e-01	lncRNA
ENSG00000116521	SCAMP3	 1.44e-01	4.02e-01	protein_coding
ENSG00000076067	RBMS2	 2.58e-01	3.31e-01	protein_coding
ENSG00000156110	ADK	-2.70e-01	2.36e-01	protein_coding
ENSG00000120798	NR2C1	-5.06e-02	9.18e-01	protein_coding
ENSG00000103241	FOXF1	 6.46e-01	4.69e-02	protein_coding
ENSG00000123066	MED13L	 5.00e-01	5.19e-02	protein_coding
ENSG00000111907	TPD52L1	-9.62e-02	8.25e-01	protein_coding
ENSG00000160999	SH2B2	 1.72e-02	9.76e-01	protein_coding
ENSG00000006757	PNPLA4	-1.49e-01	5.05e-01	protein_coding
ENSG00000258634	AL160006.1	 9.06e-01	3.13e-03	lncRNA
ENSG00000146833	TRIM4	-6.13e-02	9.03e-01	protein_coding
ENSG00000197363	ZNF517	 1.41e-01	7.57e-01	protein_coding
ENSG00000149428	HYOU1	 3.93e-01	3.30e-03	protein_coding
ENSG00000126012	KDM5C	 3.62e-01	5.56e-02	protein_coding
ENSG00000130396	AFDN	 6.66e-02	8.84e-01	protein_coding
ENSG00000100591	AHSA1	-4.56e-01	4.92e-04	protein_coding
ENSG00000117222	RBBP5	-2.27e-01	5.00e-01	protein_coding
ENSG00000117153	KLHL12	-1.73e-01	4.82e-01	protein_coding
ENSG00000137752	CASP1	-4.39e-01	1.99e-01	protein_coding
ENSG00000143093	STRIP1	 1.37e-02	9.81e-01	protein_coding
ENSG00000257718	CPNE8-AS1	-1.64e-01	7.23e-01	lncRNA
ENSG00000139117	CPNE8	-3.15e-02	9.48e-01	protein_coding
ENSG00000143198	MGST3	 7.41e-02	7.85e-01	protein_coding
ENSG00000111906	HDDC2	 1.69e-02	9.75e-01	protein_coding
ENSG00000137474	MYO7A	-7.64e-02	8.40e-01	protein_coding
ENSG00000171310	CHST11	 3.82e-02	9.34e-01	protein_coding
ENSG00000159346	ADIPOR1	-1.25e-01	5.27e-01	protein_coding
ENSG00000135637	CCDC142	-1.90e-01	5.27e-01	protein_coding
ENSG00000067066	SP100	-1.71e-01	5.99e-01	protein_coding
ENSG00000188505	NCCRP1	 3.75e-01	1.64e-01	protein_coding
ENSG00000137166	FOXP4	 1.07e+00	1.50e-09	protein_coding
ENSG00000204822	MRPL53	-1.12e-01	6.46e-01	protein_coding
ENSG00000116199	FAM20B	-7.31e-02	8.30e-01	protein_coding
ENSG00000144036	EXOC6B	 4.42e-01	6.91e-02	protein_coding
ENSG00000167393	PPP2R3B	 1.07e-01	8.28e-01	protein_coding
ENSG00000115282	TTC31	 6.32e-02	8.65e-01	protein_coding
ENSG00000143630	HCN3	 2.55e-01	4.82e-01	protein_coding
ENSG00000198740	ZNF652	 1.38e-01	7.30e-01	protein_coding
ENSG00000103248	MTHFSD	 1.09e-01	7.19e-01	protein_coding
ENSG00000166595	CIAO2B	-1.41e-01	4.67e-01	protein_coding
ENSG00000160862	AZGP1	-1.19e-01	8.28e-01	protein_coding
ENSG00000214078	CPNE1	-5.01e-02	8.78e-01	protein_coding
ENSG00000159348	CYB5R1	 2.04e-02	9.47e-01	protein_coding
ENSG00000151445	VIPAS39	-3.74e-01	4.42e-02	protein_coding
ENSG00000136052	SLC41A2	-2.09e-01	5.32e-01	protein_coding
ENSG00000133059	DSTYK	 1.61e-01	6.61e-01	protein_coding
ENSG00000180263	FGD6	 1.30e-01	7.78e-01	protein_coding
ENSG00000176444	CLK2	 3.07e-01	1.38e-01	protein_coding
ENSG00000105778	AVL9	 6.13e-02	8.96e-01	protein_coding
ENSG00000160551	TAOK1	 1.54e-01	6.55e-01	protein_coding
ENSG00000177666	PNPLA2	 4.78e-01	1.73e-03	protein_coding
ENSG00000270629	NBPF14	-5.57e-03	9.90e-01	protein_coding
ENSG00000186283	TOR3A	-3.23e-01	5.74e-02	protein_coding
ENSG00000239969	AC091390.4	-1.05e-01	8.50e-01	transcribed_unprocessed_pseudogene
ENSG00000158050	DUSP2	-4.22e-02	9.11e-01	protein_coding
ENSG00000133069	TMCC2	 2.54e-01	5.45e-01	protein_coding
ENSG00000177685	CRACR2B	-7.57e-02	8.91e-01	protein_coding
ENSG00000128563	PRKRIP1	-2.68e-01	2.18e-01	protein_coding
ENSG00000229358	DPY19L1P1	 7.37e-02	8.96e-01	unprocessed_pseudogene
ENSG00000090263	MRPS33	 6.66e-02	8.85e-01	protein_coding
ENSG00000286019	AC239811.1	-2.60e-02	9.61e-01	protein_coding
ENSG00000143149	ALDH9A1	-1.55e-01	5.30e-01	protein_coding
ENSG00000111412	C12orf49	 8.18e-02	7.96e-01	protein_coding
ENSG00000176692	FOXC2	 4.21e-01	2.78e-01	protein_coding
ENSG00000086015	MAST2	 4.85e-01	8.95e-03	protein_coding
ENSG00000185963	BICD2	 1.19e-01	6.69e-01	protein_coding
ENSG00000106261	ZKSCAN1	-2.17e-01	5.35e-01	protein_coding
ENSG00000213390	ARHGAP19	-3.27e-01	3.39e-01	protein_coding
ENSG00000183060	LYSMD4	-1.30e-01	7.91e-01	protein_coding
ENSG00000163444	TMEM183A	-2.35e-01	1.30e-01	protein_coding
ENSG00000151131	C12orf45	 1.69e-02	9.68e-01	protein_coding
ENSG00000160991	ORAI2	 9.07e-02	8.38e-01	protein_coding
ENSG00000224358	TMCO1-AS1	-4.35e-02	9.48e-01	lncRNA
ENSG00000143776	CDC42BPA	-1.06e-01	8.56e-01	protein_coding
ENSG00000136010	ALDH1L2	-5.70e-01	1.51e-02	protein_coding
ENSG00000140691	ARMC5	 3.52e-01	3.42e-02	protein_coding
ENSG00000161013	MGAT4B	 4.58e-01	6.33e-04	protein_coding
ENSG00000269891	ARHGAP19-SLIT1	 3.16e-01	4.70e-01	protein_coding
ENSG00000163947	ARHGEF3	 3.05e-01	4.18e-01	protein_coding
ENSG00000157212	PAXIP1	 6.21e-02	8.95e-01	protein_coding
ENSG00000260267	AC026471.1	 1.46e-01	5.52e-01	lncRNA
ENSG00000135912	TTLL4	 3.06e-01	1.50e-01	protein_coding
ENSG00000160993	ALKBH4	-2.11e-01	3.55e-01	protein_coding
ENSG00000084090	STARD7	 1.92e-01	4.74e-01	protein_coding
ENSG00000068305	MEF2A	 9.29e-02	8.06e-01	protein_coding
ENSG00000136051	WASHC4	 2.27e-01	5.83e-01	protein_coding
ENSG00000204685	STARD7-AS1	 1.32e-02	9.80e-01	lncRNA
ENSG00000135953	MFSD9	 4.25e-02	9.45e-01	protein_coding
ENSG00000173473	SMARCC1	 1.30e-01	6.88e-01	protein_coding
ENSG00000244005	NFS1	-4.78e-02	8.97e-01	protein_coding
ENSG00000105518	TMEM205	-2.20e-01	1.65e-01	protein_coding
ENSG00000143183	TMCO1	-1.67e-01	5.48e-01	protein_coding
ENSG00000131323	TRAF3	-4.37e-01	8.62e-02	protein_coding
ENSG00000135119	RNFT2	 5.94e-01	9.26e-04	protein_coding
ENSG00000065978	YBX1	 4.52e-03	9.89e-01	protein_coding
ENSG00000181649	PHLDA2	 3.43e-01	2.42e-02	protein_coding
ENSG00000197226	TBC1D9B	-3.30e-01	7.74e-02	protein_coding
ENSG00000143179	UCK2	-1.65e-01	3.46e-01	protein_coding
ENSG00000244462	RBM12	 2.57e-01	2.40e-01	protein_coding
ENSG00000163545	NUAK2	 4.45e-01	1.83e-02	protein_coding
ENSG00000069345	DNAJA2	-2.69e-01	1.27e-01	protein_coding
ENSG00000139921	TMX1	 2.00e-01	4.79e-01	protein_coding
ENSG00000135116	HRK	-1.76e-01	7.20e-01	protein_coding
ENSG00000163900	TMEM41A	-2.19e-02	9.70e-01	protein_coding
ENSG00000132470	ITGB4	 3.56e-01	2.90e-01	protein_coding
ENSG00000164949	GEM	-5.61e-01	9.27e-02	protein_coding
ENSG00000173559	NABP1	 6.64e-02	8.64e-01	protein_coding
ENSG00000166529	ZSCAN21	-3.52e-01	2.60e-01	protein_coding
ENSG00000073803	MAP3K13	-1.12e-01	8.21e-01	protein_coding
ENSG00000183401	CCDC159	 3.32e-02	9.37e-01	protein_coding
ENSG00000167797	CDK2AP2	 2.52e-01	1.69e-01	protein_coding
ENSG00000143376	SNX27	 3.05e-01	2.81e-01	protein_coding
ENSG00000187109	NAP1L1	-1.01e-02	9.80e-01	protein_coding
ENSG00000112365	ZBTB24	 1.12e-01	8.27e-01	protein_coding
ENSG00000135596	MICAL1	-9.91e-02	8.54e-01	protein_coding
ENSG00000070718	AP3M2	-2.45e-02	9.66e-01	protein_coding
ENSG00000075303	SLC25A40	 2.93e-02	9.63e-01	protein_coding
ENSG00000174989	FBXW8	 1.07e-01	7.68e-01	protein_coding
ENSG00000273888	FRMD6-AS1	 1.32e-01	8.07e-01	lncRNA
ENSG00000073060	SCARB1	 4.87e-01	2.04e-04	protein_coding
ENSG00000167085	PHB	-5.27e-01	2.08e-04	protein_coding
ENSG00000172828	CES3	-2.21e-02	9.56e-01	protein_coding
ENSG00000119682	AREL1	-1.57e-01	5.66e-01	protein_coding
ENSG00000101974	ATP11C	 1.99e-02	9.77e-01	protein_coding
ENSG00000108479	GALK1	-7.06e-01	6.20e-06	protein_coding
ENSG00000088992	TESC	-5.84e-02	8.97e-01	protein_coding
ENSG00000061987	MON2	 9.87e-02	8.51e-01	protein_coding
ENSG00000006634	DBF4	 2.57e-01	4.73e-01	protein_coding
ENSG00000105514	RAB3D	 3.77e-01	4.99e-02	protein_coding
ENSG00000161011	SQSTM1	-2.25e-01	1.16e-01	protein_coding
ENSG00000125814	NAPB	 1.79e-01	7.10e-01	protein_coding
ENSG00000166526	ZNF3	 1.99e-01	4.94e-01	protein_coding
ENSG00000079150	FKBP7	-4.30e-01	2.61e-01	protein_coding
ENSG00000152229	PSTPIP2	 8.85e-03	9.88e-01	protein_coding
ENSG00000060642	PIGV	 7.51e-02	8.18e-01	protein_coding
ENSG00000172831	CES2	 3.37e-01	1.05e-01	protein_coding
ENSG00000038274	MAT2B	 7.65e-02	8.15e-01	protein_coding
ENSG00000168497	CAVIN2	-1.63e-01	7.35e-01	protein_coding
ENSG00000137713	PPP2R1B	-8.68e-02	8.03e-01	protein_coding
ENSG00000141698	NT5C3B	-4.21e-01	7.42e-03	protein_coding
ENSG00000163466	ARPC2	-1.16e-01	5.43e-01	protein_coding
ENSG00000168827	GFM1	-7.08e-02	8.53e-01	protein_coding
ENSG00000128011	LRFN1	 6.84e-01	9.58e-03	protein_coding
ENSG00000167272	POP5	-1.81e-01	4.10e-01	protein_coding
ENSG00000135956	TMEM127	 3.51e-01	1.18e-01	protein_coding
ENSG00000257093	KIAA1147	-2.07e-01	6.15e-01	protein_coding
ENSG00000170145	SIK2	 8.17e-02	8.16e-01	protein_coding
ENSG00000138398	PPIG	 6.92e-02	8.59e-01	protein_coding
ENSG00000089682	RBM41	-2.84e-01	4.08e-01	protein_coding
ENSG00000165644	COMTD1	-4.04e-01	2.90e-02	protein_coding
ENSG00000267698	AC002116.2	 2.83e-02	9.63e-01	lncRNA
ENSG00000143740	SNAP47	-1.53e-01	4.90e-01	protein_coding
ENSG00000161277	THAP8	 1.12e-01	7.74e-01	protein_coding
ENSG00000153922	CHD1	 7.52e-01	8.15e-03	protein_coding
ENSG00000103365	GGA2	-2.62e-01	1.55e-01	protein_coding
ENSG00000177565	TBL1XR1	 1.34e-01	7.24e-01	protein_coding
ENSG00000161010	MRNIP	-3.84e-01	1.95e-01	protein_coding
ENSG00000116396	KCNC4	 4.03e-01	1.33e-01	protein_coding
ENSG00000116095	PLEKHA3	-3.27e-01	4.38e-01	protein_coding
ENSG00000124164	VAPB	 2.98e-01	7.38e-02	protein_coding
ENSG00000204160	ZDHHC18	 5.54e-01	1.86e-02	protein_coding
ENSG00000072135	PTPN18	 9.55e-02	6.96e-01	protein_coding
ENSG00000081692	JMJD4	-3.31e-01	4.24e-02	protein_coding
ENSG00000143157	POGK	-1.48e-01	6.54e-01	protein_coding
ENSG00000136628	EPRS	-4.32e-01	3.77e-02	protein_coding
ENSG00000198088	NUP62CL	 2.50e-01	5.54e-01	protein_coding
ENSG00000114850	SSR3	 2.93e-01	1.72e-01	protein_coding
ENSG00000077782	FGFR1	 4.77e-01	1.90e-01	protein_coding
ENSG00000123364	HOXC13	 3.40e-02	9.44e-01	protein_coding
ENSG00000239789	MRPS17	 2.16e-01	3.59e-01	protein_coding
ENSG00000222019	URAHP	-3.23e-01	3.97e-01	transcribed_unprocessed_pseudogene
ENSG00000141013	GAS8	-1.02e-01	7.66e-01	protein_coding
ENSG00000111077	TNS2	 4.17e-01	5.73e-02	protein_coding
ENSG00000109881	CCDC34	-9.44e-02	8.36e-01	protein_coding
ENSG00000006530	AGK	-2.94e-01	2.85e-01	protein_coding
ENSG00000109458	GAB1	-1.36e-01	8.04e-01	protein_coding
ENSG00000135932	CAB39	 2.38e-01	5.92e-01	protein_coding
ENSG00000146729	NIPSNAP2	-1.49e-02	9.69e-01	protein_coding
ENSG00000064313	TAF2	 5.44e-02	9.02e-01	protein_coding
ENSG00000213160	KLHL23	-1.04e-01	8.54e-01	protein_coding
ENSG00000175793	SFN	-2.73e-01	7.17e-02	protein_coding
ENSG00000115904	SOS1	 5.70e-01	7.36e-02	protein_coding
ENSG00000130147	SH3BP4	 4.59e-02	8.64e-01	protein_coding
ENSG00000150991	UBC	-3.14e-01	9.98e-02	protein_coding
ENSG00000028203	VEZT	 1.46e-01	7.18e-01	protein_coding
ENSG00000111554	MDM1	-2.86e-01	4.56e-01	protein_coding
ENSG00000103769	RAB11A	-2.25e-02	9.40e-01	protein_coding
ENSG00000162775	RBM15	-3.37e-01	1.30e-01	protein_coding
ENSG00000249773	AC092647.5	 1.20e-01	8.28e-01	protein_coding
ENSG00000003249	DBNDD1	 3.26e-01	1.09e-01	protein_coding
ENSG00000145390	USP53	-3.11e-01	4.80e-01	protein_coding
ENSG00000110917	MLEC	-1.40e-01	6.50e-01	protein_coding
ENSG00000143816	WNT9A	 2.54e-01	5.71e-01	protein_coding
ENSG00000174485	DENND4A	-5.81e-02	8.96e-01	protein_coding
ENSG00000221949	LINC01465	 3.47e-01	3.41e-01	lncRNA
ENSG00000275180	AC048341.2	 3.23e-01	3.99e-01	lncRNA
ENSG00000115596	WNT6	 2.51e-01	5.07e-01	protein_coding
ENSG00000128595	CALU	 1.40e-01	7.19e-01	protein_coding
ENSG00000062822	POLD1	-1.32e-01	5.52e-01	protein_coding
ENSG00000175970	UNC119B	 1.21e-01	6.69e-01	protein_coding
ENSG00000111110	PPM1H	-3.14e-01	4.45e-01	protein_coding
ENSG00000205213	LGR4	-3.43e-01	2.54e-01	protein_coding
ENSG00000143761	ARF1	 7.03e-02	6.92e-01	protein_coding
ENSG00000103264	FBXO31	-2.87e-01	1.77e-01	protein_coding
ENSG00000226210	WASH8P	-1.78e-01	5.48e-01	unprocessed_pseudogene
ENSG00000166197	NOLC1	 5.39e-02	8.25e-01	protein_coding
ENSG00000270006	AC010531.6	 1.92e-01	6.25e-01	lncRNA
ENSG00000063046	EIF4B	-2.29e-01	2.27e-01	protein_coding
ENSG00000140941	MAP1LC3B	 2.87e-01	1.28e-01	protein_coding
ENSG00000273344	PAXIP1-AS1	-4.26e-01	1.27e-01	lncRNA
ENSG00000123388	HOXC11	 4.09e-01	4.30e-02	protein_coding
ENSG00000122971	ACADS	-5.80e-01	2.33e-03	protein_coding
ENSG00000139116	KIF21A	 3.59e-01	3.46e-01	protein_coding
ENSG00000260456	C16orf95	 1.26e-01	7.04e-01	protein_coding
ENSG00000177981	ASB8	-1.26e-01	7.29e-01	protein_coding
ENSG00000228630	HOTAIR	-2.08e-01	6.32e-01	lncRNA
ENSG00000197275	RAD54B	-2.37e-01	6.10e-01	protein_coding
ENSG00000257337	AC068888.1	-1.95e-01	4.80e-01	lncRNA
ENSG00000074621	SLC24A1	 3.46e-01	4.11e-01	protein_coding
ENSG00000110955	ATP5F1B	-4.16e-01	3.43e-03	protein_coding
ENSG00000135916	ITM2C	-2.77e-01	1.09e-01	protein_coding
ENSG00000084207	GSTP1	-3.51e-01	2.71e-02	protein_coding
ENSG00000146242	TPBG	 3.92e-01	3.03e-01	protein_coding
ENSG00000167778	SPRYD3	-2.29e-02	9.47e-01	protein_coding
ENSG00000250133	HOXC-AS2	-2.43e-01	6.08e-01	lncRNA
ENSG00000117758	STX12	 2.85e-01	5.30e-01	protein_coding
ENSG00000225178	RPSAP58	-3.46e-01	2.40e-01	processed_pseudogene
ENSG00000180806	HOXC9	 2.37e-01	5.59e-01	protein_coding
ENSG00000213468	FIRRE	-3.59e-01	1.77e-01	lncRNA
ENSG00000138385	SSB	-3.60e-01	2.59e-01	protein_coding
ENSG00000180818	HOXC10	 3.61e-01	7.46e-03	protein_coding
ENSG00000182173	TSEN54	-4.78e-01	1.26e-03	protein_coding
ENSG00000197757	HOXC6	 4.44e-01	1.90e-01	protein_coding
ENSG00000130684	ZNF337	 3.83e-01	3.50e-01	protein_coding
ENSG00000148468	FAM171A1	 6.53e-01	4.80e-02	protein_coding
ENSG00000198160	MIER1	 1.71e-01	5.52e-01	protein_coding
ENSG00000213742	ZNF337-AS1	 2.48e-01	5.46e-01	lncRNA
ENSG00000198353	HOXC4	 3.83e-01	9.77e-02	protein_coding
ENSG00000138614	INTS14	-1.00e-02	9.81e-01	protein_coding
ENSG00000250451	HOXC-AS1	 4.86e-01	1.70e-01	lncRNA
ENSG00000157985	AGAP1	 6.23e-02	8.37e-01	protein_coding
ENSG00000251151	HOXC-AS3	-2.22e-01	5.85e-01	lncRNA
ENSG00000164885	CDK5	-2.55e-01	9.87e-02	protein_coding
ENSG00000135108	FBXO21	-5.20e-01	5.35e-03	protein_coding
ENSG00000237149	ZNF503-AS2	-2.93e-01	2.59e-01	lncRNA
ENSG00000161036	LRWD1	-3.27e-01	1.58e-01	protein_coding
ENSG00000138382	METTL5	 7.57e-02	8.41e-01	protein_coding
ENSG00000165655	ZNF503	 7.90e-01	1.28e-04	protein_coding
ENSG00000163659	TIPARP	 2.71e-01	3.56e-01	protein_coding
ENSG00000150990	DHX37	 1.82e-01	7.09e-01	protein_coding
ENSG00000020256	ZFP64	 5.03e-01	1.08e-02	protein_coding
ENSG00000206530	CFAP44	 3.17e-01	4.68e-01	protein_coding
ENSG00000005075	POLR2J	 1.35e-01	4.48e-01	protein_coding
ENSG00000164889	SLC4A2	 2.75e-01	5.92e-02	protein_coding
ENSG00000243926	TIPARP-AS1	-7.73e-02	8.96e-01	lncRNA
ENSG00000142751	GPN2	-3.41e-01	3.58e-02	protein_coding
ENSG00000197056	ZMYM1	-2.04e-01	6.53e-01	protein_coding
ENSG00000135525	MAP7	 7.98e-02	7.88e-01	protein_coding
ENSG00000143793	C1orf35	-5.17e-01	1.47e-02	protein_coding
ENSG00000117751	PPP1R8	-2.36e-01	3.92e-01	protein_coding
ENSG00000224699	LAMTOR5-AS1	 2.65e-01	4.35e-01	lncRNA
ENSG00000163611	SPICE1	 3.88e-01	1.91e-01	protein_coding
ENSG00000110395	CBL	 1.36e-01	7.22e-01	protein_coding
ENSG00000204397	CARD16	-1.16e-02	9.87e-01	transcribed_unprocessed_pseudogene
ENSG00000160200	CBS	-2.06e-01	2.52e-01	protein_coding
ENSG00000126883	NUP214	 2.87e-01	1.65e-01	protein_coding
ENSG00000085511	MAP3K4	 1.40e-01	7.82e-01	protein_coding
ENSG00000117266	CDK18	 2.58e-01	2.09e-01	protein_coding
ENSG00000076706	AP002956.1	 1.19e-01	5.40e-01	protein_coding
ENSG00000168505	GBX2	 1.11e-01	8.46e-01	protein_coding
ENSG00000008018	PSMB1	-2.92e-01	1.14e-01	protein_coding
ENSG00000225855	RUSC1-AS1	-1.22e-01	8.17e-01	lncRNA
ENSG00000011426	ANLN	-4.53e-01	3.10e-02	protein_coding
ENSG00000163312	HELQ	 7.86e-02	8.84e-01	protein_coding
ENSG00000116663	FBXO6	-6.58e-02	8.94e-01	protein_coding
ENSG00000264364	DYNLL2	 2.68e-01	2.26e-01	protein_coding
ENSG00000162813	BPNT1	-2.13e-01	3.38e-01	protein_coding
ENSG00000163812	ZDHHC3	 8.08e-02	7.58e-01	protein_coding
ENSG00000164542	KIAA0895	 3.76e-01	3.37e-01	protein_coding
ENSG00000117472	TSPAN1	 1.81e-01	6.21e-01	protein_coding
ENSG00000075914	EXOSC7	-3.57e-01	2.10e-02	protein_coding
ENSG00000129003	VPS13C	 6.36e-03	9.93e-01	protein_coding
ENSG00000167384	ZNF180	-1.66e-01	7.46e-01	protein_coding
ENSG00000184992	BRI3BP	 1.46e-01	5.25e-01	protein_coding
ENSG00000102967	DHODH	-1.41e-02	9.77e-01	protein_coding
ENSG00000157837	SPPL3	 5.97e-01	1.36e-02	protein_coding
ENSG00000135547	HEY2	 1.24e-01	8.19e-01	protein_coding
ENSG00000160753	RUSC1	 3.72e-02	9.08e-01	protein_coding
ENSG00000152382	TADA1	-5.44e-02	8.92e-01	protein_coding
ENSG00000117461	PIK3R3	 1.73e-01	5.88e-01	protein_coding
ENSG00000075240	GRAMD4	-2.79e-01	4.33e-01	protein_coding
ENSG00000198843	SELENOT	-6.00e-02	8.90e-01	protein_coding
ENSG00000164096	C4orf3	-3.40e-02	9.49e-01	protein_coding
ENSG00000163485	ADORA1	 5.38e-02	9.25e-01	protein_coding
ENSG00000118855	MFSD1	 1.46e-01	6.91e-01	protein_coding
ENSG00000186907	RTN4RL2	 1.00e+00	3.88e-11	protein_coding
ENSG00000012174	MBTPS2	 3.82e-01	1.65e-01	protein_coding
ENSG00000120742	SERP1	-1.77e-01	3.26e-01	protein_coding
ENSG00000139239	RPL14P1	 2.77e-01	5.25e-01	processed_pseudogene
ENSG00000144895	EIF2A	-1.10e-01	8.30e-01	protein_coding
ENSG00000134602	STK26	 1.95e-01	6.90e-01	protein_coding
ENSG00000198612	COPS8	-2.75e-01	2.79e-01	protein_coding
ENSG00000261556	SMG1P7	 1.59e-01	7.19e-01	transcribed_unprocessed_pseudogene
ENSG00000134248	LAMTOR5	-5.80e-02	8.52e-01	protein_coding
ENSG00000160752	FDPS	-5.04e-01	9.35e-04	protein_coding
ENSG00000108100	CCNY	 5.32e-02	8.89e-01	protein_coding
ENSG00000066427	ATXN3	-2.07e-01	5.93e-01	protein_coding
ENSG00000103353	UBFD1	-3.98e-01	2.63e-02	protein_coding
ENSG00000067704	IARS2	-3.51e-02	9.06e-01	protein_coding
ENSG00000110852	CLEC2B	 2.46e-01	5.70e-01	protein_coding
ENSG00000196950	SLC39A10	-7.28e-02	8.57e-01	protein_coding
ENSG00000162910	MRPL55	-3.01e-01	6.19e-02	protein_coding
ENSG00000105053	VRK3	-1.77e-02	9.66e-01	protein_coding
ENSG00000123415	SMUG1	-1.27e-01	5.75e-01	protein_coding
ENSG00000023171	GRAMD1B	 1.62e-01	5.26e-01	protein_coding
ENSG00000103356	EARS2	-5.59e-01	3.23e-04	protein_coding
ENSG00000110492	MDK	 5.46e-02	9.15e-01	protein_coding
ENSG00000134030	CTIF	 1.17e-01	7.99e-01	protein_coding
ENSG00000240207	AC080013.1	-9.62e-03	9.90e-01	lncRNA
ENSG00000081760	AACS	 2.58e-01	9.95e-02	protein_coding
ENSG00000119616	FCF1	-1.56e-02	9.75e-01	protein_coding
ENSG00000136982	DSCC1	 8.75e-02	8.61e-01	protein_coding
ENSG00000118600	RXYLT1	 1.80e-01	6.76e-01	protein_coding
ENSG00000142528	ZNF473	 1.91e-01	5.22e-01	protein_coding
ENSG00000147224	PRPS1	-1.89e-01	3.25e-01	protein_coding
ENSG00000152240	HAUS1	-1.96e-01	6.06e-01	protein_coding
ENSG00000273117	AC144652.1	-1.82e-01	4.80e-01	lncRNA
ENSG00000127837	AAMP	-5.60e-01	2.45e-05	protein_coding
ENSG00000271335	AL117336.2	 1.75e-01	7.29e-01	lncRNA
ENSG00000186480	INSIG1	-9.75e-02	6.58e-01	protein_coding
ENSG00000108262	GIT1	 3.17e-01	7.05e-02	protein_coding
ENSG00000138767	CNOT6L	 1.34e-01	7.84e-01	protein_coding
ENSG00000140682	TGFB1I1	 2.37e-01	5.27e-01	protein_coding
ENSG00000182195	LDOC1	 5.89e-01	3.46e-04	protein_coding
ENSG00000182463	TSHZ2	 3.09e-01	2.30e-01	protein_coding
ENSG00000198589	LRBA	-7.73e-02	8.54e-01	protein_coding
ENSG00000167528	ZNF641	 2.23e-01	5.60e-01	protein_coding
ENSG00000184863	RBM33	 5.50e-02	8.97e-01	protein_coding
ENSG00000170619	COMMD5	-4.25e-01	7.95e-03	protein_coding
ENSG00000198752	CDC42BPB	-1.63e-02	9.70e-01	protein_coding
ENSG00000260528	FAM157C	-4.77e-01	1.90e-01	lncRNA
ENSG00000156026	MCU	 1.11e-01	7.36e-01	protein_coding
ENSG00000155792	DEPTOR	-6.03e-02	9.04e-01	protein_coding
ENSG00000136205	TNS3	 1.04e-01	6.83e-01	protein_coding
ENSG00000096070	BRPF3	 2.50e-01	4.23e-01	protein_coding
ENSG00000152234	ATP5F1A	-2.67e-01	9.31e-02	protein_coding
ENSG00000126653	NSRP1	 7.58e-01	2.45e-05	protein_coding
ENSG00000216895	AC009403.1	 8.16e-03	9.92e-01	lncRNA
ENSG00000143322	ABL2	-9.01e-02	8.01e-01	protein_coding
ENSG00000167792	NDUFV1	-4.35e-01	6.43e-03	protein_coding
ENSG00000167972	ABCA3	 1.66e-01	3.66e-01	protein_coding
ENSG00000197043	ANXA6	-5.32e-01	7.69e-06	protein_coding
ENSG00000135040	NAA35	 1.72e-01	6.58e-01	protein_coding
ENSG00000148057	IDNK	-3.62e-01	3.68e-01	protein_coding
ENSG00000198842	DUSP27	-2.43e-01	5.60e-01	protein_coding
ENSG00000162825	NBPF20	-2.17e-03	9.97e-01	protein_coding
ENSG00000021300	PLEKHB1	-1.99e-01	6.70e-01	protein_coding
ENSG00000112592	TBP	 4.56e-03	9.94e-01	protein_coding
ENSG00000147789	ZNF7	-1.20e-01	6.77e-01	protein_coding
ENSG00000125871	MGME1	-1.07e-01	8.03e-01	protein_coding
ENSG00000176871	WSB2	 7.13e-02	7.42e-01	protein_coding
ENSG00000144357	UBR3	-1.71e-01	6.46e-01	protein_coding
ENSG00000223496	EXOSC6	 2.58e-01	1.76e-01	protein_coding
ENSG00000173207	CKS1B	 1.78e-01	3.86e-01	protein_coding
ENSG00000118873	RAB3GAP2	-1.35e-01	7.53e-01	protein_coding
ENSG00000089006	SNX5	-6.51e-02	8.03e-01	protein_coding
ENSG00000186684	CYP27C1	-1.73e-01	7.30e-01	protein_coding
ENSG00000111445	RFC5	-2.01e-01	2.61e-01	protein_coding
ENSG00000123607	TTC21B	-3.79e-01	3.25e-01	protein_coding
ENSG00000047578	KIAA0556	-3.87e-01	7.34e-02	protein_coding
ENSG00000128534	LSM8	 1.21e-01	7.32e-01	protein_coding
ENSG00000141298	SSH2	 4.83e-01	1.06e-02	protein_coding
ENSG00000237298	TTN-AS1	-3.81e-02	9.32e-01	lncRNA
ENSG00000171208	NETO2	-2.39e-01	3.62e-01	protein_coding
ENSG00000090273	NUDC	-7.03e-02	8.07e-01	protein_coding
ENSG00000162231	NXF1	 5.76e-01	3.37e-04	protein_coding
ENSG00000003393	ALS2	-7.00e-01	1.64e-03	protein_coding
ENSG00000144021	CIAO1	-5.02e-01	1.67e-04	protein_coding
ENSG00000198746	GPATCH3	-1.36e-01	6.20e-01	protein_coding
ENSG00000090861	AARS	 1.30e-02	9.62e-01	protein_coding
ENSG00000179528	LBX2	 5.33e-01	1.35e-01	protein_coding
ENSG00000153147	SMARCA5	-1.30e-02	9.85e-01	protein_coding
ENSG00000134330	IAH1	-2.35e-01	3.29e-01	protein_coding
ENSG00000257702	LBX2-AS1	 2.36e-01	6.12e-01	lncRNA
ENSG00000092330	TINF2	 1.28e-01	6.99e-01	protein_coding
ENSG00000198720	ANKRD13B	 3.70e-01	1.77e-01	protein_coding
ENSG00000196935	SRGAP1	 5.99e-01	2.99e-02	protein_coding
ENSG00000102390	PBDC1	-3.13e-01	4.13e-01	protein_coding
ENSG00000170667	RASA4B	-5.32e-01	1.16e-01	protein_coding
ENSG00000160688	FLAD1	-2.62e-01	1.09e-01	protein_coding
ENSG00000240875	LINC00886	-7.88e-02	8.94e-01	lncRNA
ENSG00000168792	ABHD15	 1.61e-01	6.91e-01	protein_coding
ENSG00000100422	CERK	-5.07e-01	1.75e-03	protein_coding
ENSG00000057252	SOAT1	-1.60e-02	9.76e-01	protein_coding
ENSG00000101439	CST3	 5.17e-01	3.83e-02	protein_coding
ENSG00000159314	ARHGAP27	 3.25e-02	9.46e-01	protein_coding
ENSG00000167549	CORO6	 1.06e-01	7.94e-01	protein_coding
ENSG00000107862	GBF1	 8.07e-01	4.15e-10	protein_coding
ENSG00000267368	UPK3BL1	-1.13e-01	8.44e-01	protein_coding
ENSG00000182648	LINC01006	-4.41e-02	9.48e-01	lncRNA
ENSG00000157895	C12orf43	-2.63e-01	3.05e-01	protein_coding
ENSG00000169288	MRPL1	-1.45e-01	7.89e-01	protein_coding
ENSG00000105983	LMBR1	 2.28e-01	5.40e-01	protein_coding
ENSG00000111142	METAP2	-2.32e-01	5.95e-01	protein_coding
ENSG00000173692	PSMD1	-3.85e-01	1.15e-01	protein_coding
ENSG00000151694	ADAM17	-4.66e-02	9.14e-01	protein_coding
ENSG00000102893	PHKB	-7.12e-02	8.54e-01	protein_coding
ENSG00000167543	TP53I13	-4.59e-01	3.70e-03	protein_coding
ENSG00000237187	NR2F1-AS1	-2.07e-01	6.79e-01	lncRNA
ENSG00000011143	MKS1	-1.12e-01	6.98e-01	protein_coding
ENSG00000170634	ACYP2	 1.24e-01	7.33e-01	protein_coding
ENSG00000271855	AC073195.1	 6.74e-02	9.10e-01	lncRNA
ENSG00000136877	FPGS	-4.35e-01	6.04e-03	protein_coding
ENSG00000175745	NR2F1	 4.83e-01	5.92e-02	protein_coding
ENSG00000105808	RASA4	 1.00e-01	8.18e-01	protein_coding
ENSG00000260708	AL118516.1	 1.07e-01	7.87e-01	lncRNA
ENSG00000164896	FASTK	-2.89e-01	7.57e-02	protein_coding
ENSG00000135926	TMBIM1	 3.03e-01	1.20e-01	protein_coding
ENSG00000123728	RAP2C	 5.73e-02	9.26e-01	protein_coding
ENSG00000158711	ELK4	 1.49e-01	5.68e-01	protein_coding
ENSG00000168255	POLR2J3	 3.09e-02	9.50e-01	protein_coding
ENSG00000129636	ITFG1	 1.69e-01	6.59e-01	protein_coding
ENSG00000127838	PNKD	-2.99e-01	9.31e-02	protein_coding
ENSG00000267645	AC105052.3	 9.78e-02	8.64e-01	protein_coding
ENSG00000081320	STK17B	-1.80e-02	9.77e-01	protein_coding
ENSG00000285437	POLR2J3	 3.43e-01	2.11e-01	protein_coding
ENSG00000163319	MRPS18C	 9.21e-02	7.97e-01	protein_coding
ENSG00000144028	SNRNP200	 3.36e-01	1.51e-02	protein_coding
ENSG00000106025	TSPAN12	 1.94e-01	6.21e-01	protein_coding
ENSG00000126457	PRMT1	-5.30e-01	5.84e-05	protein_coding
ENSG00000068878	PSME4	-2.11e-01	5.19e-01	protein_coding
ENSG00000174206	C12orf66	 1.53e-01	7.06e-01	protein_coding
ENSG00000187736	NHEJ1	-2.85e-02	9.53e-01	protein_coding
ENSG00000116096	SPR	-4.92e-01	4.58e-05	protein_coding
ENSG00000116539	ASH1L	 2.65e-01	2.34e-01	protein_coding
ENSG00000140829	DHX38	 1.43e-01	4.88e-01	protein_coding
ENSG00000235919	ASH1L-AS1	 2.25e-02	9.63e-01	lncRNA
ENSG00000080819	CPOX	-3.52e-01	3.63e-01	protein_coding
ENSG00000163322	ABRAXAS1	-3.63e-03	9.96e-01	protein_coding
ENSG00000171940	ZNF217	-2.41e-01	5.49e-01	protein_coding
ENSG00000163161	ERCC3	-9.77e-02	6.87e-01	protein_coding
ENSG00000177283	FZD8	 2.35e-01	5.53e-01	protein_coding
ENSG00000157514	TSC22D3	-1.47e-01	4.51e-01	protein_coding
ENSG00000227195	MIR663AHG	 8.00e-01	4.29e-05	lncRNA
ENSG00000140830	TXNL4B	 9.84e-02	8.00e-01	protein_coding
ENSG00000158715	SLC45A3	 2.04e-01	6.68e-01	protein_coding
ENSG00000124313	IQSEC2	-1.62e-02	9.63e-01	protein_coding
ENSG00000168090	COPS6	-5.09e-01	8.52e-05	protein_coding
ENSG00000163001	CFAP36	 1.87e-01	5.24e-01	protein_coding
ENSG00000159388	BTG2	 4.71e-01	3.24e-02	protein_coding
ENSG00000162817	C1orf115	-1.79e-01	4.09e-01	protein_coding
ENSG00000197442	MAP3K5	 1.29e-01	7.80e-01	protein_coding
ENSG00000117791	MARC2	 5.55e-02	8.75e-01	protein_coding
ENSG00000069275	NUCKS1	-1.33e-01	6.95e-01	protein_coding
ENSG00000148655	LRMDA	 4.26e-02	9.17e-01	protein_coding
ENSG00000189308	LIN54	-1.12e-01	8.23e-01	protein_coding
ENSG00000176834	VSIG10	-8.86e-02	7.96e-01	protein_coding
ENSG00000169169	CPT1C	 4.71e-01	1.63e-01	protein_coding
ENSG00000135972	MRPS9	-1.72e-01	5.81e-01	protein_coding
ENSG00000136630	HLX	 2.59e-01	5.35e-01	protein_coding
ENSG00000188783	PRELP	 5.15e-02	9.32e-01	protein_coding
ENSG00000117280	RAB29	 6.47e-02	8.59e-01	protein_coding
ENSG00000089220	PEBP1	-2.05e-01	1.11e-01	protein_coding
ENSG00000186205	MARC1	-1.22e-01	5.16e-01	protein_coding
ENSG00000171303	KCNK3	 5.98e-02	8.81e-01	protein_coding
ENSG00000132475	H3F3B	-4.23e-01	5.62e-03	protein_coding
ENSG00000115289	PCGF1	-1.15e-01	7.30e-01	protein_coding
ENSG00000143190	POU2F1	 5.49e-02	9.14e-01	protein_coding
ENSG00000067955	CBFB	-3.27e-01	2.27e-01	protein_coding
ENSG00000073008	PVR	-1.94e-02	9.48e-01	protein_coding
ENSG00000132478	UNK	 5.26e-01	1.56e-02	protein_coding
ENSG00000136044	APPL2	 2.12e-01	6.07e-01	protein_coding
ENSG00000116704	SLC35D1	 8.27e-02	8.73e-01	protein_coding
ENSG00000135114	OASL	-2.93e-01	1.40e-01	protein_coding
ENSG00000279095	AC243964.3	 5.77e-01	9.60e-02	TEC
ENSG00000197837	HIST4H4	-2.87e-02	9.50e-01	protein_coding
ENSG00000266903	AC243964.2	 4.84e-02	9.19e-01	lncRNA
ENSG00000205531	NAP1L4	-2.85e-01	2.84e-02	protein_coding
ENSG00000118420	UBE3D	 1.22e-01	7.81e-01	protein_coding
ENSG00000080822	CLDND1	-1.88e-01	6.95e-01	protein_coding
ENSG00000137992	DBT	-1.58e-01	7.64e-01	protein_coding
ENSG00000080561	MID2	-7.64e-02	8.70e-01	protein_coding
ENSG00000165795	NDRG2	 5.69e-03	9.93e-01	protein_coding
ENSG00000246705	H2AFJ	-3.87e-01	1.65e-02	protein_coding
ENSG00000115163	CENPA	 1.26e-01	6.21e-01	protein_coding
ENSG00000235162	C12orf75	 3.69e-02	9.37e-01	protein_coding
ENSG00000148943	LIN7C	 8.77e-02	8.75e-01	protein_coding
ENSG00000071243	ING3	 3.50e-01	3.66e-01	protein_coding
ENSG00000086967	MYBPC2	-5.21e-02	9.26e-01	protein_coding
ENSG00000133065	SLC41A1	 3.47e-01	2.27e-01	protein_coding
ENSG00000137996	RTCA	 2.08e-01	5.89e-01	protein_coding
ENSG00000213699	SLC35F6	 6.74e-01	1.76e-07	protein_coding
ENSG00000155760	FZD7	 5.89e-01	7.07e-02	protein_coding
ENSG00000249637	AC008438.1	-1.78e-01	7.13e-01	lncRNA
ENSG00000102172	SMS	 7.35e-02	7.27e-01	protein_coding
ENSG00000135966	TGFBRAP1	 2.04e-01	4.94e-01	protein_coding
ENSG00000142892	PIGK	-4.26e-02	9.26e-01	protein_coding
ENSG00000058668	ATP2B4	 1.66e-01	6.83e-01	protein_coding
ENSG00000144567	RETREG2	-1.15e-01	6.09e-01	protein_coding
ENSG00000204178	MACO1	 4.74e-01	2.09e-01	protein_coding
ENSG00000135931	ARMC9	-3.28e-01	2.69e-01	protein_coding
ENSG00000068394	GPKOW	-6.83e-01	2.24e-09	protein_coding
ENSG00000203635	AC144450.1	-1.29e-02	9.86e-01	lncRNA
ENSG00000117748	RPA2	-2.75e-01	9.15e-02	protein_coding
ENSG00000139620	KANSL2	-1.88e-01	3.83e-01	protein_coding
ENSG00000151229	SLC2A13	-3.38e-01	4.11e-01	protein_coding
ENSG00000260537	AC012184.2	 1.17e-01	7.95e-01	protein_coding
ENSG00000173898	SPTBN2	 4.56e-01	2.62e-02	protein_coding
ENSG00000074527	NTN4	 1.38e-01	7.37e-01	protein_coding
ENSG00000115649	CNPPD1	-5.66e-02	8.34e-01	protein_coding
ENSG00000138698	RAP1GDS1	 1.66e-01	6.95e-01	protein_coding
ENSG00000084463	WBP11	 5.35e-01	1.49e-03	protein_coding
ENSG00000135974	C2orf49	-2.34e-01	4.04e-01	protein_coding
ENSG00000139370	SLC15A4	 1.89e-01	6.11e-01	protein_coding
ENSG00000205436	EXOC3L4	-1.75e-01	5.85e-01	protein_coding
ENSG00000156313	RPGR	-6.30e-01	6.94e-02	protein_coding
ENSG00000140854	KATNB1	-2.83e-03	9.96e-01	protein_coding
ENSG00000157978	LDLRAP1	 1.97e-01	5.32e-01	protein_coding
ENSG00000071994	PDCD2	-3.85e-02	9.06e-01	protein_coding
ENSG00000135090	TAOK3	-2.51e-01	5.20e-01	protein_coding
ENSG00000128524	ATP6V1F	-4.58e-02	8.48e-01	protein_coding
ENSG00000174672	BRSK2	 5.09e-01	3.36e-02	protein_coding
ENSG00000237172	B3GNT9	 1.59e-01	6.59e-01	protein_coding
ENSG00000240342	RPS2P5	-1.73e-01	5.03e-01	processed_pseudogene
ENSG00000163956	LRPAP1	-3.42e-01	2.91e-02	protein_coding
ENSG00000157349	DDX19B	-1.49e-01	6.29e-01	protein_coding
ENSG00000116030	SUMO1	-1.66e-01	5.98e-01	protein_coding
ENSG00000116670	MAD2L2	-2.82e-01	9.77e-02	protein_coding
ENSG00000160685	ZBTB7B	 5.56e-01	1.36e-03	protein_coding
ENSG00000163882	POLR2H	 3.33e-02	9.08e-01	protein_coding
ENSG00000282826	FRG1CP	 2.23e-01	6.23e-01	transcribed_unprocessed_pseudogene
ENSG00000047597	XK	 1.24e-01	8.03e-01	protein_coding
ENSG00000111707	SUDS3	 1.09e-01	8.10e-01	protein_coding
ENSG00000164897	TMUB1	 3.05e-02	9.15e-01	protein_coding
ENSG00000074590	NUAK1	 1.23e-01	7.96e-01	protein_coding
ENSG00000125149	C16orf70	 3.13e-01	2.37e-01	protein_coding
ENSG00000125459	MSTO1	 4.76e-02	8.61e-01	protein_coding
ENSG00000165169	DYNLT3	 2.05e-01	4.72e-01	protein_coding
ENSG00000109065	NAT9	-3.37e-01	5.57e-02	protein_coding
ENSG00000268362	AC092279.1	-1.82e-03	9.97e-01	lncRNA
ENSG00000213096	ZNF254	 9.87e-02	8.63e-01	protein_coding
ENSG00000169905	TOR1AIP2	 4.86e-02	9.24e-01	protein_coding
ENSG00000257315	ZBED6	 1.64e-01	7.08e-01	protein_coding
ENSG00000233221	AC133785.1	 2.54e-01	5.77e-01	lncRNA
ENSG00000249196	TMEM132D-AS1	 3.92e-01	2.17e-01	lncRNA
ENSG00000148848	ADAM12	 3.79e-01	2.87e-01	protein_coding
ENSG00000161204	ABCF3	-2.55e-01	6.44e-02	protein_coding
ENSG00000129315	CCNT1	-1.30e-01	7.61e-01	protein_coding
ENSG00000184575	XPOT	-3.99e-01	9.52e-03	protein_coding
ENSG00000058673	ZC3H11A	 1.40e-01	6.69e-01	protein_coding
ENSG00000166046	TCP11L2	-3.10e-01	3.96e-01	protein_coding
ENSG00000166261	ZNF202	 2.13e-01	6.15e-01	protein_coding
ENSG00000136002	ARHGEF4	 2.60e-01	3.36e-01	protein_coding
ENSG00000135052	GOLM1	-2.40e-02	9.53e-01	protein_coding
ENSG00000110497	AMBRA1	 2.52e-01	1.31e-01	protein_coding
ENSG00000116560	SFPQ	 2.10e-01	1.36e-01	protein_coding
ENSG00000139343	SNRPF	 1.87e-01	3.64e-01	protein_coding
ENSG00000115053	NCL	-2.05e-01	2.64e-01	protein_coding
ENSG00000163374	YY1AP1	 5.62e-01	1.78e-04	protein_coding
ENSG00000101843	PSMD10	-4.61e-01	7.91e-02	protein_coding
ENSG00000130962	PRRG1	 3.64e-01	3.50e-01	protein_coding
ENSG00000244313	AC024293.1	 3.84e-03	9.96e-01	processed_pseudogene
ENSG00000185215	TNFAIP2	 4.40e-01	5.55e-03	protein_coding
ENSG00000136026	CKAP4	 2.58e-01	1.90e-01	protein_coding
ENSG00000092295	TGM1	-6.82e-01	3.82e-03	protein_coding
ENSG00000075702	WDR62	 1.88e-01	4.21e-01	protein_coding
ENSG00000110075	PPP6R3	-2.45e-02	9.51e-01	protein_coding
ENSG00000272906	AL353708.3	-1.54e-01	7.54e-01	lncRNA
ENSG00000112357	PEX7	-3.69e-01	2.80e-01	protein_coding
ENSG00000158423	RIBC1	-2.06e-01	5.47e-01	protein_coding
ENSG00000158716	DUSP23	-5.87e-02	8.65e-01	protein_coding
ENSG00000104368	PLAT	-5.38e-02	9.05e-01	protein_coding
ENSG00000143162	CREG1	-5.11e-02	9.08e-01	protein_coding
ENSG00000168872	DDX19A	 7.00e-02	7.94e-01	protein_coding
ENSG00000130508	PXDN	-7.05e-02	8.08e-01	protein_coding
ENSG00000166997	CNPY4	-3.16e-01	2.40e-01	protein_coding
ENSG00000214309	MBLAC1	-7.07e-01	1.92e-03	protein_coding
ENSG00000143337	TOR1AIP1	-8.55e-02	8.34e-01	protein_coding
ENSG00000185088	RPS27L	 1.42e-01	6.79e-01	protein_coding
ENSG00000072501	SMC1A	-4.06e-01	6.44e-02	protein_coding
ENSG00000144040	SFXN5	 8.48e-02	8.48e-01	protein_coding
ENSG00000284753	EEF1AKMT4	-3.63e-01	2.65e-02	protein_coding
ENSG00000250222	AC008443.5	-4.89e-02	9.37e-01	lncRNA
ENSG00000250208	FZD10-AS1	 2.58e-01	5.19e-01	lncRNA
ENSG00000221838	AP4M1	-1.53e-02	9.69e-01	protein_coding
ENSG00000103642	LACTB	-6.00e-01	5.06e-02	protein_coding
ENSG00000167615	LENG8	-2.48e-01	3.44e-01	protein_coding
ENSG00000232093	DCST1-AS1	-1.39e-01	7.51e-01	lncRNA
ENSG00000111432	FZD10	 2.34e-01	6.21e-01	protein_coding
ENSG00000169967	MAP3K2	-1.49e-01	7.07e-01	protein_coding
ENSG00000181798	LINC00471	-1.34e-02	9.86e-01	lncRNA
ENSG00000226696	LENG8-AS1	 3.75e-01	3.56e-01	lncRNA
ENSG00000275183	LENG9	-3.72e-01	5.16e-02	protein_coding
ENSG00000185104	FAF1	 7.67e-02	7.59e-01	protein_coding
ENSG00000075711	DLG1	-4.16e-02	9.04e-01	protein_coding
ENSG00000146054	TRIM7	-3.75e-01	4.08e-02	protein_coding
ENSG00000144395	CCDC150	-1.53e-02	9.83e-01	protein_coding
ENSG00000272702	AC010913.1	 3.30e-01	4.19e-01	lncRNA
ENSG00000055044	NOP58	-4.21e-01	9.15e-02	protein_coding
ENSG00000127084	FGD3	 1.30e-01	7.46e-01	protein_coding
ENSG00000187514	PTMA	 1.25e-01	4.33e-01	protein_coding
ENSG00000158552	ZFAND2B	-5.69e-01	5.34e-03	protein_coding
ENSG00000135631	RAB11FIP5	 2.65e-01	2.45e-01	protein_coding
ENSG00000145191	EIF2B5	-1.53e-01	4.23e-01	protein_coding
ENSG00000115307	AUP1	-1.50e-01	4.55e-01	protein_coding
ENSG00000164944	VIRMA	 2.86e-01	3.69e-01	protein_coding
ENSG00000152137	HSPB8	 1.39e-01	5.37e-01	protein_coding
ENSG00000141627	DYM	 3.45e-01	1.30e-01	protein_coding
ENSG00000135486	HNRNPA1	-2.94e-01	3.31e-02	protein_coding
ENSG00000269313	MAGIX	-4.28e-01	1.86e-01	protein_coding
ENSG00000178502	KLHL11	-2.45e-01	5.02e-01	protein_coding
ENSG00000143537	ADAM15	-2.16e-01	1.88e-01	protein_coding
ENSG00000132153	DHX30	 9.65e-02	5.72e-01	protein_coding
ENSG00000084764	MAPRE3	 1.90e-01	6.81e-01	protein_coding
ENSG00000162236	STX5	-3.34e-01	8.64e-03	protein_coding
ENSG00000115317	HTRA2	-4.28e-01	4.05e-04	protein_coding
ENSG00000122884	P4HA1	-6.21e-03	9.92e-01	protein_coding
ENSG00000173456	RNF26	 4.76e-01	2.35e-03	protein_coding
ENSG00000111725	PRKAB1	 1.97e-02	9.67e-01	protein_coding
ENSG00000094916	CBX5	-1.95e-01	5.32e-01	protein_coding
ENSG00000115325	DOK1	-2.49e-01	3.02e-01	protein_coding
ENSG00000196743	GM2A	 4.34e-01	1.33e-02	protein_coding
ENSG00000119041	GTF3C3	 1.60e-01	7.07e-01	protein_coding
ENSG00000198624	CCDC69	 5.43e-02	8.96e-01	protein_coding
ENSG00000149474	KAT14	 7.40e-02	8.77e-01	protein_coding
ENSG00000182004	SNRPE	 3.40e-01	2.11e-01	protein_coding
ENSG00000119596	YLPM1	 7.13e-01	5.94e-04	protein_coding
ENSG00000111481	COPZ1	-2.10e-01	3.01e-01	protein_coding
ENSG00000167779	IGFBP6	-1.43e-01	6.99e-01	protein_coding
ENSG00000232838	PET117	 5.35e-03	9.93e-01	protein_coding
ENSG00000115318	LOXL3	-3.12e-01	4.66e-01	protein_coding
ENSG00000225190	PLEKHM1	 1.54e-01	6.57e-01	protein_coding
ENSG00000171004	HS6ST2	 2.80e-01	4.29e-01	protein_coding
ENSG00000012211	PRICKLE3	 2.36e-01	3.33e-01	protein_coding
ENSG00000166508	MCM7	-3.64e-01	2.16e-03	protein_coding
ENSG00000266028	SRGAP2	 3.36e-02	9.23e-01	protein_coding
ENSG00000004779	NDUFAB1	 4.50e-03	9.93e-01	protein_coding
ENSG00000132676	DAP3	-1.52e-01	4.08e-01	protein_coding
ENSG00000013375	PGM3	-1.46e-01	7.56e-01	protein_coding
ENSG00000236682	MAP3K2-DT	 3.54e-01	3.00e-01	lncRNA
ENSG00000004399	PLXND1	 4.78e-01	4.13e-02	protein_coding
ENSG00000102007	PLP2	 3.80e-01	1.42e-02	protein_coding
ENSG00000184160	ADRA2C	-4.59e-01	7.48e-02	protein_coding
ENSG00000018280	SLC11A1	 1.98e-01	6.75e-01	protein_coding
ENSG00000123405	NFE2	 9.52e-03	9.88e-01	protein_coding
ENSG00000115641	FHL2	-2.11e-01	2.10e-01	protein_coding
ENSG00000154305	MIA3	-1.03e-01	8.40e-01	protein_coding
ENSG00000196550	FAM72A	 1.53e-01	6.99e-01	protein_coding
ENSG00000186063	AIDA	 1.65e-01	6.95e-01	protein_coding
ENSG00000083857	FAT1	 1.35e-01	7.03e-01	protein_coding
ENSG00000087303	NID2	 1.87e-01	6.82e-01	protein_coding
ENSG00000111785	RIC8B	 1.40e-01	7.24e-01	protein_coding
ENSG00000143842	SOX13	 4.84e-01	2.81e-02	protein_coding
ENSG00000238273	AC108058.1	 1.32e-01	8.06e-01	lncRNA
ENSG00000152102	FAM168B	 2.93e-01	1.79e-01	protein_coding
ENSG00000087302	RTRAF	-2.00e-02	9.71e-01	protein_coding
ENSG00000138674	SEC31A	 4.15e-02	9.05e-01	protein_coding
ENSG00000126882	FAM78A	 4.38e-01	1.93e-01	protein_coding
ENSG00000162819	BROX	 1.33e-01	7.05e-01	protein_coding
ENSG00000092148	HECTD1	-2.44e-01	3.23e-01	protein_coding
ENSG00000174233	ADCY6	 2.55e-01	2.63e-01	protein_coding
ENSG00000251669	FAM86EP	 1.27e-01	8.07e-01	transcribed_unprocessed_pseudogene
ENSG00000100288	CHKB	-3.95e-01	3.97e-02	protein_coding
ENSG00000161202	DVL3	-2.15e-02	9.52e-01	protein_coding
ENSG00000143845	ETNK2	-2.81e-01	4.58e-01	protein_coding
ENSG00000106290	TAF6	 4.08e-01	1.84e-03	protein_coding
ENSG00000133316	WDR74	-1.36e-01	6.54e-01	protein_coding
ENSG00000013503	POLR3B	-1.97e-01	6.69e-01	protein_coding
ENSG00000197965	MPZL1	 9.19e-02	6.82e-01	protein_coding
ENSG00000140688	C16orf58	-1.37e-01	5.16e-01	protein_coding
ENSG00000102871	TRADD	-4.42e-01	1.14e-02	protein_coding
ENSG00000117640	MTFR1L	 9.84e-02	6.82e-01	protein_coding
ENSG00000117262	GPR89A	-7.42e-02	8.53e-01	protein_coding
ENSG00000251022	THAP9-AS1	 3.49e-01	3.62e-01	lncRNA
ENSG00000071051	NCK2	-7.10e-02	8.96e-01	protein_coding
ENSG00000048707	VPS13D	 6.70e-01	1.55e-02	protein_coding
ENSG00000175166	PSMD2	-2.65e-02	9.29e-01	protein_coding
ENSG00000054611	TBC1D22A	-1.02e-01	6.45e-01	protein_coding
ENSG00000161671	EMC10	-1.56e-02	9.62e-01	protein_coding
ENSG00000204217	BMPR2	 3.38e-01	3.43e-01	protein_coding
ENSG00000162430	SELENON	 9.65e-01	1.44e-11	protein_coding
ENSG00000127423	AUNIP	-1.62e-01	5.85e-01	protein_coding
ENSG00000135722	FBXL8	 3.01e-01	3.02e-01	protein_coding
ENSG00000164163	ABCE1	 4.36e-02	9.32e-01	protein_coding
ENSG00000205560	CPT1B	-4.68e-01	1.99e-01	protein_coding
ENSG00000013392	RWDD2A	 1.23e-01	8.27e-01	protein_coding
ENSG00000142530	FAM71E1	-4.15e-02	9.42e-01	protein_coding
ENSG00000175224	ATG13	 2.28e-01	1.95e-01	protein_coding
ENSG00000109066	TMEM104	 1.70e-01	6.59e-01	protein_coding
ENSG00000135124	P2RX4	 1.10e-01	7.59e-01	protein_coding
ENSG00000091039	OSBPL8	-2.72e-01	4.82e-01	protein_coding
ENSG00000102878	HSF4	-2.55e-02	9.66e-01	protein_coding
ENSG00000267575	AC006504.5	 1.86e-01	5.39e-01	lncRNA
ENSG00000008735	MAPK8IP2	 1.08e-01	8.51e-01	protein_coding
ENSG00000167965	MLST8	-2.82e-01	9.77e-02	protein_coding
ENSG00000196937	FAM3C	 1.07e-01	8.23e-01	protein_coding
ENSG00000135837	CEP350	-6.69e-02	9.04e-01	protein_coding
ENSG00000162063	CCNF	 4.49e-01	5.98e-03	protein_coding
ENSG00000261824	LINC00662	 1.92e-01	6.52e-01	lncRNA
ENSG00000111144	LTA4H	-2.35e-01	4.21e-01	protein_coding
ENSG00000122966	CIT	-7.54e-02	8.32e-01	protein_coding
ENSG00000123080	CDKN2C	-1.48e-01	4.41e-01	protein_coding
ENSG00000143774	GUK1	-6.22e-01	3.14e-04	protein_coding
ENSG00000138439	FAM117B	-1.26e-01	7.99e-01	protein_coding
ENSG00000146733	PSPH	-9.25e-02	6.68e-01	protein_coding
ENSG00000158710	TAGLN2	-1.24e-01	5.39e-01	protein_coding
ENSG00000157303	SUSD3	-1.47e-01	7.68e-01	protein_coding
ENSG00000144524	COPS7B	-6.81e-04	9.98e-01	protein_coding
ENSG00000273361	AC021016.3	-2.40e-01	6.12e-01	lncRNA
ENSG00000259442	AC105339.3	-2.52e-02	9.69e-01	lncRNA
ENSG00000175182	FAM131A	 3.35e-02	9.48e-01	protein_coding
ENSG00000252690	AC105339.2	 1.63e-01	7.46e-01	lncRNA
ENSG00000144579	CTDSP1	 1.39e-01	4.68e-01	protein_coding
ENSG00000100596	SPTLC2	-1.70e-01	6.59e-01	protein_coding
ENSG00000158156	XKR8	-1.62e-01	7.30e-01	protein_coding
ENSG00000125846	ZNF133	-5.94e-01	4.31e-02	protein_coding
ENSG00000213246	SUPT4H1	-9.54e-02	6.92e-01	protein_coding
ENSG00000156973	PDE6D	-6.52e-03	9.87e-01	protein_coding
ENSG00000178104	PDE4DIP	-2.47e-01	3.66e-01	protein_coding
ENSG00000130768	SMPDL3B	-1.10e-01	7.87e-01	protein_coding
ENSG00000250988	SNHG21	 1.10e-01	8.17e-01	lncRNA
ENSG00000163814	CDCP1	 1.28e-01	7.53e-01	protein_coding
ENSG00000180423	HARBI1	 6.62e-02	8.92e-01	protein_coding
ENSG00000143315	PIGM	 1.09e-01	7.79e-01	protein_coding
ENSG00000092929	UNC13D	 4.69e-01	1.85e-01	protein_coding
ENSG00000115657	ABCB6	 1.48e-01	5.24e-01	protein_coding
ENSG00000161203	AP2M1	-9.13e-02	6.17e-01	protein_coding
ENSG00000164164	OTUD4	 2.56e-01	5.44e-01	protein_coding
ENSG00000183735	TBK1	-1.00e-01	8.57e-01	protein_coding
ENSG00000173653	RCE1	 9.09e-02	7.79e-01	protein_coding
ENSG00000160539	PLPP7	-1.35e-01	7.92e-01	protein_coding
ENSG00000175582	RAB6A	 9.25e-02	7.36e-01	protein_coding
ENSG00000143158	MPC2	-7.58e-02	7.23e-01	protein_coding
ENSG00000111450	STX2	 9.28e-02	8.57e-01	protein_coding
ENSG00000196150	ZNF250	 9.40e-02	8.47e-01	protein_coding
ENSG00000143164	DCAF6	 1.34e-01	5.89e-01	protein_coding
ENSG00000036672	USP2	 6.22e-01	3.90e-02	protein_coding
ENSG00000143850	PLEKHA6	 9.96e-01	4.74e-04	protein_coding
ENSG00000173715	C11orf80	-2.56e-01	3.45e-01	protein_coding
ENSG00000105258	POLR2I	 1.50e-01	6.13e-01	protein_coding
ENSG00000186908	ZDHHC17	-1.11e-01	8.07e-01	protein_coding
ENSG00000105254	TBCB	-4.10e-01	2.68e-03	protein_coding
ENSG00000154309	DISP1	 1.05e-02	9.89e-01	protein_coding
ENSG00000133612	AGAP3	 3.19e-01	2.98e-02	protein_coding
ENSG00000236514	AL135791.1	 2.30e-01	6.21e-01	lncRNA
ENSG00000275052	PPP4R3B	-1.64e-01	6.11e-01	protein_coding
ENSG00000101844	ATG4A	-3.73e-01	2.61e-01	protein_coding
ENSG00000184207	PGP	-4.01e-01	2.83e-03	protein_coding
ENSG00000203546	AL139353.1	-2.40e-01	4.11e-01	protein_coding
ENSG00000272606	AC015982.1	 3.51e-01	3.48e-01	lncRNA
ENSG00000182685	BRICD5	 1.26e-01	8.21e-01	protein_coding
ENSG00000162729	IGSF8	 6.67e-02	8.39e-01	protein_coding
ENSG00000257660	AC117498.2	 4.57e-01	1.87e-01	lncRNA
ENSG00000198105	ZNF248	 2.62e-02	9.68e-01	protein_coding
ENSG00000129493	HEATR5A	-3.64e-02	9.24e-01	protein_coding
ENSG00000112561	TFEB	-1.76e-01	7.32e-01	protein_coding
ENSG00000121931	LRIF1	 4.49e-01	1.84e-01	protein_coding
ENSG00000176697	BDNF	-1.62e-01	7.34e-01	protein_coding
ENSG00000197980	LEKR1	 1.69e-01	7.41e-01	protein_coding
ENSG00000198925	ATG9A	 5.66e-01	4.54e-04	protein_coding
ENSG00000129480	DTD2	 2.19e-01	5.06e-01	protein_coding
ENSG00000112367	FIG4	-4.71e-01	1.29e-01	protein_coding
ENSG00000175183	CSRP2	-4.54e-01	8.64e-03	protein_coding
ENSG00000085224	ATRX	 1.91e-01	5.72e-01	protein_coding
ENSG00000173818	ENDOV	-4.10e-01	4.26e-02	protein_coding
ENSG00000214425	LRRC37A4P	-2.71e-02	9.64e-01	transcribed_unprocessed_pseudogene
ENSG00000113391	FAM172A	-1.52e-01	7.62e-01	protein_coding
ENSG00000134308	YWHAQ	 7.39e-02	7.96e-01	protein_coding
ENSG00000139651	ZNF740	 8.70e-02	7.09e-01	protein_coding
ENSG00000167535	CACNB3	-2.13e-01	4.58e-01	protein_coding
ENSG00000249992	TMEM158	 5.21e-01	6.48e-02	protein_coding
ENSG00000135913	USP37	-1.32e-01	7.41e-01	protein_coding
ENSG00000164162	ANAPC10	 3.60e-02	9.50e-01	protein_coding
ENSG00000182180	MRPS16	-1.57e-01	3.63e-01	protein_coding
ENSG00000069399	BCL3	 6.17e-01	2.52e-03	protein_coding
ENSG00000166321	NUDT13	 5.49e-01	8.51e-02	protein_coding
ENSG00000263528	IKBKE	-3.70e-01	1.58e-01	protein_coding
ENSG00000174132	FAM174A	-2.47e-01	3.56e-01	protein_coding
ENSG00000139631	CSAD	-1.64e-01	6.36e-01	protein_coding
ENSG00000161677	JOSD2	-4.26e-01	4.39e-03	protein_coding
ENSG00000109171	SLAIN2	-1.97e-02	9.75e-01	protein_coding
ENSG00000253368	TRNP1	-3.21e-01	2.89e-01	protein_coding
ENSG00000135070	ISCA1	 2.08e-01	3.33e-01	protein_coding
ENSG00000134453	RBM17	-2.99e-02	9.49e-01	protein_coding
ENSG00000158246	TENT5B	-8.02e-02	8.02e-01	protein_coding
ENSG00000135127	BICDL1	 6.00e-02	9.11e-01	protein_coding
ENSG00000197121	PGAP1	-1.57e-01	7.31e-01	protein_coding
ENSG00000116260	QSOX1	 3.57e-01	7.81e-02	protein_coding
ENSG00000172765	TMCC1	-1.47e-01	6.30e-01	protein_coding
ENSG00000010278	CD9	 1.25e-01	6.04e-01	protein_coding
ENSG00000230124	ACBD6	-3.06e-01	4.58e-02	protein_coding
ENSG00000165891	E2F7	 1.92e-02	9.77e-01	protein_coding
ENSG00000173821	AC124319.1	 2.01e-01	3.38e-01	protein_coding
ENSG00000121454	LHX4	-4.59e-01	1.98e-01	protein_coding
ENSG00000177706	FAM20C	 1.68e-01	6.59e-01	protein_coding
ENSG00000260329	AC007541.1	 7.22e-02	8.88e-01	lncRNA
ENSG00000264070	DND1P1	 4.57e-01	2.31e-01	processed_pseudogene
ENSG00000112078	KCTD20	-1.19e-01	7.26e-01	protein_coding
ENSG00000132341	RAN	-3.01e-01	4.28e-02	protein_coding
ENSG00000156531	PHF6	 1.44e-01	7.75e-01	protein_coding
ENSG00000151135	TMEM263	-1.51e-02	9.76e-01	protein_coding
ENSG00000059758	CDK17	 6.48e-02	8.88e-01	protein_coding
ENSG00000285292	ABCF2	-2.19e-01	5.35e-01	protein_coding
ENSG00000177674	AGTRAP	-4.19e-02	8.95e-01	protein_coding
ENSG00000122882	ECD	-4.56e-01	4.22e-02	protein_coding
ENSG00000266094	RASSF5	 1.90e-01	6.71e-01	protein_coding
ENSG00000140471	LINS1	-2.24e-02	9.73e-01	protein_coding
ENSG00000143486	EIF2D	-3.10e-01	1.35e-02	protein_coding
ENSG00000186141	POLR3C	-2.25e-01	1.74e-01	protein_coding
ENSG00000033050	ABCF2	 1.29e-02	9.67e-01	protein_coding
ENSG00000187231	SESTD1	-8.09e-02	8.73e-01	protein_coding
ENSG00000160201	U2AF1	-1.35e-01	7.26e-01	protein_coding
ENSG00000143147	GPR161	-1.03e-01	8.09e-01	protein_coding
ENSG00000183475	ASB7	 5.96e-02	8.93e-01	protein_coding
ENSG00000222011	FAM185A	-3.53e-02	9.51e-01	protein_coding
ENSG00000082014	SMARCD3	-3.29e-01	4.15e-02	protein_coding
ENSG00000162734	PEA15	-5.96e-02	8.27e-01	protein_coding
ENSG00000124839	RAB17	-4.16e-01	8.62e-03	protein_coding
ENSG00000265491	RNF115	-1.46e-01	4.69e-01	protein_coding
ENSG00000143479	DYRK3	-5.55e-02	9.15e-01	protein_coding
ENSG00000085998	POMGNT1	-3.12e-01	6.93e-02	protein_coding
ENSG00000073350	LLGL2	-4.50e-01	5.24e-02	protein_coding
ENSG00000169180	XPO6	 1.97e-01	5.00e-01	protein_coding
ENSG00000143155	TIPRL	-3.03e-01	1.24e-01	protein_coding
ENSG00000144535	DIS3L2	-2.20e-01	3.13e-01	protein_coding
ENSG00000172667	ZMAT3	-2.56e-01	4.52e-01	protein_coding
ENSG00000172164	SNTB1	-8.34e-02	7.86e-01	protein_coding
ENSG00000213064	SFT2D2	-1.38e-01	6.89e-01	protein_coding
ENSG00000234949	AC104667.2	-2.38e-01	5.19e-01	lncRNA
ENSG00000172172	MRPL13	-9.58e-02	7.82e-01	protein_coding
ENSG00000033100	CHPF2	 6.07e-01	7.66e-06	protein_coding
ENSG00000123091	RNF11	 1.12e-01	7.38e-01	protein_coding
ENSG00000165233	CARD19	-4.95e-01	5.77e-03	protein_coding
ENSG00000127314	RAP1B	-8.45e-02	7.73e-01	protein_coding
ENSG00000163166	IWS1	-8.87e-02	8.07e-01	protein_coding
ENSG00000213551	DNAJC9	-4.16e-01	2.59e-02	protein_coding
ENSG00000181873	IBA57	-6.05e-01	1.16e-02	protein_coding
ENSG00000143324	XPR1	 2.00e-01	5.02e-01	protein_coding
ENSG00000272502	AC104958.2	 5.11e-01	1.29e-01	lncRNA
ENSG00000077150	NFKB2	 2.47e-01	1.99e-01	protein_coding
ENSG00000162889	MAPKAPK2	 4.15e-01	3.84e-03	protein_coding
ENSG00000227540	AC016394.1	-4.08e-02	9.50e-01	lncRNA
ENSG00000172167	MTBP	 6.48e-02	9.13e-01	protein_coding
ENSG00000197857	ZNF44	-1.05e-02	9.89e-01	protein_coding
ENSG00000156171	DRAM2	 1.31e-01	7.55e-01	protein_coding
ENSG00000153179	RASSF3	 1.33e-01	7.47e-01	protein_coding
ENSG00000138286	FAM149B1	-1.19e-01	7.99e-01	protein_coding
ENSG00000008405	CRY1	 6.82e-02	9.01e-01	protein_coding
ENSG00000158161	EYA3	 1.47e-02	9.75e-01	protein_coding
ENSG00000185261	KIAA0825	 2.25e-01	6.08e-01	protein_coding
ENSG00000156232	WHAMM	-8.85e-01	7.52e-04	protein_coding
ENSG00000131669	NINJ1	-6.40e-02	7.84e-01	protein_coding
ENSG00000165704	HPRT1	 1.63e-01	4.73e-01	protein_coding
ENSG00000134255	CEPT1	 3.96e-01	8.75e-02	protein_coding
ENSG00000146909	NOM1	-4.62e-02	9.17e-01	protein_coding
ENSG00000115750	TAF1B	 5.78e-01	7.30e-02	protein_coding
ENSG00000130675	MNX1	 6.69e-01	5.35e-03	protein_coding
ENSG00000065413	ANKRD44	-2.65e-01	4.85e-01	protein_coding
ENSG00000114867	EIF4G1	 6.36e-01	3.96e-06	protein_coding
ENSG00000026652	AGPAT4	 8.38e-02	8.59e-01	protein_coding
ENSG00000124222	STX16	 1.02e-02	9.80e-01	protein_coding
ENSG00000124593	AL365205.1	 2.10e-01	5.91e-01	protein_coding
ENSG00000243479	MNX1-AS1	-1.31e-01	7.53e-01	lncRNA
ENSG00000186960	LINC01551	 4.62e-01	2.28e-01	lncRNA
ENSG00000135677	GNS	 4.44e-01	4.54e-02	protein_coding
ENSG00000137218	FRS3	 9.23e-02	8.48e-01	protein_coding
ENSG00000090020	SLC9A1	 4.40e-01	1.88e-01	protein_coding
ENSG00000164663	USP49	-1.44e-01	7.87e-01	protein_coding
ENSG00000083093	PALB2	 7.72e-02	8.72e-01	protein_coding
ENSG00000214736	TOMM6	 4.30e-02	9.01e-01	protein_coding
ENSG00000163283	ALPP	 5.64e-01	1.28e-03	protein_coding
ENSG00000146463	ZMYM4	-1.13e-01	7.91e-01	protein_coding
ENSG00000009335	UBE3C	 1.38e-02	9.77e-01	protein_coding
ENSG00000204650	LINC02210	 2.91e-01	3.15e-01	transcribed_unitary_pseudogene
ENSG00000100949	RABGGTA	-7.92e-02	7.80e-01	protein_coding
ENSG00000111452	ADGRD1	-6.42e-02	8.97e-01	protein_coding
ENSG00000186868	MAPT	 3.81e-01	1.47e-01	protein_coding
ENSG00000115652	UXS1	-1.50e-03	9.97e-01	protein_coding
ENSG00000162062	TEDC2	-1.77e-01	4.74e-01	protein_coding
ENSG00000027697	IFNGR1	-4.59e-01	2.34e-01	protein_coding
ENSG00000102174	PHEX	-2.57e-02	9.70e-01	protein_coding
ENSG00000111490	TBC1D30	-1.31e-01	7.46e-01	protein_coding
ENSG00000215440	NPEPL1	-4.02e-01	2.29e-02	protein_coding
ENSG00000149313	AASDHPPT	-2.93e-01	4.53e-01	protein_coding
ENSG00000214160	ALG3	 2.76e-01	9.40e-02	protein_coding
ENSG00000170631	ZNF16	-9.49e-02	8.07e-01	protein_coding
ENSG00000143156	NME7	 1.84e-01	6.92e-01	protein_coding
ENSG00000271270	TMCC1-AS1	-8.91e-02	8.72e-01	lncRNA
ENSG00000154358	OBSCN	 4.74e-01	7.74e-02	protein_coding
ENSG00000175581	MRPL48	-1.45e-01	5.40e-01	protein_coding
ENSG00000100601	ALKBH1	-6.40e-02	8.96e-01	protein_coding
ENSG00000047849	MAP4	 6.12e-01	3.12e-08	protein_coding
ENSG00000163625	WDFY3	 5.02e-01	1.06e-01	protein_coding
ENSG00000013374	NUB1	-2.52e-02	9.60e-01	protein_coding
ENSG00000143153	ATP1B1	 2.22e-01	4.30e-01	protein_coding
ENSG00000087301	TXNDC16	 1.36e-01	7.94e-01	protein_coding
ENSG00000117475	BLZF1	 2.63e-01	5.64e-01	protein_coding
ENSG00000187260	WDR86	-1.80e-01	7.25e-01	protein_coding
ENSG00000157350	ST3GAL2	 3.55e-01	1.57e-01	protein_coding
ENSG00000163286	ALPG	 2.79e-01	5.28e-01	protein_coding
ENSG00000132716	DCAF8	-2.19e-01	1.35e-01	protein_coding
ENSG00000187244	BCAM	 6.03e-01	1.47e-03	protein_coding
ENSG00000121152	NCAPH	 2.63e-01	1.94e-01	protein_coding
ENSG00000170965	PLAC1	 1.57e-01	7.70e-01	protein_coding
ENSG00000163295	ALPI	 3.79e-01	1.12e-03	protein_coding
ENSG00000072518	MARK2	 6.30e-01	3.29e-04	protein_coding
ENSG00000114859	CLCN2	-6.13e-02	9.16e-01	protein_coding
ENSG00000255561	FDXACB1	 2.92e-01	5.15e-01	protein_coding
ENSG00000137720	C11orf1	 2.60e-01	4.09e-01	protein_coding
ENSG00000131788	PIAS3	 6.87e-01	1.28e-03	protein_coding
ENSG00000162909	CAPN2	-3.36e-01	4.21e-02	protein_coding
ENSG00000162735	PEX19	-4.28e-01	1.38e-02	protein_coding
ENSG00000196922	ZNF252P	 6.46e-02	9.09e-01	transcribed_unprocessed_pseudogene
ENSG00000174106	LEMD3	-1.69e-01	6.32e-01	protein_coding
ENSG00000086848	ALG9	 2.28e-01	3.61e-01	protein_coding
ENSG00000163888	CAMK2N2	 5.47e-01	2.17e-02	protein_coding
ENSG00000124831	LRRFIP1	-4.17e-01	2.12e-01	protein_coding
ENSG00000102158	MAGT1	 3.32e-02	9.17e-01	protein_coding
ENSG00000186364	NUDT17	-3.70e-01	2.56e-01	protein_coding
ENSG00000151967	SCHIP1	 1.96e-01	6.98e-01	protein_coding
ENSG00000165406	MARCH8	-2.44e-02	9.56e-01	protein_coding
ENSG00000166847	DCTN5	 3.04e-02	9.18e-01	protein_coding
ENSG00000142784	WDTC1	 5.78e-01	5.30e-04	protein_coding
ENSG00000165238	WNK2	 5.31e-01	8.35e-02	protein_coding
ENSG00000111581	NUP107	-3.11e-01	3.10e-01	protein_coding
ENSG00000163510	CWC22	-2.04e-01	6.76e-01	protein_coding
ENSG00000131174	COX7B	 5.23e-01	5.89e-04	protein_coding
ENSG00000283154	IQCJ-SCHIP1	 1.23e-01	8.03e-01	protein_coding
ENSG00000171551	ECEL1	 1.15e-01	6.12e-01	protein_coding
ENSG00000196843	ARID5A	-2.02e-01	5.29e-01	protein_coding
ENSG00000107872	FBXL15	-3.90e-01	1.29e-02	protein_coding
ENSG00000154370	TRIM11	 8.70e-02	7.08e-01	protein_coding
ENSG00000011021	CLCN6	-2.43e-01	3.98e-01	protein_coding
ENSG00000109184	DCUN1D4	 1.64e-01	6.10e-01	protein_coding
ENSG00000156504	FAM122B	 3.45e-01	3.29e-01	protein_coding
ENSG00000237412	PRSS56	-1.98e-01	1.79e-01	protein_coding
ENSG00000215910	C1orf167	-4.84e-01	5.08e-02	protein_coding
ENSG00000138380	CARF	 1.26e-01	8.09e-01	protein_coding
ENSG00000119689	DLST	-3.52e-03	9.93e-01	protein_coding
ENSG00000181218	HIST3H2A	-1.95e-01	5.28e-01	protein_coding
ENSG00000156500	FAM122C	 3.69e-01	2.74e-01	protein_coding
ENSG00000138772	ANXA3	-1.42e-01	6.67e-01	protein_coding
ENSG00000196890	HIST3H2BB	 1.03e-01	7.96e-01	protein_coding
ENSG00000061936	SFSWAP	 2.66e-02	9.49e-01	protein_coding
ENSG00000168159	RNF187	-1.81e-01	2.85e-01	protein_coding
ENSG00000132406	TMEM128	 1.61e-01	7.04e-01	protein_coding
ENSG00000197461	PDGFA	 5.63e-02	9.15e-01	protein_coding
ENSG00000116574	RHOU	 3.24e-02	9.63e-01	protein_coding
ENSG00000106615	RHEB	 3.32e-02	9.20e-01	protein_coding
ENSG00000145220	LYAR	 2.98e-02	9.66e-01	protein_coding
ENSG00000069482	GAL	 2.08e-01	1.86e-01	protein_coding
ENSG00000138442	WDR12	-1.19e-01	8.07e-01	protein_coding
ENSG00000168118	RAB4A	-8.52e-02	7.59e-01	protein_coding
ENSG00000139350	NEDD1	-1.75e-01	7.21e-01	protein_coding
ENSG00000177000	MTHFR	 8.10e-02	8.29e-01	protein_coding
ENSG00000135823	STX6	-2.37e-01	2.00e-01	protein_coding
ENSG00000154429	CCSAP	-3.42e-01	3.97e-01	protein_coding
ENSG00000105993	DNAJB6	 1.20e-01	6.09e-01	protein_coding
ENSG00000102144	PGK1	-3.76e-01	9.00e-03	protein_coding
ENSG00000085999	RAD54L	 2.48e-01	4.65e-01	protein_coding
ENSG00000110619	CARS	-2.32e-01	1.14e-01	protein_coding
ENSG00000153029	MR1	-3.03e-01	2.67e-01	protein_coding
ENSG00000183010	PYCR1	-5.17e-01	2.15e-04	protein_coding
ENSG00000146731	CCT6A	-2.83e-01	1.82e-01	protein_coding
ENSG00000181788	SIAH2	-5.64e-02	8.81e-01	protein_coding
ENSG00000132471	WBP2	 5.40e-01	2.39e-05	protein_coding
ENSG00000170035	UBE2E3	 2.18e-01	2.71e-01	protein_coding
ENSG00000174099	MSRB3	-9.48e-02	7.30e-01	protein_coding
ENSG00000112290	WASF1	 3.01e-02	9.60e-01	protein_coding
ENSG00000124641	MED20	-2.50e-01	3.64e-01	protein_coding
ENSG00000165240	ATP7A	 7.32e-02	9.04e-01	protein_coding
ENSG00000197565	COL4A6	-2.32e-01	5.31e-01	protein_coding
ENSG00000132128	LRRC41	 6.54e-02	7.74e-01	protein_coding
ENSG00000115806	GORASP2	 2.27e-01	2.24e-01	protein_coding
ENSG00000115524	SF3B1	 1.62e-01	5.75e-01	protein_coding
ENSG00000143514	TP53BP2	 5.15e-02	9.23e-01	protein_coding
ENSG00000101132	PFDN4	 2.51e-01	4.24e-01	protein_coding
ENSG00000198648	STK39	 9.69e-02	8.08e-01	protein_coding
ENSG00000175155	YPEL2	 1.43e-01	7.94e-01	protein_coding
ENSG00000151413	NUBPL	 1.31e-02	9.83e-01	protein_coding
ENSG00000145425	RPS3A	 4.40e-02	9.18e-01	protein_coding
ENSG00000132664	POLR3F	 3.77e-01	3.61e-01	protein_coding
ENSG00000243364	EFNA4	-7.26e-02	8.19e-01	protein_coding
ENSG00000115520	COQ10B	-7.36e-02	8.89e-01	protein_coding
ENSG00000132330	SCLY	-3.11e-01	1.17e-01	protein_coding
ENSG00000143590	EFNA3	 2.32e-01	3.60e-01	protein_coding
ENSG00000135902	CHRND	 2.14e-01	5.99e-01	protein_coding
ENSG00000152402	GUCY1A2	-6.09e-02	9.21e-01	protein_coding
ENSG00000196123	KIAA0895L	-4.83e-01	3.42e-02	protein_coding
ENSG00000157353	FUK	-4.10e-02	9.29e-01	protein_coding
ENSG00000162783	IER5	 3.66e-03	9.94e-01	protein_coding
ENSG00000132749	TESMIN	-9.91e-03	9.82e-01	protein_coding
ENSG00000107798	LIPA	-3.43e-02	9.44e-01	protein_coding
ENSG00000109686	SH3D19	 2.29e-01	5.82e-01	protein_coding
ENSG00000172671	ZFAND4	 7.69e-02	8.81e-01	protein_coding
ENSG00000177425	PAWR	-1.50e-01	6.10e-01	protein_coding
ENSG00000185745	IFIT1	-3.40e-01	2.90e-01	protein_coding
ENSG00000140939	AC074143.1	-4.10e-01	1.78e-03	protein_coding
ENSG00000123131	PRDX4	-1.21e-02	9.70e-01	protein_coding
ENSG00000161513	FDXR	-6.45e-01	1.57e-05	protein_coding
ENSG00000136045	PWP1	-5.10e-01	1.56e-02	protein_coding
ENSG00000134317	GRHL1	-1.40e-01	7.71e-01	protein_coding
ENSG00000101447	FAM83D	 1.10e-01	7.92e-01	protein_coding
ENSG00000182831	C16orf72	 9.05e-02	7.92e-01	protein_coding
ENSG00000115762	PLEKHB2	-9.47e-02	7.54e-01	protein_coding
ENSG00000221944	TIGD1	 4.61e-01	1.42e-01	protein_coding
ENSG00000184182	UBE2F	-3.04e-02	9.36e-01	protein_coding
ENSG00000189180	ZNF33A	-1.16e-01	8.14e-01	protein_coding
ENSG00000108406	DHX40	-1.74e-01	5.81e-01	protein_coding
ENSG00000166851	PLK1	 3.00e-01	4.33e-02	protein_coding
ENSG00000144381	HSPD1	-2.96e-01	1.44e-01	protein_coding
ENSG00000198586	TLK1	 4.99e-01	6.89e-02	protein_coding
ENSG00000122566	HNRNPA2B1	-3.75e-01	4.62e-02	protein_coding
ENSG00000188191	PRKAR1B	-1.59e-01	6.24e-01	protein_coding
ENSG00000175782	SLC35E3	 2.14e-01	6.18e-01	protein_coding
ENSG00000101928	MOSPD1	 4.37e-01	2.32e-01	protein_coding
ENSG00000135930	EIF4E2	-8.45e-02	6.84e-01	protein_coding
ENSG00000100603	SNW1	-3.62e-01	5.92e-02	protein_coding
ENSG00000104365	IKBKB	 5.13e-01	1.95e-03	protein_coding
ENSG00000164818	DNAAF5	 3.27e-01	5.34e-02	protein_coding
ENSG00000122565	CBX3	-1.55e-01	5.52e-01	protein_coding
ENSG00000117877	CD3EAP	-6.09e-02	8.62e-01	protein_coding
ENSG00000058272	PPP1R12A	-2.11e-01	5.13e-01	protein_coding
ENSG00000126698	DNAJC8	-2.94e-01	8.87e-02	protein_coding
ENSG00000115827	DCAF17	-8.28e-02	8.85e-01	protein_coding
ENSG00000119705	SLIRP	 2.38e-01	3.78e-01	protein_coding
ENSG00000050344	NFE2L3	 1.97e-01	6.95e-01	protein_coding
ENSG00000075539	FRYL	 5.82e-02	9.23e-01	protein_coding
ENSG00000125740	FOSB	 6.43e-01	9.15e-03	protein_coding
ENSG00000265241	RBM8A	-3.19e-01	8.57e-02	protein_coding
ENSG00000246465	AC138904.1	-1.93e-01	6.41e-01	lncRNA
ENSG00000115540	MOB4	-1.15e-01	8.38e-01	protein_coding
ENSG00000115468	EFHD1	 5.99e-01	8.34e-05	protein_coding
ENSG00000272031	ANKRD34A	 4.13e-01	2.77e-01	protein_coding
ENSG00000123600	METTL8	-3.29e-02	9.48e-01	protein_coding
ENSG00000100852	ARHGAP5	 1.47e-01	7.09e-01	protein_coding
ENSG00000136273	HUS1	 3.49e-02	9.49e-01	protein_coding
ENSG00000188322	SBK1	 5.06e-01	1.74e-01	protein_coding
ENSG00000121851	POLR3GL	-3.67e-01	1.06e-01	protein_coding
ENSG00000140859	KIFC3	-3.36e-01	6.58e-02	protein_coding
ENSG00000272645	GTF2IP20	 3.45e-01	2.66e-01	transcribed_unprocessed_pseudogene
ENSG00000115541	HSPE1	 1.38e-01	6.24e-01	protein_coding
ENSG00000131779	PEX11B	-2.17e-01	3.85e-01	protein_coding
ENSG00000258655	ARHGAP5-AS1	 1.03e-02	9.85e-01	lncRNA
ENSG00000271601	LIX1L	 7.47e-02	7.62e-01	protein_coding
ENSG00000174243	DDX23	 4.40e-02	8.72e-01	protein_coding
ENSG00000132481	AC087289.1	 1.69e-01	5.47e-01	protein_coding
ENSG00000260077	AC104794.2	 2.09e-01	6.12e-01	lncRNA
ENSG00000257167	TMPO-AS1	 2.97e-01	2.74e-01	lncRNA
ENSG00000107874	CUEDC2	-3.31e-01	7.50e-02	protein_coding
ENSG00000184785	SMIM10	-2.58e-01	5.72e-01	protein_coding
ENSG00000130770	ATP5IF1	-1.68e-01	4.99e-01	protein_coding
ENSG00000185495	AC138393.1	 3.65e-01	3.70e-01	transcribed_unprocessed_pseudogene
ENSG00000069248	NUP133	-1.13e-01	6.88e-01	protein_coding
ENSG00000118503	TNFAIP3	-6.11e-02	9.14e-01	protein_coding
ENSG00000163811	WDR43	-3.56e-03	9.94e-01	protein_coding
ENSG00000110851	PRDM4	-1.31e-01	7.62e-01	protein_coding
ENSG00000198208	RPS6KL1	-2.82e-01	4.16e-01	protein_coding
ENSG00000143756	FBXO28	-2.38e-01	4.68e-01	protein_coding
ENSG00000012061	ERCC1	-3.47e-01	3.69e-02	protein_coding
ENSG00000135776	ABCB10	-2.02e-01	5.99e-01	protein_coding
ENSG00000120802	TMPO	-3.18e-01	9.19e-02	protein_coding
ENSG00000135801	TAF5L	 3.80e-02	9.44e-01	protein_coding
ENSG00000177169	ULK1	 2.86e-01	2.70e-01	protein_coding
ENSG00000172059	KLF11	 3.48e-01	2.40e-01	protein_coding
ENSG00000279283	AC131009.4	 4.40e-01	2.43e-01	TEC
ENSG00000135763	URB2	 5.05e-01	7.17e-03	protein_coding
ENSG00000144426	NBEAL1	 7.01e-03	9.90e-01	protein_coding
ENSG00000269609	RPARP-AS1	 1.10e-01	6.41e-01	lncRNA
ENSG00000120055	C10orf95	-2.63e-01	5.70e-01	protein_coding
ENSG00000143753	DEGS1	 2.81e-01	9.10e-02	protein_coding
ENSG00000141569	TRIM65	-7.35e-02	7.79e-01	protein_coding
ENSG00000144057	ST6GAL2	 5.86e-01	1.00e-01	protein_coding
ENSG00000143641	GALNT2	 4.08e-01	2.17e-03	protein_coding
ENSG00000104881	PPP1R13L	 9.70e-01	6.67e-07	protein_coding
ENSG00000117479	SLC19A2	-5.59e-02	8.96e-01	protein_coding
ENSG00000144488	ESPNL	-2.76e-01	5.32e-01	protein_coding
ENSG00000188153	COL4A5	-1.71e-01	5.44e-01	protein_coding
ENSG00000048828	FAM120A	 1.77e-01	4.32e-01	protein_coding
ENSG00000101452	DHX35	 2.28e-03	9.96e-01	protein_coding
ENSG00000188938	FAM120AOS	-3.59e-02	9.04e-01	protein_coding
ENSG00000110090	CPT1A	 3.39e-01	6.09e-02	protein_coding
ENSG00000168427	KLHL30	-5.27e-02	9.22e-01	protein_coding
ENSG00000237840	FAM21FP	-1.77e-01	7.32e-01	transcribed_unprocessed_pseudogene
ENSG00000130766	SESN2	 3.37e-01	7.74e-02	protein_coding
ENSG00000143748	NVL	-5.35e-02	8.97e-01	protein_coding
ENSG00000178752	ERFE	 4.06e-01	2.77e-01	protein_coding
ENSG00000112578	BYSL	-1.66e-01	4.87e-01	protein_coding
ENSG00000225982	AL355482.2	 1.69e-01	7.39e-01	lncRNA
ENSG00000135775	COG2	-6.68e-02	8.34e-01	protein_coding
ENSG00000273204	AC104506.1	 2.09e-01	6.69e-01	lncRNA
ENSG00000172819	RARG	 3.19e-01	1.02e-01	protein_coding
ENSG00000189350	TOGARAM2	-6.83e-02	8.81e-01	protein_coding
ENSG00000130204	AC011481.1	-3.11e-01	1.27e-02	protein_coding
ENSG00000162694	EXTL2	 4.73e-01	1.59e-01	protein_coding
ENSG00000162066	AMDHD2	-4.79e-01	2.84e-02	protein_coding
ENSG00000172661	WASHC2C	 4.90e-02	9.28e-01	protein_coding
ENSG00000187325	TAF9B	-3.27e-01	4.38e-01	protein_coding
ENSG00000134590	RTL8C	 5.97e-01	1.75e-04	protein_coding
ENSG00000138035	PNPT1	 8.06e-02	8.50e-01	protein_coding
ENSG00000152778	IFIT5	-3.62e-01	3.62e-01	protein_coding
ENSG00000130202	NECTIN2	 3.24e-01	2.50e-02	protein_coding
ENSG00000203950	RTL8A	 1.70e-01	4.82e-01	protein_coding
ENSG00000116580	GON4L	 1.45e-01	6.79e-01	protein_coding
ENSG00000205609	EIF3CL	 7.40e-03	9.91e-01	protein_coding
ENSG00000110931	CAMKK2	 2.21e-01	4.67e-01	protein_coding
ENSG00000146063	TRIM41	-2.25e-01	1.35e-01	protein_coding
ENSG00000075415	SLC25A3	-1.43e-01	4.62e-01	protein_coding
ENSG00000102081	FMR1	 1.32e-01	7.87e-01	protein_coding
ENSG00000138111	MFSD13A	 1.50e-01	5.97e-01	protein_coding
ENSG00000135821	GLUL	 9.44e-02	6.08e-01	protein_coding
ENSG00000162695	SLC30A7	 1.75e-01	5.92e-01	protein_coding
ENSG00000163069	SGCB	 7.43e-02	8.97e-01	protein_coding
ENSG00000162065	TBC1D24	 8.73e-02	8.59e-01	protein_coding
ENSG00000164045	CDC25A	-1.43e-01	5.00e-01	protein_coding
ENSG00000203761	MSTO2P	-1.61e-01	7.61e-01	unprocessed_pseudogene
ENSG00000167771	RCOR2	 3.07e-01	2.74e-01	protein_coding
ENSG00000185883	ATP6V0C	 6.82e-01	1.44e-04	protein_coding
ENSG00000138107	ACTR1A	-1.59e-01	3.39e-01	protein_coding
ENSG00000162777	DENND2D	-9.52e-02	8.60e-01	protein_coding
ENSG00000075407	ZNF37A	-3.06e-01	4.79e-01	protein_coding
ENSG00000182749	PAQR7	-1.19e-02	9.80e-01	protein_coding
ENSG00000132323	ILKAP	-9.23e-02	7.68e-01	protein_coding
ENSG00000273568	AC131009.3	-1.77e-01	7.24e-01	lncRNA
ENSG00000177192	PUS1	-3.46e-01	3.02e-02	protein_coding
ENSG00000119280	C1orf198	-1.80e-01	5.43e-01	protein_coding
ENSG00000138756	BMP2K	 2.01e-01	6.12e-01	protein_coding
ENSG00000183495	EP400	 4.62e-01	6.58e-02	protein_coding
ENSG00000000457	SCYL3	-2.53e-01	4.10e-01	protein_coding
ENSG00000163291	PAQR3	-1.46e-01	7.87e-01	protein_coding
ENSG00000146918	NCAPG2	-1.31e-02	9.77e-01	protein_coding
ENSG00000141367	CLTC	 9.06e-02	7.94e-01	protein_coding
ENSG00000134287	ARF3	-3.57e-01	6.29e-03	protein_coding
ENSG00000132326	PER2	-6.08e-02	8.96e-01	protein_coding
ENSG00000273702	AC091271.1	 1.11e-01	8.00e-01	lncRNA
ENSG00000141378	PTRH2	-1.18e-01	7.94e-01	protein_coding
ENSG00000134285	FKBP11	-9.88e-02	8.44e-01	protein_coding
ENSG00000075856	SART3	 1.88e-01	5.47e-01	protein_coding
ENSG00000162894	FCMR	 1.60e-01	7.03e-01	protein_coding
ENSG00000062716	VMP1	 3.80e-01	1.82e-02	protein_coding
ENSG00000157379	DHRS1	 2.12e-01	4.16e-01	protein_coding
ENSG00000144485	HES6	-6.74e-01	3.19e-04	protein_coding
ENSG00000255717	SNHG1	 2.96e-01	6.48e-02	lncRNA
ENSG00000185684	EP400P1	-2.39e-01	5.64e-01	transcribed_unprocessed_pseudogene
ENSG00000064419	TNPO3	 2.61e-01	1.31e-01	protein_coding
ENSG00000198855	FICD	 7.44e-02	8.78e-01	protein_coding
ENSG00000152782	PANK1	 6.30e-03	9.93e-01	protein_coding
ENSG00000000460	C1orf112	-1.45e-01	6.58e-01	protein_coding
ENSG00000117632	STMN1	-3.04e-02	9.32e-01	protein_coding
ENSG00000115306	SPTBN1	 1.63e-01	3.50e-01	protein_coding
ENSG00000112378	PERP	 3.89e-01	3.19e-02	protein_coding
ENSG00000143771	CNIH4	 2.83e-01	1.30e-01	protein_coding
ENSG00000143643	TTC13	 2.07e-01	5.51e-01	protein_coding
ENSG00000161638	ITGA5	 8.51e-01	1.57e-05	protein_coding
ENSG00000182544	MFSD5	 1.15e-01	7.32e-01	protein_coding
ENSG00000185163	DDX51	-6.50e-02	8.40e-01	protein_coding
ENSG00000108389	MTMR4	 1.85e-01	5.57e-01	protein_coding
ENSG00000071967	CYBRD1	 1.81e-01	4.35e-01	protein_coding
ENSG00000161048	NAPEPLD	-2.71e-01	4.78e-01	protein_coding
ENSG00000162736	NCSTN	 4.61e-01	2.17e-03	protein_coding
ENSG00000089050	RBBP9	 3.10e-01	4.71e-01	protein_coding
ENSG00000204104	TRAF3IP1	 1.59e-01	7.54e-01	protein_coding
ENSG00000247626	MARS2	 3.54e-01	2.59e-01	protein_coding
ENSG00000173409	ARV1	 1.99e-01	6.40e-01	protein_coding
ENSG00000173621	LRFN4	 9.79e-02	6.97e-01	protein_coding
ENSG00000163516	ANKZF1	 1.28e-01	7.30e-01	protein_coding
ENSG00000103051	COG4	-5.16e-01	3.71e-04	protein_coding
ENSG00000122218	COPA	-6.52e-02	7.89e-01	protein_coding
ENSG00000065802	ASB1	-1.29e-01	6.57e-01	protein_coding
ENSG00000123130	ACOT9	-1.61e-01	3.59e-01	protein_coding
ENSG00000170632	ARMC10	-2.56e-01	3.03e-01	protein_coding
ENSG00000162923	WDR26	 1.42e-01	7.00e-01	protein_coding
ENSG00000161642	ZNF385A	 7.82e-01	5.66e-06	protein_coding
ENSG00000135476	ESPL1	-1.22e-01	6.14e-01	protein_coding
ENSG00000184967	NOC4L	 1.85e-01	4.65e-01	protein_coding
ENSG00000166130	IKBIP	 2.29e-01	5.32e-01	protein_coding
ENSG00000233608	TWIST2	 1.27e-01	6.67e-01	protein_coding
ENSG00000163521	GLB1L	-1.30e-01	7.50e-01	protein_coding
ENSG00000161267	BDH1	-1.40e-01	6.02e-01	protein_coding
ENSG00000119004	CYP20A1	-9.07e-02	8.64e-01	protein_coding
ENSG00000149269	PAK1	 1.39e-01	6.72e-01	protein_coding
ENSG00000205250	E2F4	 2.04e-01	2.73e-01	protein_coding
ENSG00000112414	ADGRG6	 4.52e-01	2.15e-01	protein_coding
ENSG00000173660	UQCRH	 1.14e-01	6.56e-01	protein_coding
ENSG00000143633	C1orf131	 1.62e-01	6.67e-01	protein_coding
ENSG00000115661	STK16	-3.58e-01	9.61e-02	protein_coding
ENSG00000116906	GNPAT	-1.73e-01	5.54e-01	protein_coding
ENSG00000265972	TXNIP	 9.44e-02	7.55e-01	protein_coding
ENSG00000127824	TUBA4A	-2.11e-01	3.28e-01	protein_coding
ENSG00000101888	NXT2	-1.72e-01	7.30e-01	protein_coding
ENSG00000114982	KANSL3	 2.66e-01	2.36e-01	protein_coding
ENSG00000110583	NAA40	 1.73e-01	5.45e-01	protein_coding
ENSG00000124098	FAM210B	-1.25e-01	7.94e-01	protein_coding
ENSG00000158457	TSPAN33	-1.79e-01	6.57e-01	protein_coding
ENSG00000068366	ACSL4	-2.91e-01	3.27e-01	protein_coding
ENSG00000222020	HDAC4-AS1	-1.29e-02	9.86e-01	lncRNA
ENSG00000117481	NSUN4	-2.42e-01	2.18e-01	protein_coding
ENSG00000068024	HDAC4	-2.74e-01	3.32e-01	protein_coding
ENSG00000182795	C1orf116	 2.31e-01	6.12e-01	protein_coding
ENSG00000269096	CT45A3	-2.29e-01	4.02e-01	protein_coding
ENSG00000228836	CT45A5	-2.51e-01	3.30e-01	protein_coding
ENSG00000135679	MDM2	-3.89e-02	9.18e-01	protein_coding
ENSG00000089053	ANAPC5	-2.53e-01	1.14e-01	protein_coding
ENSG00000169884	WNT10B	 4.17e-02	9.02e-01	protein_coding
ENSG00000119718	EIF2B2	-3.64e-01	1.33e-02	protein_coding
ENSG00000165899	OTOGL	 1.51e-01	7.78e-01	protein_coding
ENSG00000173599	PC	 3.52e-02	9.01e-01	protein_coding
ENSG00000116903	EXOC8	-2.43e-01	5.30e-01	protein_coding
ENSG00000214135	AC132008.2	-2.15e-01	5.56e-01	transcribed_unprocessed_pseudogene
ENSG00000189091	SF3B3	 2.49e-01	1.29e-01	protein_coding
ENSG00000010072	SPRTN	-2.64e-01	5.31e-01	protein_coding
ENSG00000197620	CXorf40A	-4.94e-01	9.71e-03	protein_coding
ENSG00000135766	EGLN1	-4.31e-02	9.32e-01	protein_coding
ENSG00000138434	ITPRID2	 1.14e-03	9.98e-01	protein_coding
ENSG00000233461	AL445524.1	 3.50e-01	2.17e-01	lncRNA
ENSG00000135678	CPM	 2.60e-04	1.00e+00	protein_coding
ENSG00000102890	ELMO3	-1.30e-01	8.01e-01	protein_coding
ENSG00000182600	SNORC	 1.97e-01	6.38e-01	protein_coding
ENSG00000196943	NOP9	-3.26e-02	9.14e-01	protein_coding
ENSG00000213903	LTB4R	-1.80e-01	6.71e-01	protein_coding
ENSG00000257605	AC073611.2	 1.38e-01	7.95e-01	lncRNA
ENSG00000117543	DPH5	-2.05e-01	3.69e-01	protein_coding
ENSG00000136305	CIDEB	 1.33e-01	7.53e-01	protein_coding
ENSG00000139637	C12orf10	-2.63e-01	2.20e-01	protein_coding
ENSG00000213906	LTB4R2	 1.84e-02	9.79e-01	protein_coding
ENSG00000010404	IDS	-1.34e-02	9.81e-01	protein_coding
ENSG00000233184	AC093157.1	-6.43e-02	9.10e-01	lncRNA
ENSG00000123349	PFDN5	-9.71e-02	7.13e-01	protein_coding
ENSG00000130066	SAT1	 2.30e-03	9.95e-01	protein_coding
ENSG00000173166	RAPH1	-4.98e-01	3.20e-03	protein_coding
ENSG00000143622	RIT1	-2.65e-01	4.19e-01	protein_coding
ENSG00000123836	PFKFB2	-2.06e-02	9.77e-01	protein_coding
ENSG00000269586	CT45A10	-1.65e-01	6.27e-01	protein_coding
ENSG00000204120	GIGYF2	-3.79e-02	9.29e-01	protein_coding
ENSG00000124181	PLCG1	 2.05e-01	5.05e-01	protein_coding
ENSG00000117868	ESYT2	 6.68e-02	8.59e-01	protein_coding
ENSG00000198900	TOP1	 1.54e-01	6.17e-01	protein_coding
ENSG00000174306	ZHX3	-2.81e-01	4.19e-01	protein_coding
ENSG00000182307	C8orf33	-1.50e-01	3.66e-01	protein_coding
ENSG00000116918	TSNAX	-4.78e-01	6.68e-02	protein_coding
ENSG00000180667	YOD1	-6.97e-02	8.95e-01	protein_coding
ENSG00000183696	UPP1	-3.81e-01	2.98e-02	protein_coding
ENSG00000181929	PRKAG1	-3.64e-01	2.10e-02	protein_coding
ENSG00000138443	ABI2	 3.73e-01	9.63e-02	protein_coding
ENSG00000132680	KHDC4	-1.77e-01	4.79e-01	protein_coding
ENSG00000126870	WDR60	-1.13e+00	1.22e-06	protein_coding
ENSG00000158467	AHCYL2	-3.93e-01	2.15e-01	protein_coding
ENSG00000169696	ASPSCR1	-3.89e-01	1.58e-02	protein_coding
ENSG00000143333	RGS16	 1.27e-01	6.92e-01	protein_coding
ENSG00000120868	APAF1	-3.81e-01	2.70e-01	protein_coding
ENSG00000261008	LINC01572	 4.44e-01	2.37e-01	lncRNA
ENSG00000136003	ISCU	-9.31e-02	7.53e-01	protein_coding
ENSG00000231419	LINC00689	 4.30e-01	1.44e-02	lncRNA
ENSG00000170633	RNF34	 3.29e-01	7.57e-02	protein_coding
ENSG00000173272	MZT2A	-2.53e-01	2.71e-01	protein_coding
ENSG00000167548	KMT2D	 1.07e-01	7.86e-01	protein_coding
ENSG00000181418	DDN	 6.61e-02	9.08e-01	protein_coding
ENSG00000261504	LINC01686	-1.27e-01	7.47e-01	lncRNA
ENSG00000259768	AC004943.2	 4.53e-01	1.74e-01	lncRNA
ENSG00000140836	ZFHX3	-4.74e-02	8.85e-01	protein_coding
ENSG00000089094	KDM2B	-7.43e-02	8.29e-01	protein_coding
ENSG00000163479	SSR2	-1.77e-02	9.51e-01	protein_coding
ENSG00000138182	KIF20B	-4.79e-01	2.00e-01	protein_coding
ENSG00000135838	NPL	 2.68e-01	5.62e-01	protein_coding
ENSG00000157600	TMEM164	 6.32e-01	5.20e-03	protein_coding
ENSG00000066248	NGEF	-1.61e-01	5.61e-01	protein_coding
ENSG00000090621	PABPC4	 4.75e-01	4.76e-03	protein_coding
ENSG00000115252	PDE1A	-3.35e-02	9.36e-01	protein_coding
ENSG00000123843	C4BPB	-1.45e-01	7.21e-01	protein_coding
ENSG00000008710	PKD1	 1.36e-02	9.76e-01	protein_coding
ENSG00000116584	ARHGEF2	 2.05e-01	5.29e-01	protein_coding
ENSG00000112787	FBRSL1	 3.90e-01	1.16e-01	protein_coding
ENSG00000123838	C4BPA	 8.11e-02	8.47e-01	protein_coding
ENSG00000269713	NBPF9	 3.21e-01	1.55e-01	protein_coding
ENSG00000128578	STRIP2	-1.35e-01	7.73e-01	protein_coding
ENSG00000111605	CPSF6	 1.10e-01	5.64e-01	protein_coding
ENSG00000152117	AC073869.1	 3.27e-01	2.77e-01	transcribed_processed_pseudogene
ENSG00000110880	CORO1C	-4.74e-01	4.84e-04	protein_coding
ENSG00000240204	SMKR1	-8.68e-02	8.77e-01	protein_coding
ENSG00000072163	LIMS2	 5.12e-01	1.10e-01	protein_coding
ENSG00000165288	BRWD3	 5.05e-02	9.15e-01	protein_coding
ENSG00000185842	DNAH14	 3.18e-01	3.13e-01	protein_coding
ENSG00000273329	AC078846.1	 2.43e-01	5.11e-01	lncRNA
ENSG00000135829	DHX9	-5.99e-01	5.35e-05	protein_coding
ENSG00000274265	AC245297.3	-1.30e-01	8.15e-01	lncRNA
ENSG00000075945	KIFAP3	 6.77e-02	8.57e-01	protein_coding
ENSG00000226124	FTCDNL1	-3.57e-01	3.81e-01	protein_coding
ENSG00000084112	SSH1	 7.68e-02	8.50e-01	protein_coding
ENSG00000120370	GORAB	-1.59e-01	7.56e-01	protein_coding
ENSG00000271383	NBPF19	-1.72e-01	5.78e-01	protein_coding
ENSG00000286185	AC242842.3	 1.35e-01	7.89e-01	protein_coding
ENSG00000196352	CD55	 2.49e-01	3.30e-01	protein_coding
ENSG00000106459	NRF1	-2.16e-01	3.69e-01	protein_coding
ENSG00000017260	ATP2C1	 1.85e-01	6.15e-01	protein_coding
ENSG00000276045	ORAI1	 7.20e-02	8.96e-01	protein_coding
ENSG00000166188	ZNF319	 5.61e-01	1.07e-01	protein_coding
ENSG00000105821	DNAJC2	-3.34e-01	3.33e-01	protein_coding
ENSG00000034533	ASTE1	 7.66e-04	9.99e-01	protein_coding
ENSG00000135862	LAMC1	 2.36e-02	9.61e-01	protein_coding
ENSG00000103005	USB1	 4.33e-01	3.69e-02	protein_coding
ENSG00000162971	TYW5	 2.57e-01	5.62e-01	protein_coding
ENSG00000126773	PCNX4	 1.78e-01	5.99e-01	protein_coding
ENSG00000246082	NUDT16P1	-1.05e-01	8.38e-01	transcribed_unitary_pseudogene
ENSG00000162972	MAIP1	-1.91e-01	4.51e-01	protein_coding
ENSG00000100612	DHRS7	 9.71e-02	7.96e-01	protein_coding
ENSG00000135924	DNAJB2	-3.07e-01	3.53e-01	protein_coding
ENSG00000169446	MMGT1	 5.69e-01	9.91e-02	protein_coding
ENSG00000130414	NDUFA10	-9.15e-02	6.57e-01	protein_coding
ENSG00000151233	GXYLT1	 3.24e-01	4.40e-01	protein_coding
ENSG00000213853	EMP2	 1.36e-01	5.19e-01	protein_coding
ENSG00000143815	LBR	 3.59e-02	9.32e-01	protein_coding
ENSG00000198689	SLC9A6	-2.99e-01	4.71e-01	protein_coding
ENSG00000234476	AC092811.1	 1.51e-01	6.90e-01	lncRNA
ENSG00000146826	C7orf43	 2.14e-01	5.28e-01	protein_coding
ENSG00000212694	LINC01089	-4.37e-02	8.99e-01	lncRNA
ENSG00000172428	COPS9	 8.81e-02	7.57e-01	protein_coding
ENSG00000077380	DYNC1I2	 1.59e-03	9.97e-01	protein_coding
ENSG00000162496	DHRS3	-3.85e-02	8.85e-01	protein_coding
ENSG00000188735	TMEM120B	-7.62e-03	9.85e-01	protein_coding
ENSG00000139725	RHOF	 9.90e-02	6.34e-01	protein_coding
ENSG00000188186	LAMTOR4	-2.24e-01	2.82e-01	protein_coding
ENSG00000274292	AC084018.2	-4.61e-02	9.23e-01	lncRNA
ENSG00000154380	ENAH	-2.11e-01	4.81e-01	protein_coding
ENSG00000063660	GPC1	 3.74e-01	2.56e-02	protein_coding
ENSG00000133315	MACROD1	-5.27e-01	3.11e-04	protein_coding
ENSG00000167770	OTUB1	-2.54e-01	1.11e-01	protein_coding
ENSG00000143742	SRP9	 3.93e-02	9.17e-01	protein_coding
ENSG00000214870	AC004540.1	-7.92e-02	8.84e-01	lncRNA
ENSG00000116991	SIPA1L2	-8.80e-02	8.25e-01	protein_coding
ENSG00000176340	COX8A	 2.70e-01	1.09e-01	protein_coding
ENSG00000116117	PARD3B	-2.60e-01	4.75e-01	protein_coding
ENSG00000177084	POLE	-7.07e-03	9.87e-01	protein_coding
ENSG00000114988	LMAN2L	 6.94e-02	8.07e-01	protein_coding
ENSG00000271425	NBPF10	 1.09e-02	9.83e-01	protein_coding
ENSG00000074201	CLNS1A	-2.26e-01	2.48e-01	protein_coding
ENSG00000135778	NTPCR	 1.83e-01	6.30e-01	protein_coding
ENSG00000109189	USP46	 3.60e-02	9.53e-01	protein_coding
ENSG00000105819	PMPCB	-2.63e-01	2.18e-01	protein_coding
ENSG00000264343	NOTCH2NLA	-3.44e-01	2.76e-02	protein_coding
ENSG00000135749	PCNX2	 1.72e-01	6.45e-01	protein_coding
ENSG00000135093	USP30	 3.52e-01	3.33e-01	protein_coding
ENSG00000128609	NDUFA5	-1.20e-02	9.86e-01	protein_coding
ENSG00000131171	SH3BGRL	 1.45e-01	6.61e-01	protein_coding
ENSG00000226950	DANCR	 2.21e-01	2.05e-01	lncRNA
ENSG00000143819	EPHX1	 5.16e-01	1.41e-04	protein_coding
ENSG00000132613	MTSS1L	 6.38e-01	4.09e-04	protein_coding
ENSG00000164022	AIMP1	-4.52e-01	1.89e-01	protein_coding
ENSG00000161057	PSMC2	-5.35e-01	1.74e-02	protein_coding
ENSG00000271121	NUDT4P2	-3.85e-01	3.14e-01	processed_pseudogene
ENSG00000015153	YAF2	 3.20e-02	9.58e-01	protein_coding
ENSG00000010818	HIVEP2	 1.26e-02	9.86e-01	protein_coding
ENSG00000127337	YEATS4	-6.65e-02	8.81e-01	protein_coding
ENSG00000125122	LRRC29	 7.81e-02	8.95e-01	transcribed_unitary_pseudogene
ENSG00000196187	TMEM63A	 8.25e-02	8.45e-01	protein_coding
ENSG00000116698	SMG7	 1.29e-01	6.95e-01	protein_coding
ENSG00000142327	RNPEPL1	 4.67e-01	4.28e-02	protein_coding
ENSG00000158158	CNNM4	 4.48e-01	8.87e-02	protein_coding
ENSG00000077232	DNAJC10	-3.51e-01	3.81e-01	protein_coding
ENSG00000102996	MMP15	 3.77e-01	1.33e-01	protein_coding
ENSG00000101935	AMMECR1	-1.30e-01	8.06e-01	protein_coding
ENSG00000145348	TBCK	-6.10e-02	9.16e-01	protein_coding
ENSG00000103043	VAC14	 2.50e-01	1.79e-01	protein_coding
ENSG00000168701	TMEM208	-1.54e-01	5.39e-01	protein_coding
ENSG00000139718	SETD1B	 8.59e-01	3.85e-06	protein_coding
ENSG00000184178	SCFD2	-3.77e-02	9.24e-01	protein_coding
ENSG00000106299	WASL	 4.56e-01	8.51e-02	protein_coding
ENSG00000168918	INPP5D	 6.24e-01	4.28e-02	protein_coding
ENSG00000272686	AC006333.2	-2.10e-02	9.72e-01	lncRNA
ENSG00000103197	TSC2	 2.02e-01	3.58e-01	protein_coding
ENSG00000166225	FRS2	 3.39e-01	3.96e-01	protein_coding
ENSG00000135968	GCC2	-3.67e-02	9.54e-01	protein_coding
ENSG00000233937	AC008443.1	 5.47e-02	9.02e-01	lncRNA
ENSG00000176915	ANKLE2	 3.75e-02	9.16e-01	protein_coding
ENSG00000248275	TRIM52-AS1	 1.98e-01	5.53e-01	lncRNA
ENSG00000196141	SPATS2L	-6.06e-03	9.92e-01	protein_coding
ENSG00000189046	ALKBH2	-2.73e-01	1.12e-01	protein_coding
ENSG00000173349	SFT2D3	-4.10e-02	9.06e-01	protein_coding
ENSG00000160803	UBQLN4	 2.51e-01	2.68e-01	protein_coding
ENSG00000176894	PXMP2	-2.16e-01	2.46e-01	protein_coding
ENSG00000204628	RACK1	-1.31e-01	4.70e-01	protein_coding
ENSG00000116586	LAMTOR2	-1.10e-01	6.05e-01	protein_coding
ENSG00000144504	ANKMY1	-1.80e-01	6.63e-01	protein_coding
ENSG00000247077	PGAM5	-9.05e-02	6.87e-01	protein_coding
ENSG00000254726	MEX3A	 5.73e-01	8.53e-02	protein_coding
ENSG00000136709	WDR33	-1.38e-01	6.60e-01	protein_coding
ENSG00000076248	UNG	-6.22e-02	7.72e-01	protein_coding
ENSG00000143811	PYCR2	-1.13e-01	5.58e-01	protein_coding
ENSG00000188542	DUSP28	-1.80e-02	9.77e-01	protein_coding
ENSG00000115840	SLC25A12	-4.37e-01	4.67e-02	protein_coding
ENSG00000260942	CAPN10-DT	 1.26e-01	8.01e-01	lncRNA
ENSG00000143674	MAP3K21	-1.73e-01	5.95e-01	protein_coding
ENSG00000128708	HAT1	-2.13e-01	5.45e-01	protein_coding
ENSG00000135750	KCNK1	-1.66e-01	5.67e-01	protein_coding
ENSG00000143751	SDE2	-3.95e-02	9.33e-01	protein_coding
ENSG00000135723	FHOD1	 5.40e-01	1.05e-02	protein_coding
ENSG00000183718	TRIM52	-4.70e-01	1.79e-01	protein_coding
ENSG00000183780	SLC35F3	-2.63e-01	5.24e-01	protein_coding
ENSG00000172878	METAP1D	-3.42e-01	3.88e-01	protein_coding
ENSG00000158104	HPD	-1.28e-01	5.11e-01	protein_coding
ENSG00000197951	ZNF71	 9.02e-02	8.63e-01	protein_coding
ENSG00000168275	COA6	-1.02e-01	8.08e-01	protein_coding
ENSG00000231663	COA6-AS1	-1.85e-02	9.79e-01	lncRNA
ENSG00000085978	ATG16L1	-5.96e-03	9.91e-01	protein_coding
ENSG00000076555	ACACB	-2.00e-02	9.67e-01	protein_coding
ENSG00000167550	RHEBL1	-1.14e-01	7.62e-01	protein_coding
ENSG00000158023	WDR66	 5.62e-01	1.03e-01	protein_coding
ENSG00000196961	AP2A1	 3.15e-01	3.39e-02	protein_coding
ENSG00000116455	WDR77	 6.51e-02	8.01e-01	protein_coding
ENSG00000110801	PSMD9	-2.53e-01	1.06e-01	protein_coding
ENSG00000116459	ATP5PB	-1.59e-01	4.97e-01	protein_coding
ENSG00000166226	CCT2	-3.73e-01	1.97e-02	protein_coding
ENSG00000142330	CAPN10	-3.76e-01	6.75e-02	protein_coding
ENSG00000239883	PARGP1	-3.38e-01	3.59e-01	transcribed_unprocessed_pseudogene
ENSG00000158006	PAFAH2	-5.63e-01	1.80e-02	protein_coding
ENSG00000119801	YPEL5	-5.10e-02	9.09e-01	protein_coding
ENSG00000061676	NCKAP1	 7.55e-02	8.84e-01	protein_coding
ENSG00000110987	BCL7A	 1.26e-01	7.32e-01	protein_coding
ENSG00000256546	AC156455.1	 1.94e-01	5.36e-01	lncRNA
ENSG00000059588	TARBP1	-6.24e-03	9.89e-01	protein_coding
ENSG00000168264	IRF2BP2	 5.02e-01	6.39e-03	protein_coding
ENSG00000169756	LIMS1	-2.92e-01	3.92e-01	protein_coding
ENSG00000005020	SKAP2	-2.56e-01	5.47e-01	protein_coding
ENSG00000160789	LMNA	-3.69e-01	4.13e-02	protein_coding
ENSG00000145216	FIP1L1	 1.70e-01	6.01e-01	protein_coding
ENSG00000270149	AL591806.3	-1.94e-01	6.36e-01	protein_coding
ENSG00000280587	LINC01348	 8.91e-02	7.71e-01	lncRNA
ENSG00000173726	TOMM20	 1.80e-01	3.98e-01	protein_coding
ENSG00000103274	NUBP1	-3.40e-01	2.56e-02	protein_coding
ENSG00000158769	F11R	 2.67e-01	3.68e-01	protein_coding
ENSG00000268043	NBPF12	-2.84e-01	4.69e-01	protein_coding
ENSG00000123992	DNPEP	-3.80e-01	5.11e-02	protein_coding
ENSG00000156269	NAA11	-1.67e-01	4.92e-01	protein_coding
ENSG00000170775	GPR37	 2.69e-01	4.21e-01	protein_coding
ENSG00000163002	NUP35	-1.51e-01	6.76e-01	protein_coding
ENSG00000163909	HEYL	 4.57e-01	2.00e-01	protein_coding
ENSG00000109220	CHIC2	-6.72e-02	9.02e-01	protein_coding
ENSG00000100614	PPM1A	-2.43e-02	9.69e-01	protein_coding
ENSG00000173237	C11orf86	-4.86e-01	1.27e-02	protein_coding
ENSG00000070761	CFAP20	-1.91e-02	9.55e-01	protein_coding
ENSG00000048649	RSF1	 4.14e-02	9.42e-01	protein_coding
ENSG00000175727	MLXIP	 5.04e-01	1.69e-02	protein_coding
ENSG00000163126	ANKRD23	-1.87e-01	7.09e-01	protein_coding
ENSG00000153201	RANBP2	 2.93e-02	9.66e-01	protein_coding
ENSG00000163041	H3F3A	-1.71e-01	3.03e-01	protein_coding
ENSG00000173227	SYT12	 2.31e-01	2.85e-01	protein_coding
ENSG00000094914	AAAS	-1.34e-01	4.19e-01	protein_coding
ENSG00000168763	CNNM3	 7.55e-02	7.68e-01	protein_coding
ENSG00000146416	AIG1	 1.59e-01	5.30e-01	protein_coding
ENSG00000169683	LRRC45	-5.13e-01	1.41e-03	protein_coding
ENSG00000213337	ANKRD39	-3.62e-01	4.81e-02	protein_coding
ENSG00000064703	DDX20	 2.73e-01	4.10e-01	protein_coding
ENSG00000188739	RBM34	 1.06e-01	8.49e-01	protein_coding
ENSG00000169689	CENPX	-3.58e-01	2.68e-02	protein_coding
ENSG00000197852	INKA2	-1.97e-01	6.33e-01	protein_coding
ENSG00000054267	ARID4B	 7.04e-02	8.92e-01	protein_coding
ENSG00000162704	ARPC5	 8.36e-02	7.21e-01	protein_coding
ENSG00000184047	DIABLO	-2.59e-01	1.26e-01	protein_coding
ENSG00000213420	GPC2	 2.68e-01	5.36e-01	protein_coding
ENSG00000116473	RAP1A	-9.71e-02	7.96e-01	protein_coding
ENSG00000072609	CHFR	-1.53e-01	7.58e-01	protein_coding
ENSG00000158773	USF1	-3.17e-01	7.74e-02	protein_coding
ENSG00000144231	POLR2D	-1.06e-01	6.99e-01	protein_coding
ENSG00000144233	AMMECR1L	 5.97e-01	1.38e-02	protein_coding
ENSG00000148688	RPP30	-3.18e-02	9.44e-01	protein_coding
ENSG00000070770	CSNK2A2	 3.08e-01	1.60e-01	protein_coding
ENSG00000110906	KCTD10	-6.06e-03	9.89e-01	protein_coding
ENSG00000162885	B3GALNT2	 1.39e-01	5.86e-01	protein_coding
ENSG00000284934	DIABLO	-6.77e-01	4.60e-02	protein_coding
ENSG00000168439	STIP1	-2.50e-01	8.62e-02	protein_coding
ENSG00000139636	LMBR1L	 1.96e-01	5.82e-01	protein_coding
ENSG00000117523	PRRC2C	-6.06e-02	8.67e-01	protein_coding
ENSG00000265354	TIMM23	-3.89e-01	3.69e-03	protein_coding
ENSG00000128513	POT1	-1.44e-01	7.62e-01	protein_coding
ENSG00000233429	HOTAIRM1	-8.11e-03	9.89e-01	lncRNA
ENSG00000114933	INO80D	-1.51e-01	7.57e-01	protein_coding
ENSG00000112531	QKI	-1.87e-01	5.26e-01	protein_coding
ENSG00000139719	VPS33A	-4.86e-02	9.05e-01	protein_coding
ENSG00000227946	AC007383.2	 3.56e-01	3.89e-01	lncRNA
ENSG00000176383	B3GNT4	 5.73e-01	9.40e-02	protein_coding
ENSG00000152904	GGPS1	 1.47e-01	7.77e-01	protein_coding
ENSG00000065548	ZC3H15	-1.24e-01	8.09e-01	protein_coding
ENSG00000196458	ZNF605	 6.74e-01	4.93e-02	protein_coding
ENSG00000175087	PDIK1L	 2.31e-01	6.24e-01	protein_coding
ENSG00000108423	TUBD1	-1.92e-01	6.82e-01	protein_coding
ENSG00000162755	KLHDC9	-4.51e-01	9.39e-02	protein_coding
ENSG00000172954	LCLAT1	 6.19e-01	8.76e-03	protein_coding
ENSG00000272667	AC012306.2	-2.59e-01	5.24e-01	lncRNA
ENSG00000175084	DES	-1.57e-02	9.81e-01	protein_coding
ENSG00000131791	PRKAB2	 5.09e-01	1.11e-01	protein_coding
ENSG00000196155	PLEKHG4	 2.22e-01	3.70e-01	protein_coding
ENSG00000111647	UHRF1BP1L	 1.87e-01	7.13e-01	protein_coding
ENSG00000090615	GOLGA3	-4.51e-02	9.08e-01	protein_coding
ENSG00000225518	LINC01703	 1.55e-01	7.73e-01	lncRNA
ENSG00000182827	ACBD3	-3.42e-01	3.67e-01	protein_coding
ENSG00000158793	NIT1	-1.19e-01	5.85e-01	protein_coding
ENSG00000084072	PPIE	-5.18e-01	7.15e-05	protein_coding
ENSG00000158796	DEDD	 2.07e-01	2.83e-01	protein_coding
ENSG00000198860	TSEN15	-1.16e-01	6.47e-01	protein_coding
ENSG00000284770	TBCE	-2.41e-01	4.22e-01	protein_coding
ENSG00000116985	BMP8B	 3.10e-01	4.31e-01	protein_coding
ENSG00000143256	PFDN2	-5.02e-01	7.84e-04	protein_coding
ENSG00000116667	C1orf21	-1.09e-01	7.80e-01	protein_coding
ENSG00000139168	ZCRB1	 6.81e-02	8.72e-01	protein_coding
ENSG00000238105	GOLGA2P5	-2.39e-01	5.81e-01	transcribed_unprocessed_pseudogene
ENSG00000163006	CCDC138	 4.96e-02	9.36e-01	protein_coding
ENSG00000182108	DEXI	-2.11e-02	9.59e-01	protein_coding
ENSG00000075089	ACTR6	 2.15e-01	6.12e-01	protein_coding
ENSG00000101310	SEC23B	-2.35e-01	3.29e-01	protein_coding
ENSG00000197245	FAM110D	-6.07e-01	5.25e-03	protein_coding
ENSG00000257489	AC010203.1	-3.54e-01	3.89e-01	transcribed_unprocessed_pseudogene
ENSG00000173156	RHOD	-2.83e-01	7.68e-02	protein_coding
ENSG00000131778	CHD1L	 1.09e-01	7.20e-01	protein_coding
ENSG00000117533	VAMP4	 1.57e-01	7.64e-01	protein_coding
ENSG00000138448	ITGAV	-2.02e-01	6.36e-01	protein_coding
ENSG00000138279	ANXA7	-2.06e-01	2.74e-01	protein_coding
ENSG00000266412	NCOA4	-4.32e-01	5.82e-02	protein_coding
ENSG00000109089	CDR2L	 2.88e-01	2.38e-01	protein_coding
ENSG00000236782	AL391650.1	 6.00e-02	9.23e-01	protein_coding
ENSG00000155729	KCTD18	-9.95e-02	8.57e-01	protein_coding
ENSG00000142684	ZNF593	-2.93e-01	1.01e-01	protein_coding
ENSG00000127720	METTL25	 1.97e-01	6.54e-01	protein_coding
ENSG00000133773	CCDC59	-9.04e-02	8.65e-01	protein_coding
ENSG00000010165	EEF1AKNMT	-2.07e-01	2.69e-01	protein_coding
ENSG00000087884	AAMDC	-2.98e-01	1.54e-01	protein_coding
ENSG00000183814	LIN9	-1.38e-01	7.96e-01	protein_coding
ENSG00000167862	MRPL58	-3.62e-01	3.72e-02	protein_coding
ENSG00000189007	ADAT2	 3.13e-01	4.69e-01	protein_coding
ENSG00000143222	UFC1	-2.21e-01	2.99e-01	protein_coding
ENSG00000149262	INTS4	-1.77e-01	4.65e-01	protein_coding
ENSG00000136021	SCYL2	 1.89e-01	5.88e-01	protein_coding
ENSG00000253552	HOXA-AS2	 4.10e-01	3.04e-01	lncRNA
ENSG00000106004	HOXA5	-5.83e-02	9.21e-01	protein_coding
ENSG00000003436	TFPI	 4.73e-01	1.63e-01	protein_coding
ENSG00000077044	DGKD	 2.56e-01	3.23e-01	protein_coding
ENSG00000122592	HOXA7	 5.98e-01	8.11e-03	protein_coding
ENSG00000023228	NDUFS1	-2.34e-01	3.26e-01	protein_coding
ENSG00000134283	PPHLN1	-1.42e-01	5.48e-01	protein_coding
ENSG00000180867	PDIA3P1	-9.97e-02	8.59e-01	transcribed_processed_pseudogene
ENSG00000160785	SLC25A44	 5.78e-01	1.37e-03	protein_coding
ENSG00000143258	USP21	 2.74e-01	1.91e-01	protein_coding
ENSG00000132793	LPIN3	-1.44e-01	6.86e-01	protein_coding
ENSG00000143799	PARP1	 5.53e-02	8.30e-01	protein_coding
ENSG00000116406	EDEM3	 8.20e-02	8.72e-01	protein_coding
ENSG00000135842	FAM129A	-5.05e-01	1.47e-02	protein_coding
ENSG00000179104	TMTC2	-3.02e-01	4.98e-01	protein_coding
ENSG00000160781	PAQR6	 2.92e-01	5.12e-01	protein_coding
ENSG00000135845	PIGC	-4.71e-03	9.94e-01	protein_coding
ENSG00000121481	RNF2	 1.43e-01	7.47e-01	protein_coding
ENSG00000136715	SAP130	 6.39e-01	5.57e-03	protein_coding
ENSG00000185591	SP1	 5.93e-02	8.35e-01	protein_coding
ENSG00000072041	SLC6A15	 1.05e-01	8.41e-01	protein_coding
ENSG00000260238	PMF1-BGLAP	-1.75e-01	5.87e-01	protein_coding
ENSG00000160783	PMF1	-4.73e-01	9.80e-05	protein_coding
ENSG00000103021	CCDC113	-3.13e-02	9.63e-01	protein_coding
ENSG00000197959	DNM3	-8.54e-02	8.81e-01	protein_coding
ENSG00000158850	B4GALT3	 3.01e-01	6.39e-02	protein_coding
ENSG00000167863	ATP5PD	-1.22e-01	6.31e-01	protein_coding
ENSG00000180901	KCTD2	 1.87e-01	6.05e-01	protein_coding
ENSG00000152256	PDK1	-7.25e-02	8.50e-01	protein_coding
ENSG00000143224	PPOX	-5.76e-01	3.60e-05	protein_coding
ENSG00000082153	BZW1	-3.89e-01	3.87e-02	protein_coding
ENSG00000091409	ITGA6	-7.01e-01	3.93e-02	protein_coding
ENSG00000168758	SEMA4C	-1.45e-01	6.36e-01	protein_coding
ENSG00000173120	KDM2A	-2.04e-02	9.66e-01	protein_coding
ENSG00000117335	CD46	 1.30e-01	6.30e-01	protein_coding
ENSG00000185946	RNPC3	 4.16e-01	1.58e-01	protein_coding
ENSG00000232388	SMIM26	 2.29e-01	3.80e-01	protein_coding
ENSG00000125821	DTD1	-3.10e-01	3.58e-02	protein_coding
ENSG00000144366	GULP1	 2.52e-02	9.72e-01	protein_coding
ENSG00000181938	GINS3	 1.51e-01	6.21e-01	protein_coding
ENSG00000276131	AC009118.2	-5.03e-02	9.20e-01	lncRNA
ENSG00000022267	FHL1	 2.58e-01	2.15e-01	protein_coding
ENSG00000151148	UBE3B	-8.60e-03	9.80e-01	protein_coding
ENSG00000166348	USP54	 1.69e-01	6.07e-01	protein_coding
ENSG00000180318	ALX1	-5.38e-01	1.01e-01	protein_coding
ENSG00000180917	CMTR2	-7.68e-02	8.97e-01	protein_coding
ENSG00000158864	NDUFS2	-4.29e-01	1.05e-04	protein_coding
ENSG00000114942	EEF1B2	-7.39e-02	8.03e-01	protein_coding
ENSG00000107758	PPP3CB	 4.05e-01	6.51e-02	protein_coding
ENSG00000158859	ADAMTS4	-4.80e-01	1.96e-01	protein_coding
ENSG00000198774	RASSF9	-4.91e-01	1.57e-01	protein_coding
ENSG00000121486	TRMT1L	-8.20e-02	8.68e-01	protein_coding
ENSG00000204186	ZDBF2	 7.09e-02	8.93e-01	protein_coding
ENSG00000139354	GAS2L3	 2.22e-01	6.33e-01	protein_coding
ENSG00000127328	RAB3IP	-2.38e-01	5.69e-01	protein_coding
ENSG00000170190	SLC16A5	 1.81e-01	7.10e-01	protein_coding
ENSG00000214725	CDIPTOSP	 2.42e-01	5.80e-01	transcribed_unitary_pseudogene
ENSG00000144591	GMPPA	-2.72e-01	1.14e-01	protein_coding
ENSG00000168243	GNG4	 4.93e-01	1.15e-01	protein_coding
ENSG00000072195	SPEG	 1.59e-01	7.65e-01	protein_coding
ENSG00000239521	CASTOR3	-1.15e-01	7.29e-01	transcribed_unprocessed_pseudogene
ENSG00000205352	PRR13	 2.76e-01	3.46e-02	protein_coding
ENSG00000143971	ETAA1	 9.25e-02	8.13e-01	protein_coding
ENSG00000094975	SUCO	 1.46e-01	7.49e-01	protein_coding
ENSG00000139625	MAP3K12	-8.66e-01	8.44e-04	protein_coding
ENSG00000203709	MIR29B2CHG	 5.91e-01	1.76e-02	lncRNA
ENSG00000116133	DHCR24	 4.40e-01	1.48e-04	protein_coding
ENSG00000111596	CNOT2	 6.83e-02	8.86e-01	protein_coding
ENSG00000151572	ANO4	-3.22e-01	4.29e-01	protein_coding
ENSG00000139428	MMAB	-3.63e-01	3.05e-02	protein_coding
ENSG00000143669	LYST	 9.87e-02	8.63e-01	protein_coding
ENSG00000110921	MVK	-2.93e-01	1.05e-01	protein_coding
ENSG00000076356	PLXNA2	-5.13e-01	5.03e-02	protein_coding
ENSG00000197111	PCBP2	 5.64e-01	3.69e-05	protein_coding
ENSG00000066923	STAG3	 5.53e-02	9.26e-01	protein_coding
ENSG00000203739	AL645568.1	-1.69e-01	7.10e-01	lncRNA
ENSG00000116679	IVNS1ABP	 4.32e-01	3.10e-02	protein_coding
ENSG00000257815	AC025159.1	 3.19e-02	9.62e-01	lncRNA
ENSG00000117592	PRDX6	 4.10e-02	8.89e-01	protein_coding
ENSG00000282977	PCBP2-OT1	-3.51e-02	9.50e-01	lncRNA
ENSG00000198952	SMG5	 2.60e-01	1.09e-01	protein_coding
ENSG00000136731	UGGT1	-2.86e-02	9.51e-01	protein_coding
ENSG00000120800	UTP20	-2.00e-01	5.35e-01	protein_coding
ENSG00000162804	SNED1	-2.54e-01	5.05e-01	protein_coding
ENSG00000163472	TMEM79	 3.96e-02	9.35e-01	protein_coding
ENSG00000198715	GLMP	 4.42e-02	8.61e-01	protein_coding
ENSG00000118246	FASTKD2	-1.67e-01	7.24e-01	protein_coding
ENSG00000122085	MTERF4	 6.31e-02	8.80e-01	protein_coding
ENSG00000155008	APOOL	-4.25e-02	9.40e-01	protein_coding
ENSG00000133641	C12orf29	-1.01e-01	8.30e-01	protein_coding
ENSG00000130779	CLIP1	-3.28e-01	1.30e-01	protein_coding
ENSG00000091428	RAPGEF4	-3.22e-02	9.59e-01	protein_coding
ENSG00000186487	MYT1L	 3.76e-01	3.45e-01	protein_coding
ENSG00000139438	FAM222A	-7.83e-05	1.00e+00	protein_coding
ENSG00000255650	FAM222A-AS1	 5.75e-02	9.13e-01	lncRNA
ENSG00000077585	GPR137B	 5.13e-01	1.70e-01	protein_coding
ENSG00000118263	KLF7	-5.48e-01	8.71e-02	protein_coding
ENSG00000240344	PPIL3	-1.51e-01	6.87e-01	protein_coding
ENSG00000123989	CHPF	 9.33e-02	7.32e-01	protein_coding
ENSG00000188760	TMEM198	-2.51e-01	3.26e-01	protein_coding
ENSG00000158882	TOMM40L	-2.82e-01	1.48e-01	protein_coding
ENSG00000144199	FAHD2B	-1.48e-01	5.67e-01	protein_coding
ENSG00000013441	CLK1	 4.28e-01	1.47e-01	protein_coding
ENSG00000163467	TSACC	 2.41e-01	5.57e-01	protein_coding
ENSG00000147123	NDUFB11	 7.50e-02	7.09e-01	protein_coding
ENSG00000196878	LAMB3	 2.06e-01	6.14e-01	protein_coding
ENSG00000118260	CREB1	-3.86e-01	2.23e-01	protein_coding
ENSG00000120805	ARL1	-3.03e-01	2.33e-01	protein_coding
ENSG00000142675	CNKSR1	-1.04e-01	7.83e-01	protein_coding
ENSG00000076321	KLHL20	-4.64e-01	1.22e-01	protein_coding
ENSG00000144401	METTL21A	-3.23e-01	1.36e-01	protein_coding
ENSG00000033030	ZCCHC8	 4.20e-01	1.63e-01	protein_coding
ENSG00000115687	PASK	-1.20e-01	7.74e-01	protein_coding
ENSG00000182872	RBM10	 2.23e-01	1.71e-01	protein_coding
ENSG00000125458	NT5C	-5.60e-01	2.89e-04	protein_coding
ENSG00000188419	CHM	 2.71e-01	4.22e-01	protein_coding
ENSG00000125449	ARMC7	 2.36e-01	5.27e-01	protein_coding
ENSG00000163468	CCT3	-4.80e-01	5.20e-05	protein_coding
ENSG00000116690	PRG4	 1.28e+00	1.51e-09	protein_coding
ENSG00000124006	OBSL1	 1.54e-01	5.65e-01	protein_coding
ENSG00000173020	GRK2	-3.62e-03	9.93e-01	protein_coding
ENSG00000047410	TPR	-4.34e-01	5.98e-02	protein_coding
ENSG00000123999	INHA	-4.53e-03	9.94e-01	protein_coding
ENSG00000091436	MAP3K20	-3.43e-01	1.71e-01	protein_coding
ENSG00000185278	ZBTB37	-2.44e-01	5.40e-01	protein_coding
ENSG00000152601	MBNL1	-2.85e-01	2.33e-01	protein_coding
ENSG00000111011	RSRC2	-7.07e-03	9.91e-01	protein_coding
ENSG00000120334	CENPL	 3.54e-01	2.24e-01	protein_coding
ENSG00000129116	PALLD	-2.52e-01	2.04e-01	protein_coding
ENSG00000115685	PPP1R7	-3.68e-01	1.18e-02	protein_coding
ENSG00000144354	CDCA7	 2.93e-01	2.39e-01	protein_coding
ENSG00000145439	CBR4	-1.51e-01	6.45e-01	protein_coding
ENSG00000135976	ANKRD36	-2.32e-01	4.58e-01	protein_coding
ENSG00000181381	DDX60L	 1.12e-01	8.39e-01	protein_coding
ENSG00000117593	DARS2	 6.80e-02	8.03e-01	protein_coding
ENSG00000229619	MBNL1-AS1	-8.87e-02	8.10e-01	lncRNA
ENSG00000281832	LINC00602	-8.55e-02	8.63e-01	lncRNA
ENSG00000162757	C1orf74	-5.25e-02	8.95e-01	protein_coding
ENSG00000172845	SP3	-1.80e-01	6.25e-01	protein_coding
ENSG00000112541	PDE10A	-4.19e-02	8.95e-01	protein_coding
ENSG00000234741	GAS5	 2.00e-01	2.95e-01	lncRNA
ENSG00000111669	TPI1	-4.93e-01	5.55e-06	protein_coding
ENSG00000204262	COL5A2	-1.43e-01	7.12e-01	protein_coding
ENSG00000144589	STK11IP	 3.59e-01	4.43e-02	protein_coding
ENSG00000115368	WDR75	-2.54e-01	5.26e-01	protein_coding
ENSG00000010626	LRRC23	-3.05e-01	2.27e-01	protein_coding
ENSG00000240370	RPL13P5	 5.31e-02	9.30e-01	transcribed_processed_pseudogene
ENSG00000117597	UTP25	-1.19e-01	7.64e-01	protein_coding
ENSG00000111674	ENO2	 1.60e-01	5.70e-01	protein_coding
ENSG00000121716	PILRB	-1.47e-01	6.65e-01	protein_coding
ENSG00000139324	TMTC3	 7.12e-02	8.81e-01	protein_coding
ENSG00000196290	NIF3L1	-3.90e-01	1.16e-01	protein_coding
ENSG00000111671	SPSB2	-6.08e-01	4.63e-03	protein_coding
ENSG00000184445	KNTC1	 2.14e-01	4.73e-01	protein_coding
ENSG00000242294	STAG3L5P	 1.03e-02	9.83e-01	transcribed_unprocessed_pseudogene
ENSG00000138381	ASNSD1	-4.59e-01	2.32e-01	protein_coding
ENSG00000258168	AC025569.1	 2.83e-01	5.22e-01	lncRNA
ENSG00000078319	PMS2P1	 1.65e-01	6.15e-01	transcribed_unprocessed_pseudogene
ENSG00000272752	STAG3L5P-PVRIG2P-PILRB	 3.65e-01	1.03e-01	lncRNA
ENSG00000128694	OSGEPL1	-2.85e-01	4.45e-01	protein_coding
ENSG00000155744	FAM126B	 2.05e-01	6.68e-01	protein_coding
ENSG00000119285	HEATR1	-3.32e-01	2.33e-01	protein_coding
ENSG00000174938	SEZ6L2	 4.92e-01	7.52e-04	protein_coding
ENSG00000049130	KITLG	-1.99e-02	9.67e-01	protein_coding
ENSG00000115942	ORC2	 1.01e-01	8.60e-01	protein_coding
ENSG00000151893	CACUL1	-1.83e-01	6.12e-01	protein_coding
ENSG00000119013	NDUFB3	 9.74e-02	7.97e-01	protein_coding
ENSG00000157181	ODR4	-1.85e-01	6.59e-01	protein_coding
ENSG00000139318	DUSP6	 2.34e-01	6.23e-01	protein_coding
ENSG00000139433	GLTP	-2.56e-02	9.52e-01	protein_coding
ENSG00000188613	NANOS1	-4.38e-01	2.48e-01	protein_coding
ENSG00000073756	PTGS2	 2.73e-01	5.43e-01	protein_coding
ENSG00000107581	EIF3A	-1.29e-01	6.84e-01	protein_coding
ENSG00000163249	CCNYL1	 5.35e-01	1.20e-01	protein_coding
ENSG00000116604	MEF2D	 6.73e-01	4.65e-05	protein_coding
ENSG00000197223	C1D	-7.77e-02	8.68e-01	protein_coding
ENSG00000169174	PCSK9	 3.28e-01	2.17e-02	protein_coding
ENSG00000128699	ORMDL1	-2.12e-01	5.17e-01	protein_coding
ENSG00000114923	SLC4A3	 4.65e-02	9.43e-01	protein_coding
ENSG00000101210	EEF1A2	 3.25e-01	8.03e-02	protein_coding
ENSG00000138430	OLA1	 3.06e-02	9.35e-01	protein_coding
ENSG00000139726	DENR	 3.48e-02	9.54e-01	protein_coding
ENSG00000174939	ASPHD1	-1.84e-01	4.47e-01	protein_coding
ENSG00000174943	KCTD13	 2.14e-01	5.82e-01	protein_coding
ENSG00000279789	AC120114.3	 8.38e-03	9.92e-01	TEC
ENSG00000130783	CCDC62	 3.49e-01	4.06e-01	protein_coding
ENSG00000183856	IQGAP3	 3.40e-01	3.44e-02	protein_coding
ENSG00000138433	CIR1	 8.74e-02	8.85e-01	protein_coding
ENSG00000115946	PNO1	 4.16e-02	9.01e-01	protein_coding
ENSG00000221823	PPP3R1	 7.93e-01	3.46e-05	protein_coding
ENSG00000243667	WDR92	-3.48e-01	3.85e-01	protein_coding
ENSG00000163382	NAXE	-1.32e-01	6.01e-01	protein_coding
ENSG00000064933	PMS1	-3.43e-03	9.96e-01	protein_coding
ENSG00000162402	USP24	-2.21e-02	9.75e-01	protein_coding
ENSG00000144306	SCRN3	 8.27e-03	9.92e-01	protein_coding
ENSG00000116984	MTR	-2.64e-01	2.38e-01	protein_coding
ENSG00000125534	PPDPF	 4.59e-01	2.35e-02	protein_coding
ENSG00000101213	PTK6	-1.40e-01	7.96e-01	protein_coding
ENSG00000119979	FAM45A	 2.54e-01	3.69e-01	protein_coding
ENSG00000139436	GIT2	-1.81e-01	5.44e-01	protein_coding
ENSG00000160818	GPATCH4	-6.07e-02	8.75e-01	protein_coding
ENSG00000139323	POC1B	 3.90e-01	2.30e-01	protein_coding
ENSG00000139437	TCHP	 2.97e-01	4.18e-01	protein_coding
ENSG00000273129	PACERR	 3.60e-01	2.97e-01	lncRNA
ENSG00000163251	FZD5	 3.88e-01	2.09e-01	protein_coding
ENSG00000213024	NUP62	 3.28e-01	8.63e-02	protein_coding
ENSG00000116711	PLA2G4A	-1.26e-01	7.71e-01	protein_coding
ENSG00000178385	PLEKHM3	-2.21e-01	5.30e-01	protein_coding
ENSG00000130787	HIP1R	 4.55e-02	9.01e-01	protein_coding
ENSG00000183648	NDUFB1	 6.49e-01	6.30e-04	protein_coding
ENSG00000230426	ERVMER61-1	 2.65e-01	5.65e-01	lncRNA
ENSG00000143252	SDHC	-1.20e-01	4.88e-01	protein_coding
ENSG00000204673	AKT1S1	 3.86e-01	7.03e-03	protein_coding
ENSG00000149932	TMEM219	-2.57e-02	9.32e-01	protein_coding
ENSG00000272068	AL365181.2	 3.83e-01	3.53e-01	lncRNA
ENSG00000039650	PNKP	-2.35e-01	3.59e-01	protein_coding
ENSG00000271614	ATP2B1-AS1	-2.94e-02	9.62e-01	lncRNA
ENSG00000230987	AL359976.1	 3.48e-01	4.09e-01	processed_pseudogene
ENSG00000280138	AC027290.2	 1.94e-01	6.95e-01	TEC
ENSG00000162670	BRINP3	 1.57e-01	6.92e-01	protein_coding
ENSG00000139722	VPS37B	 4.98e-01	1.08e-03	protein_coding
ENSG00000106683	LIMK1	 4.53e-01	2.03e-02	protein_coding
ENSG00000070961	ATP2B1	-3.15e-01	2.95e-01	protein_coding
ENSG00000231908	IDH1-AS1	 2.31e-01	6.30e-01	lncRNA
ENSG00000162407	PLPP3	 4.86e-01	9.79e-02	protein_coding
ENSG00000117625	RCOR3	 2.82e-01	3.25e-01	protein_coding
ENSG00000104973	MED25	 4.84e-01	4.41e-03	protein_coding
ENSG00000115935	WIPF1	 2.06e-01	4.25e-01	protein_coding
ENSG00000165934	CPSF2	-3.85e-01	1.87e-01	protein_coding
ENSG00000229953	AL590666.2	 7.14e-01	2.11e-03	lncRNA
ENSG00000154447	SH3RF1	-3.96e-01	1.90e-01	protein_coding
ENSG00000272405	AL365181.3	 1.07e+00	1.61e-07	lncRNA
ENSG00000138413	IDH1	-1.02e-03	9.98e-01	protein_coding
ENSG00000183605	SFXN4	-1.66e-01	4.68e-01	protein_coding
ENSG00000132688	NES	-1.52e-01	7.29e-01	protein_coding
ENSG00000111678	C12orf57	 1.23e-02	9.68e-01	protein_coding
ENSG00000082512	TRAF5	-1.09e-01	8.28e-01	protein_coding
ENSG00000272173	U47924.2	-2.61e-01	3.86e-01	lncRNA
ENSG00000111676	ATN1	 1.24e+00	6.29e-18	protein_coding
ENSG00000116741	RGS2	 1.88e-01	6.99e-01	protein_coding
ENSG00000268006	PTOV1-AS1	 7.55e-02	8.96e-01	lncRNA
ENSG00000168385	SEPT2	-3.06e-01	6.91e-02	protein_coding
ENSG00000104946	TBC1D17	 7.92e-02	8.18e-01	protein_coding
ENSG00000198130	HIBCH	-3.50e-01	3.71e-01	protein_coding
ENSG00000149930	TAOK2	 1.63e-01	3.59e-01	protein_coding
ENSG00000104960	PTOV1	 1.17e-01	6.56e-01	protein_coding
ENSG00000143320	CRABP2	 5.71e-02	9.16e-01	protein_coding
ENSG00000106682	EIF4H	-6.08e-02	7.95e-01	protein_coding
ENSG00000151689	INPP1	-1.55e-01	7.26e-01	protein_coding
ENSG00000169136	ATF5	 2.39e-01	2.70e-01	protein_coding
ENSG00000143319	ISG20L2	 2.05e-01	2.90e-01	protein_coding
ENSG00000143303	RRNAD1	-2.93e-02	9.19e-01	protein_coding
ENSG00000132669	RIN2	-3.33e-01	2.68e-01	protein_coding
ENSG00000224975	INE1	-1.73e-01	7.34e-01	lncRNA
ENSG00000139329	LUM	-9.13e-02	8.68e-01	protein_coding
ENSG00000182196	ARL6IP4	-6.10e-01	2.31e-04	protein_coding
ENSG00000256028	AC026362.1	-4.05e-01	2.35e-01	lncRNA
ENSG00000189159	JPT1	 5.93e-02	8.59e-01	protein_coding
ENSG00000188612	SUMO2	 5.28e-02	8.70e-01	protein_coding
ENSG00000181467	RAP2B	-2.85e-02	9.56e-01	protein_coding
ENSG00000111325	OGFOD2	-4.47e-01	3.00e-02	protein_coding
ENSG00000143314	MRPL24	-5.16e-01	3.35e-04	protein_coding
ENSG00000011258	MBTD1	 2.95e-01	3.46e-01	protein_coding
ENSG00000130985	UBA1	 2.66e-01	5.63e-02	protein_coding
ENSG00000143294	PRCC	 2.22e-01	1.23e-01	protein_coding
ENSG00000115677	HDLBP	 7.24e-02	7.24e-01	protein_coding
ENSG00000172932	ANKRD13D	-2.48e-01	3.76e-01	protein_coding
ENSG00000165672	PRDX3	-7.56e-02	8.20e-01	protein_coding
ENSG00000143321	HDGF	-1.27e-01	4.13e-01	protein_coding
ENSG00000011465	DCN	 1.76e-01	6.02e-01	protein_coding
ENSG00000162409	PRKAA2	-2.17e-01	5.85e-01	protein_coding
ENSG00000130589	HELZ2	-1.60e-02	9.78e-01	protein_coding
ENSG00000027869	SH2D2A	 3.60e-01	7.91e-02	protein_coding
ENSG00000150967	ABCB9	-8.82e-02	8.21e-01	protein_coding
ENSG00000198626	RYR2	 3.61e-01	3.53e-01	protein_coding
ENSG00000153363	LINC00467	 1.32e-01	7.28e-01	lncRNA
ENSG00000167995	BEST1	 5.73e-01	6.52e-02	protein_coding
ENSG00000133639	BTG1	 3.17e-01	5.91e-02	protein_coding
ENSG00000170385	SLC30A1	-6.97e-02	8.93e-01	protein_coding
ENSG00000227764	LINC01693	 4.63e-02	9.35e-01	lncRNA
ENSG00000215808	LINC01139	-1.41e-01	7.96e-01	lncRNA
ENSG00000081721	DUSP12	-2.63e-01	2.04e-01	protein_coding
ENSG00000167996	FTH1	 1.89e-01	4.69e-01	protein_coding
ENSG00000149927	DOC2A	 4.59e-01	1.21e-01	protein_coding
ENSG00000116120	FARSB	 1.17e-01	6.69e-01	protein_coding
ENSG00000117650	NEK2	-2.42e-01	5.22e-01	protein_coding
ENSG00000147804	SLC39A4	-1.45e-02	9.73e-01	protein_coding
ENSG00000169592	INO80E	-1.82e-01	3.64e-01	protein_coding
ENSG00000123684	LPGAT1	-1.31e-01	7.77e-01	protein_coding
ENSG00000149929	HIRIP3	-2.75e-01	7.20e-02	protein_coding
ENSG00000139291	TMEM19	-2.58e-01	4.62e-01	protein_coding
ENSG00000173451	THAP2	 4.24e-01	2.14e-01	protein_coding
ENSG00000123983	ACSL3	-1.08e-01	7.77e-01	protein_coding
ENSG00000133858	ZFC3H1	 4.41e-01	1.19e-01	protein_coding
ENSG00000080371	RAB21	-1.32e-01	7.24e-01	protein_coding
ENSG00000152056	AP1S3	 1.45e-01	7.88e-01	protein_coding
ENSG00000085449	WDFY1	-3.31e-01	3.73e-01	protein_coding
ENSG00000091483	FH	-3.10e-01	4.69e-02	protein_coding
ENSG00000143493	INTS7	 1.55e-01	5.68e-01	protein_coding
ENSG00000203668	CHML	-1.88e-01	6.86e-01	protein_coding
ENSG00000198873	GRK5	-3.52e-01	2.28e-01	protein_coding
ENSG00000054277	OPN3	-1.48e-01	6.91e-01	protein_coding
ENSG00000143476	DTL	-1.13e-01	7.46e-01	protein_coding
ENSG00000135900	MRPL44	 6.71e-02	8.25e-01	protein_coding
ENSG00000135919	SERPINE2	 5.80e-01	1.15e-02	protein_coding
ENSG00000115966	ATF2	-1.10e-01	7.46e-01	protein_coding
ENSG00000036257	CUL3	 5.08e-01	9.99e-02	protein_coding
ENSG00000115694	STK25	-3.74e-01	1.75e-02	protein_coding
ENSG00000132694	ARHGEF11	 4.41e-01	6.70e-02	protein_coding
ENSG00000066027	PPP2R5A	-1.87e-01	5.47e-01	protein_coding
ENSG00000090975	PITPNM2	 9.14e-02	8.53e-01	protein_coding
ENSG00000121749	TBC1D15	-2.29e-02	9.73e-01	protein_coding
ENSG00000006607	FARP2	 5.96e-01	2.35e-02	protein_coding
ENSG00000065600	TMEM206	-3.36e-02	9.44e-01	protein_coding
ENSG00000117691	NENF	-1.10e-01	5.30e-01	protein_coding
ENSG00000260805	AC092803.2	-1.33e-02	9.81e-01	lncRNA
ENSG00000174371	EXO1	 1.93e-01	6.57e-01	protein_coding
ENSG00000162600	OMA1	 7.45e-03	9.90e-01	protein_coding
ENSG00000162772	ATF3	 2.03e-01	3.55e-01	protein_coding
ENSG00000117036	ETV3	 9.17e-03	9.88e-01	protein_coding
ENSG00000197769	MAP1LC3C	-2.43e-01	5.93e-01	protein_coding
ENSG00000154518	ATP5MC3	-3.12e-02	9.07e-01	protein_coding
ENSG00000148908	RGS10	 9.46e-02	7.59e-01	protein_coding
ENSG00000176720	BOK	-9.43e-02	7.85e-01	protein_coding
ENSG00000101216	GMEB2	 2.68e-01	1.93e-01	protein_coding
ENSG00000111679	PTPN6	-2.03e-01	5.41e-01	protein_coding
ENSG00000111328	CDK2AP1	 5.98e-06	1.00e+00	protein_coding
ENSG00000176946	THAP4	-2.84e-01	1.88e-01	protein_coding
ENSG00000130921	C12orf65	 1.40e-02	9.77e-01	protein_coding
ENSG00000051825	MPHOSPH9	 2.33e-01	5.20e-01	protein_coding
ENSG00000144320	LNPK	 1.50e-01	7.64e-01	protein_coding
ENSG00000137601	NEK1	-6.32e-02	9.07e-01	protein_coding
ENSG00000168397	ATG4B	-1.67e-01	5.38e-01	protein_coding
ENSG00000128713	HOXD11	-3.31e-01	3.91e-01	protein_coding
ENSG00000123685	BATF3	-2.31e-01	4.53e-01	protein_coding
ENSG00000175879	HOXD8	-4.00e-01	2.14e-01	protein_coding
ENSG00000117697	NSL1	 1.37e-01	6.99e-01	protein_coding
ENSG00000237380	HOXD-AS2	 2.01e-01	6.06e-01	lncRNA
ENSG00000226363	HAGLROS	-1.48e-01	7.54e-01	lncRNA
ENSG00000128709	HOXD9	 2.83e-01	1.83e-01	protein_coding
ENSG00000169047	IRS1	-9.51e-02	8.26e-01	protein_coding
ENSG00000144468	RHBDD1	-7.49e-02	8.78e-01	protein_coding
ENSG00000081052	COL4A4	-1.42e-01	5.92e-01	protein_coding
ENSG00000064042	LIMCH1	 9.88e-02	7.46e-01	protein_coding
ENSG00000253719	ATXN7L3B	 5.40e-01	1.13e-02	protein_coding
ENSG00000203705	TATDN3	-4.12e-02	9.32e-01	protein_coding
ENSG00000143702	CEP170	-4.33e-01	1.26e-01	protein_coding
ENSG00000011260	UTP18	-4.07e-01	3.77e-02	protein_coding
ENSG00000244300	GATA2-AS1	-2.69e-01	3.93e-01	lncRNA
ENSG00000054282	SDCCAG8	-1.54e-01	7.42e-01	protein_coding
ENSG00000179348	GATA2	 7.56e-01	5.62e-04	protein_coding
ENSG00000100599	RIN3	-3.52e-01	4.03e-01	protein_coding
ENSG00000169031	COL4A3	-2.02e-01	3.39e-01	protein_coding
ENSG00000232442	MHENCR	-1.36e-01	5.67e-01	lncRNA
ENSG00000168958	MFF	-6.93e-02	7.59e-01	protein_coding
ENSG00000035687	ADSS	-1.35e-01	6.50e-01	protein_coding
ENSG00000151923	TIAL1	 3.10e-01	8.52e-02	protein_coding
ENSG00000168393	DTYMK	-4.36e-01	3.08e-03	protein_coding
ENSG00000165792	METTL17	-2.58e-01	1.16e-01	protein_coding
ENSG00000256092	AC137767.1	 3.38e-01	3.80e-01	lncRNA
ENSG00000168395	ING5	-3.23e-01	2.44e-01	protein_coding
ENSG00000139697	SBNO1	-1.58e-02	9.75e-01	protein_coding
ENSG00000121644	DESI2	 2.24e-02	9.69e-01	protein_coding
ENSG00000198468	FLVCR1-DT	-1.22e-01	6.78e-01	lncRNA
ENSG00000183955	KMT5A	 2.75e-01	3.10e-01	protein_coding
ENSG00000150977	RILPL2	-5.58e-01	7.34e-04	protein_coding
ENSG00000120616	EPC1	 2.62e-01	3.00e-01	protein_coding
ENSG00000162769	FLVCR1	 3.03e-01	3.03e-01	protein_coding
ENSG00000279491	AP003733.4	 5.09e-02	9.36e-01	TEC
ENSG00000184209	SNRNP35	-1.66e-01	5.92e-01	protein_coding
ENSG00000188026	RILPL1	-1.79e-01	6.52e-01	protein_coding
ENSG00000244176	AP003733.1	-5.58e-02	9.22e-01	processed_pseudogene
ENSG00000153187	HNRNPU	-1.56e-01	3.48e-01	protein_coding
ENSG00000143494	VASH2	 1.34e-01	8.07e-01	protein_coding
ENSG00000086598	TMED2	 1.14e-01	6.24e-01	protein_coding
ENSG00000247373	AC055713.1	 4.37e-01	1.76e-01	lncRNA
ENSG00000174606	ANGEL2	-4.42e-01	1.48e-01	protein_coding
ENSG00000049541	RFC2	-2.98e-01	7.25e-02	protein_coding
ENSG00000102225	CDK16	-6.90e-02	7.32e-01	protein_coding
ENSG00000111361	EIF2B1	-3.73e-02	9.07e-01	protein_coding
ENSG00000203667	COX20	-1.53e-01	7.35e-01	protein_coding
ENSG00000151929	BAG3	 7.56e-01	5.16e-08	protein_coding
ENSG00000111364	DDX55	-4.24e-01	2.36e-02	protein_coding
ENSG00000180902	D2HGDH	-1.85e-01	5.49e-01	protein_coding
ENSG00000111358	GTF2H3	 9.74e-02	8.39e-01	protein_coding
ENSG00000054523	KIF1B	 2.59e-01	2.42e-01	protein_coding
ENSG00000126749	EMG1	-2.81e-01	6.06e-02	protein_coding
ENSG00000215021	PHB2	-2.75e-01	2.46e-02	protein_coding
ENSG00000163902	RPN1	-1.14e-01	4.96e-01	protein_coding
ENSG00000111684	LPCAT3	 4.07e-01	1.62e-02	protein_coding
ENSG00000173744	AGFG1	 6.22e-02	8.70e-01	protein_coding
ENSG00000149503	INCENP	 2.00e-01	3.58e-01	protein_coding
ENSG00000182326	C1S	 1.09e-03	9.98e-01	protein_coding
ENSG00000136643	RPS6KC1	 1.17e-01	7.93e-01	protein_coding
ENSG00000100600	LGMN	 2.93e-01	1.03e-01	protein_coding
ENSG00000113240	CLK4	 5.34e-02	9.30e-01	protein_coding
ENSG00000109572	CLCN3	-2.34e-01	5.98e-01	protein_coding
ENSG00000143499	SMYD2	-2.47e-01	1.89e-01	protein_coding
ENSG00000169604	ANTXR1	 7.57e-03	9.86e-01	protein_coding
ENSG00000198825	INPP5F	-3.35e-02	9.59e-01	protein_coding
ENSG00000075785	RAB7A	-2.19e-02	9.49e-01	protein_coding
ENSG00000106665	CLIP2	-1.50e-01	7.59e-01	protein_coding
ENSG00000160948	VPS28	-1.13e-01	6.80e-01	protein_coding
ENSG00000169131	ZNF354A	-4.14e-01	1.82e-01	protein_coding
ENSG00000111666	CHPT1	 3.79e-02	8.92e-01	protein_coding
ENSG00000162174	ASRGL1	-3.69e-01	6.26e-02	protein_coding
ENSG00000111670	GNPTAB	-1.88e-01	6.83e-01	protein_coding
ENSG00000135870	RC3H1	 2.11e-01	5.74e-01	protein_coding
ENSG00000101246	ARFRP1	-2.10e-01	2.63e-01	protein_coding
ENSG00000142657	PGD	-1.79e-01	3.20e-01	protein_coding
ENSG00000136048	DRAM1	 2.13e-01	5.79e-01	protein_coding
ENSG00000026036	RTEL1-TNFRSF6B	 5.43e-02	9.09e-01	protein_coding
ENSG00000203896	LIME1	 3.06e-01	4.38e-01	protein_coding
ENSG00000273154	AL121845.3	-5.74e-01	1.01e-01	protein_coding
ENSG00000130584	ZBTB46	-3.59e-01	2.63e-01	protein_coding
ENSG00000125520	SLC2A4RG	-1.77e-01	3.10e-01	protein_coding
ENSG00000197114	ZGPAT	-3.67e-01	3.46e-02	protein_coding
ENSG00000152061	RABGAP1L	 2.93e-02	9.54e-01	protein_coding
ENSG00000216937	CCDC7	 4.08e-02	9.49e-01	protein_coding
ENSG00000160949	TONSL	 2.10e-01	3.19e-01	protein_coding
ENSG00000258366	RTEL1	-2.55e-01	3.74e-01	protein_coding
ENSG00000178338	ZNF354B	-1.96e-01	6.82e-01	protein_coding
ENSG00000056050	HPF1	-4.69e-01	1.87e-01	protein_coding
ENSG00000175279	CENPS	-2.69e-01	3.36e-01	protein_coding
ENSG00000102226	USP11	 2.61e-01	9.41e-02	protein_coding
ENSG00000251503	CENPS-CORT	 3.17e-02	9.63e-01	protein_coding
ENSG00000066455	GOLGA5	-1.21e-01	7.88e-01	protein_coding
ENSG00000177646	ACAD9	-2.83e-01	1.09e-01	protein_coding
ENSG00000003402	CFLAR	 1.52e-02	9.67e-01	protein_coding
ENSG00000006704	GTF2IRD1	-3.48e-02	9.04e-01	protein_coding
ENSG00000124466	LYPD3	 2.09e-01	6.27e-01	protein_coding
ENSG00000120860	WASHC3	-1.12e-01	7.53e-01	protein_coding
ENSG00000197771	MCMBP	-9.43e-02	7.85e-01	protein_coding
ENSG00000124942	AHNAK	-6.66e-01	1.05e-08	protein_coding
ENSG00000075188	NUP37	-2.03e-01	4.79e-01	protein_coding
ENSG00000187954	CYHR1	-4.48e-01	1.60e-02	protein_coding
ENSG00000274904	AC093512.1	 4.13e-01	2.78e-01	lncRNA
ENSG00000149925	ALDOA	-1.04e-01	6.63e-01	protein_coding
ENSG00000185480	PARPBP	-6.54e-02	9.07e-01	protein_coding
ENSG00000142655	PEX14	 2.08e-01	2.87e-01	protein_coding
ENSG00000160049	DFFA	-1.65e-01	4.00e-01	protein_coding
ENSG00000281344	HELLPAR	 2.34e-01	4.80e-01	lncRNA
ENSG00000176531	PHLDB3	-4.83e-01	4.77e-02	protein_coding
ENSG00000255508	AP002990.1	-1.91e-01	5.58e-01	protein_coding
ENSG00000149016	TUT1	 4.63e-02	8.66e-01	protein_coding
ENSG00000285043	AC093512.2	-2.73e-01	3.86e-01	protein_coding
ENSG00000254772	EEF1G	-2.68e-01	2.31e-01	protein_coding
ENSG00000198380	GFPT1	-1.63e-01	6.15e-01	protein_coding
ENSG00000177606	JUN	-6.13e-02	8.75e-01	protein_coding
ENSG00000105755	ETHE1	-1.49e-01	4.90e-01	protein_coding
ENSG00000107651	SEC23IP	-1.10e-01	7.82e-01	protein_coding
ENSG00000167702	KIFC2	-1.98e-01	6.27e-01	protein_coding
ENSG00000147124	ZNF41	-1.04e-01	8.59e-01	protein_coding
ENSG00000196741	LINC01560	 3.33e-01	4.13e-01	lncRNA
ENSG00000109576	AADAT	-1.71e-02	9.81e-01	protein_coding
ENSG00000078061	ARAF	 2.99e-01	6.26e-02	protein_coding
ENSG00000102265	TIMP1	 3.34e-01	3.19e-02	protein_coding
ENSG00000169599	NFU1	-3.05e-01	1.70e-01	protein_coding
ENSG00000100605	ITPK1	-1.12e-01	6.29e-01	protein_coding
ENSG00000141198	TOM1L1	 1.87e-01	4.92e-01	protein_coding
ENSG00000166260	COX11	-8.98e-02	7.84e-01	protein_coding
ENSG00000166263	STXBP4	 3.59e-01	3.92e-01	protein_coding
ENSG00000120008	WDR11	-3.43e-01	2.77e-01	protein_coding
ENSG00000150093	ITGB1	-4.73e-03	9.94e-01	protein_coding
ENSG00000165943	MOAP1	-3.30e-02	9.36e-01	protein_coding
ENSG00000130940	CASZ1	 4.94e-01	1.76e-01	protein_coding
ENSG00000153485	TMEM251	 3.15e-02	9.54e-01	protein_coding
ENSG00000012963	UBR7	 1.21e-03	9.98e-01	protein_coding
ENSG00000170270	GON7	-3.42e-01	2.34e-01	protein_coding
ENSG00000174473	GALNTL6	-5.66e-02	9.21e-01	protein_coding
ENSG00000149480	MTA2	 1.92e-02	9.37e-01	protein_coding
ENSG00000109133	TMEM33	 8.69e-02	8.34e-01	protein_coding
ENSG00000115977	AAK1	 3.00e-01	3.79e-01	protein_coding
ENSG00000196975	ANXA4	-4.48e-01	7.14e-03	protein_coding
ENSG00000167378	IRGQ	-5.44e-02	9.14e-01	protein_coding
ENSG00000073050	XRCC1	-2.50e-01	2.74e-01	protein_coding
ENSG00000172456	FGGY	-7.27e-02	8.89e-01	protein_coding
ENSG00000261796	ISY1-RAB43	 1.11e-01	7.87e-01	protein_coding
ENSG00000240682	ISY1	-6.91e-01	4.30e-06	protein_coding
ENSG00000172780	RAB43	-1.49e-02	9.79e-01	protein_coding
ENSG00000109586	GALNT7	-1.17e-01	7.30e-01	protein_coding
ENSG00000160972	PPP1R16A	-2.13e-01	3.28e-01	protein_coding
ENSG00000011114	BTBD7	-7.70e-02	8.81e-01	protein_coding
ENSG00000126767	ELK1	 5.53e-01	4.90e-04	protein_coding
ENSG00000126756	UXT	 6.99e-02	7.95e-01	protein_coding
ENSG00000014824	SLC30A9	-2.86e-01	3.98e-01	protein_coding
ENSG00000164104	HMGB2	-3.05e-01	7.22e-02	protein_coding
ENSG00000131116	ZNF428	-3.79e-01	2.58e-02	protein_coding
ENSG00000124444	ZNF576	-3.49e-01	9.78e-02	protein_coding
ENSG00000149923	PPP4C	-3.03e-01	3.23e-02	protein_coding
ENSG00000263001	GTF2I	 2.44e-01	1.75e-01	protein_coding
ENSG00000176783	RUFY1	-2.95e-01	3.05e-01	protein_coding
ENSG00000099250	NRP1	 5.91e-01	1.31e-03	protein_coding
ENSG00000149499	EML3	 2.02e-01	3.11e-01	protein_coding
ENSG00000149489	ROM1	-5.88e-01	2.32e-03	protein_coding
ENSG00000164105	SAP30	-3.07e-01	1.59e-01	protein_coding
ENSG00000272870	AC097534.2	 2.33e-01	6.24e-01	lncRNA
ENSG00000105767	CADM4	 1.91e-01	6.99e-01	protein_coding
ENSG00000169714	CNBP	-3.76e-01	7.99e-02	protein_coding
ENSG00000159403	C1R	 2.19e-01	5.33e-01	protein_coding
ENSG00000205885	C1RL-AS1	-3.22e-01	4.18e-01	lncRNA
ENSG00000139178	C1RL	 4.51e-02	8.95e-01	protein_coding
ENSG00000167700	MFSD3	-3.60e-01	1.82e-02	protein_coding
ENSG00000011422	PLAUR	 1.21e-01	7.53e-01	protein_coding
ENSG00000197779	ZNF81	 1.54e-01	6.65e-01	protein_coding
ENSG00000120948	TARDBP	-3.26e-01	7.50e-02	protein_coding
ENSG00000108960	MMD	 7.28e-02	8.90e-01	protein_coding
ENSG00000250616	AC012645.1	 1.71e-01	7.37e-01	lncRNA
ENSG00000090238	YPEL3	 7.26e-02	8.38e-01	protein_coding
ENSG00000181789	COPG1	 2.08e-01	1.74e-01	protein_coding
ENSG00000087338	GMCL1	-4.93e-01	1.54e-01	protein_coding
ENSG00000149541	B3GAT3	-1.23e-01	5.45e-01	protein_coding
ENSG00000167283	ATP5MG	 2.34e-01	1.56e-01	protein_coding
ENSG00000160957	RECQL4	-1.05e-01	6.71e-01	protein_coding
ENSG00000118096	IFT46	-2.47e-01	2.85e-01	protein_coding
ENSG00000141179	PCTP	-3.94e-01	1.60e-01	protein_coding
ENSG00000110344	UBE4A	 2.32e-01	4.84e-01	protein_coding
ENSG00000095139	ARCN1	 2.69e-02	9.58e-01	protein_coding
ENSG00000118058	KMT2A	-4.65e-01	7.15e-02	protein_coding
ENSG00000268858	AL118506.1	 3.25e-01	1.92e-01	lncRNA
ENSG00000162599	NFIA	 1.26e-01	6.57e-01	protein_coding
ENSG00000059728	MXD1	 3.47e-01	4.10e-01	protein_coding
ENSG00000124380	SNRNP27	-1.63e-01	6.30e-01	protein_coding
ENSG00000066468	FGFR2	-1.84e-01	4.97e-01	protein_coding
ENSG00000222365	SNORD12B	 4.34e-02	9.49e-01	snoRNA
ENSG00000202058	RN7SKP80	-9.87e-01	5.20e-06	misc_RNA
ENSG00000209582	SNORA48	 6.10e-01	3.59e-02	snoRNA
ENSG00000260682	RN7SKP176	 5.74e-01	1.10e-01	misc_RNA
ENSG00000201558	RNVU1-6	 5.80e-01	6.93e-02	snRNA
ENSG00000061938	TNK2	 4.75e-01	4.97e-02	protein_coding
ENSG00000280968	AC002059.2	 2.27e-01	6.36e-01	miRNA
ENSG00000273727	RF00003	 1.85e-01	7.13e-01	snRNA
ENSG00000201428	RN7SKP71	 6.78e-01	3.21e-02	misc_RNA
ENSG00000200087	SNORA73B	 3.54e-01	1.15e-01	snoRNA
ENSG00000200997	RNU1-85P	 5.80e-01	6.10e-02	snRNA
ENSG00000209042	SNORD12C	 3.44e-01	2.67e-01	snoRNA
ENSG00000222724	RNU2-63P	 4.98e-01	1.68e-01	snRNA
ENSG00000201183	RNVU1-3	 6.45e-01	5.74e-02	snRNA
ENSG00000239002	SCARNA10	-1.55e-01	5.92e-01	snoRNA
ENSG00000129932	DOHH	-5.04e-01	3.69e-03	protein_coding
ENSG00000207442	SNORD116-6	-9.36e-02	8.75e-01	snoRNA
ENSG00000238825	RNU1-13P	 6.52e-01	5.67e-02	snRNA
ENSG00000207445	SNORD15B	 5.55e-01	4.43e-02	snoRNA
ENSG00000199568	RNU5A-1	 5.20e-01	1.63e-01	snRNA
ENSG00000264618	RN7SL732P	 1.03e+00	6.82e-04	misc_RNA
ENSG00000199347	RNU5E-1	 2.76e-01	5.34e-01	snRNA
ENSG00000207205	RNVU1-15	 6.09e-01	3.26e-02	snRNA
ENSG00000265735	RN7SL5P	 2.08e+00	4.55e-29	misc_RNA
ENSG00000264063	MIR3687-2	 5.76e-01	1.08e-01	miRNA
ENSG00000270722	RF00003	 1.21e+00	5.78e-05	snRNA
ENSG00000199753	SNORD104	 5.80e-01	7.38e-02	snoRNA
ENSG00000221491	SNORA2C	 7.12e-01	3.10e-02	snoRNA
ENSG00000201793	RN7SKP9	 3.86e-01	3.29e-01	misc_RNA
ENSG00000207166	SNORA68	 1.32e+00	2.49e-06	snoRNA
ENSG00000276161	SNORA17B	 5.69e-01	1.14e-01	snoRNA
ENSG00000277209	RPPH1	 1.18e+00	2.29e-09	ribozyme
ENSG00000206838	SNORA5A	-4.56e-01	2.04e-01	snoRNA
ENSG00000207496	SNORA7A	 8.22e-01	1.09e-02	snoRNA
ENSG00000221676	RNU6ATAC	 1.45e+00	4.65e-07	snRNA
ENSG00000207137	SNORD116-13	-4.17e-01	2.38e-01	snoRNA
ENSG00000206828	RF00003	 4.42e-01	1.82e-01	snRNA
ENSG00000276027	RNU12	 2.55e+00	5.33e-24	snRNA
ENSG00000275291	RF00003	 5.72e-01	1.02e-01	snRNA
ENSG00000274978	RNU11	 6.56e-01	8.88e-03	snRNA
ENSG00000242065	RN7SL291P	-3.15e-01	4.71e-01	misc_RNA
ENSG00000206585	RNVU1-7	 1.11e+00	2.22e-04	snRNA
ENSG00000272533	SNORA28	 3.58e-01	3.93e-01	snoRNA
ENSG00000202515	VTRNA1-3	 1.08e+00	6.89e-05	misc_RNA
ENSG00000274266	SNORA73A	 7.29e-01	1.28e-03	snoRNA
ENSG00000206630	SNORD60	 1.40e-01	7.96e-01	snoRNA
ENSG00000200169	RNU5D-1	 4.80e-01	1.95e-01	snRNA
ENSG00000238795	SCARNA12	 4.67e-02	9.19e-01	snoRNA
ENSG00000277027	RMRP	 1.33e+00	6.03e-16	ribozyme
ENSG00000252213	SNORA74D	 2.67e-01	5.27e-01	snoRNA
ENSG00000278771	RN7SL3	 1.93e+00	1.06e-40	misc_RNA
ENSG00000212464	SNORA12	 2.77e-01	5.43e-01	snoRNA
ENSG00000274062	RF00004	 1.23e+00	6.11e-11	snRNA
ENSG00000200800	RNU1-130P	 5.89e-01	8.80e-02	snRNA
ENSG00000276168	RN7SL1	 1.96e+00	6.24e-25	misc_RNA
ENSG00000274210	RF00003	 5.49e-01	3.58e-02	snRNA
ENSG00000200312	RN7SKP255	 2.19e-01	6.21e-01	misc_RNA
ENSG00000212443	SNORA53	 1.04e+00	3.74e-04	snoRNA
ENSG00000200354	SNORA71D	 9.82e-01	1.52e-03	snoRNA
ENSG00000249784	SCARNA22	 1.07e+00	3.75e-04	scaRNA
ENSG00000277925	RF00024	 2.65e-01	3.93e-01	misc_RNA
ENSG00000200913	SNORD46	 1.07e-01	8.37e-01	snoRNA
ENSG00000212588	SNORA26	 3.82e-01	3.00e-01	snoRNA
ENSG00000277610	RNVU1-4	 5.04e-01	1.72e-01	snRNA
ENSG00000264916	RN7SL230P	 8.35e-01	8.46e-03	misc_RNA
ENSG00000238917	SNORD10	 3.25e-01	4.41e-01	snoRNA
ENSG00000212195	RF00012	 7.36e-01	4.68e-03	snoRNA
ENSG00000209482	SNORD83A	 1.12e-01	8.30e-01	snoRNA
ENSG00000202408	RNU1-122P	 5.38e-01	7.80e-02	snRNA
ENSG00000221539	SNORD99	 2.98e-01	4.95e-01	snoRNA
ENSG00000277194	SNORD22	 1.51e+00	9.09e-08	snoRNA
ENSG00000278249	SCARNA2	-4.03e-02	9.11e-01	scaRNA
ENSG00000221288	MIR663B	 1.32e+00	2.92e-09	miRNA
ENSG00000206597	SNORA57	 9.08e-01	2.23e-03	snoRNA
ENSG00000201772	SNORA5C	-2.17e-01	6.32e-01	snoRNA
ENSG00000208772	SNORD94	 8.88e-01	5.36e-03	snoRNA
ENSG00000272034	SNORD14A	 4.94e-01	1.81e-01	snoRNA
ENSG00000225091	SNORA71A	 1.03e+00	5.90e-04	snoRNA
ENSG00000238741	SCARNA7	 3.99e-01	7.76e-02	scaRNA
ENSG00000199879	RNU1-120P	 6.69e-01	1.86e-02	snRNA
ENSG00000208037	MIR320A	 1.76e-01	7.29e-01	miRNA
ENSG00000275708	MIR3648-1	 6.71e-01	5.19e-02	miRNA
ENSG00000274012	RN7SL2	 1.72e+00	1.30e-21	misc_RNA
ENSG00000201512	SNORA71C	 3.55e-01	3.56e-01	snoRNA
ENSG00000252010	SCARNA5	 4.01e-01	2.11e-01	scaRNA
ENSG00000212232	SNORD17	 1.19e+00	1.61e-11	snoRNA
ENSG00000263740	RN7SL4P	 1.94e+00	6.19e-25	misc_RNA
ENSG00000202198	RF00100	 1.08e+00	1.80e-08	misc_RNA
ENSG00000200959	SNORA74A	 1.66e+00	1.61e-12	snoRNA
ENSG00000274428	RF00003	 6.57e-01	2.66e-02	snRNA
ENSG00000206965	RNU6-5P	 4.24e-01	2.71e-01	snRNA
ENSG00000222328	RNU2-2P	 1.96e+00	2.12e-25	snRNA
ENSG00000264229	RNU4ATAC	 5.96e-01	6.43e-02	snRNA
ENSG00000207008	SNORA54	 1.52e+00	1.73e-08	snoRNA
ENSG00000275143	SCARNA16	 6.51e-01	5.65e-02	scaRNA
ENSG00000280496	SNORA17B	 1.59e+00	1.61e-08	snoRNA
ENSG00000201302	SNORA65	-3.34e-02	9.59e-01	snoRNA
ENSG00000240869	RN7SL128P	 6.12e-01	4.54e-02	misc_RNA
ENSG00000252481	SCARNA13	 8.77e-01	1.09e-07	scaRNA
ENSG00000199377	RNU5F-1	 5.29e-01	1.22e-01	snRNA
ENSG00000238363	SNORA13	 4.04e-01	3.18e-01	snoRNA
ENSG00000207191	SNORD116-5	 3.28e-01	4.45e-01	snoRNA
ENSG00000206737	RNVU1-18	 1.34e+00	6.83e-06	snRNA
ENSG00000275853	RF00017	 9.03e-01	2.32e-03	misc_RNA
ENSG00000275215	RNA5-8SN3	 5.01e-01	1.81e-01	rRNA
ENSG00000200488	RN7SKP203	 1.70e-01	7.10e-01	misc_RNA
ENSG00000252835	SCARNA21	 5.41e-01	3.87e-02	scaRNA
ENSG00000251791	SCARNA6	 2.35e-01	5.40e-01	scaRNA
