treatment	stain	dosed_dpi	region	animal	score	necrosis	autolytic
PBS	GFAP	123	Fiber tracts	1	2	0	0
PBS	GFAP	123	Fiber tracts	2	2	0	0
PBS	GFAP	123	Fiber tracts	3	2	0	0
PBS	GFAP	123	Fiber tracts	4	2	0	0
PBS	GFAP	90	Fiber tracts	1	2	0	0
PBS	GFAP	90	Fiber tracts	2	2	0	0
PBS	GFAP	90	Fiber tracts	3	1	0	0
PBS	GFAP	90	Fiber tracts	4	NA	NA	NA
PBS	GFAP	60	Fiber tracts	1	1	0	0
PBS	GFAP	60	Fiber tracts	2	2	0	0
PBS	GFAP	60	Fiber tracts	3	2	0	0
PBS	GFAP	60	Fiber tracts	4	NA	NA	NA
PBS	GFAP	30	Fiber tracts	1	2	0	0
PBS	GFAP	30	Fiber tracts	2	2	0	0
PBS	GFAP	30	Fiber tracts	3	2	0	0
PBS	GFAP	30	Fiber tracts	4	2	0	0
PBS	GFAP	-14	Fiber tracts	1	1	0	0
PBS	GFAP	-14	Fiber tracts	2	2	0	0
PBS	GFAP	-14	Fiber tracts	3	2	0	0
PBS	GFAP	-14	Fiber tracts	4	2	0	0
PBS	GFAP	123	Cortex	1	1	0	0
PBS	GFAP	123	Cortex	2	1	0	0
PBS	GFAP	123	Cortex	3	1	0	0
PBS	GFAP	123	Cortex	4	2	0	0
PBS	GFAP	90	Cortex	1	1	0	0
PBS	GFAP	90	Cortex	2	1	0	0
PBS	GFAP	90	Cortex	3	1	0	0
PBS	GFAP	90	Cortex	4	NA	NA	NA
PBS	GFAP	60	Cortex	1	1	0	0
PBS	GFAP	60	Cortex	2	1	0	0
PBS	GFAP	60	Cortex	3	2	0	0
PBS	GFAP	60	Cortex	4	NA	NA	NA
PBS	GFAP	30	Cortex	1	1	0	0
PBS	GFAP	30	Cortex	2	1	0	0
PBS	GFAP	30	Cortex	3	1	0	0
PBS	GFAP	30	Cortex	4	1	0	0
PBS	GFAP	-14	Cortex	1	1	0	0
PBS	GFAP	-14	Cortex	2	1	0	0
PBS	GFAP	-14	Cortex	3	1	0	0
PBS	GFAP	-14	Cortex	4	1	0	0
PBS	GFAP	123	Hippocampus	1	2	0	0
PBS	GFAP	123	Hippocampus	2	1	0	0
PBS	GFAP	123	Hippocampus	3	2	0	0
PBS	GFAP	123	Hippocampus	4	2	0	0
PBS	GFAP	90	Hippocampus	1	2	0	0
PBS	GFAP	90	Hippocampus	2	2	0	0
PBS	GFAP	90	Hippocampus	3	2	0	0
PBS	GFAP	90	Hippocampus	4	NA	NA	NA
PBS	GFAP	60	Hippocampus	1	2	0	0
PBS	GFAP	60	Hippocampus	2	2	0	0
PBS	GFAP	60	Hippocampus	3	2	0	0
PBS	GFAP	60	Hippocampus	4	NA	NA	NA
PBS	GFAP	30	Hippocampus	1	2	0	0
PBS	GFAP	30	Hippocampus	2	2	0	0
PBS	GFAP	30	Hippocampus	3	2	0	0
PBS	GFAP	30	Hippocampus	4	2	0	0
PBS	GFAP	-14	Hippocampus	1	2	0	0
PBS	GFAP	-14	Hippocampus	2	2	0	0
PBS	GFAP	-14	Hippocampus	3	2	0	0
PBS	GFAP	-14	Hippocampus	4	2	0	0
PBS	GFAP	123	CP	1	1	0	0
PBS	GFAP	123	CP	2	1	0	0
PBS	GFAP	123	CP	3	1	0	0
PBS	GFAP	123	CP	4	1	0	0
PBS	GFAP	90	CP	1	1	0	0
PBS	GFAP	90	CP	2	1	0	0
PBS	GFAP	90	CP	3	1	0	0
PBS	GFAP	90	CP	4	NA	NA	NA
PBS	GFAP	60	CP	1	0	0	0
PBS	GFAP	60	CP	2	1	0	0
PBS	GFAP	60	CP	3	1	0	0
PBS	GFAP	60	CP	4	NA	NA	NA
PBS	GFAP	30	CP	1	1	0	0
PBS	GFAP	30	CP	2	1	0	0
PBS	GFAP	30	CP	3	1	0	0
PBS	GFAP	30	CP	4	1	0	0
PBS	GFAP	-14	CP	1	1	0	0
PBS	GFAP	-14	CP	2	1	0	0
PBS	GFAP	-14	CP	3	1	0	0
PBS	GFAP	-14	CP	4	1	0	0
PBS	GFAP	123	Pallidum	1	1	0	0
PBS	GFAP	123	Pallidum	2	2	0	0
PBS	GFAP	123	Pallidum	3	2	0	0
PBS	GFAP	123	Pallidum	4	1	0	0
PBS	GFAP	90	Pallidum	1	2	0	0
PBS	GFAP	90	Pallidum	2	1	0	0
PBS	GFAP	90	Pallidum	3	1	0	0
PBS	GFAP	90	Pallidum	4	NA	NA	NA
PBS	GFAP	60	Pallidum	1	1	0	0
PBS	GFAP	60	Pallidum	2	1	0	0
PBS	GFAP	60	Pallidum	3	2	0	0
PBS	GFAP	60	Pallidum	4	NA	NA	NA
PBS	GFAP	30	Pallidum	1	1	0	0
PBS	GFAP	30	Pallidum	2	1	0	0
PBS	GFAP	30	Pallidum	3	1	0	0
PBS	GFAP	30	Pallidum	4	2	0	0
PBS	GFAP	-14	Pallidum	1	2	0	0
PBS	GFAP	-14	Pallidum	2	1	0	0
PBS	GFAP	-14	Pallidum	3	1	0	0
PBS	GFAP	-14	Pallidum	4	2	0	0
PBS	GFAP	123	Thalamus	1	2	0	0
PBS	GFAP	123	Thalamus	2	2	0	0
PBS	GFAP	123	Thalamus	3	2	0	0
PBS	GFAP	123	Thalamus	4	2	0	0
PBS	GFAP	90	Thalamus	1	2	0	0
PBS	GFAP	90	Thalamus	2	2	0	0
PBS	GFAP	90	Thalamus	3	2	0	0
PBS	GFAP	90	Thalamus	4	NA	NA	NA
PBS	GFAP	60	Thalamus	1	1	0	0
PBS	GFAP	60	Thalamus	2	2	0	0
PBS	GFAP	60	Thalamus	3	2	0	0
PBS	GFAP	60	Thalamus	4	NA	NA	NA
PBS	GFAP	30	Thalamus	1	2	0	0
PBS	GFAP	30	Thalamus	2	2	0	0
PBS	GFAP	30	Thalamus	3	2	0	0
PBS	GFAP	30	Thalamus	4	2	0	0
PBS	GFAP	-14	Thalamus	1	2	0	0
PBS	GFAP	-14	Thalamus	2	2	0	0
PBS	GFAP	-14	Thalamus	3	2	0	0
PBS	GFAP	-14	Thalamus	4	2	0	0
PBS	GFAP	123	midbrain	1	2	0	0
PBS	GFAP	123	midbrain	2	2	0	0
PBS	GFAP	123	midbrain	3	1	0	0
PBS	GFAP	123	midbrain	4	2	0	0
PBS	GFAP	90	midbrain	1	1	0	0
PBS	GFAP	90	midbrain	2	2	0	0
PBS	GFAP	90	midbrain	3	2	0	0
PBS	GFAP	90	midbrain	4	NA	NA	NA
PBS	GFAP	60	midbrain	1	NA	NA	NA
PBS	GFAP	60	midbrain	2	2	0	0
PBS	GFAP	60	midbrain	3	2	0	0
PBS	GFAP	60	midbrain	4	NA	NA	NA
PBS	GFAP	30	midbrain	1	1	0	0
PBS	GFAP	30	midbrain	2	1	0	0
PBS	GFAP	30	midbrain	3	1	0	0
PBS	GFAP	30	midbrain	4	2	0	0
PBS	GFAP	-14	midbrain	1	1	0	0
PBS	GFAP	-14	midbrain	2	1	0	0
PBS	GFAP	-14	midbrain	3	2	0	0
PBS	GFAP	-14	midbrain	4	2	0	0
PBS	GFAP	123	Cereb_mol layer	1	1	0	0
PBS	GFAP	123	Cereb_mol layer	2	1	0	0
PBS	GFAP	123	Cereb_mol layer	3	1	0	0
PBS	GFAP	123	Cereb_mol layer	4	1	0	0
PBS	GFAP	90	Cereb_mol layer	1	1	0	0
PBS	GFAP	90	Cereb_mol layer	2	1	0	0
PBS	GFAP	90	Cereb_mol layer	3	1	0	0
PBS	GFAP	90	Cereb_mol layer	4	NA	NA	NA
PBS	GFAP	60	Cereb_mol layer	1	1	0	0
PBS	GFAP	60	Cereb_mol layer	2	1	0	0
PBS	GFAP	60	Cereb_mol layer	3	0	0	0
PBS	GFAP	60	Cereb_mol layer	4	NA	NA	NA
PBS	GFAP	30	Cereb_mol layer	1	1	0	0
PBS	GFAP	30	Cereb_mol layer	2	1	0	0
PBS	GFAP	30	Cereb_mol layer	3	1	0	0
PBS	GFAP	30	Cereb_mol layer	4	1	0	0
PBS	GFAP	-14	Cereb_mol layer	1	1	0	0
PBS	GFAP	-14	Cereb_mol layer	2	1	0	0
PBS	GFAP	-14	Cereb_mol layer	3	1	0	0
PBS	GFAP	-14	Cereb_mol layer	4	1	0	0
PBS	GFAP	123	Cereb_gran layer	1	1	0	0
PBS	GFAP	123	Cereb_gran layer	2	2	0	0
PBS	GFAP	123	Cereb_gran layer	3	1	0	0
PBS	GFAP	123	Cereb_gran layer	4	2	0	0
PBS	GFAP	90	Cereb_gran layer	1	1	0	0
PBS	GFAP	90	Cereb_gran layer	2	1	0	0
PBS	GFAP	90	Cereb_gran layer	3	1	0	0
PBS	GFAP	90	Cereb_gran layer	4	NA	NA	NA
PBS	GFAP	60	Cereb_gran layer	1	1	0	0
PBS	GFAP	60	Cereb_gran layer	2	1	0	0
PBS	GFAP	60	Cereb_gran layer	3	1	0	0
PBS	GFAP	60	Cereb_gran layer	4	NA	NA	NA
PBS	GFAP	30	Cereb_gran layer	1	1	0	0
PBS	GFAP	30	Cereb_gran layer	2	1	0	0
PBS	GFAP	30	Cereb_gran layer	3	1	0	0
PBS	GFAP	30	Cereb_gran layer	4	1	0	0
PBS	GFAP	-14	Cereb_gran layer	1	1	0	0
PBS	GFAP	-14	Cereb_gran layer	2	1	0	0
PBS	GFAP	-14	Cereb_gran layer	3	1	0	0
PBS	GFAP	-14	Cereb_gran layer	4	1	0	0
PBS	GFAP	123	Cereb_peduncle	1	2	0	0
PBS	GFAP	123	Cereb_peduncle	2	2	0	0
PBS	GFAP	123	Cereb_peduncle	3	2	0	0
PBS	GFAP	123	Cereb_peduncle	4	2	0	0
PBS	GFAP	90	Cereb_peduncle	1	1	0	0
PBS	GFAP	90	Cereb_peduncle	2	2	0	0
PBS	GFAP	90	Cereb_peduncle	3	2	0	0
PBS	GFAP	90	Cereb_peduncle	4	NA	NA	NA
PBS	GFAP	60	Cereb_peduncle	1	NA	NA	NA
PBS	GFAP	60	Cereb_peduncle	2	2	0	0
PBS	GFAP	60	Cereb_peduncle	3	2	0	0
PBS	GFAP	60	Cereb_peduncle	4	NA	NA	NA
PBS	GFAP	30	Cereb_peduncle	1	1	0	0
PBS	GFAP	30	Cereb_peduncle	2	2	0	0
PBS	GFAP	30	Cereb_peduncle	3	2	0	0
PBS	GFAP	30	Cereb_peduncle	4	1	0	0
PBS	GFAP	-14	Cereb_peduncle	1	2	0	0
PBS	GFAP	-14	Cereb_peduncle	2	2	0	0
PBS	GFAP	-14	Cereb_peduncle	3	2	0	0
PBS	GFAP	-14	Cereb_peduncle	4	2	0	0
PBS	GFAP	123	medulla	1	2	0	0
PBS	GFAP	123	medulla	2	2	0	0
PBS	GFAP	123	medulla	3	2	0	0
PBS	GFAP	123	medulla	4	2	0	0
PBS	GFAP	90	medulla	1	1	0	0
PBS	GFAP	90	medulla	2	1	0	0
PBS	GFAP	90	medulla	3	1	0	0
PBS	GFAP	90	medulla	4	NA	NA	NA
PBS	GFAP	60	medulla	1	NA	NA	NA
PBS	GFAP	60	medulla	2	2	0	0
PBS	GFAP	60	medulla	3	2	0	0
PBS	GFAP	60	medulla	4	NA	NA	NA
PBS	GFAP	30	medulla	1	1	0	0
PBS	GFAP	30	medulla	2	2	0	0
PBS	GFAP	30	medulla	3	1	0	0
PBS	GFAP	30	medulla	4	2	0	0
PBS	GFAP	-14	medulla	1	2	0	0
PBS	GFAP	-14	medulla	2	2	0	0
PBS	GFAP	-14	medulla	3	1	0	0
PBS	GFAP	-14	medulla	4	2	0	0
PBS	GFAP	123	Subiculum	1	2	0	0
PBS	GFAP	123	Subiculum	2	2	0	0
PBS	GFAP	123	Subiculum	3	2	0	0
PBS	GFAP	123	Subiculum	4	2	0	0
PBS	GFAP	90	Subiculum	1	2	0	0
PBS	GFAP	90	Subiculum	2	2	0	0
PBS	GFAP	90	Subiculum	3	2	0	0
PBS	GFAP	90	Subiculum	4	NA	NA	NA
PBS	GFAP	60	Subiculum	1	1	0	0
PBS	GFAP	60	Subiculum	2	2	0	0
PBS	GFAP	60	Subiculum	3	2	0	0
PBS	GFAP	60	Subiculum	4	NA	NA	NA
PBS	GFAP	30	Subiculum	1	2	0	0
PBS	GFAP	30	Subiculum	2	2	0	0
PBS	GFAP	30	Subiculum	3	2	0	0
PBS	GFAP	30	Subiculum	4	2	0	0
PBS	GFAP	-14	Subiculum	1	2	0	0
PBS	GFAP	-14	Subiculum	2	2	0	0
PBS	GFAP	-14	Subiculum	3	2	0	0
PBS	GFAP	-14	Subiculum	4	2	0	0
PBS	Iba1	123	Fiber tracts	1	1	0	0
PBS	Iba1	123	Fiber tracts	2	1	0	0
PBS	Iba1	123	Fiber tracts	3	2	0	0
PBS	Iba1	123	Fiber tracts	4	1	0	0
PBS	Iba1	90	Fiber tracts	1	1	0	0
PBS	Iba1	90	Fiber tracts	2	1	0	0
PBS	Iba1	90	Fiber tracts	3	2	0	0
PBS	Iba1	90	Fiber tracts	4	NA	NA	NA
PBS	Iba1	60	Fiber tracts	1	1	0	0
PBS	Iba1	60	Fiber tracts	2	2	0	0
PBS	Iba1	60	Fiber tracts	3	2	0	0
PBS	Iba1	60	Fiber tracts	4	NA	NA	NA
PBS	Iba1	30	Fiber tracts	1	2	0	0
PBS	Iba1	30	Fiber tracts	2	2	0	0
PBS	Iba1	30	Fiber tracts	3	2	0	0
PBS	Iba1	30	Fiber tracts	4	2	0	0
PBS	Iba1	-14	Fiber tracts	1	2	0	0
PBS	Iba1	-14	Fiber tracts	2	2	0	0
PBS	Iba1	-14	Fiber tracts	3	2	0	0
PBS	Iba1	-14	Fiber tracts	4	2	0	0
PBS	Iba1	123	Cortex	1	2	0	0
PBS	Iba1	123	Cortex	2	2	0	0
PBS	Iba1	123	Cortex	3	2	0	0
PBS	Iba1	123	Cortex	4	2	0	0
PBS	Iba1	90	Cortex	1	2	0	0
PBS	Iba1	90	Cortex	2	1	0	0
PBS	Iba1	90	Cortex	3	2	0	0
PBS	Iba1	90	Cortex	4	NA	NA	NA
PBS	Iba1	60	Cortex	1	2	0	0
PBS	Iba1	60	Cortex	2	1	0	0
PBS	Iba1	60	Cortex	3	1	0	0
PBS	Iba1	60	Cortex	4	NA	NA	NA
PBS	Iba1	30	Cortex	1	1	0	0
PBS	Iba1	30	Cortex	2	2	0	0
PBS	Iba1	30	Cortex	3	1	0	0
PBS	Iba1	30	Cortex	4	1	0	0
PBS	Iba1	-14	Cortex	1	2	0	0
PBS	Iba1	-14	Cortex	2	2	0	0
PBS	Iba1	-14	Cortex	3	1	0	0
PBS	Iba1	-14	Cortex	4	2	0	0
PBS	Iba1	123	Hippocampus	1	2	0	0
PBS	Iba1	123	Hippocampus	2	1	0	0
PBS	Iba1	123	Hippocampus	3	2	0	0
PBS	Iba1	123	Hippocampus	4	2	0	0
PBS	Iba1	90	Hippocampus	1	2	0	0
PBS	Iba1	90	Hippocampus	2	1	0	0
PBS	Iba1	90	Hippocampus	3	2	0	0
PBS	Iba1	90	Hippocampus	4	NA	NA	NA
PBS	Iba1	60	Hippocampus	1	1	0	0
PBS	Iba1	60	Hippocampus	2	2	0	0
PBS	Iba1	60	Hippocampus	3	1	0	0
PBS	Iba1	60	Hippocampus	4	NA	NA	NA
PBS	Iba1	30	Hippocampus	1	2	0	0
PBS	Iba1	30	Hippocampus	2	2	0	0
PBS	Iba1	30	Hippocampus	3	2	0	0
PBS	Iba1	30	Hippocampus	4	1	0	0
PBS	Iba1	-14	Hippocampus	1	3	0	0
PBS	Iba1	-14	Hippocampus	2	2	0	0
PBS	Iba1	-14	Hippocampus	3	2	0	0
PBS	Iba1	-14	Hippocampus	4	2	0	0
PBS	Iba1	123	CP	1	0	0	0
PBS	Iba1	123	CP	2	0	0	0
PBS	Iba1	123	CP	3	1	0	0
PBS	Iba1	123	CP	4	1	0	0
PBS	Iba1	90	CP	1	0	0	0
PBS	Iba1	90	CP	2	0	0	0
PBS	Iba1	90	CP	3	0	0	0
PBS	Iba1	90	CP	4	NA	NA	NA
PBS	Iba1	60	CP	1	0	0	0
PBS	Iba1	60	CP	2	1	0	0
PBS	Iba1	60	CP	3	0	0	0
PBS	Iba1	60	CP	4	NA	NA	NA
PBS	Iba1	30	CP	1	0	0	0
PBS	Iba1	30	CP	2	0	0	0
PBS	Iba1	30	CP	3	0	0	0
PBS	Iba1	30	CP	4	0	0	0
PBS	Iba1	-14	CP	1	0	0	0
PBS	Iba1	-14	CP	2	1	0	0
PBS	Iba1	-14	CP	3	1	0	0
PBS	Iba1	-14	CP	4	1	0	0
PBS	Iba1	123	Pallidum	1	1	0	0
PBS	Iba1	123	Pallidum	2	1	0	0
PBS	Iba1	123	Pallidum	3	1	0	0
PBS	Iba1	123	Pallidum	4	1	0	0
PBS	Iba1	90	Pallidum	1	1	0	0
PBS	Iba1	90	Pallidum	2	1	0	0
PBS	Iba1	90	Pallidum	3	0	0	0
PBS	Iba1	90	Pallidum	4	NA	NA	NA
PBS	Iba1	60	Pallidum	1	1	0	0
PBS	Iba1	60	Pallidum	2	0	0	0
PBS	Iba1	60	Pallidum	3	0	0	0
PBS	Iba1	60	Pallidum	4	NA	NA	NA
PBS	Iba1	30	Pallidum	1	1	0	0
PBS	Iba1	30	Pallidum	2	0	0	0
PBS	Iba1	30	Pallidum	3	1	0	0
PBS	Iba1	30	Pallidum	4	1	0	0
PBS	Iba1	-14	Pallidum	1	1	0	0
PBS	Iba1	-14	Pallidum	2	1	0	0
PBS	Iba1	-14	Pallidum	3	1	0	0
PBS	Iba1	-14	Pallidum	4	1	0	0
PBS	Iba1	123	Thalamus	1	2	0	0
PBS	Iba1	123	Thalamus	2	2	0	0
PBS	Iba1	123	Thalamus	3	3	0	0
PBS	Iba1	123	Thalamus	4	2	0	0
PBS	Iba1	90	Thalamus	1	3	0	0
PBS	Iba1	90	Thalamus	2	2	0	0
PBS	Iba1	90	Thalamus	3	2	0	0
PBS	Iba1	90	Thalamus	4	NA	NA	NA
PBS	Iba1	60	Thalamus	1	2	0	0
PBS	Iba1	60	Thalamus	2	2	0	0
PBS	Iba1	60	Thalamus	3	2	0	0
PBS	Iba1	60	Thalamus	4	NA	NA	NA
PBS	Iba1	30	Thalamus	1	2	0	0
PBS	Iba1	30	Thalamus	2	2	0	0
PBS	Iba1	30	Thalamus	3	2	0	0
PBS	Iba1	30	Thalamus	4	2	0	0
PBS	Iba1	-14	Thalamus	1	3	0	0
PBS	Iba1	-14	Thalamus	2	3	0	0
PBS	Iba1	-14	Thalamus	3	2	0	0
PBS	Iba1	-14	Thalamus	4	2	0	0
PBS	Iba1	123	midbrain	1	1	0	0
PBS	Iba1	123	midbrain	2	0	0	0
PBS	Iba1	123	midbrain	3	1	0	0
PBS	Iba1	123	midbrain	4	0	0	0
PBS	Iba1	90	midbrain	1	1	0	0
PBS	Iba1	90	midbrain	2	1	0	0
PBS	Iba1	90	midbrain	3	1	0	0
PBS	Iba1	90	midbrain	4	NA	NA	NA
PBS	Iba1	60	midbrain	1	NA	NA	NA
PBS	Iba1	60	midbrain	2	1	0	0
PBS	Iba1	60	midbrain	3	1	0	0
PBS	Iba1	60	midbrain	4	NA	NA	NA
PBS	Iba1	30	midbrain	1	1	0	0
PBS	Iba1	30	midbrain	2	1	0	0
PBS	Iba1	30	midbrain	3	2	0	0
PBS	Iba1	30	midbrain	4	1	0	0
PBS	Iba1	-14	midbrain	1	2	0	0
PBS	Iba1	-14	midbrain	2	1	0	0
PBS	Iba1	-14	midbrain	3	2	0	0
PBS	Iba1	-14	midbrain	4	1	0	0
PBS	Iba1	123	Cereb_mol layer	1	1	0	0
PBS	Iba1	123	Cereb_mol layer	2	1	0	0
PBS	Iba1	123	Cereb_mol layer	3	1	0	0
PBS	Iba1	123	Cereb_mol layer	4	1	0	0
PBS	Iba1	90	Cereb_mol layer	1	1	0	0
PBS	Iba1	90	Cereb_mol layer	2	0	0	0
PBS	Iba1	90	Cereb_mol layer	3	1	0	0
PBS	Iba1	90	Cereb_mol layer	4	NA	NA	NA
PBS	Iba1	60	Cereb_mol layer	1	1	0	0
PBS	Iba1	60	Cereb_mol layer	2	1	0	0
PBS	Iba1	60	Cereb_mol layer	3	1	0	0
PBS	Iba1	60	Cereb_mol layer	4	NA	NA	NA
PBS	Iba1	30	Cereb_mol layer	1	1	0	0
PBS	Iba1	30	Cereb_mol layer	2	0	0	0
PBS	Iba1	30	Cereb_mol layer	3	0	0	0
PBS	Iba1	30	Cereb_mol layer	4	1	0	0
PBS	Iba1	-14	Cereb_mol layer	1	1	0	0
PBS	Iba1	-14	Cereb_mol layer	2	0	0	0
PBS	Iba1	-14	Cereb_mol layer	3	1	0	0
PBS	Iba1	-14	Cereb_mol layer	4	1	0	0
PBS	Iba1	123	Cereb_gran layer	1	0	0	0
PBS	Iba1	123	Cereb_gran layer	2	0	0	0
PBS	Iba1	123	Cereb_gran layer	3	1	0	0
PBS	Iba1	123	Cereb_gran layer	4	1	0	0
PBS	Iba1	90	Cereb_gran layer	1	1	0	0
PBS	Iba1	90	Cereb_gran layer	2	0	0	0
PBS	Iba1	90	Cereb_gran layer	3	1	0	0
PBS	Iba1	90	Cereb_gran layer	4	NA	NA	NA
PBS	Iba1	60	Cereb_gran layer	1	0	0	0
PBS	Iba1	60	Cereb_gran layer	2	0	0	0
PBS	Iba1	60	Cereb_gran layer	3	0	0	0
PBS	Iba1	60	Cereb_gran layer	4	NA	NA	NA
PBS	Iba1	30	Cereb_gran layer	1	0	0	0
PBS	Iba1	30	Cereb_gran layer	2	0	0	0
PBS	Iba1	30	Cereb_gran layer	3	0	0	0
PBS	Iba1	30	Cereb_gran layer	4	0	0	0
PBS	Iba1	-14	Cereb_gran layer	1	1	0	0
PBS	Iba1	-14	Cereb_gran layer	2	1	0	0
PBS	Iba1	-14	Cereb_gran layer	3	0	0	0
PBS	Iba1	-14	Cereb_gran layer	4	1	0	0
PBS	Iba1	123	Cereb_peduncle	1	0	0	0
PBS	Iba1	123	Cereb_peduncle	2	1	0	0
PBS	Iba1	123	Cereb_peduncle	3	NA	NA	NA
PBS	Iba1	123	Cereb_peduncle	4	2	0	0
PBS	Iba1	90	Cereb_peduncle	1	1	0	0
PBS	Iba1	90	Cereb_peduncle	2	1	0	0
PBS	Iba1	90	Cereb_peduncle	3	1	0	0
PBS	Iba1	90	Cereb_peduncle	4	NA	NA	NA
PBS	Iba1	60	Cereb_peduncle	1	NA	NA	NA
PBS	Iba1	60	Cereb_peduncle	2	1	0	0
PBS	Iba1	60	Cereb_peduncle	3	1	0	0
PBS	Iba1	60	Cereb_peduncle	4	NA	NA	NA
PBS	Iba1	30	Cereb_peduncle	1	1	0	0
PBS	Iba1	30	Cereb_peduncle	2	1	0	0
PBS	Iba1	30	Cereb_peduncle	3	1	0	0
PBS	Iba1	30	Cereb_peduncle	4	1	0	0
PBS	Iba1	-14	Cereb_peduncle	1	0	0	0
PBS	Iba1	-14	Cereb_peduncle	2	0	0	0
PBS	Iba1	-14	Cereb_peduncle	3	1	0	0
PBS	Iba1	-14	Cereb_peduncle	4	1	0	0
PBS	Iba1	123	medulla	1	0	0	0
PBS	Iba1	123	medulla	2	0	0	0
PBS	Iba1	123	medulla	3	1	0	0
PBS	Iba1	123	medulla	4	1	0	0
PBS	Iba1	90	medulla	1	1	0	0
PBS	Iba1	90	medulla	2	1	0	0
PBS	Iba1	90	medulla	3	1	0	0
PBS	Iba1	90	medulla	4	NA	NA	NA
PBS	Iba1	60	medulla	1	2	0	0
PBS	Iba1	60	medulla	2	1	0	0
PBS	Iba1	60	medulla	3	1	0	0
PBS	Iba1	60	medulla	4	NA	NA	NA
PBS	Iba1	30	medulla	1	1	0	0
PBS	Iba1	30	medulla	2	1	0	0
PBS	Iba1	30	medulla	3	1	0	0
PBS	Iba1	30	medulla	4	1	0	0
PBS	Iba1	-14	medulla	1	2	0	0
PBS	Iba1	-14	medulla	2	1	0	0
PBS	Iba1	-14	medulla	3	1	0	0
PBS	Iba1	-14	medulla	4	2	0	0
PBS	Iba1	123	Subiculum	1	2	0	0
PBS	Iba1	123	Subiculum	2	1	0	0
PBS	Iba1	123	Subiculum	3	1	0	0
PBS	Iba1	123	Subiculum	4	2	0	0
PBS	Iba1	90	Subiculum	1	1	0	0
PBS	Iba1	90	Subiculum	2	1	0	0
PBS	Iba1	90	Subiculum	3	1	0	0
PBS	Iba1	90	Subiculum	4	NA	NA	NA
PBS	Iba1	60	Subiculum	1	1	0	0
PBS	Iba1	60	Subiculum	2	1	0	0
PBS	Iba1	60	Subiculum	3	1	0	0
PBS	Iba1	60	Subiculum	4	NA	NA	NA
PBS	Iba1	30	Subiculum	1	NA	NA	NA
PBS	Iba1	30	Subiculum	2	1	0	0
PBS	Iba1	30	Subiculum	3	1	0	0
PBS	Iba1	30	Subiculum	4	1	0	0
PBS	Iba1	-14	Subiculum	1	2	0	0
PBS	Iba1	-14	Subiculum	2	2	0	0
PBS	Iba1	-14	Subiculum	3	2	0	0
PBS	Iba1	-14	Subiculum	4	2	0	0
PBS	PrP	123	Fiber tracts	1	0	0	0
PBS	PrP	123	Fiber tracts	2	1	0	0
PBS	PrP	123	Fiber tracts	3	0	0	0
PBS	PrP	123	Fiber tracts	4	0	0	0
PBS	PrP	90	Fiber tracts	1	0	0	0
PBS	PrP	90	Fiber tracts	2	1	0	0
PBS	PrP	90	Fiber tracts	3	1	0	0
PBS	PrP	90	Fiber tracts	4	NA	NA	NA
PBS	PrP	60	Fiber tracts	1	0	0	0
PBS	PrP	60	Fiber tracts	2	0	0	0
PBS	PrP	60	Fiber tracts	3	1	0	0
PBS	PrP	60	Fiber tracts	4	NA	NA	NA
PBS	PrP	30	Fiber tracts	1	1	0	0
PBS	PrP	30	Fiber tracts	2	1	0	0
PBS	PrP	30	Fiber tracts	3	1	0	0
PBS	PrP	30	Fiber tracts	4	1	0	0
PBS	PrP	-14	Fiber tracts	1	1	0	0
PBS	PrP	-14	Fiber tracts	2	1	0	0
PBS	PrP	-14	Fiber tracts	3	1	0	0
PBS	PrP	-14	Fiber tracts	4	1	0	0
PBS	PrP	123	Cortex	1	2	0	0
PBS	PrP	123	Cortex	2	2	0	0
PBS	PrP	123	Cortex	3	2	0	0
PBS	PrP	123	Cortex	4	1	0	0
PBS	PrP	90	Cortex	1	2	0	0
PBS	PrP	90	Cortex	2	2	0	0
PBS	PrP	90	Cortex	3	2	0	0
PBS	PrP	90	Cortex	4	NA	NA	NA
PBS	PrP	60	Cortex	1	2	0	0
PBS	PrP	60	Cortex	2	2	0	0
PBS	PrP	60	Cortex	3	2	0	0
PBS	PrP	60	Cortex	4	NA	NA	NA
PBS	PrP	30	Cortex	1	2	0	0
PBS	PrP	30	Cortex	2	2	0	0
PBS	PrP	30	Cortex	3	2	0	0
PBS	PrP	30	Cortex	4	2	0	0
PBS	PrP	-14	Cortex	1	2	0	0
PBS	PrP	-14	Cortex	2	2	0	0
PBS	PrP	-14	Cortex	3	3	0	0
PBS	PrP	-14	Cortex	4	3	0	0
PBS	PrP	123	Hippocampus	1	2	0	0
PBS	PrP	123	Hippocampus	2	2	0	0
PBS	PrP	123	Hippocampus	3	2	0	0
PBS	PrP	123	Hippocampus	4	1	0	0
PBS	PrP	90	Hippocampus	1	2	0	0
PBS	PrP	90	Hippocampus	2	2	0	0
PBS	PrP	90	Hippocampus	3	2	0	0
PBS	PrP	90	Hippocampus	4	NA	NA	NA
PBS	PrP	60	Hippocampus	1	2	0	0
PBS	PrP	60	Hippocampus	2	1	0	0
PBS	PrP	60	Hippocampus	3	2	0	0
PBS	PrP	60	Hippocampus	4	NA	NA	NA
PBS	PrP	30	Hippocampus	1	2	0	0
PBS	PrP	30	Hippocampus	2	2	0	0
PBS	PrP	30	Hippocampus	3	2	0	0
PBS	PrP	30	Hippocampus	4	2	0	0
PBS	PrP	-14	Hippocampus	1	2	0	0
PBS	PrP	-14	Hippocampus	2	3	0	0
PBS	PrP	-14	Hippocampus	3	3	0	0
PBS	PrP	-14	Hippocampus	4	3	0	0
PBS	PrP	123	CP	1	1	0	0
PBS	PrP	123	CP	2	1	0	0
PBS	PrP	123	CP	3	1	0	0
PBS	PrP	123	CP	4	0	0	0
PBS	PrP	90	CP	1	1	0	0
PBS	PrP	90	CP	2	1	0	0
PBS	PrP	90	CP	3	1	0	0
PBS	PrP	90	CP	4	NA	NA	NA
PBS	PrP	60	CP	1	1	0	0
PBS	PrP	60	CP	2	1	0	0
PBS	PrP	60	CP	3	1	0	0
PBS	PrP	60	CP	4	NA	NA	NA
PBS	PrP	30	CP	1	1	0	0
PBS	PrP	30	CP	2	1	0	0
PBS	PrP	30	CP	3	1	0	0
PBS	PrP	30	CP	4	1	0	0
PBS	PrP	-14	CP	1	1	0	0
PBS	PrP	-14	CP	2	2	0	0
PBS	PrP	-14	CP	3	1	0	0
PBS	PrP	-14	CP	4	1	0	0
PBS	PrP	123	Pallidum	1	1	0	0
PBS	PrP	123	Pallidum	2	1	0	0
PBS	PrP	123	Pallidum	3	1	0	0
PBS	PrP	123	Pallidum	4	0	0	0
PBS	PrP	90	Pallidum	1	1	0	0
PBS	PrP	90	Pallidum	2	1	0	0
PBS	PrP	90	Pallidum	3	1	0	0
PBS	PrP	90	Pallidum	4	NA	NA	NA
PBS	PrP	60	Pallidum	1	1	0	0
PBS	PrP	60	Pallidum	2	1	0	0
PBS	PrP	60	Pallidum	3	1	0	0
PBS	PrP	60	Pallidum	4	NA	NA	NA
PBS	PrP	30	Pallidum	1	1	0	0
PBS	PrP	30	Pallidum	2	1	0	0
PBS	PrP	30	Pallidum	3	1	0	0
PBS	PrP	30	Pallidum	4	1	0	0
PBS	PrP	-14	Pallidum	1	1	0	0
PBS	PrP	-14	Pallidum	2	2	0	0
PBS	PrP	-14	Pallidum	3	1	0	0
PBS	PrP	-14	Pallidum	4	1	0	0
PBS	PrP	123	Thalamus	1	3	0	0
PBS	PrP	123	Thalamus	2	2	0	0
PBS	PrP	123	Thalamus	3	2	0	0
PBS	PrP	123	Thalamus	4	0	0	0
PBS	PrP	90	Thalamus	1	2	0	0
PBS	PrP	90	Thalamus	2	3	0	0
PBS	PrP	90	Thalamus	3	2	0	0
PBS	PrP	90	Thalamus	4	NA	NA	NA
PBS	PrP	60	Thalamus	1	2	0	0
PBS	PrP	60	Thalamus	2	2	0	0
PBS	PrP	60	Thalamus	3	2	0	0
PBS	PrP	60	Thalamus	4	NA	NA	NA
PBS	PrP	30	Thalamus	1	2	0	0
PBS	PrP	30	Thalamus	2	2	0	0
PBS	PrP	30	Thalamus	3	2	0	0
PBS	PrP	30	Thalamus	4	2	0	0
PBS	PrP	-14	Thalamus	1	2	0	0
PBS	PrP	-14	Thalamus	2	2	0	0
PBS	PrP	-14	Thalamus	3	3	0	0
PBS	PrP	-14	Thalamus	4	2	0	0
PBS	PrP	123	midbrain	1	0	0	0
PBS	PrP	123	midbrain	2	0	0	0
PBS	PrP	123	midbrain	3	1	0	0
PBS	PrP	123	midbrain	4	1	0	0
PBS	PrP	90	midbrain	1	1	0	0
PBS	PrP	90	midbrain	2	1	0	0
PBS	PrP	90	midbrain	3	0	0	0
PBS	PrP	90	midbrain	4	NA	NA	NA
PBS	PrP	60	midbrain	1	0	0	0
PBS	PrP	60	midbrain	2	1	0	0
PBS	PrP	60	midbrain	3	1	0	0
PBS	PrP	60	midbrain	4	NA	NA	NA
PBS	PrP	30	midbrain	1	0	0	0
PBS	PrP	30	midbrain	2	1	0	0
PBS	PrP	30	midbrain	3	0	0	0
PBS	PrP	30	midbrain	4	1	0	0
PBS	PrP	-14	midbrain	1	1	0	0
PBS	PrP	-14	midbrain	2	1	0	0
PBS	PrP	-14	midbrain	3	1	0	0
PBS	PrP	-14	midbrain	4	1	0	0
PBS	PrP	123	Cereb_mol layer	1	0	0	0
PBS	PrP	123	Cereb_mol layer	2	0	0	0
PBS	PrP	123	Cereb_mol layer	3	0	0	0
PBS	PrP	123	Cereb_mol layer	4	0	0	0
PBS	PrP	90	Cereb_mol layer	1	0	0	0
PBS	PrP	90	Cereb_mol layer	2	0	0	0
PBS	PrP	90	Cereb_mol layer	3	0	0	0
PBS	PrP	90	Cereb_mol layer	4	NA	NA	NA
PBS	PrP	60	Cereb_mol layer	1	0	0	0
PBS	PrP	60	Cereb_mol layer	2	0	0	0
PBS	PrP	60	Cereb_mol layer	3	0	0	0
PBS	PrP	60	Cereb_mol layer	4	NA	NA	NA
PBS	PrP	30	Cereb_mol layer	1	0	0	0
PBS	PrP	30	Cereb_mol layer	2	0	0	0
PBS	PrP	30	Cereb_mol layer	3	0	0	0
PBS	PrP	30	Cereb_mol layer	4	0	0	0
PBS	PrP	-14	Cereb_mol layer	1	0	0	0
PBS	PrP	-14	Cereb_mol layer	2	0	0	0
PBS	PrP	-14	Cereb_mol layer	3	0	0	0
PBS	PrP	-14	Cereb_mol layer	4	1	0	0
PBS	PrP	123	Cereb_gran layer	1	0	0	0
PBS	PrP	123	Cereb_gran layer	2	0	0	0
PBS	PrP	123	Cereb_gran layer	3	1	0	0
PBS	PrP	123	Cereb_gran layer	4	1	0	0
PBS	PrP	90	Cereb_gran layer	1	1	0	0
PBS	PrP	90	Cereb_gran layer	2	1	0	0
PBS	PrP	90	Cereb_gran layer	3	0	0	0
PBS	PrP	90	Cereb_gran layer	4	NA	NA	NA
PBS	PrP	60	Cereb_gran layer	1	1	0	0
PBS	PrP	60	Cereb_gran layer	2	1	0	0
PBS	PrP	60	Cereb_gran layer	3	1	0	0
PBS	PrP	60	Cereb_gran layer	4	NA	NA	NA
PBS	PrP	30	Cereb_gran layer	1	1	0	0
PBS	PrP	30	Cereb_gran layer	2	1	0	0
PBS	PrP	30	Cereb_gran layer	3	1	0	0
PBS	PrP	30	Cereb_gran layer	4	1	0	0
PBS	PrP	-14	Cereb_gran layer	1	1	0	0
PBS	PrP	-14	Cereb_gran layer	2	2	0	0
PBS	PrP	-14	Cereb_gran layer	3	1	0	0
PBS	PrP	-14	Cereb_gran layer	4	1	0	0
PBS	PrP	123	Cereb_peduncle	1	0	0	0
PBS	PrP	123	Cereb_peduncle	2	0	0	0
PBS	PrP	123	Cereb_peduncle	3	NA	NA	NA
PBS	PrP	123	Cereb_peduncle	4	1	0	0
PBS	PrP	90	Cereb_peduncle	1	1	0	0
PBS	PrP	90	Cereb_peduncle	2	1	0	0
PBS	PrP	90	Cereb_peduncle	3	0	0	0
PBS	PrP	90	Cereb_peduncle	4	NA	NA	NA
PBS	PrP	60	Cereb_peduncle	1	NA	NA	NA
PBS	PrP	60	Cereb_peduncle	2	0	0	0
PBS	PrP	60	Cereb_peduncle	3	1	0	0
PBS	PrP	60	Cereb_peduncle	4	NA	NA	NA
PBS	PrP	30	Cereb_peduncle	1	0	0	0
PBS	PrP	30	Cereb_peduncle	2	1	0	0
PBS	PrP	30	Cereb_peduncle	3	1	0	0
PBS	PrP	30	Cereb_peduncle	4	0	0	0
PBS	PrP	-14	Cereb_peduncle	1	0	0	0
PBS	PrP	-14	Cereb_peduncle	2	1	0	0
PBS	PrP	-14	Cereb_peduncle	3	1	0	0
PBS	PrP	-14	Cereb_peduncle	4	1	0	0
PBS	PrP	123	medulla	1	0	0	0
PBS	PrP	123	medulla	2	0	0	0
PBS	PrP	123	medulla	3	0	0	0
PBS	PrP	123	medulla	4	1	0	0
PBS	PrP	90	medulla	1	0	0	0
PBS	PrP	90	medulla	2	1	0	0
PBS	PrP	90	medulla	3	0	0	0
PBS	PrP	90	medulla	4	NA	NA	NA
PBS	PrP	60	medulla	1	NA	NA	NA
PBS	PrP	60	medulla	2	0	0	0
PBS	PrP	60	medulla	3	0	0	0
PBS	PrP	60	medulla	4	NA	NA	NA
PBS	PrP	30	medulla	1	0	0	0
PBS	PrP	30	medulla	2	0	0	0
PBS	PrP	30	medulla	3	0	0	0
PBS	PrP	30	medulla	4	0	0	0
PBS	PrP	-14	medulla	1	0	0	0
PBS	PrP	-14	medulla	2	1	0	0
PBS	PrP	-14	medulla	3	NA	NA	NA
PBS	PrP	-14	medulla	4	1	0	0
PBS	PrP	123	Subiculum	1	3	0	0
PBS	PrP	123	Subiculum	2	3	0	0
PBS	PrP	123	Subiculum	3	2	0	0
PBS	PrP	123	Subiculum	4	1	0	0
PBS	PrP	90	Subiculum	1	2	0	0
PBS	PrP	90	Subiculum	2	2	0	0
PBS	PrP	90	Subiculum	3	2	0	0
PBS	PrP	90	Subiculum	4	NA	NA	NA
PBS	PrP	60	Subiculum	1	2	0	0
PBS	PrP	60	Subiculum	2	2	0	0
PBS	PrP	60	Subiculum	3	2	0	0
PBS	PrP	60	Subiculum	4	NA	NA	NA
PBS	PrP	30	Subiculum	1	2	0	0
PBS	PrP	30	Subiculum	2	2	0	0
PBS	PrP	30	Subiculum	3	2	0	0
PBS	PrP	30	Subiculum	4	2	0	0
PBS	PrP	-14	Subiculum	1	2	0	0
PBS	PrP	-14	Subiculum	2	3	0	0
PBS	PrP	-14	Subiculum	3	3	0	0
PBS	PrP	-14	Subiculum	4	3	0	0
PBS	ASO	123	Fiber tracts	1	0	0	0
PBS	ASO	123	Fiber tracts	2	0	0	0
PBS	ASO	123	Fiber tracts	3	0	0	0
PBS	ASO	123	Fiber tracts	4	0	0	0
PBS	ASO	90	Fiber tracts	1	0	0	0
PBS	ASO	90	Fiber tracts	2	0	0	0
PBS	ASO	90	Fiber tracts	3	0	0	0
PBS	ASO	90	Fiber tracts	4	NA	NA	NA
PBS	ASO	60	Fiber tracts	1	0	0	0
PBS	ASO	60	Fiber tracts	2	0	0	0
PBS	ASO	60	Fiber tracts	3	0	0	0
PBS	ASO	60	Fiber tracts	4	NA	NA	NA
PBS	ASO	30	Fiber tracts	1	0	0	0
PBS	ASO	30	Fiber tracts	2	0	0	0
PBS	ASO	30	Fiber tracts	3	0	0	0
PBS	ASO	30	Fiber tracts	4	0	0	0
PBS	ASO	-14	Fiber tracts	1	0	0	0
PBS	ASO	-14	Fiber tracts	2	0	0	0
PBS	ASO	-14	Fiber tracts	3	0	0	0
PBS	ASO	-14	Fiber tracts	4	0	0	0
PBS	ASO	123	Cortex	1	0	0	0
PBS	ASO	123	Cortex	2	0	0	0
PBS	ASO	123	Cortex	3	0	0	0
PBS	ASO	123	Cortex	4	0	0	0
PBS	ASO	90	Cortex	1	0	0	0
PBS	ASO	90	Cortex	2	0	0	0
PBS	ASO	90	Cortex	3	0	0	0
PBS	ASO	90	Cortex	4	NA	NA	NA
PBS	ASO	60	Cortex	1	0	0	0
PBS	ASO	60	Cortex	2	0	0	0
PBS	ASO	60	Cortex	3	0	0	0
PBS	ASO	60	Cortex	4	NA	NA	NA
PBS	ASO	30	Cortex	1	0	0	0
PBS	ASO	30	Cortex	2	0	0	0
PBS	ASO	30	Cortex	3	0	0	0
PBS	ASO	30	Cortex	4	0	0	0
PBS	ASO	-14	Cortex	1	0	0	0
PBS	ASO	-14	Cortex	2	0	0	0
PBS	ASO	-14	Cortex	3	0	0	0
PBS	ASO	-14	Cortex	4	0	0	0
PBS	ASO	123	Hippocampus	1	0	0	0
PBS	ASO	123	Hippocampus	2	0	0	0
PBS	ASO	123	Hippocampus	3	0	0	0
PBS	ASO	123	Hippocampus	4	0	0	0
PBS	ASO	90	Hippocampus	1	0	0	0
PBS	ASO	90	Hippocampus	2	0	0	0
PBS	ASO	90	Hippocampus	3	0	0	0
PBS	ASO	90	Hippocampus	4	NA	NA	NA
PBS	ASO	60	Hippocampus	1	0	0	0
PBS	ASO	60	Hippocampus	2	0	0	0
PBS	ASO	60	Hippocampus	3	0	0	0
PBS	ASO	60	Hippocampus	4	NA	NA	NA
PBS	ASO	30	Hippocampus	1	0	0	0
PBS	ASO	30	Hippocampus	2	0	0	0
PBS	ASO	30	Hippocampus	3	0	0	0
PBS	ASO	30	Hippocampus	4	0	0	0
PBS	ASO	-14	Hippocampus	1	0	0	0
PBS	ASO	-14	Hippocampus	2	0	0	0
PBS	ASO	-14	Hippocampus	3	0	0	0
PBS	ASO	-14	Hippocampus	4	0	0	0
PBS	ASO	123	CP	1	0	0	0
PBS	ASO	123	CP	2	0	0	0
PBS	ASO	123	CP	3	0	0	0
PBS	ASO	123	CP	4	0	0	0
PBS	ASO	90	CP	1	0	0	0
PBS	ASO	90	CP	2	0	0	0
PBS	ASO	90	CP	3	0	0	0
PBS	ASO	90	CP	4	NA	NA	NA
PBS	ASO	60	CP	1	0	0	0
PBS	ASO	60	CP	2	0	0	0
PBS	ASO	60	CP	3	0	0	0
PBS	ASO	60	CP	4	NA	NA	NA
PBS	ASO	30	CP	1	0	0	0
PBS	ASO	30	CP	2	0	0	0
PBS	ASO	30	CP	3	0	0	0
PBS	ASO	30	CP	4	0	0	0
PBS	ASO	-14	CP	1	0	0	0
PBS	ASO	-14	CP	2	0	0	0
PBS	ASO	-14	CP	3	0	0	0
PBS	ASO	-14	CP	4	0	0	0
PBS	ASO	123	Pallidum	1	0	0	0
PBS	ASO	123	Pallidum	2	0	0	0
PBS	ASO	123	Pallidum	3	0	0	0
PBS	ASO	123	Pallidum	4	0	0	0
PBS	ASO	90	Pallidum	1	0	0	0
PBS	ASO	90	Pallidum	2	0	0	0
PBS	ASO	90	Pallidum	3	0	0	0
PBS	ASO	90	Pallidum	4	NA	NA	NA
PBS	ASO	60	Pallidum	1	0	0	0
PBS	ASO	60	Pallidum	2	0	0	0
PBS	ASO	60	Pallidum	3	0	0	0
PBS	ASO	60	Pallidum	4	NA	NA	NA
PBS	ASO	30	Pallidum	1	0	0	0
PBS	ASO	30	Pallidum	2	0	0	0
PBS	ASO	30	Pallidum	3	0	0	0
PBS	ASO	30	Pallidum	4	0	0	0
PBS	ASO	-14	Pallidum	1	0	0	0
PBS	ASO	-14	Pallidum	2	0	0	0
PBS	ASO	-14	Pallidum	3	0	0	0
PBS	ASO	-14	Pallidum	4	0	0	0
PBS	ASO	123	Thalamus	1	0	0	0
PBS	ASO	123	Thalamus	2	0	0	0
PBS	ASO	123	Thalamus	3	0	0	0
PBS	ASO	123	Thalamus	4	0	0	0
PBS	ASO	90	Thalamus	1	0	0	0
PBS	ASO	90	Thalamus	2	0	0	0
PBS	ASO	90	Thalamus	3	0	0	0
PBS	ASO	90	Thalamus	4	NA	NA	NA
PBS	ASO	60	Thalamus	1	0	0	0
PBS	ASO	60	Thalamus	2	0	0	0
PBS	ASO	60	Thalamus	3	0	0	0
PBS	ASO	60	Thalamus	4	NA	NA	NA
PBS	ASO	30	Thalamus	1	0	0	0
PBS	ASO	30	Thalamus	2	0	0	0
PBS	ASO	30	Thalamus	3	0	0	0
PBS	ASO	30	Thalamus	4	0	0	0
PBS	ASO	-14	Thalamus	1	0	0	0
PBS	ASO	-14	Thalamus	2	0	0	0
PBS	ASO	-14	Thalamus	3	0	0	0
PBS	ASO	-14	Thalamus	4	0	0	0
PBS	ASO	123	midbrain	1	0	0	0
PBS	ASO	123	midbrain	2	0	0	0
PBS	ASO	123	midbrain	3	0	0	0
PBS	ASO	123	midbrain	4	0	0	0
PBS	ASO	90	midbrain	1	0	0	0
PBS	ASO	90	midbrain	2	0	0	0
PBS	ASO	90	midbrain	3	0	0	0
PBS	ASO	90	midbrain	4	NA	NA	NA
PBS	ASO	60	midbrain	1	0	0	0
PBS	ASO	60	midbrain	2	0	0	0
PBS	ASO	60	midbrain	3	0	0	0
PBS	ASO	60	midbrain	4	NA	NA	NA
PBS	ASO	30	midbrain	1	0	0	0
PBS	ASO	30	midbrain	2	0	0	0
PBS	ASO	30	midbrain	3	0	0	0
PBS	ASO	30	midbrain	4	0	0	0
PBS	ASO	-14	midbrain	1	0	0	0
PBS	ASO	-14	midbrain	2	0	0	0
PBS	ASO	-14	midbrain	3	0	0	0
PBS	ASO	-14	midbrain	4	0	0	0
PBS	ASO	123	Cereb_mol layer	1	0	0	0
PBS	ASO	123	Cereb_mol layer	2	0	0	0
PBS	ASO	123	Cereb_mol layer	3	0	0	0
PBS	ASO	123	Cereb_mol layer	4	0	0	0
PBS	ASO	90	Cereb_mol layer	1	0	0	0
PBS	ASO	90	Cereb_mol layer	2	0	0	0
PBS	ASO	90	Cereb_mol layer	3	0	0	0
PBS	ASO	90	Cereb_mol layer	4	NA	NA	NA
PBS	ASO	60	Cereb_mol layer	1	0	0	0
PBS	ASO	60	Cereb_mol layer	2	0	0	0
PBS	ASO	60	Cereb_mol layer	3	0	0	0
PBS	ASO	60	Cereb_mol layer	4	NA	NA	NA
PBS	ASO	30	Cereb_mol layer	1	0	0	0
PBS	ASO	30	Cereb_mol layer	2	0	0	0
PBS	ASO	30	Cereb_mol layer	3	0	0	0
PBS	ASO	30	Cereb_mol layer	4	0	0	0
PBS	ASO	-14	Cereb_mol layer	1	0	0	0
PBS	ASO	-14	Cereb_mol layer	2	0	0	0
PBS	ASO	-14	Cereb_mol layer	3	0	0	0
PBS	ASO	-14	Cereb_mol layer	4	0	0	0
PBS	ASO	123	Cereb_gran layer	1	0	0	0
PBS	ASO	123	Cereb_gran layer	2	0	0	0
PBS	ASO	123	Cereb_gran layer	3	0	0	0
PBS	ASO	123	Cereb_gran layer	4	0	0	0
PBS	ASO	90	Cereb_gran layer	1	0	0	0
PBS	ASO	90	Cereb_gran layer	2	0	0	0
PBS	ASO	90	Cereb_gran layer	3	0	0	0
PBS	ASO	90	Cereb_gran layer	4	NA	NA	NA
PBS	ASO	60	Cereb_gran layer	1	0	0	0
PBS	ASO	60	Cereb_gran layer	2	0	0	0
PBS	ASO	60	Cereb_gran layer	3	0	0	0
PBS	ASO	60	Cereb_gran layer	4	NA	NA	NA
PBS	ASO	30	Cereb_gran layer	1	0	0	0
PBS	ASO	30	Cereb_gran layer	2	0	0	0
PBS	ASO	30	Cereb_gran layer	3	0	0	0
PBS	ASO	30	Cereb_gran layer	4	0	0	0
PBS	ASO	-14	Cereb_gran layer	1	0	0	0
PBS	ASO	-14	Cereb_gran layer	2	0	0	0
PBS	ASO	-14	Cereb_gran layer	3	0	0	0
PBS	ASO	-14	Cereb_gran layer	4	0	0	0
PBS	ASO	123	Cereb_peduncle	1	0	0	0
PBS	ASO	123	Cereb_peduncle	2	0	0	0
PBS	ASO	123	Cereb_peduncle	3	0	0	0
PBS	ASO	123	Cereb_peduncle	4	0	0	0
PBS	ASO	90	Cereb_peduncle	1	0	0	0
PBS	ASO	90	Cereb_peduncle	2	0	0	0
PBS	ASO	90	Cereb_peduncle	3	0	0	0
PBS	ASO	90	Cereb_peduncle	4	NA	NA	NA
PBS	ASO	60	Cereb_peduncle	1	0	0	0
PBS	ASO	60	Cereb_peduncle	2	0	0	0
PBS	ASO	60	Cereb_peduncle	3	0	0	0
PBS	ASO	60	Cereb_peduncle	4	NA	NA	NA
PBS	ASO	30	Cereb_peduncle	1	0	0	0
PBS	ASO	30	Cereb_peduncle	2	0	0	0
PBS	ASO	30	Cereb_peduncle	3	0	0	0
PBS	ASO	30	Cereb_peduncle	4	0	0	0
PBS	ASO	-14	Cereb_peduncle	1	0	0	0
PBS	ASO	-14	Cereb_peduncle	2	0	0	0
PBS	ASO	-14	Cereb_peduncle	3	0	0	0
PBS	ASO	-14	Cereb_peduncle	4	0	0	0
PBS	ASO	123	medulla	1	0	0	0
PBS	ASO	123	medulla	2	0	0	0
PBS	ASO	123	medulla	3	0	0	0
PBS	ASO	123	medulla	4	0	0	0
PBS	ASO	90	medulla	1	0	0	0
PBS	ASO	90	medulla	2	0	0	0
PBS	ASO	90	medulla	3	0	0	0
PBS	ASO	90	medulla	4	NA	NA	NA
PBS	ASO	60	medulla	1	0	0	0
PBS	ASO	60	medulla	2	0	0	0
PBS	ASO	60	medulla	3	0	0	0
PBS	ASO	60	medulla	4	NA	NA	NA
PBS	ASO	30	medulla	1	0	0	0
PBS	ASO	30	medulla	2	0	0	0
PBS	ASO	30	medulla	3	0	0	0
PBS	ASO	30	medulla	4	0	0	0
PBS	ASO	-14	medulla	1	0	0	0
PBS	ASO	-14	medulla	2	0	0	0
PBS	ASO	-14	medulla	3	0	0	0
PBS	ASO	-14	medulla	4	0	0	0
PBS	ASO	123	Subiculum	1	0	0	0
PBS	ASO	123	Subiculum	2	0	0	0
PBS	ASO	123	Subiculum	3	0	0	0
PBS	ASO	123	Subiculum	4	0	0	0
PBS	ASO	90	Subiculum	1	0	0	0
PBS	ASO	90	Subiculum	2	0	0	0
PBS	ASO	90	Subiculum	3	0	0	0
PBS	ASO	90	Subiculum	4	NA	NA	NA
PBS	ASO	60	Subiculum	1	0	0	0
PBS	ASO	60	Subiculum	2	0	0	0
PBS	ASO	60	Subiculum	3	0	0	0
PBS	ASO	60	Subiculum	4	NA	NA	NA
PBS	ASO	30	Subiculum	1	0	0	0
PBS	ASO	30	Subiculum	2	0	0	0
PBS	ASO	30	Subiculum	3	0	0	0
PBS	ASO	30	Subiculum	4	0	0	0
PBS	ASO	-14	Subiculum	1	0	0	0
PBS	ASO	-14	Subiculum	2	0	0	0
PBS	ASO	-14	Subiculum	3	0	0	0
PBS	ASO	-14	Subiculum	4	0	0	0
PBS	ASO	123	endothelial cells	1	0	0	0
PBS	ASO	123	endothelial cells	2	0	0	0
PBS	ASO	123	endothelial cells	3	0	0	0
PBS	ASO	123	endothelial cells	4	0	0	0
PBS	ASO	90	endothelial cells	1	0	0	0
PBS	ASO	90	endothelial cells	2	0	0	0
PBS	ASO	90	endothelial cells	3	0	0	0
PBS	ASO	90	endothelial cells	4	NA	NA	NA
PBS	ASO	60	endothelial cells	1	0	0	0
PBS	ASO	60	endothelial cells	2	0	0	0
PBS	ASO	60	endothelial cells	3	0	0	0
PBS	ASO	60	endothelial cells	4	NA	NA	NA
PBS	ASO	30	endothelial cells	1	0	0	0
PBS	ASO	30	endothelial cells	2	0	0	0
PBS	ASO	30	endothelial cells	3	0	0	0
PBS	ASO	30	endothelial cells	4	0	0	0
PBS	ASO	-14	endothelial cells	1	0	0	0
PBS	ASO	-14	endothelial cells	2	0	0	0
PBS	ASO	-14	endothelial cells	3	0	0	0
PBS	ASO	-14	endothelial cells	4	0	0	0
ASO 3	GFAP	123	Fiber tracts	1	2	0	0
ASO 3	GFAP	123	Fiber tracts	2	2	0	0
ASO 3	GFAP	123	Fiber tracts	3	2	0	0
ASO 3	GFAP	123	Fiber tracts	4	2	0	0
ASO 3	GFAP	90	Fiber tracts	1	1	0	0
ASO 3	GFAP	90	Fiber tracts	2	2	0	0
ASO 3	GFAP	90	Fiber tracts	3	2	0	0
ASO 3	GFAP	90	Fiber tracts	4	2	0	0
ASO 3	GFAP	60	Fiber tracts	1	2	0	0
ASO 3	GFAP	60	Fiber tracts	2	2	0	0
ASO 3	GFAP	60	Fiber tracts	3	2	0	0
ASO 3	GFAP	60	Fiber tracts	4	2	0	0
ASO 3	GFAP	30	Fiber tracts	1	1	0	0
ASO 3	GFAP	30	Fiber tracts	2	2	0	0
ASO 3	GFAP	30	Fiber tracts	3	2	0	0
ASO 3	GFAP	30	Fiber tracts	4	2	0	0
ASO 3	GFAP	-14	Fiber tracts	1	2	0	0
ASO 3	GFAP	-14	Fiber tracts	2	1	0	0
ASO 3	GFAP	-14	Fiber tracts	3	2	0	0
ASO 3	GFAP	-14	Fiber tracts	4	2	0	0
ASO 3	GFAP	123	Cortex	1	1	0	0
ASO 3	GFAP	123	Cortex	2	1	0	0
ASO 3	GFAP	123	Cortex	3	2	0	0
ASO 3	GFAP	123	Cortex	4	1	0	0
ASO 3	GFAP	90	Cortex	1	1	0	0
ASO 3	GFAP	90	Cortex	2	1	0	0
ASO 3	GFAP	90	Cortex	3	1	0	0
ASO 3	GFAP	90	Cortex	4	1	0	0
ASO 3	GFAP	60	Cortex	1	1	0	0
ASO 3	GFAP	60	Cortex	2	1	0	0
ASO 3	GFAP	60	Cortex	3	1	0	0
ASO 3	GFAP	60	Cortex	4	1	0	0
ASO 3	GFAP	30	Cortex	1	1	0	0
ASO 3	GFAP	30	Cortex	2	1	0	0
ASO 3	GFAP	30	Cortex	3	1	0	0
ASO 3	GFAP	30	Cortex	4	1	0	0
ASO 3	GFAP	-14	Cortex	1	1	0	0
ASO 3	GFAP	-14	Cortex	2	1	0	0
ASO 3	GFAP	-14	Cortex	3	1	0	0
ASO 3	GFAP	-14	Cortex	4	1	0	0
ASO 3	GFAP	123	Hippocampus	1	2	0	0
ASO 3	GFAP	123	Hippocampus	2	1	0	0
ASO 3	GFAP	123	Hippocampus	3	2	0	0
ASO 3	GFAP	123	Hippocampus	4	2	0	0
ASO 3	GFAP	90	Hippocampus	1	2	0	0
ASO 3	GFAP	90	Hippocampus	2	2	0	0
ASO 3	GFAP	90	Hippocampus	3	2	0	0
ASO 3	GFAP	90	Hippocampus	4	2	0	0
ASO 3	GFAP	60	Hippocampus	1	2	0	0
ASO 3	GFAP	60	Hippocampus	2	NA	NA	NA
ASO 3	GFAP	60	Hippocampus	3	2	0	0
ASO 3	GFAP	60	Hippocampus	4	2	0	0
ASO 3	GFAP	30	Hippocampus	1	2	0	0
ASO 3	GFAP	30	Hippocampus	2	2	0	0
ASO 3	GFAP	30	Hippocampus	3	2	0	0
ASO 3	GFAP	30	Hippocampus	4	2	0	0
ASO 3	GFAP	-14	Hippocampus	1	2	0	0
ASO 3	GFAP	-14	Hippocampus	2	2	0	0
ASO 3	GFAP	-14	Hippocampus	3	2	0	0
ASO 3	GFAP	-14	Hippocampus	4	2	0	0
ASO 3	GFAP	123	CP	1	1	0	0
ASO 3	GFAP	123	CP	2	1	0	0
ASO 3	GFAP	123	CP	3	2	0	0
ASO 3	GFAP	123	CP	4	1	0	0
ASO 3	GFAP	90	CP	1	1	0	0
ASO 3	GFAP	90	CP	2	1	0	0
ASO 3	GFAP	90	CP	3	1	0	0
ASO 3	GFAP	90	CP	4	1	0	0
ASO 3	GFAP	60	CP	1	1	0	0
ASO 3	GFAP	60	CP	2	1	0	0
ASO 3	GFAP	60	CP	3	1	0	0
ASO 3	GFAP	60	CP	4	1	0	0
ASO 3	GFAP	30	CP	1	1	0	0
ASO 3	GFAP	30	CP	2	1	0	0
ASO 3	GFAP	30	CP	3	1	0	0
ASO 3	GFAP	30	CP	4	1	0	0
ASO 3	GFAP	-14	CP	1	0	0	0
ASO 3	GFAP	-14	CP	2	0	0	0
ASO 3	GFAP	-14	CP	3	1	0	0
ASO 3	GFAP	-14	CP	4	1	0	0
ASO 3	GFAP	123	Pallidum	1	3	0	0
ASO 3	GFAP	123	Pallidum	2	1	0	0
ASO 3	GFAP	123	Pallidum	3	2	0	0
ASO 3	GFAP	123	Pallidum	4	2	0	0
ASO 3	GFAP	90	Pallidum	1	2	0	0
ASO 3	GFAP	90	Pallidum	2	2	0	0
ASO 3	GFAP	90	Pallidum	3	1	0	0
ASO 3	GFAP	90	Pallidum	4	1	0	0
ASO 3	GFAP	60	Pallidum	1	2	0	0
ASO 3	GFAP	60	Pallidum	2	2	0	0
ASO 3	GFAP	60	Pallidum	3	2	0	0
ASO 3	GFAP	60	Pallidum	4	2	0	0
ASO 3	GFAP	30	Pallidum	1	1	0	0
ASO 3	GFAP	30	Pallidum	2	1	0	0
ASO 3	GFAP	30	Pallidum	3	1	0	0
ASO 3	GFAP	30	Pallidum	4	2	0	0
ASO 3	GFAP	-14	Pallidum	1	1	0	0
ASO 3	GFAP	-14	Pallidum	2	1	0	0
ASO 3	GFAP	-14	Pallidum	3	1	0	0
ASO 3	GFAP	-14	Pallidum	4	1	0	0
ASO 3	GFAP	123	Thalamus	1	3	0	0
ASO 3	GFAP	123	Thalamus	2	2	0	0
ASO 3	GFAP	123	Thalamus	3	2	0	0
ASO 3	GFAP	123	Thalamus	4	2	0	0
ASO 3	GFAP	90	Thalamus	1	2	0	0
ASO 3	GFAP	90	Thalamus	2	2	0	0
ASO 3	GFAP	90	Thalamus	3	2	0	0
ASO 3	GFAP	90	Thalamus	4	2	0	0
ASO 3	GFAP	60	Thalamus	1	2	0	0
ASO 3	GFAP	60	Thalamus	2	2	0	0
ASO 3	GFAP	60	Thalamus	3	2	0	0
ASO 3	GFAP	60	Thalamus	4	2	0	0
ASO 3	GFAP	30	Thalamus	1	2	0	0
ASO 3	GFAP	30	Thalamus	2	1	0	0
ASO 3	GFAP	30	Thalamus	3	2	0	0
ASO 3	GFAP	30	Thalamus	4	2	0	0
ASO 3	GFAP	-14	Thalamus	1	2	0	0
ASO 3	GFAP	-14	Thalamus	2	2	0	0
ASO 3	GFAP	-14	Thalamus	3	2	0	0
ASO 3	GFAP	-14	Thalamus	4	1	0	0
ASO 3	GFAP	123	midbrain	1	2	0	0
ASO 3	GFAP	123	midbrain	2	2	0	0
ASO 3	GFAP	123	midbrain	3	2	0	0
ASO 3	GFAP	123	midbrain	4	1	0	0
ASO 3	GFAP	90	midbrain	1	1	0	0
ASO 3	GFAP	90	midbrain	2	2	0	0
ASO 3	GFAP	90	midbrain	3	2	0	0
ASO 3	GFAP	90	midbrain	4	2	0	0
ASO 3	GFAP	60	midbrain	1	1	0	0
ASO 3	GFAP	60	midbrain	2	1	0	0
ASO 3	GFAP	60	midbrain	3	1	0	0
ASO 3	GFAP	60	midbrain	4	1	0	0
ASO 3	GFAP	30	midbrain	1	1	0	0
ASO 3	GFAP	30	midbrain	2	2	0	0
ASO 3	GFAP	30	midbrain	3	2	0	0
ASO 3	GFAP	30	midbrain	4	1	0	0
ASO 3	GFAP	-14	midbrain	1	2	0	0
ASO 3	GFAP	-14	midbrain	2	2	0	0
ASO 3	GFAP	-14	midbrain	3	2	0	0
ASO 3	GFAP	-14	midbrain	4	1	0	0
ASO 3	GFAP	123	Cereb_mol layer	1	1	0	0
ASO 3	GFAP	123	Cereb_mol layer	2	1	0	0
ASO 3	GFAP	123	Cereb_mol layer	3	1	0	0
ASO 3	GFAP	123	Cereb_mol layer	4	1	0	0
ASO 3	GFAP	90	Cereb_mol layer	1	1	0	0
ASO 3	GFAP	90	Cereb_mol layer	2	1	0	0
ASO 3	GFAP	90	Cereb_mol layer	3	1	0	0
ASO 3	GFAP	90	Cereb_mol layer	4	1	0	0
ASO 3	GFAP	60	Cereb_mol layer	1	1	0	0
ASO 3	GFAP	60	Cereb_mol layer	2	1	0	0
ASO 3	GFAP	60	Cereb_mol layer	3	1	0	0
ASO 3	GFAP	60	Cereb_mol layer	4	1	0	0
ASO 3	GFAP	30	Cereb_mol layer	1	1	0	0
ASO 3	GFAP	30	Cereb_mol layer	2	1	0	0
ASO 3	GFAP	30	Cereb_mol layer	3	1	0	0
ASO 3	GFAP	30	Cereb_mol layer	4	1	0	0
ASO 3	GFAP	-14	Cereb_mol layer	1	1	0	0
ASO 3	GFAP	-14	Cereb_mol layer	2	1	0	0
ASO 3	GFAP	-14	Cereb_mol layer	3	1	0	0
ASO 3	GFAP	-14	Cereb_mol layer	4	1	0	0
ASO 3	GFAP	123	Cereb_gran layer	1	1	0	0
ASO 3	GFAP	123	Cereb_gran layer	2	2	0	0
ASO 3	GFAP	123	Cereb_gran layer	3	2	0	0
ASO 3	GFAP	123	Cereb_gran layer	4	1	0	0
ASO 3	GFAP	90	Cereb_gran layer	1	1	0	0
ASO 3	GFAP	90	Cereb_gran layer	2	1	0	0
ASO 3	GFAP	90	Cereb_gran layer	3	1	0	0
ASO 3	GFAP	90	Cereb_gran layer	4	1	0	0
ASO 3	GFAP	60	Cereb_gran layer	1	1	0	0
ASO 3	GFAP	60	Cereb_gran layer	2	1	0	0
ASO 3	GFAP	60	Cereb_gran layer	3	1	0	0
ASO 3	GFAP	60	Cereb_gran layer	4	1	0	0
ASO 3	GFAP	30	Cereb_gran layer	1	1	0	0
ASO 3	GFAP	30	Cereb_gran layer	2	1	0	0
ASO 3	GFAP	30	Cereb_gran layer	3	1	0	0
ASO 3	GFAP	30	Cereb_gran layer	4	1	0	0
ASO 3	GFAP	-14	Cereb_gran layer	1	2	0	0
ASO 3	GFAP	-14	Cereb_gran layer	2	2	0	0
ASO 3	GFAP	-14	Cereb_gran layer	3	2	0	0
ASO 3	GFAP	-14	Cereb_gran layer	4	1	0	0
ASO 3	GFAP	123	Cereb_peduncle	1	1	0	0
ASO 3	GFAP	123	Cereb_peduncle	2	2	0	0
ASO 3	GFAP	123	Cereb_peduncle	3	2	0	0
ASO 3	GFAP	123	Cereb_peduncle	4	2	0	0
ASO 3	GFAP	90	Cereb_peduncle	1	1	0	0
ASO 3	GFAP	90	Cereb_peduncle	2	1	0	0
ASO 3	GFAP	90	Cereb_peduncle	3	2	0	0
ASO 3	GFAP	90	Cereb_peduncle	4	2	0	0
ASO 3	GFAP	60	Cereb_peduncle	1	2	0	0
ASO 3	GFAP	60	Cereb_peduncle	2	2	0	0
ASO 3	GFAP	60	Cereb_peduncle	3	2	0	0
ASO 3	GFAP	60	Cereb_peduncle	4	NA	NA	NA
ASO 3	GFAP	30	Cereb_peduncle	1	2	0	0
ASO 3	GFAP	30	Cereb_peduncle	2	2	0	0
ASO 3	GFAP	30	Cereb_peduncle	3	2	0	0
ASO 3	GFAP	30	Cereb_peduncle	4	1	0	0
ASO 3	GFAP	-14	Cereb_peduncle	1	2	0	0
ASO 3	GFAP	-14	Cereb_peduncle	2	1	0	0
ASO 3	GFAP	-14	Cereb_peduncle	3	1	0	0
ASO 3	GFAP	-14	Cereb_peduncle	4	1	0	0
ASO 3	GFAP	123	medulla	1	1	0	0
ASO 3	GFAP	123	medulla	2	2	0	0
ASO 3	GFAP	123	medulla	3	2	0	0
ASO 3	GFAP	123	medulla	4	2	0	0
ASO 3	GFAP	90	medulla	1	2	0	0
ASO 3	GFAP	90	medulla	2	1	0	0
ASO 3	GFAP	90	medulla	3	1	0	0
ASO 3	GFAP	90	medulla	4	1	0	0
ASO 3	GFAP	60	medulla	1	2	0	0
ASO 3	GFAP	60	medulla	2	2	0	0
ASO 3	GFAP	60	medulla	3	2	0	0
ASO 3	GFAP	60	medulla	4	2	0	0
ASO 3	GFAP	30	medulla	1	2	0	0
ASO 3	GFAP	30	medulla	2	2	0	0
ASO 3	GFAP	30	medulla	3	2	0	0
ASO 3	GFAP	30	medulla	4	1	0	0
ASO 3	GFAP	-14	medulla	1	1	0	0
ASO 3	GFAP	-14	medulla	2	NA	NA	NA
ASO 3	GFAP	-14	medulla	3	1	0	0
ASO 3	GFAP	-14	medulla	4	1	0	0
ASO 3	GFAP	123	Subiculum	1	2	0	0
ASO 3	GFAP	123	Subiculum	2	2	0	0
ASO 3	GFAP	123	Subiculum	3	2	0	0
ASO 3	GFAP	123	Subiculum	4	2	0	0
ASO 3	GFAP	90	Subiculum	1	1	0	0
ASO 3	GFAP	90	Subiculum	2	2	0	0
ASO 3	GFAP	90	Subiculum	3	2	0	0
ASO 3	GFAP	90	Subiculum	4	2	0	0
ASO 3	GFAP	60	Subiculum	1	2	0	0
ASO 3	GFAP	60	Subiculum	2	NA	NA	NA
ASO 3	GFAP	60	Subiculum	3	2	0	0
ASO 3	GFAP	60	Subiculum	4	2	0	0
ASO 3	GFAP	30	Subiculum	1	2	0	0
ASO 3	GFAP	30	Subiculum	2	2	0	0
ASO 3	GFAP	30	Subiculum	3	2	0	0
ASO 3	GFAP	30	Subiculum	4	2	0	0
ASO 3	GFAP	-14	Subiculum	1	2	0	0
ASO 3	GFAP	-14	Subiculum	2	2	0	0
ASO 3	GFAP	-14	Subiculum	3	2	0	0
ASO 3	GFAP	-14	Subiculum	4	2	0	0
ASO 3	Iba1	123	Fiber tracts	1	2	0	0
ASO 3	Iba1	123	Fiber tracts	2	2	0	0
ASO 3	Iba1	123	Fiber tracts	3	2	0	0
ASO 3	Iba1	123	Fiber tracts	4	2	0	0
ASO 3	Iba1	90	Fiber tracts	1	2	0	0
ASO 3	Iba1	90	Fiber tracts	2	2	0	0
ASO 3	Iba1	90	Fiber tracts	3	2	0	0
ASO 3	Iba1	90	Fiber tracts	4	2	0	0
ASO 3	Iba1	60	Fiber tracts	1	1	0	0
ASO 3	Iba1	60	Fiber tracts	2	1	0	0
ASO 3	Iba1	60	Fiber tracts	3	1	0	0
ASO 3	Iba1	60	Fiber tracts	4	1	0	0
ASO 3	Iba1	30	Fiber tracts	1	2	0	0
ASO 3	Iba1	30	Fiber tracts	2	2	0	0
ASO 3	Iba1	30	Fiber tracts	3	2	0	0
ASO 3	Iba1	30	Fiber tracts	4	2	0	0
ASO 3	Iba1	-14	Fiber tracts	1	2	0	0
ASO 3	Iba1	-14	Fiber tracts	2	1	0	0
ASO 3	Iba1	-14	Fiber tracts	3	2	0	0
ASO 3	Iba1	-14	Fiber tracts	4	2	0	0
ASO 3	Iba1	123	Cortex	1	1	0	0
ASO 3	Iba1	123	Cortex	2	1	0	0
ASO 3	Iba1	123	Cortex	3	1	0	0
ASO 3	Iba1	123	Cortex	4	2	0	0
ASO 3	Iba1	90	Cortex	1	2	0	0
ASO 3	Iba1	90	Cortex	2	2	0	0
ASO 3	Iba1	90	Cortex	3	1	0	0
ASO 3	Iba1	90	Cortex	4	1	0	0
ASO 3	Iba1	60	Cortex	1	1	0	0
ASO 3	Iba1	60	Cortex	2	1	0	0
ASO 3	Iba1	60	Cortex	3	2	0	0
ASO 3	Iba1	60	Cortex	4	1	0	0
ASO 3	Iba1	30	Cortex	1	2	0	0
ASO 3	Iba1	30	Cortex	2	1	0	0
ASO 3	Iba1	30	Cortex	3	1	0	0
ASO 3	Iba1	30	Cortex	4	1	0	0
ASO 3	Iba1	-14	Cortex	1	1	0	0
ASO 3	Iba1	-14	Cortex	2	1	0	0
ASO 3	Iba1	-14	Cortex	3	2	0	0
ASO 3	Iba1	-14	Cortex	4	1	0	0
ASO 3	Iba1	123	Hippocampus	1	1	0	0
ASO 3	Iba1	123	Hippocampus	2	1	0	0
ASO 3	Iba1	123	Hippocampus	3	1	0	0
ASO 3	Iba1	123	Hippocampus	4	2	0	0
ASO 3	Iba1	90	Hippocampus	1	2	0	0
ASO 3	Iba1	90	Hippocampus	2	1	0	0
ASO 3	Iba1	90	Hippocampus	3	2	0	0
ASO 3	Iba1	90	Hippocampus	4	2	0	0
ASO 3	Iba1	60	Hippocampus	1	2	0	0
ASO 3	Iba1	60	Hippocampus	2	NA	NA	NA
ASO 3	Iba1	60	Hippocampus	3	2	0	0
ASO 3	Iba1	60	Hippocampus	4	1	0	0
ASO 3	Iba1	30	Hippocampus	1	2	0	0
ASO 3	Iba1	30	Hippocampus	2	2	0	0
ASO 3	Iba1	30	Hippocampus	3	2	0	0
ASO 3	Iba1	30	Hippocampus	4	1	0	0
ASO 3	Iba1	-14	Hippocampus	1	2	0	0
ASO 3	Iba1	-14	Hippocampus	2	2	0	0
ASO 3	Iba1	-14	Hippocampus	3	2	0	0
ASO 3	Iba1	-14	Hippocampus	4	2	0	0
ASO 3	Iba1	123	CP	1	1	0	0
ASO 3	Iba1	123	CP	2	1	0	0
ASO 3	Iba1	123	CP	3	1	0	0
ASO 3	Iba1	123	CP	4	0	0	0
ASO 3	Iba1	90	CP	1	1	0	0
ASO 3	Iba1	90	CP	2	1	0	0
ASO 3	Iba1	90	CP	3	1	0	0
ASO 3	Iba1	90	CP	4	0	0	0
ASO 3	Iba1	60	CP	1	2	0	0
ASO 3	Iba1	60	CP	2	1	0	0
ASO 3	Iba1	60	CP	3	1	0	0
ASO 3	Iba1	60	CP	4	0	0	0
ASO 3	Iba1	30	CP	1	0	0	0
ASO 3	Iba1	30	CP	2	0	0	0
ASO 3	Iba1	30	CP	3	1	0	0
ASO 3	Iba1	30	CP	4	1	0	0
ASO 3	Iba1	-14	CP	1	0	0	0
ASO 3	Iba1	-14	CP	2	0	0	0
ASO 3	Iba1	-14	CP	3	1	0	0
ASO 3	Iba1	-14	CP	4	1	0	0
ASO 3	Iba1	123	Pallidum	1	1	0	0
ASO 3	Iba1	123	Pallidum	2	2	0	0
ASO 3	Iba1	123	Pallidum	3	1	0	0
ASO 3	Iba1	123	Pallidum	4	1	0	0
ASO 3	Iba1	90	Pallidum	1	1	0	0
ASO 3	Iba1	90	Pallidum	2	0	0	0
ASO 3	Iba1	90	Pallidum	3	1	0	0
ASO 3	Iba1	90	Pallidum	4	0	0	0
ASO 3	Iba1	60	Pallidum	1	0	0	0
ASO 3	Iba1	60	Pallidum	2	0	0	0
ASO 3	Iba1	60	Pallidum	3	1	0	0
ASO 3	Iba1	60	Pallidum	4	0	0	0
ASO 3	Iba1	30	Pallidum	1	1	0	0
ASO 3	Iba1	30	Pallidum	2	1	0	0
ASO 3	Iba1	30	Pallidum	3	1	0	0
ASO 3	Iba1	30	Pallidum	4	0	0	0
ASO 3	Iba1	-14	Pallidum	1	1	0	0
ASO 3	Iba1	-14	Pallidum	2	1	0	0
ASO 3	Iba1	-14	Pallidum	3	1	0	0
ASO 3	Iba1	-14	Pallidum	4	1	0	0
ASO 3	Iba1	123	Thalamus	1	3	0	0
ASO 3	Iba1	123	Thalamus	2	3	0	0
ASO 3	Iba1	123	Thalamus	3	3	0	0
ASO 3	Iba1	123	Thalamus	4	2	0	0
ASO 3	Iba1	90	Thalamus	1	2	0	0
ASO 3	Iba1	90	Thalamus	2	3	0	0
ASO 3	Iba1	90	Thalamus	3	2	0	0
ASO 3	Iba1	90	Thalamus	4	2	0	0
ASO 3	Iba1	60	Thalamus	1	1	0	0
ASO 3	Iba1	60	Thalamus	2	2	0	0
ASO 3	Iba1	60	Thalamus	3	2	0	0
ASO 3	Iba1	60	Thalamus	4	2	0	0
ASO 3	Iba1	30	Thalamus	1	2	0	0
ASO 3	Iba1	30	Thalamus	2	2	0	0
ASO 3	Iba1	30	Thalamus	3	2	0	0
ASO 3	Iba1	30	Thalamus	4	2	0	0
ASO 3	Iba1	-14	Thalamus	1	3	0	0
ASO 3	Iba1	-14	Thalamus	2	3	0	0
ASO 3	Iba1	-14	Thalamus	3	3	0	0
ASO 3	Iba1	-14	Thalamus	4	2	0	0
ASO 3	Iba1	123	midbrain	1	1	0	0
ASO 3	Iba1	123	midbrain	2	2	0	0
ASO 3	Iba1	123	midbrain	3	0	0	0
ASO 3	Iba1	123	midbrain	4	1	0	0
ASO 3	Iba1	90	midbrain	1	1	0	0
ASO 3	Iba1	90	midbrain	2	1	0	0
ASO 3	Iba1	90	midbrain	3	1	0	0
ASO 3	Iba1	90	midbrain	4	1	0	0
ASO 3	Iba1	60	midbrain	1	1	0	0
ASO 3	Iba1	60	midbrain	2	1	0	0
ASO 3	Iba1	60	midbrain	3	0	0	0
ASO 3	Iba1	60	midbrain	4	1	0	0
ASO 3	Iba1	30	midbrain	1	2	0	0
ASO 3	Iba1	30	midbrain	2	0	0	0
ASO 3	Iba1	30	midbrain	3	1	0	0
ASO 3	Iba1	30	midbrain	4	1	0	0
ASO 3	Iba1	-14	midbrain	1	2	0	0
ASO 3	Iba1	-14	midbrain	2	2	0	0
ASO 3	Iba1	-14	midbrain	3	1	0	0
ASO 3	Iba1	-14	midbrain	4	1	0	0
ASO 3	Iba1	123	Cereb_mol layer	1	0	0	0
ASO 3	Iba1	123	Cereb_mol layer	2	1	0	0
ASO 3	Iba1	123	Cereb_mol layer	3	1	0	0
ASO 3	Iba1	123	Cereb_mol layer	4	1	0	0
ASO 3	Iba1	90	Cereb_mol layer	1	1	0	0
ASO 3	Iba1	90	Cereb_mol layer	2	1	0	0
ASO 3	Iba1	90	Cereb_mol layer	3	0	0	0
ASO 3	Iba1	90	Cereb_mol layer	4	1	0	0
ASO 3	Iba1	60	Cereb_mol layer	1	0	0	0
ASO 3	Iba1	60	Cereb_mol layer	2	0	0	0
ASO 3	Iba1	60	Cereb_mol layer	3	1	0	0
ASO 3	Iba1	60	Cereb_mol layer	4	0	0	0
ASO 3	Iba1	30	Cereb_mol layer	1	1	0	0
ASO 3	Iba1	30	Cereb_mol layer	2	0	0	0
ASO 3	Iba1	30	Cereb_mol layer	3	0	0	0
ASO 3	Iba1	30	Cereb_mol layer	4	1	0	0
ASO 3	Iba1	-14	Cereb_mol layer	1	1	0	0
ASO 3	Iba1	-14	Cereb_mol layer	2	1	0	0
ASO 3	Iba1	-14	Cereb_mol layer	3	1	0	0
ASO 3	Iba1	-14	Cereb_mol layer	4	1	0	0
ASO 3	Iba1	123	Cereb_gran layer	1	0	0	0
ASO 3	Iba1	123	Cereb_gran layer	2	1	0	0
ASO 3	Iba1	123	Cereb_gran layer	3	0	0	0
ASO 3	Iba1	123	Cereb_gran layer	4	1	0	0
ASO 3	Iba1	90	Cereb_gran layer	1	1	0	0
ASO 3	Iba1	90	Cereb_gran layer	2	1	0	0
ASO 3	Iba1	90	Cereb_gran layer	3	1	0	0
ASO 3	Iba1	90	Cereb_gran layer	4	1	0	0
ASO 3	Iba1	60	Cereb_gran layer	1	0	0	0
ASO 3	Iba1	60	Cereb_gran layer	2	0	0	0
ASO 3	Iba1	60	Cereb_gran layer	3	0	0	0
ASO 3	Iba1	60	Cereb_gran layer	4	0	0	0
ASO 3	Iba1	30	Cereb_gran layer	1	0	0	0
ASO 3	Iba1	30	Cereb_gran layer	2	0	0	0
ASO 3	Iba1	30	Cereb_gran layer	3	0	0	0
ASO 3	Iba1	30	Cereb_gran layer	4	0	0	0
ASO 3	Iba1	-14	Cereb_gran layer	1	0	0	0
ASO 3	Iba1	-14	Cereb_gran layer	2	1	0	0
ASO 3	Iba1	-14	Cereb_gran layer	3	1	0	0
ASO 3	Iba1	-14	Cereb_gran layer	4	1	0	0
ASO 3	Iba1	123	Cereb_peduncle	1	1	0	0
ASO 3	Iba1	123	Cereb_peduncle	2	1	0	0
ASO 3	Iba1	123	Cereb_peduncle	3	1	0	0
ASO 3	Iba1	123	Cereb_peduncle	4	1	0	0
ASO 3	Iba1	90	Cereb_peduncle	1	1	0	0
ASO 3	Iba1	90	Cereb_peduncle	2	1	0	0
ASO 3	Iba1	90	Cereb_peduncle	3	1	0	0
ASO 3	Iba1	90	Cereb_peduncle	4	1	0	0
ASO 3	Iba1	60	Cereb_peduncle	1	1	0	0
ASO 3	Iba1	60	Cereb_peduncle	2	0	0	0
ASO 3	Iba1	60	Cereb_peduncle	3	0	0	0
ASO 3	Iba1	60	Cereb_peduncle	4	NA	NA	NA
ASO 3	Iba1	30	Cereb_peduncle	1	1	0	0
ASO 3	Iba1	30	Cereb_peduncle	2	0	0	0
ASO 3	Iba1	30	Cereb_peduncle	3	0	0	0
ASO 3	Iba1	30	Cereb_peduncle	4	1	0	0
ASO 3	Iba1	-14	Cereb_peduncle	1	1	0	0
ASO 3	Iba1	-14	Cereb_peduncle	2	1	0	0
ASO 3	Iba1	-14	Cereb_peduncle	3	1	0	0
ASO 3	Iba1	-14	Cereb_peduncle	4	1	0	0
ASO 3	Iba1	123	medulla	1	1	0	0
ASO 3	Iba1	123	medulla	2	0	0	0
ASO 3	Iba1	123	medulla	3	1	0	0
ASO 3	Iba1	123	medulla	4	2	0	0
ASO 3	Iba1	90	medulla	1	1	0	0
ASO 3	Iba1	90	medulla	2	1	0	0
ASO 3	Iba1	90	medulla	3	1	0	0
ASO 3	Iba1	90	medulla	4	1	0	0
ASO 3	Iba1	60	medulla	1	0	0	0
ASO 3	Iba1	60	medulla	2	0	0	0
ASO 3	Iba1	60	medulla	3	1	0	0
ASO 3	Iba1	60	medulla	4	1	0	0
ASO 3	Iba1	30	medulla	1	1	0	0
ASO 3	Iba1	30	medulla	2	0	0	0
ASO 3	Iba1	30	medulla	3	0	0	0
ASO 3	Iba1	30	medulla	4	NA	NA	NA
ASO 3	Iba1	-14	medulla	1	2	0	0
ASO 3	Iba1	-14	medulla	2	1	0	0
ASO 3	Iba1	-14	medulla	3	1	0	0
ASO 3	Iba1	-14	medulla	4	1	0	0
ASO 3	Iba1	123	Subiculum	1	1	0	0
ASO 3	Iba1	123	Subiculum	2	2	0	0
ASO 3	Iba1	123	Subiculum	3	2	0	0
ASO 3	Iba1	123	Subiculum	4	2	0	0
ASO 3	Iba1	90	Subiculum	1	1	0	0
ASO 3	Iba1	90	Subiculum	2	1	0	0
ASO 3	Iba1	90	Subiculum	3	1	0	0
ASO 3	Iba1	90	Subiculum	4	1	0	0
ASO 3	Iba1	60	Subiculum	1	1	0	0
ASO 3	Iba1	60	Subiculum	2	NA	NA	NA
ASO 3	Iba1	60	Subiculum	3	1	0	0
ASO 3	Iba1	60	Subiculum	4	0	0	0
ASO 3	Iba1	30	Subiculum	1	1	0	0
ASO 3	Iba1	30	Subiculum	2	1	0	0
ASO 3	Iba1	30	Subiculum	3	1	0	0
ASO 3	Iba1	30	Subiculum	4	1	0	0
ASO 3	Iba1	-14	Subiculum	1	2	0	0
ASO 3	Iba1	-14	Subiculum	2	1	0	0
ASO 3	Iba1	-14	Subiculum	3	2	0	0
ASO 3	Iba1	-14	Subiculum	4	2	0	0
ASO 3	PrP	123	Fiber tracts	1	0	0	0
ASO 3	PrP	123	Fiber tracts	2	1	0	0
ASO 3	PrP	123	Fiber tracts	3	1	0	0
ASO 3	PrP	123	Fiber tracts	4	1	0	0
ASO 3	PrP	90	Fiber tracts	1	0	0	0
ASO 3	PrP	90	Fiber tracts	2	0	0	0
ASO 3	PrP	90	Fiber tracts	3	0	0	0
ASO 3	PrP	90	Fiber tracts	4	0	0	0
ASO 3	PrP	60	Fiber tracts	1	1	0	0
ASO 3	PrP	60	Fiber tracts	2	1	0	0
ASO 3	PrP	60	Fiber tracts	3	1	0	0
ASO 3	PrP	60	Fiber tracts	4	1	0	0
ASO 3	PrP	30	Fiber tracts	1	1	0	0
ASO 3	PrP	30	Fiber tracts	2	0	0	0
ASO 3	PrP	30	Fiber tracts	3	0	0	0
ASO 3	PrP	30	Fiber tracts	4	1	0	0
ASO 3	PrP	-14	Fiber tracts	1	1	0	0
ASO 3	PrP	-14	Fiber tracts	2	1	0	0
ASO 3	PrP	-14	Fiber tracts	3	1	0	0
ASO 3	PrP	-14	Fiber tracts	4	1	0	0
ASO 3	PrP	123	Cortex	1	2	0	0
ASO 3	PrP	123	Cortex	2	2	0	0
ASO 3	PrP	123	Cortex	3	2	0	0
ASO 3	PrP	123	Cortex	4	2	0	0
ASO 3	PrP	90	Cortex	1	1	0	0
ASO 3	PrP	90	Cortex	2	2	0	0
ASO 3	PrP	90	Cortex	3	2	0	0
ASO 3	PrP	90	Cortex	4	2	0	0
ASO 3	PrP	60	Cortex	1	2	0	0
ASO 3	PrP	60	Cortex	2	3	0	0
ASO 3	PrP	60	Cortex	3	2	0	0
ASO 3	PrP	60	Cortex	4	3	0	0
ASO 3	PrP	30	Cortex	1	2	0	0
ASO 3	PrP	30	Cortex	2	3	0	0
ASO 3	PrP	30	Cortex	3	3	0	0
ASO 3	PrP	30	Cortex	4	2	0	0
ASO 3	PrP	-14	Cortex	1	3	0	0
ASO 3	PrP	-14	Cortex	2	3	0	0
ASO 3	PrP	-14	Cortex	3	3	0	0
ASO 3	PrP	-14	Cortex	4	3	0	0
ASO 3	PrP	123	Hippocampus	1	2	0	0
ASO 3	PrP	123	Hippocampus	2	2	0	0
ASO 3	PrP	123	Hippocampus	3	1	0	0
ASO 3	PrP	123	Hippocampus	4	2	0	0
ASO 3	PrP	90	Hippocampus	1	2	0	0
ASO 3	PrP	90	Hippocampus	2	2	0	0
ASO 3	PrP	90	Hippocampus	3	2	0	0
ASO 3	PrP	90	Hippocampus	4	2	0	0
ASO 3	PrP	60	Hippocampus	1	2	0	0
ASO 3	PrP	60	Hippocampus	2	NA	NA	NA
ASO 3	PrP	60	Hippocampus	3	2	0	0
ASO 3	PrP	60	Hippocampus	4	3	0	0
ASO 3	PrP	30	Hippocampus	1	2	0	0
ASO 3	PrP	30	Hippocampus	2	3	0	0
ASO 3	PrP	30	Hippocampus	3	3	0	0
ASO 3	PrP	30	Hippocampus	4	2	0	0
ASO 3	PrP	-14	Hippocampus	1	3	0	0
ASO 3	PrP	-14	Hippocampus	2	2	0	0
ASO 3	PrP	-14	Hippocampus	3	3	0	0
ASO 3	PrP	-14	Hippocampus	4	3	0	0
ASO 3	PrP	123	CP	1	1	0	0
ASO 3	PrP	123	CP	2	0	0	0
ASO 3	PrP	123	CP	3	1	0	0
ASO 3	PrP	123	CP	4	0	0	0
ASO 3	PrP	90	CP	1	1	0	0
ASO 3	PrP	90	CP	2	1	0	0
ASO 3	PrP	90	CP	3	1	0	0
ASO 3	PrP	90	CP	4	1	0	0
ASO 3	PrP	60	CP	1	0	0	0
ASO 3	PrP	60	CP	2	1	0	0
ASO 3	PrP	60	CP	3	1	0	0
ASO 3	PrP	60	CP	4	1	0	0
ASO 3	PrP	30	CP	1	0	0	0
ASO 3	PrP	30	CP	2	1	0	0
ASO 3	PrP	30	CP	3	1	0	0
ASO 3	PrP	30	CP	4	0	0	0
ASO 3	PrP	-14	CP	1	1	0	0
ASO 3	PrP	-14	CP	2	1	0	0
ASO 3	PrP	-14	CP	3	2	0	0
ASO 3	PrP	-14	CP	4	2	0	0
ASO 3	PrP	123	Pallidum	1	1	0	0
ASO 3	PrP	123	Pallidum	2	0	0	0
ASO 3	PrP	123	Pallidum	3	1	0	0
ASO 3	PrP	123	Pallidum	4	0	0	0
ASO 3	PrP	90	Pallidum	1	1	0	0
ASO 3	PrP	90	Pallidum	2	1	0	0
ASO 3	PrP	90	Pallidum	3	1	0	0
ASO 3	PrP	90	Pallidum	4	1	0	0
ASO 3	PrP	60	Pallidum	1	0	0	0
ASO 3	PrP	60	Pallidum	2	1	0	0
ASO 3	PrP	60	Pallidum	3	1	0	0
ASO 3	PrP	60	Pallidum	4	1	0	0
ASO 3	PrP	30	Pallidum	1	0	0	0
ASO 3	PrP	30	Pallidum	2	1	0	0
ASO 3	PrP	30	Pallidum	3	1	0	0
ASO 3	PrP	30	Pallidum	4	0	0	0
ASO 3	PrP	-14	Pallidum	1	1	0	0
ASO 3	PrP	-14	Pallidum	2	1	0	0
ASO 3	PrP	-14	Pallidum	3	2	0	0
ASO 3	PrP	-14	Pallidum	4	2	0	0
ASO 3	PrP	123	Thalamus	1	1	0	0
ASO 3	PrP	123	Thalamus	2	2	0	0
ASO 3	PrP	123	Thalamus	3	1	0	0
ASO 3	PrP	123	Thalamus	4	2	0	0
ASO 3	PrP	90	Thalamus	1	3	0	0
ASO 3	PrP	90	Thalamus	2	2	0	0
ASO 3	PrP	90	Thalamus	3	2	0	0
ASO 3	PrP	90	Thalamus	4	2	0	0
ASO 3	PrP	60	Thalamus	1	2	0	0
ASO 3	PrP	60	Thalamus	2	2	0	0
ASO 3	PrP	60	Thalamus	3	3	0	0
ASO 3	PrP	60	Thalamus	4	3	0	0
ASO 3	PrP	30	Thalamus	1	2	0	0
ASO 3	PrP	30	Thalamus	2	3	0	0
ASO 3	PrP	30	Thalamus	3	3	0	0
ASO 3	PrP	30	Thalamus	4	2	0	0
ASO 3	PrP	-14	Thalamus	1	2	0	0
ASO 3	PrP	-14	Thalamus	2	3	0	0
ASO 3	PrP	-14	Thalamus	3	3	0	0
ASO 3	PrP	-14	Thalamus	4	3	0	0
ASO 3	PrP	123	midbrain	1	0	0	0
ASO 3	PrP	123	midbrain	2	0	0	0
ASO 3	PrP	123	midbrain	3	0	0	0
ASO 3	PrP	123	midbrain	4	1	0	0
ASO 3	PrP	90	midbrain	1	1	0	0
ASO 3	PrP	90	midbrain	2	0	0	0
ASO 3	PrP	90	midbrain	3	1	0	0
ASO 3	PrP	90	midbrain	4	1	0	0
ASO 3	PrP	60	midbrain	1	1	0	0
ASO 3	PrP	60	midbrain	2	1	0	0
ASO 3	PrP	60	midbrain	3	1	0	0
ASO 3	PrP	60	midbrain	4	2	0	0
ASO 3	PrP	30	midbrain	1	0	0	0
ASO 3	PrP	30	midbrain	2	1	0	0
ASO 3	PrP	30	midbrain	3	1	0	0
ASO 3	PrP	30	midbrain	4	1	0	0
ASO 3	PrP	-14	midbrain	1	1	0	0
ASO 3	PrP	-14	midbrain	2	1	0	0
ASO 3	PrP	-14	midbrain	3	1	0	0
ASO 3	PrP	-14	midbrain	4	1	0	0
ASO 3	PrP	123	Cereb_mol layer	1	0	0	0
ASO 3	PrP	123	Cereb_mol layer	2	0	0	0
ASO 3	PrP	123	Cereb_mol layer	3	0	0	0
ASO 3	PrP	123	Cereb_mol layer	4	0	0	0
ASO 3	PrP	90	Cereb_mol layer	1	0	0	0
ASO 3	PrP	90	Cereb_mol layer	2	0	0	0
ASO 3	PrP	90	Cereb_mol layer	3	0	0	0
ASO 3	PrP	90	Cereb_mol layer	4	0	0	0
ASO 3	PrP	60	Cereb_mol layer	1	0	0	0
ASO 3	PrP	60	Cereb_mol layer	2	0	0	0
ASO 3	PrP	60	Cereb_mol layer	3	0	0	0
ASO 3	PrP	60	Cereb_mol layer	4	0	0	0
ASO 3	PrP	30	Cereb_mol layer	1	0	0	0
ASO 3	PrP	30	Cereb_mol layer	2	0	0	0
ASO 3	PrP	30	Cereb_mol layer	3	0	0	0
ASO 3	PrP	30	Cereb_mol layer	4	NA	NA	NA
ASO 3	PrP	-14	Cereb_mol layer	1	0	0	0
ASO 3	PrP	-14	Cereb_mol layer	2	0	0	0
ASO 3	PrP	-14	Cereb_mol layer	3	0	0	0
ASO 3	PrP	-14	Cereb_mol layer	4	0	0	0
ASO 3	PrP	123	Cereb_gran layer	1	0	0	0
ASO 3	PrP	123	Cereb_gran layer	2	1	0	0
ASO 3	PrP	123	Cereb_gran layer	3	0	0	0
ASO 3	PrP	123	Cereb_gran layer	4	1	0	0
ASO 3	PrP	90	Cereb_gran layer	1	0	0	0
ASO 3	PrP	90	Cereb_gran layer	2	1	0	0
ASO 3	PrP	90	Cereb_gran layer	3	1	0	0
ASO 3	PrP	90	Cereb_gran layer	4	1	0	0
ASO 3	PrP	60	Cereb_gran layer	1	0	0	0
ASO 3	PrP	60	Cereb_gran layer	2	1	0	0
ASO 3	PrP	60	Cereb_gran layer	3	1	0	0
ASO 3	PrP	60	Cereb_gran layer	4	1	0	0
ASO 3	PrP	30	Cereb_gran layer	1	1	0	0
ASO 3	PrP	30	Cereb_gran layer	2	1	0	0
ASO 3	PrP	30	Cereb_gran layer	3	1	0	0
ASO 3	PrP	30	Cereb_gran layer	4	NA	NA	NA
ASO 3	PrP	-14	Cereb_gran layer	1	1	0	0
ASO 3	PrP	-14	Cereb_gran layer	2	1	0	0
ASO 3	PrP	-14	Cereb_gran layer	3	1	0	0
ASO 3	PrP	-14	Cereb_gran layer	4	1	0	0
ASO 3	PrP	123	Cereb_peduncle	1	1	0	0
ASO 3	PrP	123	Cereb_peduncle	2	0	0	0
ASO 3	PrP	123	Cereb_peduncle	3	0	0	0
ASO 3	PrP	123	Cereb_peduncle	4	1	0	0
ASO 3	PrP	90	Cereb_peduncle	1	0	0	0
ASO 3	PrP	90	Cereb_peduncle	2	0	0	0
ASO 3	PrP	90	Cereb_peduncle	3	0	0	0
ASO 3	PrP	90	Cereb_peduncle	4	0	0	0
ASO 3	PrP	60	Cereb_peduncle	1	0	0	0
ASO 3	PrP	60	Cereb_peduncle	2	0	0	0
ASO 3	PrP	60	Cereb_peduncle	3	0	0	0
ASO 3	PrP	60	Cereb_peduncle	4	0	0	0
ASO 3	PrP	30	Cereb_peduncle	1	0	0	0
ASO 3	PrP	30	Cereb_peduncle	2	1	0	0
ASO 3	PrP	30	Cereb_peduncle	3	1	0	0
ASO 3	PrP	30	Cereb_peduncle	4	NA	NA	NA
ASO 3	PrP	-14	Cereb_peduncle	1	0	0	0
ASO 3	PrP	-14	Cereb_peduncle	2	0	0	0
ASO 3	PrP	-14	Cereb_peduncle	3	0	0	0
ASO 3	PrP	-14	Cereb_peduncle	4	0	0	0
ASO 3	PrP	123	medulla	1	0	0	0
ASO 3	PrP	123	medulla	2	1	0	0
ASO 3	PrP	123	medulla	3	0	0	0
ASO 3	PrP	123	medulla	4	1	0	0
ASO 3	PrP	90	medulla	1	0	0	0
ASO 3	PrP	90	medulla	2	1	0	0
ASO 3	PrP	90	medulla	3	1	0	0
ASO 3	PrP	90	medulla	4	0	0	0
ASO 3	PrP	60	medulla	1	1	0	0
ASO 3	PrP	60	medulla	2	1	0	0
ASO 3	PrP	60	medulla	3	1	0	0
ASO 3	PrP	60	medulla	4	0	0	0
ASO 3	PrP	30	medulla	1	0	0	0
ASO 3	PrP	30	medulla	2	0	0	0
ASO 3	PrP	30	medulla	3	0	0	0
ASO 3	PrP	30	medulla	4	NA	NA	NA
ASO 3	PrP	-14	medulla	1	1	0	0
ASO 3	PrP	-14	medulla	2	1	0	0
ASO 3	PrP	-14	medulla	3	0	0	0
ASO 3	PrP	-14	medulla	4	0	0	0
ASO 3	PrP	123	Subiculum	1	1	0	0
ASO 3	PrP	123	Subiculum	2	1	0	0
ASO 3	PrP	123	Subiculum	3	2	0	0
ASO 3	PrP	123	Subiculum	4	3	0	0
ASO 3	PrP	90	Subiculum	1	3	0	0
ASO 3	PrP	90	Subiculum	2	2	0	0
ASO 3	PrP	90	Subiculum	3	2	0	0
ASO 3	PrP	90	Subiculum	4	2	0	0
ASO 3	PrP	60	Subiculum	1	2	0	0
ASO 3	PrP	60	Subiculum	2	NA	NA	NA
ASO 3	PrP	60	Subiculum	3	2	0	0
ASO 3	PrP	60	Subiculum	4	2	0	0
ASO 3	PrP	30	Subiculum	1	2	0	0
ASO 3	PrP	30	Subiculum	2	3	0	0
ASO 3	PrP	30	Subiculum	3	3	0	0
ASO 3	PrP	30	Subiculum	4	3	0	0
ASO 3	PrP	-14	Subiculum	1	3	0	0
ASO 3	PrP	-14	Subiculum	2	3	0	0
ASO 3	PrP	-14	Subiculum	3	3	0	0
ASO 3	PrP	-14	Subiculum	4	3	0	0
ASO 3	ASO	123	Fiber tracts	1	1	0	0
ASO 3	ASO	123	Fiber tracts	2	1	0	0
ASO 3	ASO	123	Fiber tracts	3	2	0	0
ASO 3	ASO	123	Fiber tracts	4	2	0	0
ASO 3	ASO	90	Fiber tracts	1	0	0	0
ASO 3	ASO	90	Fiber tracts	2	0	0	0
ASO 3	ASO	90	Fiber tracts	3	0	0	0
ASO 3	ASO	90	Fiber tracts	4	0	0	0
ASO 3	ASO	60	Fiber tracts	1	0	0	0
ASO 3	ASO	60	Fiber tracts	2	0	0	0
ASO 3	ASO	60	Fiber tracts	3	0	0	0
ASO 3	ASO	60	Fiber tracts	4	0	0	0
ASO 3	ASO	30	Fiber tracts	1	0	0	0
ASO 3	ASO	30	Fiber tracts	2	0	0	0
ASO 3	ASO	30	Fiber tracts	3	0	0	0
ASO 3	ASO	30	Fiber tracts	4	0	0	0
ASO 3	ASO	-14	Fiber tracts	1	0	0	0
ASO 3	ASO	-14	Fiber tracts	2	0	0	0
ASO 3	ASO	-14	Fiber tracts	3	0	0	0
ASO 3	ASO	-14	Fiber tracts	4	0	0	0
ASO 3	ASO	123	Cortex	1	2	0	0
ASO 3	ASO	123	Cortex	2	1	0	0
ASO 3	ASO	123	Cortex	3	3	0	0
ASO 3	ASO	123	Cortex	4	3	0	0
ASO 3	ASO	90	Cortex	1	0	0	0
ASO 3	ASO	90	Cortex	2	0	0	0
ASO 3	ASO	90	Cortex	3	0	0	0
ASO 3	ASO	90	Cortex	4	0	0	0
ASO 3	ASO	60	Cortex	1	0	0	0
ASO 3	ASO	60	Cortex	2	0	0	0
ASO 3	ASO	60	Cortex	3	0	0	0
ASO 3	ASO	60	Cortex	4	0	0	0
ASO 3	ASO	30	Cortex	1	0	0	0
ASO 3	ASO	30	Cortex	2	0	0	0
ASO 3	ASO	30	Cortex	3	0	0	0
ASO 3	ASO	30	Cortex	4	0	0	0
ASO 3	ASO	-14	Cortex	1	0	0	0
ASO 3	ASO	-14	Cortex	2	0	0	0
ASO 3	ASO	-14	Cortex	3	0	0	0
ASO 3	ASO	-14	Cortex	4	0	0	0
ASO 3	ASO	123	Hippocampus	1	2	0	0
ASO 3	ASO	123	Hippocampus	2	1	0	0
ASO 3	ASO	123	Hippocampus	3	3	0	0
ASO 3	ASO	123	Hippocampus	4	2	0	0
ASO 3	ASO	90	Hippocampus	1	0	0	0
ASO 3	ASO	90	Hippocampus	2	0	0	0
ASO 3	ASO	90	Hippocampus	3	0	0	0
ASO 3	ASO	90	Hippocampus	4	0	0	0
ASO 3	ASO	60	Hippocampus	1	0	0	0
ASO 3	ASO	60	Hippocampus	2	0	0	0
ASO 3	ASO	60	Hippocampus	3	0	0	0
ASO 3	ASO	60	Hippocampus	4	0	0	0
ASO 3	ASO	30	Hippocampus	1	0	0	0
ASO 3	ASO	30	Hippocampus	2	0	0	0
ASO 3	ASO	30	Hippocampus	3	0	0	0
ASO 3	ASO	30	Hippocampus	4	0	0	0
ASO 3	ASO	-14	Hippocampus	1	0	0	0
ASO 3	ASO	-14	Hippocampus	2	0	0	0
ASO 3	ASO	-14	Hippocampus	3	0	0	0
ASO 3	ASO	-14	Hippocampus	4	0	0	0
ASO 3	ASO	123	CP	1	2	0	0
ASO 3	ASO	123	CP	2	1	0	0
ASO 3	ASO	123	CP	3	3	0	0
ASO 3	ASO	123	CP	4	3	0	0
ASO 3	ASO	90	CP	1	0	0	0
ASO 3	ASO	90	CP	2	0	0	0
ASO 3	ASO	90	CP	3	0	0	0
ASO 3	ASO	90	CP	4	0	0	0
ASO 3	ASO	60	CP	1	0	0	0
ASO 3	ASO	60	CP	2	0	0	0
ASO 3	ASO	60	CP	3	0	0	0
ASO 3	ASO	60	CP	4	0	0	0
ASO 3	ASO	30	CP	1	0	0	0
ASO 3	ASO	30	CP	2	0	0	0
ASO 3	ASO	30	CP	3	0	0	0
ASO 3	ASO	30	CP	4	0	0	0
ASO 3	ASO	-14	CP	1	0	0	0
ASO 3	ASO	-14	CP	2	0	0	0
ASO 3	ASO	-14	CP	3	0	0	0
ASO 3	ASO	-14	CP	4	0	0	0
ASO 3	ASO	123	Pallidum	1	3	0	0
ASO 3	ASO	123	Pallidum	2	1	0	0
ASO 3	ASO	123	Pallidum	3	3	0	0
ASO 3	ASO	123	Pallidum	4	3	0	0
ASO 3	ASO	90	Pallidum	1	0	0	0
ASO 3	ASO	90	Pallidum	2	0	0	0
ASO 3	ASO	90	Pallidum	3	0	0	0
ASO 3	ASO	90	Pallidum	4	0	0	0
ASO 3	ASO	60	Pallidum	1	0	0	0
ASO 3	ASO	60	Pallidum	2	0	0	0
ASO 3	ASO	60	Pallidum	3	0	0	0
ASO 3	ASO	60	Pallidum	4	0	0	0
ASO 3	ASO	30	Pallidum	1	0	0	0
ASO 3	ASO	30	Pallidum	2	0	0	0
ASO 3	ASO	30	Pallidum	3	0	0	0
ASO 3	ASO	30	Pallidum	4	0	0	0
ASO 3	ASO	-14	Pallidum	1	0	0	0
ASO 3	ASO	-14	Pallidum	2	0	0	0
ASO 3	ASO	-14	Pallidum	3	0	0	0
ASO 3	ASO	-14	Pallidum	4	0	0	0
ASO 3	ASO	123	Thalamus	1	2	0	0
ASO 3	ASO	123	Thalamus	2	2	0	0
ASO 3	ASO	123	Thalamus	3	3	0	0
ASO 3	ASO	123	Thalamus	4	3	0	0
ASO 3	ASO	90	Thalamus	1	0	0	0
ASO 3	ASO	90	Thalamus	2	0	0	0
ASO 3	ASO	90	Thalamus	3	0	0	0
ASO 3	ASO	90	Thalamus	4	0	0	0
ASO 3	ASO	60	Thalamus	1	0	0	0
ASO 3	ASO	60	Thalamus	2	0	0	0
ASO 3	ASO	60	Thalamus	3	0	0	0
ASO 3	ASO	60	Thalamus	4	0	0	0
ASO 3	ASO	30	Thalamus	1	0	0	0
ASO 3	ASO	30	Thalamus	2	0	0	0
ASO 3	ASO	30	Thalamus	3	0	0	0
ASO 3	ASO	30	Thalamus	4	0	0	0
ASO 3	ASO	-14	Thalamus	1	0	0	0
ASO 3	ASO	-14	Thalamus	2	0	0	0
ASO 3	ASO	-14	Thalamus	3	0	0	0
ASO 3	ASO	-14	Thalamus	4	0	0	0
ASO 3	ASO	123	midbrain	1	3	0	0
ASO 3	ASO	123	midbrain	2	3	0	0
ASO 3	ASO	123	midbrain	3	3	0	0
ASO 3	ASO	123	midbrain	4	3	0	0
ASO 3	ASO	90	midbrain	1	0	0	0
ASO 3	ASO	90	midbrain	2	0	0	0
ASO 3	ASO	90	midbrain	3	0	0	0
ASO 3	ASO	90	midbrain	4	0	0	0
ASO 3	ASO	60	midbrain	1	0	0	0
ASO 3	ASO	60	midbrain	2	0	0	0
ASO 3	ASO	60	midbrain	3	0	0	0
ASO 3	ASO	60	midbrain	4	0	0	0
ASO 3	ASO	30	midbrain	1	0	0	0
ASO 3	ASO	30	midbrain	2	0	0	0
ASO 3	ASO	30	midbrain	3	0	0	0
ASO 3	ASO	30	midbrain	4	0	0	0
ASO 3	ASO	-14	midbrain	1	0	0	0
ASO 3	ASO	-14	midbrain	2	0	0	0
ASO 3	ASO	-14	midbrain	3	0	0	0
ASO 3	ASO	-14	midbrain	4	0	0	0
ASO 3	ASO	123	Cereb_mol layer	1	1	0	0
ASO 3	ASO	123	Cereb_mol layer	2	1	0	0
ASO 3	ASO	123	Cereb_mol layer	3	1	0	0
ASO 3	ASO	123	Cereb_mol layer	4	1	0	0
ASO 3	ASO	90	Cereb_mol layer	1	0	0	0
ASO 3	ASO	90	Cereb_mol layer	2	0	0	0
ASO 3	ASO	90	Cereb_mol layer	3	0	0	0
ASO 3	ASO	90	Cereb_mol layer	4	0	0	0
ASO 3	ASO	60	Cereb_mol layer	1	0	0	0
ASO 3	ASO	60	Cereb_mol layer	2	0	0	0
ASO 3	ASO	60	Cereb_mol layer	3	0	0	0
ASO 3	ASO	60	Cereb_mol layer	4	0	0	0
ASO 3	ASO	30	Cereb_mol layer	1	0	0	0
ASO 3	ASO	30	Cereb_mol layer	2	0	0	0
ASO 3	ASO	30	Cereb_mol layer	3	0	0	0
ASO 3	ASO	30	Cereb_mol layer	4	0	0	0
ASO 3	ASO	-14	Cereb_mol layer	1	0	0	0
ASO 3	ASO	-14	Cereb_mol layer	2	0	0	0
ASO 3	ASO	-14	Cereb_mol layer	3	0	0	0
ASO 3	ASO	-14	Cereb_mol layer	4	0	0	0
ASO 3	ASO	123	Cereb_gran layer	1	3	0	0
ASO 3	ASO	123	Cereb_gran layer	2	3	0	0
ASO 3	ASO	123	Cereb_gran layer	3	3	0	0
ASO 3	ASO	123	Cereb_gran layer	4	3	0	0
ASO 3	ASO	90	Cereb_gran layer	1	0	0	0
ASO 3	ASO	90	Cereb_gran layer	2	0	0	0
ASO 3	ASO	90	Cereb_gran layer	3	0	0	0
ASO 3	ASO	90	Cereb_gran layer	4	0	0	0
ASO 3	ASO	60	Cereb_gran layer	1	0	0	0
ASO 3	ASO	60	Cereb_gran layer	2	0	0	0
ASO 3	ASO	60	Cereb_gran layer	3	0	0	0
ASO 3	ASO	60	Cereb_gran layer	4	0	0	0
ASO 3	ASO	30	Cereb_gran layer	1	0	0	0
ASO 3	ASO	30	Cereb_gran layer	2	0	0	0
ASO 3	ASO	30	Cereb_gran layer	3	0	0	0
ASO 3	ASO	30	Cereb_gran layer	4	0	0	0
ASO 3	ASO	-14	Cereb_gran layer	1	0	0	0
ASO 3	ASO	-14	Cereb_gran layer	2	0	0	0
ASO 3	ASO	-14	Cereb_gran layer	3	0	0	0
ASO 3	ASO	-14	Cereb_gran layer	4	0	0	0
ASO 3	ASO	123	Cereb_peduncle	1	3	0	0
ASO 3	ASO	123	Cereb_peduncle	2	2	0	0
ASO 3	ASO	123	Cereb_peduncle	3	2	0	0
ASO 3	ASO	123	Cereb_peduncle	4	2	0	0
ASO 3	ASO	90	Cereb_peduncle	1	0	0	0
ASO 3	ASO	90	Cereb_peduncle	2	0	0	0
ASO 3	ASO	90	Cereb_peduncle	3	0	0	0
ASO 3	ASO	90	Cereb_peduncle	4	0	0	0
ASO 3	ASO	60	Cereb_peduncle	1	0	0	0
ASO 3	ASO	60	Cereb_peduncle	2	0	0	0
ASO 3	ASO	60	Cereb_peduncle	3	0	0	0
ASO 3	ASO	60	Cereb_peduncle	4	0	0	0
ASO 3	ASO	30	Cereb_peduncle	1	0	0	0
ASO 3	ASO	30	Cereb_peduncle	2	0	0	0
ASO 3	ASO	30	Cereb_peduncle	3	0	0	0
ASO 3	ASO	30	Cereb_peduncle	4	0	0	0
ASO 3	ASO	-14	Cereb_peduncle	1	0	0	0
ASO 3	ASO	-14	Cereb_peduncle	2	0	0	0
ASO 3	ASO	-14	Cereb_peduncle	3	0	0	0
ASO 3	ASO	-14	Cereb_peduncle	4	0	0	0
ASO 3	ASO	123	medulla	1	3	0	0
ASO 3	ASO	123	medulla	2	2	0	0
ASO 3	ASO	123	medulla	3	3	0	0
ASO 3	ASO	123	medulla	4	3	0	0
ASO 3	ASO	90	medulla	1	0	0	0
ASO 3	ASO	90	medulla	2	0	0	0
ASO 3	ASO	90	medulla	3	0	0	0
ASO 3	ASO	90	medulla	4	0	0	0
ASO 3	ASO	60	medulla	1	0	0	0
ASO 3	ASO	60	medulla	2	0	0	0
ASO 3	ASO	60	medulla	3	0	0	0
ASO 3	ASO	60	medulla	4	0	0	0
ASO 3	ASO	30	medulla	1	0	0	0
ASO 3	ASO	30	medulla	2	0	0	0
ASO 3	ASO	30	medulla	3	0	0	0
ASO 3	ASO	30	medulla	4	0	0	0
ASO 3	ASO	-14	medulla	1	0	0	0
ASO 3	ASO	-14	medulla	2	0	0	0
ASO 3	ASO	-14	medulla	3	0	0	0
ASO 3	ASO	-14	medulla	4	0	0	0
ASO 3	ASO	123	Subiculum	1	2	0	0
ASO 3	ASO	123	Subiculum	2	1	0	0
ASO 3	ASO	123	Subiculum	3	3	0	0
ASO 3	ASO	123	Subiculum	4	3	0	0
ASO 3	ASO	90	Subiculum	1	0	0	0
ASO 3	ASO	90	Subiculum	2	0	0	0
ASO 3	ASO	90	Subiculum	3	0	0	0
ASO 3	ASO	90	Subiculum	4	0	0	0
ASO 3	ASO	60	Subiculum	1	0	0	0
ASO 3	ASO	60	Subiculum	2	0	0	0
ASO 3	ASO	60	Subiculum	3	0	0	0
ASO 3	ASO	60	Subiculum	4	0	0	0
ASO 3	ASO	30	Subiculum	1	0	0	0
ASO 3	ASO	30	Subiculum	2	0	0	0
ASO 3	ASO	30	Subiculum	3	0	0	0
ASO 3	ASO	30	Subiculum	4	0	0	0
ASO 3	ASO	-14	Subiculum	1	0	0	0
ASO 3	ASO	-14	Subiculum	2	0	0	0
ASO 3	ASO	-14	Subiculum	3	0	0	0
ASO 3	ASO	-14	Subiculum	4	0	0	0
ASO 3	ASO	123	endothelial cells	1	3	0	0
ASO 3	ASO	123	endothelial cells	2	3	0	0
ASO 3	ASO	123	endothelial cells	3	3	0	0
ASO 3	ASO	123	endothelial cells	4	3	0	0
ASO 3	ASO	90	endothelial cells	1	3	0	0
ASO 3	ASO	90	endothelial cells	2	3	0	0
ASO 3	ASO	90	endothelial cells	3	3	0	0
ASO 3	ASO	90	endothelial cells	4	3	0	0
ASO 3	ASO	60	endothelial cells	1	2	0	0
ASO 3	ASO	60	endothelial cells	2	2	0	0
ASO 3	ASO	60	endothelial cells	3	3	0	0
ASO 3	ASO	60	endothelial cells	4	2	0	0
ASO 3	ASO	30	endothelial cells	1	2	0	0
ASO 3	ASO	30	endothelial cells	2	2	0	0
ASO 3	ASO	30	endothelial cells	3	2	0	0
ASO 3	ASO	30	endothelial cells	4	3	0	0
ASO 3	ASO	-14	endothelial cells	1	2	0	0
ASO 3	ASO	-14	endothelial cells	2	2	0	0
ASO 3	ASO	-14	endothelial cells	3	2	0	0
ASO 3	ASO	-14	endothelial cells	4	2	0	0
ASO 4	GFAP	123	Fiber tracts	1	3	0	0
ASO 4	GFAP	123	Fiber tracts	2	3	0	0
ASO 4	GFAP	123	Fiber tracts	3	3	0	0
ASO 4	GFAP	123	Fiber tracts	4	2	0	0
ASO 4	GFAP	90	Fiber tracts	1	2	0	0
ASO 4	GFAP	90	Fiber tracts	2	2	0	0
ASO 4	GFAP	90	Fiber tracts	3	2	0	0
ASO 4	GFAP	90	Fiber tracts	4	2	0	0
ASO 4	GFAP	60	Fiber tracts	1	1	0	0
ASO 4	GFAP	60	Fiber tracts	2	0	0	0
ASO 4	GFAP	60	Fiber tracts	3	2	0	0
ASO 4	GFAP	60	Fiber tracts	4	2	0	0
ASO 4	GFAP	30	Fiber tracts	1	2	0	0
ASO 4	GFAP	30	Fiber tracts	2	2	0	0
ASO 4	GFAP	30	Fiber tracts	3	1	0	0
ASO 4	GFAP	30	Fiber tracts	4	2	0	0
ASO 4	GFAP	-14	Fiber tracts	1	2	0	0
ASO 4	GFAP	-14	Fiber tracts	2	2	0	0
ASO 4	GFAP	-14	Fiber tracts	3	1	0	0
ASO 4	GFAP	-14	Fiber tracts	4	1	0	0
ASO 4	GFAP	123	Cortex	1	2	0	0
ASO 4	GFAP	123	Cortex	2	2	0	0
ASO 4	GFAP	123	Cortex	3	2	0	0
ASO 4	GFAP	123	Cortex	4	2	0	0
ASO 4	GFAP	90	Cortex	1	1	0	0
ASO 4	GFAP	90	Cortex	2	1	0	0
ASO 4	GFAP	90	Cortex	3	2	0	0
ASO 4	GFAP	90	Cortex	4	1	0	0
ASO 4	GFAP	60	Cortex	1	1	0	0
ASO 4	GFAP	60	Cortex	2	1	0	0
ASO 4	GFAP	60	Cortex	3	1	0	0
ASO 4	GFAP	60	Cortex	4	1	0	0
ASO 4	GFAP	30	Cortex	1	1	0	0
ASO 4	GFAP	30	Cortex	2	2	0	0
ASO 4	GFAP	30	Cortex	3	2	0	0
ASO 4	GFAP	30	Cortex	4	2	0	0
ASO 4	GFAP	-14	Cortex	1	1	0	0
ASO 4	GFAP	-14	Cortex	2	2	0	0
ASO 4	GFAP	-14	Cortex	3	1	0	0
ASO 4	GFAP	-14	Cortex	4	1	0	0
ASO 4	GFAP	123	Hippocampus	1	3	0	0
ASO 4	GFAP	123	Hippocampus	2	2	0	0
ASO 4	GFAP	123	Hippocampus	3	3	0	0
ASO 4	GFAP	123	Hippocampus	4	3	0	0
ASO 4	GFAP	90	Hippocampus	1	2	0	0
ASO 4	GFAP	90	Hippocampus	2	2	0	0
ASO 4	GFAP	90	Hippocampus	3	NA	NA	NA
ASO 4	GFAP	90	Hippocampus	4	2	0	0
ASO 4	GFAP	60	Hippocampus	1	2	0	0
ASO 4	GFAP	60	Hippocampus	2	2	0	0
ASO 4	GFAP	60	Hippocampus	3	2	0	0
ASO 4	GFAP	60	Hippocampus	4	2	0	0
ASO 4	GFAP	30	Hippocampus	1	2	0	0
ASO 4	GFAP	30	Hippocampus	2	2	0	0
ASO 4	GFAP	30	Hippocampus	3	2	0	0
ASO 4	GFAP	30	Hippocampus	4	2	0	0
ASO 4	GFAP	-14	Hippocampus	1	2	0	0
ASO 4	GFAP	-14	Hippocampus	2	1	0	0
ASO 4	GFAP	-14	Hippocampus	3	2	0	0
ASO 4	GFAP	-14	Hippocampus	4	1	0	0
ASO 4	GFAP	123	CP	1	2	0	0
ASO 4	GFAP	123	CP	2	2	0	0
ASO 4	GFAP	123	CP	3	2	0	0
ASO 4	GFAP	123	CP	4	2	0	0
ASO 4	GFAP	90	CP	1	2	0	0
ASO 4	GFAP	90	CP	2	1	0	0
ASO 4	GFAP	90	CP	3	NA	NA	NA
ASO 4	GFAP	90	CP	4	1	0	0
ASO 4	GFAP	60	CP	1	NA	NA	NA
ASO 4	GFAP	60	CP	2	1	0	0
ASO 4	GFAP	60	CP	3	2	0	0
ASO 4	GFAP	60	CP	4	0	0	0
ASO 4	GFAP	30	CP	1	1	0	0
ASO 4	GFAP	30	CP	2	1	0	0
ASO 4	GFAP	30	CP	3	1	0	0
ASO 4	GFAP	30	CP	4	2	0	0
ASO 4	GFAP	-14	CP	1	1	0	0
ASO 4	GFAP	-14	CP	2	1	0	0
ASO 4	GFAP	-14	CP	3	1	0	0
ASO 4	GFAP	-14	CP	4	1	0	0
ASO 4	GFAP	123	Pallidum	1	3	0	0
ASO 4	GFAP	123	Pallidum	2	2	0	0
ASO 4	GFAP	123	Pallidum	3	3	0	0
ASO 4	GFAP	123	Pallidum	4	3	0	0
ASO 4	GFAP	90	Pallidum	1	2	0	0
ASO 4	GFAP	90	Pallidum	2	2	0	0
ASO 4	GFAP	90	Pallidum	3	2	0	0
ASO 4	GFAP	90	Pallidum	4	1	0	0
ASO 4	GFAP	60	Pallidum	1	NA	NA	NA
ASO 4	GFAP	60	Pallidum	2	1	0	0
ASO 4	GFAP	60	Pallidum	3	2	0	0
ASO 4	GFAP	60	Pallidum	4	1	0	0
ASO 4	GFAP	30	Pallidum	1	2	0	0
ASO 4	GFAP	30	Pallidum	2	2	0	0
ASO 4	GFAP	30	Pallidum	3	2	0	0
ASO 4	GFAP	30	Pallidum	4	2	0	0
ASO 4	GFAP	-14	Pallidum	1	1	0	0
ASO 4	GFAP	-14	Pallidum	2	2	0	0
ASO 4	GFAP	-14	Pallidum	3	1	0	0
ASO 4	GFAP	-14	Pallidum	4	NA	NA	NA
ASO 4	GFAP	123	Thalamus	1	3	0	0
ASO 4	GFAP	123	Thalamus	2	2	0	0
ASO 4	GFAP	123	Thalamus	3	3	0	0
ASO 4	GFAP	123	Thalamus	4	3	0	0
ASO 4	GFAP	90	Thalamus	1	2	0	0
ASO 4	GFAP	90	Thalamus	2	3	0	0
ASO 4	GFAP	90	Thalamus	3	2	0	0
ASO 4	GFAP	90	Thalamus	4	2	0	0
ASO 4	GFAP	60	Thalamus	1	2	0	0
ASO 4	GFAP	60	Thalamus	2	2	0	0
ASO 4	GFAP	60	Thalamus	3	2	0	0
ASO 4	GFAP	60	Thalamus	4	2	0	0
ASO 4	GFAP	30	Thalamus	1	2	0	0
ASO 4	GFAP	30	Thalamus	2	2	0	0
ASO 4	GFAP	30	Thalamus	3	2	0	0
ASO 4	GFAP	30	Thalamus	4	2	0	0
ASO 4	GFAP	-14	Thalamus	1	2	0	0
ASO 4	GFAP	-14	Thalamus	2	2	0	0
ASO 4	GFAP	-14	Thalamus	3	2	0	0
ASO 4	GFAP	-14	Thalamus	4	NA	NA	NA
ASO 4	GFAP	123	midbrain	1	3	0	0
ASO 4	GFAP	123	midbrain	2	2	0	0
ASO 4	GFAP	123	midbrain	3	3	0	0
ASO 4	GFAP	123	midbrain	4	3	0	0
ASO 4	GFAP	90	midbrain	1	1	0	0
ASO 4	GFAP	90	midbrain	2	2	0	0
ASO 4	GFAP	90	midbrain	3	2	0	0
ASO 4	GFAP	90	midbrain	4	1	0	0
ASO 4	GFAP	60	midbrain	1	1	0	0
ASO 4	GFAP	60	midbrain	2	2	0	0
ASO 4	GFAP	60	midbrain	3	NA	NA	NA
ASO 4	GFAP	60	midbrain	4	1	0	0
ASO 4	GFAP	30	midbrain	1	2	0	0
ASO 4	GFAP	30	midbrain	2	1	0	0
ASO 4	GFAP	30	midbrain	3	1	0	0
ASO 4	GFAP	30	midbrain	4	1	0	0
ASO 4	GFAP	-14	midbrain	1	1	0	0
ASO 4	GFAP	-14	midbrain	2	2	0	0
ASO 4	GFAP	-14	midbrain	3	NA	NA	NA
ASO 4	GFAP	-14	midbrain	4	NA	NA	NA
ASO 4	GFAP	123	Cereb_mol layer	1	2	0	0
ASO 4	GFAP	123	Cereb_mol layer	2	2	0	0
ASO 4	GFAP	123	Cereb_mol layer	3	2	0	0
ASO 4	GFAP	123	Cereb_mol layer	4	2	0	0
ASO 4	GFAP	90	Cereb_mol layer	1	2	0	0
ASO 4	GFAP	90	Cereb_mol layer	2	2	0	0
ASO 4	GFAP	90	Cereb_mol layer	3	2	0	0
ASO 4	GFAP	90	Cereb_mol layer	4	1	0	0
ASO 4	GFAP	60	Cereb_mol layer	1	1	0	0
ASO 4	GFAP	60	Cereb_mol layer	2	1	0	0
ASO 4	GFAP	60	Cereb_mol layer	3	NA	NA	NA
ASO 4	GFAP	60	Cereb_mol layer	4	1	0	0
ASO 4	GFAP	30	Cereb_mol layer	1	1	0	0
ASO 4	GFAP	30	Cereb_mol layer	2	1	0	0
ASO 4	GFAP	30	Cereb_mol layer	3	1	0	0
ASO 4	GFAP	30	Cereb_mol layer	4	1	0	0
ASO 4	GFAP	-14	Cereb_mol layer	1	0	0	0
ASO 4	GFAP	-14	Cereb_mol layer	2	1	0	0
ASO 4	GFAP	-14	Cereb_mol layer	3	0	0	0
ASO 4	GFAP	-14	Cereb_mol layer	4	1	0	0
ASO 4	GFAP	123	Cereb_gran layer	1	2	0	0
ASO 4	GFAP	123	Cereb_gran layer	2	2	0	0
ASO 4	GFAP	123	Cereb_gran layer	3	3	0	0
ASO 4	GFAP	123	Cereb_gran layer	4	2	0	0
ASO 4	GFAP	90	Cereb_gran layer	1	2	0	0
ASO 4	GFAP	90	Cereb_gran layer	2	2	0	0
ASO 4	GFAP	90	Cereb_gran layer	3	2	0	0
ASO 4	GFAP	90	Cereb_gran layer	4	1	0	0
ASO 4	GFAP	60	Cereb_gran layer	1	1	0	0
ASO 4	GFAP	60	Cereb_gran layer	2	1	0	0
ASO 4	GFAP	60	Cereb_gran layer	3	NA	NA	NA
ASO 4	GFAP	60	Cereb_gran layer	4	1	0	0
ASO 4	GFAP	30	Cereb_gran layer	1	2	0	0
ASO 4	GFAP	30	Cereb_gran layer	2	1	0	0
ASO 4	GFAP	30	Cereb_gran layer	3	2	0	0
ASO 4	GFAP	30	Cereb_gran layer	4	2	0	0
ASO 4	GFAP	-14	Cereb_gran layer	1	1	0	0
ASO 4	GFAP	-14	Cereb_gran layer	2	1	0	0
ASO 4	GFAP	-14	Cereb_gran layer	3	1	0	0
ASO 4	GFAP	-14	Cereb_gran layer	4	1	0	0
ASO 4	GFAP	123	Cereb_peduncle	1	3	0	0
ASO 4	GFAP	123	Cereb_peduncle	2	2	0	0
ASO 4	GFAP	123	Cereb_peduncle	3	3	0	0
ASO 4	GFAP	123	Cereb_peduncle	4	3	0	0
ASO 4	GFAP	90	Cereb_peduncle	1	2	0	0
ASO 4	GFAP	90	Cereb_peduncle	2	2	0	0
ASO 4	GFAP	90	Cereb_peduncle	3	2	0	0
ASO 4	GFAP	90	Cereb_peduncle	4	2	0	0
ASO 4	GFAP	60	Cereb_peduncle	1	2	0	0
ASO 4	GFAP	60	Cereb_peduncle	2	2	0	0
ASO 4	GFAP	60	Cereb_peduncle	3	NA	NA	NA
ASO 4	GFAP	60	Cereb_peduncle	4	2	0	0
ASO 4	GFAP	30	Cereb_peduncle	1	1	0	0
ASO 4	GFAP	30	Cereb_peduncle	2	2	0	0
ASO 4	GFAP	30	Cereb_peduncle	3	2	0	0
ASO 4	GFAP	30	Cereb_peduncle	4	2	0	0
ASO 4	GFAP	-14	Cereb_peduncle	1	1	0	0
ASO 4	GFAP	-14	Cereb_peduncle	2	1	0	0
ASO 4	GFAP	-14	Cereb_peduncle	3	1	0	0
ASO 4	GFAP	-14	Cereb_peduncle	4	1	0	0
ASO 4	GFAP	123	medulla	1	3	0	0
ASO 4	GFAP	123	medulla	2	NA	NA	NA
ASO 4	GFAP	123	medulla	3	2	0	0
ASO 4	GFAP	123	medulla	4	3	0	0
ASO 4	GFAP	90	medulla	1	2	0	0
ASO 4	GFAP	90	medulla	2	2	0	0
ASO 4	GFAP	90	medulla	3	2	0	0
ASO 4	GFAP	90	medulla	4	2	0	0
ASO 4	GFAP	60	medulla	1	NA	NA	NA
ASO 4	GFAP	60	medulla	2	2	0	0
ASO 4	GFAP	60	medulla	3	NA	NA	NA
ASO 4	GFAP	60	medulla	4	1	0	0
ASO 4	GFAP	30	medulla	1	2	0	0
ASO 4	GFAP	30	medulla	2	2	0	0
ASO 4	GFAP	30	medulla	3	2	0	0
ASO 4	GFAP	30	medulla	4	2	0	0
ASO 4	GFAP	-14	medulla	1	1	0	0
ASO 4	GFAP	-14	medulla	2	1	0	0
ASO 4	GFAP	-14	medulla	3	NA	NA	NA
ASO 4	GFAP	-14	medulla	4	NA	NA	NA
ASO 4	GFAP	123	Subiculum	1	3	0	0
ASO 4	GFAP	123	Subiculum	2	2	0	0
ASO 4	GFAP	123	Subiculum	3	3	0	0
ASO 4	GFAP	123	Subiculum	4	3	0	0
ASO 4	GFAP	90	Subiculum	1	2	0	0
ASO 4	GFAP	90	Subiculum	2	2	0	0
ASO 4	GFAP	90	Subiculum	3	2	0	0
ASO 4	GFAP	90	Subiculum	4	2	0	0
ASO 4	GFAP	60	Subiculum	1	2	0	0
ASO 4	GFAP	60	Subiculum	2	NA	NA	NA
ASO 4	GFAP	60	Subiculum	3	2	0	0
ASO 4	GFAP	60	Subiculum	4	2	0	0
ASO 4	GFAP	30	Subiculum	1	2	0	0
ASO 4	GFAP	30	Subiculum	2	2	0	0
ASO 4	GFAP	30	Subiculum	3	2	0	0
ASO 4	GFAP	30	Subiculum	4	2	0	0
ASO 4	GFAP	-14	Subiculum	1	1	0	0
ASO 4	GFAP	-14	Subiculum	2	1	0	0
ASO 4	GFAP	-14	Subiculum	3	NA	NA	NA
ASO 4	GFAP	-14	Subiculum	4	NA	NA	NA
ASO 4	Iba1	123	Fiber tracts	1	2	0	0
ASO 4	Iba1	123	Fiber tracts	2	1	0	0
ASO 4	Iba1	123	Fiber tracts	3	1	0	0
ASO 4	Iba1	123	Fiber tracts	4	2	0	0
ASO 4	Iba1	90	Fiber tracts	1	2	0	0
ASO 4	Iba1	90	Fiber tracts	2	2	0	0
ASO 4	Iba1	90	Fiber tracts	3	2	0	0
ASO 4	Iba1	90	Fiber tracts	4	2	0	0
ASO 4	Iba1	60	Fiber tracts	1	1	0	0
ASO 4	Iba1	60	Fiber tracts	2	2	0	0
ASO 4	Iba1	60	Fiber tracts	3	1	0	0
ASO 4	Iba1	60	Fiber tracts	4	2	0	0
ASO 4	Iba1	30	Fiber tracts	1	2	0	0
ASO 4	Iba1	30	Fiber tracts	2	2	0	0
ASO 4	Iba1	30	Fiber tracts	3	2	0	0
ASO 4	Iba1	30	Fiber tracts	4	2	0	0
ASO 4	Iba1	-14	Fiber tracts	1	1	0	0
ASO 4	Iba1	-14	Fiber tracts	2	2	0	0
ASO 4	Iba1	-14	Fiber tracts	3	2	0	0
ASO 4	Iba1	-14	Fiber tracts	4	1	0	0
ASO 4	Iba1	123	Cortex	1	1	0	0
ASO 4	Iba1	123	Cortex	2	1	0	0
ASO 4	Iba1	123	Cortex	3	1	0	0
ASO 4	Iba1	123	Cortex	4	1	0	0
ASO 4	Iba1	90	Cortex	1	1	0	0
ASO 4	Iba1	90	Cortex	2	2	0	0
ASO 4	Iba1	90	Cortex	3	2	0	0
ASO 4	Iba1	90	Cortex	4	1	0	0
ASO 4	Iba1	60	Cortex	1	1	0	0
ASO 4	Iba1	60	Cortex	2	1	0	0
ASO 4	Iba1	60	Cortex	3	1	0	0
ASO 4	Iba1	60	Cortex	4	1	0	0
ASO 4	Iba1	30	Cortex	1	2	0	0
ASO 4	Iba1	30	Cortex	2	2	0	0
ASO 4	Iba1	30	Cortex	3	1	0	0
ASO 4	Iba1	30	Cortex	4	2	0	0
ASO 4	Iba1	-14	Cortex	1	1	0	0
ASO 4	Iba1	-14	Cortex	2	1	0	0
ASO 4	Iba1	-14	Cortex	3	1	0	0
ASO 4	Iba1	-14	Cortex	4	1	0	0
ASO 4	Iba1	123	Hippocampus	1	1	0	0
ASO 4	Iba1	123	Hippocampus	2	2	0	0
ASO 4	Iba1	123	Hippocampus	3	1	0	0
ASO 4	Iba1	123	Hippocampus	4	1	0	0
ASO 4	Iba1	90	Hippocampus	1	1	0	0
ASO 4	Iba1	90	Hippocampus	2	2	0	0
ASO 4	Iba1	90	Hippocampus	3	NA	NA	NA
ASO 4	Iba1	90	Hippocampus	4	1	0	0
ASO 4	Iba1	60	Hippocampus	1	2	0	0
ASO 4	Iba1	60	Hippocampus	2	2	0	0
ASO 4	Iba1	60	Hippocampus	3	2	0	0
ASO 4	Iba1	60	Hippocampus	4	1	0	0
ASO 4	Iba1	30	Hippocampus	1	2	0	0
ASO 4	Iba1	30	Hippocampus	2	2	0	0
ASO 4	Iba1	30	Hippocampus	3	2	0	0
ASO 4	Iba1	30	Hippocampus	4	2	0	0
ASO 4	Iba1	-14	Hippocampus	1	1	0	0
ASO 4	Iba1	-14	Hippocampus	2	1	0	0
ASO 4	Iba1	-14	Hippocampus	3	2	0	0
ASO 4	Iba1	-14	Hippocampus	4	1	0	0
ASO 4	Iba1	123	CP	1	2	0	0
ASO 4	Iba1	123	CP	2	1	0	0
ASO 4	Iba1	123	CP	3	1	0	0
ASO 4	Iba1	123	CP	4	1	0	0
ASO 4	Iba1	90	CP	1	1	0	0
ASO 4	Iba1	90	CP	2	1	0	0
ASO 4	Iba1	90	CP	3	1	0	0
ASO 4	Iba1	90	CP	4	0	0	0
ASO 4	Iba1	60	CP	1	NA	NA	NA
ASO 4	Iba1	60	CP	2	0	0	0
ASO 4	Iba1	60	CP	3	1	0	0
ASO 4	Iba1	60	CP	4	0	0	0
ASO 4	Iba1	30	CP	1	0	0	0
ASO 4	Iba1	30	CP	2	1	0	0
ASO 4	Iba1	30	CP	3	0	0	0
ASO 4	Iba1	30	CP	4	1	0	0
ASO 4	Iba1	-14	CP	1	2	0	0
ASO 4	Iba1	-14	CP	2	1	0	0
ASO 4	Iba1	-14	CP	3	1	0	0
ASO 4	Iba1	-14	CP	4	2	0	0
ASO 4	Iba1	123	Pallidum	1	1	0	0
ASO 4	Iba1	123	Pallidum	2	0	0	0
ASO 4	Iba1	123	Pallidum	3	0	0	0
ASO 4	Iba1	123	Pallidum	4	1	0	0
ASO 4	Iba1	90	Pallidum	1	1	0	0
ASO 4	Iba1	90	Pallidum	2	1	0	0
ASO 4	Iba1	90	Pallidum	3	0	0	0
ASO 4	Iba1	90	Pallidum	4	0	0	0
ASO 4	Iba1	60	Pallidum	1	0	0	0
ASO 4	Iba1	60	Pallidum	2	1	0	0
ASO 4	Iba1	60	Pallidum	3	1	0	0
ASO 4	Iba1	60	Pallidum	4	1	0	0
ASO 4	Iba1	30	Pallidum	1	1	0	0
ASO 4	Iba1	30	Pallidum	2	0	0	0
ASO 4	Iba1	30	Pallidum	3	1	0	0
ASO 4	Iba1	30	Pallidum	4	1	0	0
ASO 4	Iba1	-14	Pallidum	1	1	0	0
ASO 4	Iba1	-14	Pallidum	2	1	0	0
ASO 4	Iba1	-14	Pallidum	3	1	0	0
ASO 4	Iba1	-14	Pallidum	4	2	0	0
ASO 4	Iba1	123	Thalamus	1	3	0	0
ASO 4	Iba1	123	Thalamus	2	3	0	0
ASO 4	Iba1	123	Thalamus	3	2	0	0
ASO 4	Iba1	123	Thalamus	4	2	0	0
ASO 4	Iba1	90	Thalamus	1	3	0	0
ASO 4	Iba1	90	Thalamus	2	3	0	0
ASO 4	Iba1	90	Thalamus	3	2	0	0
ASO 4	Iba1	90	Thalamus	4	1	0	0
ASO 4	Iba1	60	Thalamus	1	NA	NA	NA
ASO 4	Iba1	60	Thalamus	2	2	0	0
ASO 4	Iba1	60	Thalamus	3	2	0	0
ASO 4	Iba1	60	Thalamus	4	2	0	0
ASO 4	Iba1	30	Thalamus	1	2	0	0
ASO 4	Iba1	30	Thalamus	2	2	0	0
ASO 4	Iba1	30	Thalamus	3	2	0	0
ASO 4	Iba1	30	Thalamus	4	2	0	0
ASO 4	Iba1	-14	Thalamus	1	3	0	0
ASO 4	Iba1	-14	Thalamus	2	3	0	0
ASO 4	Iba1	-14	Thalamus	3	NA	NA	NA
ASO 4	Iba1	-14	Thalamus	4	NA	NA	NA
ASO 4	Iba1	123	midbrain	1	2	0	0
ASO 4	Iba1	123	midbrain	2	1	0	0
ASO 4	Iba1	123	midbrain	3	1	0	0
ASO 4	Iba1	123	midbrain	4	2	0	0
ASO 4	Iba1	90	midbrain	1	2	0	0
ASO 4	Iba1	90	midbrain	2	2	0	0
ASO 4	Iba1	90	midbrain	3	NA	NA	NA
ASO 4	Iba1	90	midbrain	4	1	0	0
ASO 4	Iba1	60	midbrain	1	1	0	0
ASO 4	Iba1	60	midbrain	2	1	0	0
ASO 4	Iba1	60	midbrain	3	1	0	0
ASO 4	Iba1	60	midbrain	4	0	0	0
ASO 4	Iba1	30	midbrain	1	1	0	0
ASO 4	Iba1	30	midbrain	2	0	0	0
ASO 4	Iba1	30	midbrain	3	1	0	0
ASO 4	Iba1	30	midbrain	4	1	0	0
ASO 4	Iba1	-14	midbrain	1	2	0	0
ASO 4	Iba1	-14	midbrain	2	2	0	0
ASO 4	Iba1	-14	midbrain	3	NA	NA	NA
ASO 4	Iba1	-14	midbrain	4	NA	NA	NA
ASO 4	Iba1	123	Cereb_mol layer	1	0	0	0
ASO 4	Iba1	123	Cereb_mol layer	2	0	0	0
ASO 4	Iba1	123	Cereb_mol layer	3	0	0	0
ASO 4	Iba1	123	Cereb_mol layer	4	1	0	0
ASO 4	Iba1	90	Cereb_mol layer	1	0	0	0
ASO 4	Iba1	90	Cereb_mol layer	2	0	0	0
ASO 4	Iba1	90	Cereb_mol layer	3	1	0	0
ASO 4	Iba1	90	Cereb_mol layer	4	1	0	0
ASO 4	Iba1	60	Cereb_mol layer	1	0	0	0
ASO 4	Iba1	60	Cereb_mol layer	2	1	0	0
ASO 4	Iba1	60	Cereb_mol layer	3	NA	NA	NA
ASO 4	Iba1	60	Cereb_mol layer	4	0	0	0
ASO 4	Iba1	30	Cereb_mol layer	1	1	0	0
ASO 4	Iba1	30	Cereb_mol layer	2	1	0	0
ASO 4	Iba1	30	Cereb_mol layer	3	1	0	0
ASO 4	Iba1	30	Cereb_mol layer	4	1	0	0
ASO 4	Iba1	-14	Cereb_mol layer	1	0	0	0
ASO 4	Iba1	-14	Cereb_mol layer	2	1	0	0
ASO 4	Iba1	-14	Cereb_mol layer	3	1	0	0
ASO 4	Iba1	-14	Cereb_mol layer	4	0	0	0
ASO 4	Iba1	123	Cereb_gran layer	1	1	0	0
ASO 4	Iba1	123	Cereb_gran layer	2	0	0	0
ASO 4	Iba1	123	Cereb_gran layer	3	0	0	0
ASO 4	Iba1	123	Cereb_gran layer	4	0	0	0
ASO 4	Iba1	90	Cereb_gran layer	1	0	0	0
ASO 4	Iba1	90	Cereb_gran layer	2	0	0	0
ASO 4	Iba1	90	Cereb_gran layer	3	1	0	0
ASO 4	Iba1	90	Cereb_gran layer	4	1	0	0
ASO 4	Iba1	60	Cereb_gran layer	1	0	0	0
ASO 4	Iba1	60	Cereb_gran layer	2	0	0	0
ASO 4	Iba1	60	Cereb_gran layer	3	NA	NA	NA
ASO 4	Iba1	60	Cereb_gran layer	4	0	0	0
ASO 4	Iba1	30	Cereb_gran layer	1	0	0	0
ASO 4	Iba1	30	Cereb_gran layer	2	1	0	0
ASO 4	Iba1	30	Cereb_gran layer	3	1	0	0
ASO 4	Iba1	30	Cereb_gran layer	4	1	0	0
ASO 4	Iba1	-14	Cereb_gran layer	1	0	0	0
ASO 4	Iba1	-14	Cereb_gran layer	2	0	0	0
ASO 4	Iba1	-14	Cereb_gran layer	3	0	0	0
ASO 4	Iba1	-14	Cereb_gran layer	4	0	0	0
ASO 4	Iba1	123	Cereb_peduncle	1	1	0	0
ASO 4	Iba1	123	Cereb_peduncle	2	1	0	0
ASO 4	Iba1	123	Cereb_peduncle	3	0	0	0
ASO 4	Iba1	123	Cereb_peduncle	4	1	0	0
ASO 4	Iba1	90	Cereb_peduncle	1	1	0	0
ASO 4	Iba1	90	Cereb_peduncle	2	1	0	0
ASO 4	Iba1	90	Cereb_peduncle	3	0	0	0
ASO 4	Iba1	90	Cereb_peduncle	4	1	0	0
ASO 4	Iba1	60	Cereb_peduncle	1	NA	NA	NA
ASO 4	Iba1	60	Cereb_peduncle	2	1	0	0
ASO 4	Iba1	60	Cereb_peduncle	3	NA	NA	NA
ASO 4	Iba1	60	Cereb_peduncle	4	1	0	0
ASO 4	Iba1	30	Cereb_peduncle	1	1	0	0
ASO 4	Iba1	30	Cereb_peduncle	2	1	0	0
ASO 4	Iba1	30	Cereb_peduncle	3	1	0	0
ASO 4	Iba1	30	Cereb_peduncle	4	1	0	0
ASO 4	Iba1	-14	Cereb_peduncle	1	1	0	0
ASO 4	Iba1	-14	Cereb_peduncle	2	1	0	0
ASO 4	Iba1	-14	Cereb_peduncle	3	2	0	0
ASO 4	Iba1	-14	Cereb_peduncle	4	1	0	0
ASO 4	Iba1	123	medulla	1	1	0	0
ASO 4	Iba1	123	medulla	2	NA	NA	NA
ASO 4	Iba1	123	medulla	3	1	0	0
ASO 4	Iba1	123	medulla	4	1	0	0
ASO 4	Iba1	90	medulla	1	1	0	0
ASO 4	Iba1	90	medulla	2	1	0	0
ASO 4	Iba1	90	medulla	3	1	0	0
ASO 4	Iba1	90	medulla	4	1	0	0
ASO 4	Iba1	60	medulla	1	NA	NA	NA
ASO 4	Iba1	60	medulla	2	1	0	0
ASO 4	Iba1	60	medulla	3	NA	NA	NA
ASO 4	Iba1	60	medulla	4	1	0	0
ASO 4	Iba1	30	medulla	1	1	0	0
ASO 4	Iba1	30	medulla	2	1	0	0
ASO 4	Iba1	30	medulla	3	1	0	0
ASO 4	Iba1	30	medulla	4	1	0	0
ASO 4	Iba1	-14	medulla	1	1	0	0
ASO 4	Iba1	-14	medulla	2	1	0	0
ASO 4	Iba1	-14	medulla	3	NA	NA	NA
ASO 4	Iba1	-14	medulla	4	NA	NA	NA
ASO 4	Iba1	123	Subiculum	1	1	0	0
ASO 4	Iba1	123	Subiculum	2	1	0	0
ASO 4	Iba1	123	Subiculum	3	1	0	0
ASO 4	Iba1	123	Subiculum	4	1	0	0
ASO 4	Iba1	90	Subiculum	1	2	0	0
ASO 4	Iba1	90	Subiculum	2	1	0	0
ASO 4	Iba1	90	Subiculum	3	NA	NA	NA
ASO 4	Iba1	90	Subiculum	4	1	0	0
ASO 4	Iba1	60	Subiculum	1	NA	NA	NA
ASO 4	Iba1	60	Subiculum	2	NA	NA	NA
ASO 4	Iba1	60	Subiculum	3	0	0	0
ASO 4	Iba1	60	Subiculum	4	1	0	0
ASO 4	Iba1	30	Subiculum	1	2	0	0
ASO 4	Iba1	30	Subiculum	2	1	0	0
ASO 4	Iba1	30	Subiculum	3	1	0	0
ASO 4	Iba1	30	Subiculum	4	2	0	0
ASO 4	Iba1	-14	Subiculum	1	1	0	0
ASO 4	Iba1	-14	Subiculum	2	1	0	0
ASO 4	Iba1	-14	Subiculum	3	NA	NA	NA
ASO 4	Iba1	-14	Subiculum	4	NA	NA	NA
ASO 4	PrP	123	Fiber tracts	1	1	0	0
ASO 4	PrP	123	Fiber tracts	2	1	0	0
ASO 4	PrP	123	Fiber tracts	3	1	0	0
ASO 4	PrP	123	Fiber tracts	4	1	0	0
ASO 4	PrP	90	Fiber tracts	1	0	0	0
ASO 4	PrP	90	Fiber tracts	2	1	0	0
ASO 4	PrP	90	Fiber tracts	3	1	0	0
ASO 4	PrP	90	Fiber tracts	4	0	0	0
ASO 4	PrP	60	Fiber tracts	1	0	0	0
ASO 4	PrP	60	Fiber tracts	2	1	0	0
ASO 4	PrP	60	Fiber tracts	3	1	0	0
ASO 4	PrP	60	Fiber tracts	4	1	0	0
ASO 4	PrP	30	Fiber tracts	1	1	0	0
ASO 4	PrP	30	Fiber tracts	2	0	0	0
ASO 4	PrP	30	Fiber tracts	3	1	0	0
ASO 4	PrP	30	Fiber tracts	4	1	0	0
ASO 4	PrP	-14	Fiber tracts	1	1	0	0
ASO 4	PrP	-14	Fiber tracts	2	1	0	0
ASO 4	PrP	-14	Fiber tracts	3	1	0	0
ASO 4	PrP	-14	Fiber tracts	4	1	0	0
ASO 4	PrP	123	Cortex	1	2	0	0
ASO 4	PrP	123	Cortex	2	2	0	0
ASO 4	PrP	123	Cortex	3	2	0	0
ASO 4	PrP	123	Cortex	4	3	0	0
ASO 4	PrP	90	Cortex	1	1	0	0
ASO 4	PrP	90	Cortex	2	2	0	0
ASO 4	PrP	90	Cortex	3	2	0	0
ASO 4	PrP	90	Cortex	4	2	0	0
ASO 4	PrP	60	Cortex	1	1	0	0
ASO 4	PrP	60	Cortex	2	3	0	0
ASO 4	PrP	60	Cortex	3	2	0	0
ASO 4	PrP	60	Cortex	4	1	0	0
ASO 4	PrP	30	Cortex	1	2	0	0
ASO 4	PrP	30	Cortex	2	2	0	0
ASO 4	PrP	30	Cortex	3	3	0	0
ASO 4	PrP	30	Cortex	4	3	0	0
ASO 4	PrP	-14	Cortex	1	3	0	0
ASO 4	PrP	-14	Cortex	2	3	0	0
ASO 4	PrP	-14	Cortex	3	3	0	0
ASO 4	PrP	-14	Cortex	4	2	0	0
ASO 4	PrP	123	Hippocampus	1	2	0	0
ASO 4	PrP	123	Hippocampus	2	1	0	0
ASO 4	PrP	123	Hippocampus	3	2	0	0
ASO 4	PrP	123	Hippocampus	4	3	0	0
ASO 4	PrP	90	Hippocampus	1	1	0	0
ASO 4	PrP	90	Hippocampus	2	2	0	0
ASO 4	PrP	90	Hippocampus	3	NA	NA	NA
ASO 4	PrP	90	Hippocampus	4	2	0	0
ASO 4	PrP	60	Hippocampus	1	1	0	0
ASO 4	PrP	60	Hippocampus	2	3	0	0
ASO 4	PrP	60	Hippocampus	3	2	0	0
ASO 4	PrP	60	Hippocampus	4	2	0	0
ASO 4	PrP	30	Hippocampus	1	2	0	0
ASO 4	PrP	30	Hippocampus	2	2	0	0
ASO 4	PrP	30	Hippocampus	3	2	0	0
ASO 4	PrP	30	Hippocampus	4	2	0	0
ASO 4	PrP	-14	Hippocampus	1	2	0	0
ASO 4	PrP	-14	Hippocampus	2	2	0	0
ASO 4	PrP	-14	Hippocampus	3	3	0	0
ASO 4	PrP	-14	Hippocampus	4	2	0	0
ASO 4	PrP	123	CP	1	1	0	0
ASO 4	PrP	123	CP	2	0	0	0
ASO 4	PrP	123	CP	3	1	0	0
ASO 4	PrP	123	CP	4	1	0	0
ASO 4	PrP	90	CP	1	0	0	0
ASO 4	PrP	90	CP	2	0	0	0
ASO 4	PrP	90	CP	3	1	0	0
ASO 4	PrP	90	CP	4	0	0	0
ASO 4	PrP	60	CP	1	NA	NA	NA
ASO 4	PrP	60	CP	2	1	0	0
ASO 4	PrP	60	CP	3	1	0	0
ASO 4	PrP	60	CP	4	0	0	0
ASO 4	PrP	30	CP	1	1	0	0
ASO 4	PrP	30	CP	2	1	0	0
ASO 4	PrP	30	CP	3	1	0	0
ASO 4	PrP	30	CP	4	3	0	0
ASO 4	PrP	-14	CP	1	1	0	0
ASO 4	PrP	-14	CP	2	1	0	0
ASO 4	PrP	-14	CP	3	2	0	0
ASO 4	PrP	-14	CP	4	1	0	0
ASO 4	PrP	123	Pallidum	1	1	0	0
ASO 4	PrP	123	Pallidum	2	0	0	0
ASO 4	PrP	123	Pallidum	3	1	0	0
ASO 4	PrP	123	Pallidum	4	1	0	0
ASO 4	PrP	90	Pallidum	1	0	0	0
ASO 4	PrP	90	Pallidum	2	0	0	0
ASO 4	PrP	90	Pallidum	3	1	0	0
ASO 4	PrP	90	Pallidum	4	0	0	0
ASO 4	PrP	60	Pallidum	1	NA	NA	NA
ASO 4	PrP	60	Pallidum	2	1	0	0
ASO 4	PrP	60	Pallidum	3	1	0	0
ASO 4	PrP	60	Pallidum	4	0	0	0
ASO 4	PrP	30	Pallidum	1	1	0	0
ASO 4	PrP	30	Pallidum	2	1	0	0
ASO 4	PrP	30	Pallidum	3	1	0	0
ASO 4	PrP	30	Pallidum	4	3	0	0
ASO 4	PrP	-14	Pallidum	1	1	0	0
ASO 4	PrP	-14	Pallidum	2	1	0	0
ASO 4	PrP	-14	Pallidum	3	2	0	0
ASO 4	PrP	-14	Pallidum	4	1	0	0
ASO 4	PrP	123	Thalamus	1	2	0	0
ASO 4	PrP	123	Thalamus	2	2	0	0
ASO 4	PrP	123	Thalamus	3	2	0	0
ASO 4	PrP	123	Thalamus	4	3	0	0
ASO 4	PrP	90	Thalamus	1	1	0	0
ASO 4	PrP	90	Thalamus	2	1	0	0
ASO 4	PrP	90	Thalamus	3	3	0	0
ASO 4	PrP	90	Thalamus	4	2	0	0
ASO 4	PrP	60	Thalamus	1	3	0	0
ASO 4	PrP	60	Thalamus	2	2	0	0
ASO 4	PrP	60	Thalamus	3	3	0	0
ASO 4	PrP	60	Thalamus	4	2	0	0
ASO 4	PrP	30	Thalamus	1	2	0	0
ASO 4	PrP	30	Thalamus	2	3	0	0
ASO 4	PrP	30	Thalamus	3	3	0	0
ASO 4	PrP	30	Thalamus	4	3	0	0
ASO 4	PrP	-14	Thalamus	1	1	0	0
ASO 4	PrP	-14	Thalamus	2	2	0	0
ASO 4	PrP	-14	Thalamus	3	NA	NA	NA
ASO 4	PrP	-14	Thalamus	4	NA	NA	NA
ASO 4	PrP	123	midbrain	1	0	0	0
ASO 4	PrP	123	midbrain	2	1	0	0
ASO 4	PrP	123	midbrain	3	0	0	0
ASO 4	PrP	123	midbrain	4	1	0	0
ASO 4	PrP	90	midbrain	1	0	0	0
ASO 4	PrP	90	midbrain	2	1	0	0
ASO 4	PrP	90	midbrain	3	1	0	0
ASO 4	PrP	90	midbrain	4	1	0	0
ASO 4	PrP	60	midbrain	1	1	0	0
ASO 4	PrP	60	midbrain	2	1	0	0
ASO 4	PrP	60	midbrain	3	1	0	0
ASO 4	PrP	60	midbrain	4	0	0	0
ASO 4	PrP	30	midbrain	1	1	0	0
ASO 4	PrP	30	midbrain	2	0	0	0
ASO 4	PrP	30	midbrain	3	1	0	0
ASO 4	PrP	30	midbrain	4	1	0	0
ASO 4	PrP	-14	midbrain	1	0	0	0
ASO 4	PrP	-14	midbrain	2	1	0	0
ASO 4	PrP	-14	midbrain	3	NA	NA	NA
ASO 4	PrP	-14	midbrain	4	NA	NA	NA
ASO 4	PrP	123	Cereb_mol layer	1	0	0	0
ASO 4	PrP	123	Cereb_mol layer	2	0	0	0
ASO 4	PrP	123	Cereb_mol layer	3	0	0	0
ASO 4	PrP	123	Cereb_mol layer	4	0	0	0
ASO 4	PrP	90	Cereb_mol layer	1	0	0	0
ASO 4	PrP	90	Cereb_mol layer	2	0	0	0
ASO 4	PrP	90	Cereb_mol layer	3	0	0	0
ASO 4	PrP	90	Cereb_mol layer	4	0	0	0
ASO 4	PrP	60	Cereb_mol layer	1	0	0	0
ASO 4	PrP	60	Cereb_mol layer	2	0	0	0
ASO 4	PrP	60	Cereb_mol layer	3	NA	NA	NA
ASO 4	PrP	60	Cereb_mol layer	4	0	0	0
ASO 4	PrP	30	Cereb_mol layer	1	0	0	0
ASO 4	PrP	30	Cereb_mol layer	2	0	0	0
ASO 4	PrP	30	Cereb_mol layer	3	0	0	0
ASO 4	PrP	30	Cereb_mol layer	4	0	0	0
ASO 4	PrP	-14	Cereb_mol layer	1	0	0	0
ASO 4	PrP	-14	Cereb_mol layer	2	0	0	0
ASO 4	PrP	-14	Cereb_mol layer	3	0	0	0
ASO 4	PrP	-14	Cereb_mol layer	4	0	0	0
ASO 4	PrP	123	Cereb_gran layer	1	1	0	0
ASO 4	PrP	123	Cereb_gran layer	2	0	0	0
ASO 4	PrP	123	Cereb_gran layer	3	1	0	0
ASO 4	PrP	123	Cereb_gran layer	4	1	0	0
ASO 4	PrP	90	Cereb_gran layer	1	0	0	0
ASO 4	PrP	90	Cereb_gran layer	2	1	0	0
ASO 4	PrP	90	Cereb_gran layer	3	1	0	0
ASO 4	PrP	90	Cereb_gran layer	4	1	0	0
ASO 4	PrP	60	Cereb_gran layer	1	1	0	0
ASO 4	PrP	60	Cereb_gran layer	2	1	0	0
ASO 4	PrP	60	Cereb_gran layer	3	NA	NA	NA
ASO 4	PrP	60	Cereb_gran layer	4	1	0	0
ASO 4	PrP	30	Cereb_gran layer	1	1	0	0
ASO 4	PrP	30	Cereb_gran layer	2	1	0	0
ASO 4	PrP	30	Cereb_gran layer	3	1	0	0
ASO 4	PrP	30	Cereb_gran layer	4	1	0	0
ASO 4	PrP	-14	Cereb_gran layer	1	0	0	0
ASO 4	PrP	-14	Cereb_gran layer	2	1	0	0
ASO 4	PrP	-14	Cereb_gran layer	3	1	0	0
ASO 4	PrP	-14	Cereb_gran layer	4	1	0	0
ASO 4	PrP	123	Cereb_peduncle	1	0	0	0
ASO 4	PrP	123	Cereb_peduncle	2	1	0	0
ASO 4	PrP	123	Cereb_peduncle	3	0	0	0
ASO 4	PrP	123	Cereb_peduncle	4	1	0	0
ASO 4	PrP	90	Cereb_peduncle	1	0	0	0
ASO 4	PrP	90	Cereb_peduncle	2	0	0	0
ASO 4	PrP	90	Cereb_peduncle	3	0	0	0
ASO 4	PrP	90	Cereb_peduncle	4	0	0	0
ASO 4	PrP	60	Cereb_peduncle	1	0	0	0
ASO 4	PrP	60	Cereb_peduncle	2	0	0	0
ASO 4	PrP	60	Cereb_peduncle	3	NA	NA	NA
ASO 4	PrP	60	Cereb_peduncle	4	0	0	0
ASO 4	PrP	30	Cereb_peduncle	1	0	0	0
ASO 4	PrP	30	Cereb_peduncle	2	0	0	0
ASO 4	PrP	30	Cereb_peduncle	3	0	0	0
ASO 4	PrP	30	Cereb_peduncle	4	0	0	0
ASO 4	PrP	-14	Cereb_peduncle	1	1	0	0
ASO 4	PrP	-14	Cereb_peduncle	2	1	0	0
ASO 4	PrP	-14	Cereb_peduncle	3	1	0	0
ASO 4	PrP	-14	Cereb_peduncle	4	1	0	0
ASO 4	PrP	123	medulla	1	0	0	0
ASO 4	PrP	123	medulla	2	NA	NA	NA
ASO 4	PrP	123	medulla	3	0	0	0
ASO 4	PrP	123	medulla	4	1	0	0
ASO 4	PrP	90	medulla	1	0	0	0
ASO 4	PrP	90	medulla	2	1	0	0
ASO 4	PrP	90	medulla	3	0	0	0
ASO 4	PrP	90	medulla	4	0	0	0
ASO 4	PrP	60	medulla	1	1	0	0
ASO 4	PrP	60	medulla	2	0	0	0
ASO 4	PrP	60	medulla	3	NA	NA	NA
ASO 4	PrP	60	medulla	4	0	0	0
ASO 4	PrP	30	medulla	1	0	0	0
ASO 4	PrP	30	medulla	2	1	0	0
ASO 4	PrP	30	medulla	3	0	0	0
ASO 4	PrP	30	medulla	4	1	0	0
ASO 4	PrP	-14	medulla	1	0	0	0
ASO 4	PrP	-14	medulla	2	1	0	0
ASO 4	PrP	-14	medulla	3	NA	NA	NA
ASO 4	PrP	-14	medulla	4	NA	NA	NA
ASO 4	PrP	123	Subiculum	1	1	0	0
ASO 4	PrP	123	Subiculum	2	2	0	0
ASO 4	PrP	123	Subiculum	3	2	0	0
ASO 4	PrP	123	Subiculum	4	2	0	0
ASO 4	PrP	90	Subiculum	1	1	0	0
ASO 4	PrP	90	Subiculum	2	2	0	0
ASO 4	PrP	90	Subiculum	3	NA	NA	NA
ASO 4	PrP	90	Subiculum	4	2	0	0
ASO 4	PrP	60	Subiculum	1	2	0	0
ASO 4	PrP	60	Subiculum	2	NA	NA	NA
ASO 4	PrP	60	Subiculum	3	2	0	0
ASO 4	PrP	60	Subiculum	4	2	0	0
ASO 4	PrP	30	Subiculum	1	2	0	0
ASO 4	PrP	30	Subiculum	2	3	0	0
ASO 4	PrP	30	Subiculum	3	3	0	0
ASO 4	PrP	30	Subiculum	4	3	0	0
ASO 4	PrP	-14	Subiculum	1	2	0	0
ASO 4	PrP	-14	Subiculum	2	2	0	0
ASO 4	PrP	-14	Subiculum	3	3	0	0
ASO 4	PrP	-14	Subiculum	4	3	0	0
ASO 4	ASO	123	Fiber tracts	1	1	0	0
ASO 4	ASO	123	Fiber tracts	2	2	0	0
ASO 4	ASO	123	Fiber tracts	3	1	0	0
ASO 4	ASO	123	Fiber tracts	4	1	0	0
ASO 4	ASO	90	Fiber tracts	1	0	0	0
ASO 4	ASO	90	Fiber tracts	2	0	0	0
ASO 4	ASO	90	Fiber tracts	3	0	0	0
ASO 4	ASO	90	Fiber tracts	4	0	0	0
ASO 4	ASO	60	Fiber tracts	1	0	0	0
ASO 4	ASO	60	Fiber tracts	2	0	0	0
ASO 4	ASO	60	Fiber tracts	3	0	0	0
ASO 4	ASO	60	Fiber tracts	4	0	0	0
ASO 4	ASO	30	Fiber tracts	1	0	0	0
ASO 4	ASO	30	Fiber tracts	2	0	0	0
ASO 4	ASO	30	Fiber tracts	3	0	0	0
ASO 4	ASO	30	Fiber tracts	4	0	0	0
ASO 4	ASO	-14	Fiber tracts	1	0	0	0
ASO 4	ASO	-14	Fiber tracts	2	0	0	0
ASO 4	ASO	-14	Fiber tracts	3	0	0	0
ASO 4	ASO	-14	Fiber tracts	4	0	0	0
ASO 4	ASO	123	Cortex	1	2	0	0
ASO 4	ASO	123	Cortex	2	3	0	0
ASO 4	ASO	123	Cortex	3	1	0	0
ASO 4	ASO	123	Cortex	4	2	0	0
ASO 4	ASO	90	Cortex	1	2	0	0
ASO 4	ASO	90	Cortex	2	1	0	0
ASO 4	ASO	90	Cortex	3	1	0	0
ASO 4	ASO	90	Cortex	4	0	0	0
ASO 4	ASO	60	Cortex	1	0	0	0
ASO 4	ASO	60	Cortex	2	0	0	0
ASO 4	ASO	60	Cortex	3	0	0	0
ASO 4	ASO	60	Cortex	4	1	0	0
ASO 4	ASO	30	Cortex	1	0	0	0
ASO 4	ASO	30	Cortex	2	0	0	0
ASO 4	ASO	30	Cortex	3	0	0	0
ASO 4	ASO	30	Cortex	4	0	0	0
ASO 4	ASO	-14	Cortex	1	1	0	0
ASO 4	ASO	-14	Cortex	2	0	0	0
ASO 4	ASO	-14	Cortex	3	0	0	0
ASO 4	ASO	-14	Cortex	4	1	0	0
ASO 4	ASO	123	Hippocampus	1	2	0	0
ASO 4	ASO	123	Hippocampus	2	3	0	0
ASO 4	ASO	123	Hippocampus	3	1	0	0
ASO 4	ASO	123	Hippocampus	4	2	0	0
ASO 4	ASO	90	Hippocampus	1	1	0	0
ASO 4	ASO	90	Hippocampus	2	0	0	0
ASO 4	ASO	90	Hippocampus	3	NA	NA	NA
ASO 4	ASO	90	Hippocampus	4	0	0	0
ASO 4	ASO	60	Hippocampus	1	0	0	0
ASO 4	ASO	60	Hippocampus	2	0	0	0
ASO 4	ASO	60	Hippocampus	3	0	0	0
ASO 4	ASO	60	Hippocampus	4	0	0	0
ASO 4	ASO	30	Hippocampus	1	0	0	0
ASO 4	ASO	30	Hippocampus	2	0	0	0
ASO 4	ASO	30	Hippocampus	3	0	0	0
ASO 4	ASO	30	Hippocampus	4	0	0	0
ASO 4	ASO	-14	Hippocampus	1	1	0	0
ASO 4	ASO	-14	Hippocampus	2	0	0	0
ASO 4	ASO	-14	Hippocampus	3	0	0	0
ASO 4	ASO	-14	Hippocampus	4	1	0	0
ASO 4	ASO	123	CP	1	3	0	0
ASO 4	ASO	123	CP	2	3	0	0
ASO 4	ASO	123	CP	3	2	0	0
ASO 4	ASO	123	CP	4	3	0	0
ASO 4	ASO	90	CP	1	2	0	0
ASO 4	ASO	90	CP	2	1	0	0
ASO 4	ASO	90	CP	3	2	0	0
ASO 4	ASO	90	CP	4	2	0	0
ASO 4	ASO	60	CP	1	0	0	0
ASO 4	ASO	60	CP	2	0	0	0
ASO 4	ASO	60	CP	3	0	0	0
ASO 4	ASO	60	CP	4	1	0	0
ASO 4	ASO	30	CP	1	0	0	0
ASO 4	ASO	30	CP	2	0	0	0
ASO 4	ASO	30	CP	3	1	0	0
ASO 4	ASO	30	CP	4	0	0	0
ASO 4	ASO	-14	CP	1	1	0	0
ASO 4	ASO	-14	CP	2	1	0	0
ASO 4	ASO	-14	CP	3	0	0	0
ASO 4	ASO	-14	CP	4	NA	NA	NA
ASO 4	ASO	123	Pallidum	1	3	0	0
ASO 4	ASO	123	Pallidum	2	3	0	0
ASO 4	ASO	123	Pallidum	3	2	0	0
ASO 4	ASO	123	Pallidum	4	2	0	0
ASO 4	ASO	90	Pallidum	1	1	0	0
ASO 4	ASO	90	Pallidum	2	0	0	0
ASO 4	ASO	90	Pallidum	3	1	0	0
ASO 4	ASO	90	Pallidum	4	1	0	0
ASO 4	ASO	60	Pallidum	1	0	0	0
ASO 4	ASO	60	Pallidum	2	0	0	0
ASO 4	ASO	60	Pallidum	3	0	0	0
ASO 4	ASO	60	Pallidum	4	0	0	0
ASO 4	ASO	30	Pallidum	1	0	0	0
ASO 4	ASO	30	Pallidum	2	0	0	0
ASO 4	ASO	30	Pallidum	3	0	0	0
ASO 4	ASO	30	Pallidum	4	0	0	0
ASO 4	ASO	-14	Pallidum	1	0	0	0
ASO 4	ASO	-14	Pallidum	2	0	0	0
ASO 4	ASO	-14	Pallidum	3	NA	NA	NA
ASO 4	ASO	-14	Pallidum	4	NA	NA	NA
ASO 4	ASO	123	Thalamus	1	2	0	0
ASO 4	ASO	123	Thalamus	2	2	0	0
ASO 4	ASO	123	Thalamus	3	2	0	0
ASO 4	ASO	123	Thalamus	4	2	0	0
ASO 4	ASO	90	Thalamus	1	2	0	0
ASO 4	ASO	90	Thalamus	2	0	0	0
ASO 4	ASO	90	Thalamus	3	NA	NA	NA
ASO 4	ASO	90	Thalamus	4	1	0	0
ASO 4	ASO	60	Thalamus	1	0	0	0
ASO 4	ASO	60	Thalamus	2	0	0	0
ASO 4	ASO	60	Thalamus	3	0	0	0
ASO 4	ASO	60	Thalamus	4	0	0	0
ASO 4	ASO	30	Thalamus	1	0	0	0
ASO 4	ASO	30	Thalamus	2	0	0	0
ASO 4	ASO	30	Thalamus	3	0	0	0
ASO 4	ASO	30	Thalamus	4	0	0	0
ASO 4	ASO	-14	Thalamus	1	0	0	0
ASO 4	ASO	-14	Thalamus	2	0	0	0
ASO 4	ASO	-14	Thalamus	3	NA	NA	NA
ASO 4	ASO	-14	Thalamus	4	NA	NA	NA
ASO 4	ASO	123	midbrain	1	3	0	0
ASO 4	ASO	123	midbrain	2	3	0	0
ASO 4	ASO	123	midbrain	3	3	0	0
ASO 4	ASO	123	midbrain	4	2	0	0
ASO 4	ASO	90	midbrain	1	2	0	0
ASO 4	ASO	90	midbrain	2	1	0	0
ASO 4	ASO	90	midbrain	3	2	0	0
ASO 4	ASO	90	midbrain	4	2	0	0
ASO 4	ASO	60	midbrain	1	0	0	0
ASO 4	ASO	60	midbrain	2	0	0	0
ASO 4	ASO	60	midbrain	3	0	0	0
ASO 4	ASO	60	midbrain	4	1	0	0
ASO 4	ASO	30	midbrain	1	0	0	0
ASO 4	ASO	30	midbrain	2	0	0	0
ASO 4	ASO	30	midbrain	3	0	0	0
ASO 4	ASO	30	midbrain	4	0	0	0
ASO 4	ASO	-14	midbrain	1	0	0	0
ASO 4	ASO	-14	midbrain	2	0	0	0
ASO 4	ASO	-14	midbrain	3	NA	NA	NA
ASO 4	ASO	-14	midbrain	4	NA	NA	NA
ASO 4	ASO	123	Cereb_mol layer	1	1	0	0
ASO 4	ASO	123	Cereb_mol layer	2	1	0	0
ASO 4	ASO	123	Cereb_mol layer	3	1	0	0
ASO 4	ASO	123	Cereb_mol layer	4	1	0	0
ASO 4	ASO	90	Cereb_mol layer	1	0	0	0
ASO 4	ASO	90	Cereb_mol layer	2	0	0	0
ASO 4	ASO	90	Cereb_mol layer	3	0	0	0
ASO 4	ASO	90	Cereb_mol layer	4	0	0	0
ASO 4	ASO	60	Cereb_mol layer	1	0	0	0
ASO 4	ASO	60	Cereb_mol layer	2	0	0	0
ASO 4	ASO	60	Cereb_mol layer	3	NA	NA	NA
ASO 4	ASO	60	Cereb_mol layer	4	0	0	0
ASO 4	ASO	30	Cereb_mol layer	1	0	0	0
ASO 4	ASO	30	Cereb_mol layer	2	0	0	0
ASO 4	ASO	30	Cereb_mol layer	3	0	0	0
ASO 4	ASO	30	Cereb_mol layer	4	0	0	0
ASO 4	ASO	-14	Cereb_mol layer	1	0	0	0
ASO 4	ASO	-14	Cereb_mol layer	2	0	0	0
ASO 4	ASO	-14	Cereb_mol layer	3	0	0	0
ASO 4	ASO	-14	Cereb_mol layer	4	NA	NA	NA
ASO 4	ASO	123	Cereb_gran layer	1	3	0	0
ASO 4	ASO	123	Cereb_gran layer	2	2	0	0
ASO 4	ASO	123	Cereb_gran layer	3	2	0	0
ASO 4	ASO	123	Cereb_gran layer	4	2	0	0
ASO 4	ASO	90	Cereb_gran layer	1	2	0	0
ASO 4	ASO	90	Cereb_gran layer	2	1	0	0
ASO 4	ASO	90	Cereb_gran layer	3	2	0	0
ASO 4	ASO	90	Cereb_gran layer	4	2	0	0
ASO 4	ASO	60	Cereb_gran layer	1	1	0	0
ASO 4	ASO	60	Cereb_gran layer	2	1	0	0
ASO 4	ASO	60	Cereb_gran layer	3	NA	NA	NA
ASO 4	ASO	60	Cereb_gran layer	4	0	0	0
ASO 4	ASO	30	Cereb_gran layer	1	1	0	0
ASO 4	ASO	30	Cereb_gran layer	2	1	0	0
ASO 4	ASO	30	Cereb_gran layer	3	1	0	0
ASO 4	ASO	30	Cereb_gran layer	4	1	0	0
ASO 4	ASO	-14	Cereb_gran layer	1	1	0	0
ASO 4	ASO	-14	Cereb_gran layer	2	0	0	0
ASO 4	ASO	-14	Cereb_gran layer	3	0	0	0
ASO 4	ASO	-14	Cereb_gran layer	4	0	0	0
ASO 4	ASO	123	Cereb_peduncle	1	3	0	0
ASO 4	ASO	123	Cereb_peduncle	2	2	0	0
ASO 4	ASO	123	Cereb_peduncle	3	2	0	0
ASO 4	ASO	123	Cereb_peduncle	4	2	0	0
ASO 4	ASO	90	Cereb_peduncle	1	1	0	0
ASO 4	ASO	90	Cereb_peduncle	2	1	0	0
ASO 4	ASO	90	Cereb_peduncle	3	0	0	0
ASO 4	ASO	90	Cereb_peduncle	4	1	0	0
ASO 4	ASO	60	Cereb_peduncle	1	0	0	0
ASO 4	ASO	60	Cereb_peduncle	2	0	0	0
ASO 4	ASO	60	Cereb_peduncle	3	NA	NA	NA
ASO 4	ASO	60	Cereb_peduncle	4	0	0	0
ASO 4	ASO	30	Cereb_peduncle	1	0	0	0
ASO 4	ASO	30	Cereb_peduncle	2	0	0	0
ASO 4	ASO	30	Cereb_peduncle	3	0	0	0
ASO 4	ASO	30	Cereb_peduncle	4	0	0	0
ASO 4	ASO	-14	Cereb_peduncle	1	0	0	0
ASO 4	ASO	-14	Cereb_peduncle	2	0	0	0
ASO 4	ASO	-14	Cereb_peduncle	3	0	0	0
ASO 4	ASO	-14	Cereb_peduncle	4	0	0	0
ASO 4	ASO	123	medulla	1	2	0	0
ASO 4	ASO	123	medulla	2	NA	NA	NA
ASO 4	ASO	123	medulla	3	2	0	0
ASO 4	ASO	123	medulla	4	2	0	0
ASO 4	ASO	90	medulla	1	1	0	0
ASO 4	ASO	90	medulla	2	1	0	0
ASO 4	ASO	90	medulla	3	1	0	0
ASO 4	ASO	90	medulla	4	1	0	0
ASO 4	ASO	60	medulla	1	0	0	0
ASO 4	ASO	60	medulla	2	0	0	0
ASO 4	ASO	60	medulla	3	NA	NA	NA
ASO 4	ASO	60	medulla	4	1	0	0
ASO 4	ASO	30	medulla	1	0	0	0
ASO 4	ASO	30	medulla	2	0	0	0
ASO 4	ASO	30	medulla	3	0	0	0
ASO 4	ASO	30	medulla	4	0	0	0
ASO 4	ASO	-14	medulla	1	0	0	0
ASO 4	ASO	-14	medulla	2	0	0	0
ASO 4	ASO	-14	medulla	3	0	0	0
ASO 4	ASO	-14	medulla	4	NA	NA	NA
ASO 4	ASO	123	Subiculum	1	2	0	0
ASO 4	ASO	123	Subiculum	2	2	0	0
ASO 4	ASO	123	Subiculum	3	2	0	0
ASO 4	ASO	123	Subiculum	4	2	0	0
ASO 4	ASO	90	Subiculum	1	1	0	0
ASO 4	ASO	90	Subiculum	2	0	0	0
ASO 4	ASO	90	Subiculum	3	NA	NA	NA
ASO 4	ASO	90	Subiculum	4	0	0	0
ASO 4	ASO	60	Subiculum	1	0	0	0
ASO 4	ASO	60	Subiculum	2	0	0	0
ASO 4	ASO	60	Subiculum	3	0	0	0
ASO 4	ASO	60	Subiculum	4	0	0	0
ASO 4	ASO	30	Subiculum	1	0	0	0
ASO 4	ASO	30	Subiculum	2	0	0	0
ASO 4	ASO	30	Subiculum	3	0	0	0
ASO 4	ASO	30	Subiculum	4	0	0	0
ASO 4	ASO	-14	Subiculum	1	0	0	0
ASO 4	ASO	-14	Subiculum	2	0	0	0
ASO 4	ASO	-14	Subiculum	3	0	0	0
ASO 4	ASO	-14	Subiculum	4	1	0	0
ASO 4	ASO	123	endothelial cells	1	3	0	0
ASO 4	ASO	123	endothelial cells	2	3	0	0
ASO 4	ASO	123	endothelial cells	3	3	0	0
ASO 4	ASO	123	endothelial cells	4	3	0	0
ASO 4	ASO	90	endothelial cells	1	3	0	0
ASO 4	ASO	90	endothelial cells	2	3	0	0
ASO 4	ASO	90	endothelial cells	3	3	0	0
ASO 4	ASO	90	endothelial cells	4	3	0	0
ASO 4	ASO	60	endothelial cells	1	3	0	0
ASO 4	ASO	60	endothelial cells	2	3	0	0
ASO 4	ASO	60	endothelial cells	3	3	0	0
ASO 4	ASO	60	endothelial cells	4	3	0	0
ASO 4	ASO	30	endothelial cells	1	3	0	0
ASO 4	ASO	30	endothelial cells	2	3	0	0
ASO 4	ASO	30	endothelial cells	3	3	0	0
ASO 4	ASO	30	endothelial cells	4	3	0	0
ASO 4	ASO	-14	endothelial cells	1	3	0	0
ASO 4	ASO	-14	endothelial cells	2	2	0	0
ASO 4	ASO	-14	endothelial cells	3	3	0	0
ASO 4	ASO	-14	endothelial cells	4	3	0	0
ASO 1	GFAP	123	Fiber tracts	1	1	0	0
ASO 1	GFAP	123	Fiber tracts	2	2	0	0
ASO 1	GFAP	123	Fiber tracts	3	2	0	0
ASO 1	GFAP	123	Fiber tracts	4	2	0	0
ASO 1	GFAP	90	Fiber tracts	1	1	0	0
ASO 1	GFAP	90	Fiber tracts	2	1	0	0
ASO 1	GFAP	90	Fiber tracts	3	1	0	0
ASO 1	GFAP	90	Fiber tracts	4	2	0	0
ASO 1	GFAP	60	Fiber tracts	1	0	0	0
ASO 1	GFAP	60	Fiber tracts	2	1	0	0
ASO 1	GFAP	60	Fiber tracts	3	2	0	0
ASO 1	GFAP	60	Fiber tracts	4	1	0	0
ASO 1	GFAP	30	Fiber tracts	1	1	0	0
ASO 1	GFAP	30	Fiber tracts	2	1	0	0
ASO 1	GFAP	30	Fiber tracts	3	2	0	0
ASO 1	GFAP	30	Fiber tracts	4	1	0	0
ASO 1	GFAP	-14	Fiber tracts	1	2	0	0
ASO 1	GFAP	-14	Fiber tracts	2	1	0	0
ASO 1	GFAP	-14	Fiber tracts	3	1	0	0
ASO 1	GFAP	-14	Fiber tracts	4	1	0	0
ASO 1	GFAP	123	Cortex	1	0	0	0
ASO 1	GFAP	123	Cortex	2	1	0	0
ASO 1	GFAP	123	Cortex	3	1	0	0
ASO 1	GFAP	123	Cortex	4	1	0	0
ASO 1	GFAP	90	Cortex	1	0	0	0
ASO 1	GFAP	90	Cortex	2	0	0	0
ASO 1	GFAP	90	Cortex	3	1	0	0
ASO 1	GFAP	90	Cortex	4	1	0	0
ASO 1	GFAP	60	Cortex	1	0	0	0
ASO 1	GFAP	60	Cortex	2	0	0	0
ASO 1	GFAP	60	Cortex	3	0	0	0
ASO 1	GFAP	60	Cortex	4	1	0	0
ASO 1	GFAP	30	Cortex	1	0	0	0
ASO 1	GFAP	30	Cortex	2	0	0	0
ASO 1	GFAP	30	Cortex	3	1	0	0
ASO 1	GFAP	30	Cortex	4	1	0	0
ASO 1	GFAP	-14	Cortex	1	0	0	0
ASO 1	GFAP	-14	Cortex	2	0	0	0
ASO 1	GFAP	-14	Cortex	3	0	0	0
ASO 1	GFAP	-14	Cortex	4	0	0	0
ASO 1	GFAP	123	Hippocampus	1	1	0	0
ASO 1	GFAP	123	Hippocampus	2	2	0	0
ASO 1	GFAP	123	Hippocampus	3	2	0	0
ASO 1	GFAP	123	Hippocampus	4	1	0	0
ASO 1	GFAP	90	Hippocampus	1	1	0	0
ASO 1	GFAP	90	Hippocampus	2	1	0	0
ASO 1	GFAP	90	Hippocampus	3	2	0	0
ASO 1	GFAP	90	Hippocampus	4	1	0	0
ASO 1	GFAP	60	Hippocampus	1	1	0	0
ASO 1	GFAP	60	Hippocampus	2	1	0	0
ASO 1	GFAP	60	Hippocampus	3	1	0	0
ASO 1	GFAP	60	Hippocampus	4	1	0	0
ASO 1	GFAP	30	Hippocampus	1	2	0	0
ASO 1	GFAP	30	Hippocampus	2	1	0	0
ASO 1	GFAP	30	Hippocampus	3	2	0	0
ASO 1	GFAP	30	Hippocampus	4	1	0	0
ASO 1	GFAP	-14	Hippocampus	1	1	0	0
ASO 1	GFAP	-14	Hippocampus	2	2	0	0
ASO 1	GFAP	-14	Hippocampus	3	1	0	0
ASO 1	GFAP	-14	Hippocampus	4	1	0	0
ASO 1	GFAP	123	CP	1	0	0	0
ASO 1	GFAP	123	CP	2	1	0	0
ASO 1	GFAP	123	CP	3	1	0	0
ASO 1	GFAP	123	CP	4	1	0	0
ASO 1	GFAP	90	CP	1	0	0	0
ASO 1	GFAP	90	CP	2	0	0	0
ASO 1	GFAP	90	CP	3	1	0	0
ASO 1	GFAP	90	CP	4	0	0	0
ASO 1	GFAP	60	CP	1	0	0	0
ASO 1	GFAP	60	CP	2	0	0	0
ASO 1	GFAP	60	CP	3	0	0	0
ASO 1	GFAP	60	CP	4	1	0	0
ASO 1	GFAP	30	CP	1	1	0	0
ASO 1	GFAP	30	CP	2	1	0	0
ASO 1	GFAP	30	CP	3	0	0	0
ASO 1	GFAP	30	CP	4	1	0	0
ASO 1	GFAP	-14	CP	1	0	0	0
ASO 1	GFAP	-14	CP	2	0	0	0
ASO 1	GFAP	-14	CP	3	0	0	0
ASO 1	GFAP	-14	CP	4	1	0	0
ASO 1	GFAP	123	Pallidum	1	1	0	0
ASO 1	GFAP	123	Pallidum	2	3	0	0
ASO 1	GFAP	123	Pallidum	3	2	0	0
ASO 1	GFAP	123	Pallidum	4	2	0	0
ASO 1	GFAP	90	Pallidum	1	1	0	0
ASO 1	GFAP	90	Pallidum	2	1	0	0
ASO 1	GFAP	90	Pallidum	3	1	0	0
ASO 1	GFAP	90	Pallidum	4	1	0	0
ASO 1	GFAP	60	Pallidum	1	1	0	0
ASO 1	GFAP	60	Pallidum	2	1	0	0
ASO 1	GFAP	60	Pallidum	3	1	0	0
ASO 1	GFAP	60	Pallidum	4	1	0	0
ASO 1	GFAP	30	Pallidum	1	2	0	0
ASO 1	GFAP	30	Pallidum	2	1	0	0
ASO 1	GFAP	30	Pallidum	3	1	0	0
ASO 1	GFAP	30	Pallidum	4	1	0	0
ASO 1	GFAP	-14	Pallidum	1	1	0	0
ASO 1	GFAP	-14	Pallidum	2	1	0	0
ASO 1	GFAP	-14	Pallidum	3	1	0	0
ASO 1	GFAP	-14	Pallidum	4	1	0	0
ASO 1	GFAP	123	Thalamus	1	1	0	0
ASO 1	GFAP	123	Thalamus	2	3	0	0
ASO 1	GFAP	123	Thalamus	3	2	0	0
ASO 1	GFAP	123	Thalamus	4	2	0	0
ASO 1	GFAP	90	Thalamus	1	1	0	0
ASO 1	GFAP	90	Thalamus	2	1	0	0
ASO 1	GFAP	90	Thalamus	3	2	0	0
ASO 1	GFAP	90	Thalamus	4	1	0	0
ASO 1	GFAP	60	Thalamus	1	1	0	0
ASO 1	GFAP	60	Thalamus	2	2	0	0
ASO 1	GFAP	60	Thalamus	3	1	0	0
ASO 1	GFAP	60	Thalamus	4	1	0	0
ASO 1	GFAP	30	Thalamus	1	1	0	0
ASO 1	GFAP	30	Thalamus	2	1	0	0
ASO 1	GFAP	30	Thalamus	3	2	0	0
ASO 1	GFAP	30	Thalamus	4	1	0	0
ASO 1	GFAP	-14	Thalamus	1	2	0	0
ASO 1	GFAP	-14	Thalamus	2	1	0	0
ASO 1	GFAP	-14	Thalamus	3	1	0	0
ASO 1	GFAP	-14	Thalamus	4	1	0	0
ASO 1	GFAP	123	midbrain	1	1	0	0
ASO 1	GFAP	123	midbrain	2	2	0	0
ASO 1	GFAP	123	midbrain	3	2	0	0
ASO 1	GFAP	123	midbrain	4	2	0	0
ASO 1	GFAP	90	midbrain	1	0	0	0
ASO 1	GFAP	90	midbrain	2	1	0	0
ASO 1	GFAP	90	midbrain	3	1	0	0
ASO 1	GFAP	90	midbrain	4	0	0	0
ASO 1	GFAP	60	midbrain	1	0	0	0
ASO 1	GFAP	60	midbrain	2	1	0	0
ASO 1	GFAP	60	midbrain	3	0	0	0
ASO 1	GFAP	60	midbrain	4	1	0	0
ASO 1	GFAP	30	midbrain	1	1	0	0
ASO 1	GFAP	30	midbrain	2	0	0	0
ASO 1	GFAP	30	midbrain	3	1	0	0
ASO 1	GFAP	30	midbrain	4	1	0	0
ASO 1	GFAP	-14	midbrain	1	1	0	0
ASO 1	GFAP	-14	midbrain	2	1	0	0
ASO 1	GFAP	-14	midbrain	3	0	0	0
ASO 1	GFAP	-14	midbrain	4	0	0	0
ASO 1	GFAP	123	Cereb_mol layer	1	1	0	0
ASO 1	GFAP	123	Cereb_mol layer	2	1	0	0
ASO 1	GFAP	123	Cereb_mol layer	3	2	0	0
ASO 1	GFAP	123	Cereb_mol layer	4	1	0	0
ASO 1	GFAP	90	Cereb_mol layer	1	0	0	0
ASO 1	GFAP	90	Cereb_mol layer	2	0	0	0
ASO 1	GFAP	90	Cereb_mol layer	3	0	0	0
ASO 1	GFAP	90	Cereb_mol layer	4	0	0	0
ASO 1	GFAP	60	Cereb_mol layer	1	0	0	0
ASO 1	GFAP	60	Cereb_mol layer	2	0	0	0
ASO 1	GFAP	60	Cereb_mol layer	3	0	0	0
ASO 1	GFAP	60	Cereb_mol layer	4	0	0	0
ASO 1	GFAP	30	Cereb_mol layer	1	0	0	0
ASO 1	GFAP	30	Cereb_mol layer	2	0	0	0
ASO 1	GFAP	30	Cereb_mol layer	3	1	0	0
ASO 1	GFAP	30	Cereb_mol layer	4	0	0	0
ASO 1	GFAP	-14	Cereb_mol layer	1	0	0	0
ASO 1	GFAP	-14	Cereb_mol layer	2	0	0	0
ASO 1	GFAP	-14	Cereb_mol layer	3	0	0	0
ASO 1	GFAP	-14	Cereb_mol layer	4	0	0	0
ASO 1	GFAP	123	Cereb_gran layer	1	1	0	0
ASO 1	GFAP	123	Cereb_gran layer	2	1	0	0
ASO 1	GFAP	123	Cereb_gran layer	3	2	0	0
ASO 1	GFAP	123	Cereb_gran layer	4	1	0	0
ASO 1	GFAP	90	Cereb_gran layer	1	0	0	0
ASO 1	GFAP	90	Cereb_gran layer	2	0	0	0
ASO 1	GFAP	90	Cereb_gran layer	3	1	0	0
ASO 1	GFAP	90	Cereb_gran layer	4	1	0	0
ASO 1	GFAP	60	Cereb_gran layer	1	0	0	0
ASO 1	GFAP	60	Cereb_gran layer	2	0	0	0
ASO 1	GFAP	60	Cereb_gran layer	3	0	0	0
ASO 1	GFAP	60	Cereb_gran layer	4	0	0	0
ASO 1	GFAP	30	Cereb_gran layer	1	1	0	0
ASO 1	GFAP	30	Cereb_gran layer	2	1	0	0
ASO 1	GFAP	30	Cereb_gran layer	3	1	0	0
ASO 1	GFAP	30	Cereb_gran layer	4	1	0	0
ASO 1	GFAP	-14	Cereb_gran layer	1	1	0	0
ASO 1	GFAP	-14	Cereb_gran layer	2	1	0	0
ASO 1	GFAP	-14	Cereb_gran layer	3	1	0	0
ASO 1	GFAP	-14	Cereb_gran layer	4	0	0	0
ASO 1	GFAP	123	Cereb_peduncle	1	1	0	0
ASO 1	GFAP	123	Cereb_peduncle	2	2	0	0
ASO 1	GFAP	123	Cereb_peduncle	3	2	0	0
ASO 1	GFAP	123	Cereb_peduncle	4	2	0	0
ASO 1	GFAP	90	Cereb_peduncle	1	1	0	0
ASO 1	GFAP	90	Cereb_peduncle	2	1	0	0
ASO 1	GFAP	90	Cereb_peduncle	3	1	0	0
ASO 1	GFAP	90	Cereb_peduncle	4	1	0	0
ASO 1	GFAP	60	Cereb_peduncle	1	1	0	0
ASO 1	GFAP	60	Cereb_peduncle	2	1	0	0
ASO 1	GFAP	60	Cereb_peduncle	3	1	0	0
ASO 1	GFAP	60	Cereb_peduncle	4	1	0	0
ASO 1	GFAP	30	Cereb_peduncle	1	1	0	0
ASO 1	GFAP	30	Cereb_peduncle	2	0	0	0
ASO 1	GFAP	30	Cereb_peduncle	3	1	0	0
ASO 1	GFAP	30	Cereb_peduncle	4	1	0	0
ASO 1	GFAP	-14	Cereb_peduncle	1	1	0	0
ASO 1	GFAP	-14	Cereb_peduncle	2	0	0	0
ASO 1	GFAP	-14	Cereb_peduncle	3	0	0	0
ASO 1	GFAP	-14	Cereb_peduncle	4	0	0	0
ASO 1	GFAP	123	medulla	1	0	0	0
ASO 1	GFAP	123	medulla	2	NA	NA	NA
ASO 1	GFAP	123	medulla	3	2	0	0
ASO 1	GFAP	123	medulla	4	NA	NA	NA
ASO 1	GFAP	90	medulla	1	1	0	0
ASO 1	GFAP	90	medulla	2	1	0	0
ASO 1	GFAP	90	medulla	3	1	0	0
ASO 1	GFAP	90	medulla	4	1	0	0
ASO 1	GFAP	60	medulla	1	1	0	0
ASO 1	GFAP	60	medulla	2	1	0	0
ASO 1	GFAP	60	medulla	3	1	0	0
ASO 1	GFAP	60	medulla	4	1	0	0
ASO 1	GFAP	30	medulla	1	1	0	0
ASO 1	GFAP	30	medulla	2	NA	NA	NA
ASO 1	GFAP	30	medulla	3	2	0	0
ASO 1	GFAP	30	medulla	4	1	0	0
ASO 1	GFAP	-14	medulla	1	1	0	0
ASO 1	GFAP	-14	medulla	2	1	0	0
ASO 1	GFAP	-14	medulla	3	0	0	0
ASO 1	GFAP	-14	medulla	4	0	0	0
ASO 1	GFAP	123	Subiculum	1	1	0	0
ASO 1	GFAP	123	Subiculum	2	2	0	0
ASO 1	GFAP	123	Subiculum	3	2	0	0
ASO 1	GFAP	123	Subiculum	4	1	0	0
ASO 1	GFAP	90	Subiculum	1	1	0	0
ASO 1	GFAP	90	Subiculum	2	1	0	0
ASO 1	GFAP	90	Subiculum	3	1	0	0
ASO 1	GFAP	90	Subiculum	4	1	0	0
ASO 1	GFAP	60	Subiculum	1	1	0	0
ASO 1	GFAP	60	Subiculum	2	1	0	0
ASO 1	GFAP	60	Subiculum	3	1	0	0
ASO 1	GFAP	60	Subiculum	4	1	0	0
ASO 1	GFAP	30	Subiculum	1	1	0	0
ASO 1	GFAP	30	Subiculum	2	1	0	0
ASO 1	GFAP	30	Subiculum	3	2	0	0
ASO 1	GFAP	30	Subiculum	4	1	0	0
ASO 1	GFAP	-14	Subiculum	1	1	0	0
ASO 1	GFAP	-14	Subiculum	2	1	0	0
ASO 1	GFAP	-14	Subiculum	3	1	0	0
ASO 1	GFAP	-14	Subiculum	4	1	0	0
ASO 1	Iba1	123	Fiber tracts	1	1	0	0
ASO 1	Iba1	123	Fiber tracts	2	2	0	0
ASO 1	Iba1	123	Fiber tracts	3	2	0	0
ASO 1	Iba1	123	Fiber tracts	4	2	0	0
ASO 1	Iba1	90	Fiber tracts	1	1	0	0
ASO 1	Iba1	90	Fiber tracts	2	1	0	0
ASO 1	Iba1	90	Fiber tracts	3	1	0	0
ASO 1	Iba1	90	Fiber tracts	4	0	0	0
ASO 1	Iba1	60	Fiber tracts	1	1	0	0
ASO 1	Iba1	60	Fiber tracts	2	1	0	0
ASO 1	Iba1	60	Fiber tracts	3	1	0	0
ASO 1	Iba1	60	Fiber tracts	4	1	0	0
ASO 1	Iba1	30	Fiber tracts	1	1	0	0
ASO 1	Iba1	30	Fiber tracts	2	0	0	0
ASO 1	Iba1	30	Fiber tracts	3	1	0	0
ASO 1	Iba1	30	Fiber tracts	4	1	0	0
ASO 1	Iba1	-14	Fiber tracts	1	1	0	0
ASO 1	Iba1	-14	Fiber tracts	2	1	0	0
ASO 1	Iba1	-14	Fiber tracts	3	0	0	0
ASO 1	Iba1	-14	Fiber tracts	4	1	0	0
ASO 1	Iba1	123	Cortex	1	0	0	0
ASO 1	Iba1	123	Cortex	2	1	0	0
ASO 1	Iba1	123	Cortex	3	1	0	0
ASO 1	Iba1	123	Cortex	4	0	0	0
ASO 1	Iba1	90	Cortex	1	1	0	0
ASO 1	Iba1	90	Cortex	2	0	0	0
ASO 1	Iba1	90	Cortex	3	1	0	0
ASO 1	Iba1	90	Cortex	4	0	0	0
ASO 1	Iba1	60	Cortex	1	0	0	0
ASO 1	Iba1	60	Cortex	2	1	0	0
ASO 1	Iba1	60	Cortex	3	1	0	0
ASO 1	Iba1	60	Cortex	4	1	0	0
ASO 1	Iba1	30	Cortex	1	1	0	0
ASO 1	Iba1	30	Cortex	2	0	0	0
ASO 1	Iba1	30	Cortex	3	1	0	0
ASO 1	Iba1	30	Cortex	4	1	0	0
ASO 1	Iba1	-14	Cortex	1	0	0	0
ASO 1	Iba1	-14	Cortex	2	1	0	0
ASO 1	Iba1	-14	Cortex	3	0	0	0
ASO 1	Iba1	-14	Cortex	4	1	0	0
ASO 1	Iba1	123	Hippocampus	1	0	0	0
ASO 1	Iba1	123	Hippocampus	2	2	0	0
ASO 1	Iba1	123	Hippocampus	3	1	0	0
ASO 1	Iba1	123	Hippocampus	4	0	0	0
ASO 1	Iba1	90	Hippocampus	1	1	0	0
ASO 1	Iba1	90	Hippocampus	2	0	0	0
ASO 1	Iba1	90	Hippocampus	3	1	0	0
ASO 1	Iba1	90	Hippocampus	4	0	0	0
ASO 1	Iba1	60	Hippocampus	1	1	0	0
ASO 1	Iba1	60	Hippocampus	2	1	0	0
ASO 1	Iba1	60	Hippocampus	3	1	0	0
ASO 1	Iba1	60	Hippocampus	4	0	0	0
ASO 1	Iba1	30	Hippocampus	1	2	0	0
ASO 1	Iba1	30	Hippocampus	2	0	0	0
ASO 1	Iba1	30	Hippocampus	3	2	0	0
ASO 1	Iba1	30	Hippocampus	4	1	0	0
ASO 1	Iba1	-14	Hippocampus	1	1	0	0
ASO 1	Iba1	-14	Hippocampus	2	1	0	0
ASO 1	Iba1	-14	Hippocampus	3	0	0	0
ASO 1	Iba1	-14	Hippocampus	4	1	0	0
ASO 1	Iba1	123	CP	1	0	0	0
ASO 1	Iba1	123	CP	2	2	0	0
ASO 1	Iba1	123	CP	3	1	0	0
ASO 1	Iba1	123	CP	4	0	0	0
ASO 1	Iba1	90	CP	1	1	0	0
ASO 1	Iba1	90	CP	2	1	0	0
ASO 1	Iba1	90	CP	3	1	0	0
ASO 1	Iba1	90	CP	4	0	0	0
ASO 1	Iba1	60	CP	1	0	0	0
ASO 1	Iba1	60	CP	2	1	0	0
ASO 1	Iba1	60	CP	3	0	0	0
ASO 1	Iba1	60	CP	4	0	0	0
ASO 1	Iba1	30	CP	1	1	0	0
ASO 1	Iba1	30	CP	2	0	0	0
ASO 1	Iba1	30	CP	3	1	0	0
ASO 1	Iba1	30	CP	4	0	0	0
ASO 1	Iba1	-14	CP	1	0	0	0
ASO 1	Iba1	-14	CP	2	0	0	0
ASO 1	Iba1	-14	CP	3	0	0	0
ASO 1	Iba1	-14	CP	4	1	0	0
ASO 1	Iba1	123	Pallidum	1	0	0	0
ASO 1	Iba1	123	Pallidum	2	2	0	0
ASO 1	Iba1	123	Pallidum	3	1	0	0
ASO 1	Iba1	123	Pallidum	4	0	0	0
ASO 1	Iba1	90	Pallidum	1	1	0	0
ASO 1	Iba1	90	Pallidum	2	1	0	0
ASO 1	Iba1	90	Pallidum	3	1	0	0
ASO 1	Iba1	90	Pallidum	4	0	0	0
ASO 1	Iba1	60	Pallidum	1	0	0	0
ASO 1	Iba1	60	Pallidum	2	1	0	0
ASO 1	Iba1	60	Pallidum	3	0	0	0
ASO 1	Iba1	60	Pallidum	4	0	0	0
ASO 1	Iba1	30	Pallidum	1	1	0	0
ASO 1	Iba1	30	Pallidum	2	0	0	0
ASO 1	Iba1	30	Pallidum	3	1	0	0
ASO 1	Iba1	30	Pallidum	4	0	0	0
ASO 1	Iba1	-14	Pallidum	1	0	0	0
ASO 1	Iba1	-14	Pallidum	2	0	0	0
ASO 1	Iba1	-14	Pallidum	3	0	0	0
ASO 1	Iba1	-14	Pallidum	4	1	0	0
ASO 1	Iba1	123	Thalamus	1	0	0	0
ASO 1	Iba1	123	Thalamus	2	3	0	0
ASO 1	Iba1	123	Thalamus	3	2	0	0
ASO 1	Iba1	123	Thalamus	4	1	0	0
ASO 1	Iba1	90	Thalamus	1	2	0	0
ASO 1	Iba1	90	Thalamus	2	2	0	0
ASO 1	Iba1	90	Thalamus	3	1	0	0
ASO 1	Iba1	90	Thalamus	4	1	0	0
ASO 1	Iba1	60	Thalamus	1	2	0	0
ASO 1	Iba1	60	Thalamus	2	2	0	0
ASO 1	Iba1	60	Thalamus	3	1	0	0
ASO 1	Iba1	60	Thalamus	4	1	0	0
ASO 1	Iba1	30	Thalamus	1	2	0	0
ASO 1	Iba1	30	Thalamus	2	1	0	0
ASO 1	Iba1	30	Thalamus	3	2	0	0
ASO 1	Iba1	30	Thalamus	4	1	0	0
ASO 1	Iba1	-14	Thalamus	1	2	0	0
ASO 1	Iba1	-14	Thalamus	2	1	0	0
ASO 1	Iba1	-14	Thalamus	3	1	0	0
ASO 1	Iba1	-14	Thalamus	4	1	0	0
ASO 1	Iba1	123	midbrain	1	0	0	0
ASO 1	Iba1	123	midbrain	2	1	0	0
ASO 1	Iba1	123	midbrain	3	1	0	0
ASO 1	Iba1	123	midbrain	4	1	0	0
ASO 1	Iba1	90	midbrain	1	0	0	0
ASO 1	Iba1	90	midbrain	2	0	0	0
ASO 1	Iba1	90	midbrain	3	0	0	0
ASO 1	Iba1	90	midbrain	4	0	0	0
ASO 1	Iba1	60	midbrain	1	0	0	0
ASO 1	Iba1	60	midbrain	2	0	0	0
ASO 1	Iba1	60	midbrain	3	0	0	0
ASO 1	Iba1	60	midbrain	4	0	0	0
ASO 1	Iba1	30	midbrain	1	1	0	0
ASO 1	Iba1	30	midbrain	2	0	0	0
ASO 1	Iba1	30	midbrain	3	0	0	0
ASO 1	Iba1	30	midbrain	4	0	0	0
ASO 1	Iba1	-14	midbrain	1	1	0	0
ASO 1	Iba1	-14	midbrain	2	1	0	0
ASO 1	Iba1	-14	midbrain	3	0	0	0
ASO 1	Iba1	-14	midbrain	4	0	0	0
ASO 1	Iba1	123	Cereb_mol layer	1	0	0	0
ASO 1	Iba1	123	Cereb_mol layer	2	0	0	0
ASO 1	Iba1	123	Cereb_mol layer	3	0	0	0
ASO 1	Iba1	123	Cereb_mol layer	4	0	0	0
ASO 1	Iba1	90	Cereb_mol layer	1	0	0	0
ASO 1	Iba1	90	Cereb_mol layer	2	0	0	0
ASO 1	Iba1	90	Cereb_mol layer	3	0	0	0
ASO 1	Iba1	90	Cereb_mol layer	4	0	0	0
ASO 1	Iba1	60	Cereb_mol layer	1	0	0	0
ASO 1	Iba1	60	Cereb_mol layer	2	0	0	0
ASO 1	Iba1	60	Cereb_mol layer	3	0	0	0
ASO 1	Iba1	60	Cereb_mol layer	4	0	0	0
ASO 1	Iba1	30	Cereb_mol layer	1	0	0	0
ASO 1	Iba1	30	Cereb_mol layer	2	0	0	0
ASO 1	Iba1	30	Cereb_mol layer	3	0	0	0
ASO 1	Iba1	30	Cereb_mol layer	4	0	0	0
ASO 1	Iba1	-14	Cereb_mol layer	1	0	0	0
ASO 1	Iba1	-14	Cereb_mol layer	2	0	0	0
ASO 1	Iba1	-14	Cereb_mol layer	3	0	0	0
ASO 1	Iba1	-14	Cereb_mol layer	4	0	0	0
ASO 1	Iba1	123	Cereb_gran layer	1	0	0	0
ASO 1	Iba1	123	Cereb_gran layer	2	0	0	0
ASO 1	Iba1	123	Cereb_gran layer	3	0	0	0
ASO 1	Iba1	123	Cereb_gran layer	4	0	0	0
ASO 1	Iba1	90	Cereb_gran layer	1	0	0	0
ASO 1	Iba1	90	Cereb_gran layer	2	0	0	0
ASO 1	Iba1	90	Cereb_gran layer	3	0	0	0
ASO 1	Iba1	90	Cereb_gran layer	4	0	0	0
ASO 1	Iba1	60	Cereb_gran layer	1	0	0	0
ASO 1	Iba1	60	Cereb_gran layer	2	0	0	0
ASO 1	Iba1	60	Cereb_gran layer	3	0	0	0
ASO 1	Iba1	60	Cereb_gran layer	4	0	0	0
ASO 1	Iba1	30	Cereb_gran layer	1	0	0	0
ASO 1	Iba1	30	Cereb_gran layer	2	0	0	0
ASO 1	Iba1	30	Cereb_gran layer	3	0	0	0
ASO 1	Iba1	30	Cereb_gran layer	4	0	0	0
ASO 1	Iba1	-14	Cereb_gran layer	1	0	0	0
ASO 1	Iba1	-14	Cereb_gran layer	2	0	0	0
ASO 1	Iba1	-14	Cereb_gran layer	3	0	0	0
ASO 1	Iba1	-14	Cereb_gran layer	4	0	0	0
ASO 1	Iba1	123	Cereb_peduncle	1	0	0	0
ASO 1	Iba1	123	Cereb_peduncle	2	1	0	0
ASO 1	Iba1	123	Cereb_peduncle	3	1	0	0
ASO 1	Iba1	123	Cereb_peduncle	4	1	0	0
ASO 1	Iba1	90	Cereb_peduncle	1	0	0	0
ASO 1	Iba1	90	Cereb_peduncle	2	0	0	0
ASO 1	Iba1	90	Cereb_peduncle	3	0	0	0
ASO 1	Iba1	90	Cereb_peduncle	4	0	0	0
ASO 1	Iba1	60	Cereb_peduncle	1	1	0	0
ASO 1	Iba1	60	Cereb_peduncle	2	0	0	0
ASO 1	Iba1	60	Cereb_peduncle	3	0	0	0
ASO 1	Iba1	60	Cereb_peduncle	4	0	0	0
ASO 1	Iba1	30	Cereb_peduncle	1	1	0	0
ASO 1	Iba1	30	Cereb_peduncle	2	0	0	0
ASO 1	Iba1	30	Cereb_peduncle	3	0	0	0
ASO 1	Iba1	30	Cereb_peduncle	4	0	0	0
ASO 1	Iba1	-14	Cereb_peduncle	1	1	0	0
ASO 1	Iba1	-14	Cereb_peduncle	2	0	0	0
ASO 1	Iba1	-14	Cereb_peduncle	3	0	0	0
ASO 1	Iba1	-14	Cereb_peduncle	4	0	0	0
ASO 1	Iba1	123	medulla	1	0	0	0
ASO 1	Iba1	123	medulla	2	1	0	0
ASO 1	Iba1	123	medulla	3	0	0	0
ASO 1	Iba1	123	medulla	4	0	0	0
ASO 1	Iba1	90	medulla	1	0	0	0
ASO 1	Iba1	90	medulla	2	0	0	0
ASO 1	Iba1	90	medulla	3	0	0	0
ASO 1	Iba1	90	medulla	4	1	0	0
ASO 1	Iba1	60	medulla	1	0	0	0
ASO 1	Iba1	60	medulla	2	0	0	0
ASO 1	Iba1	60	medulla	3	1	0	0
ASO 1	Iba1	60	medulla	4	0	0	0
ASO 1	Iba1	30	medulla	1	1	0	0
ASO 1	Iba1	30	medulla	2	0	0	0
ASO 1	Iba1	30	medulla	3	0	0	0
ASO 1	Iba1	30	medulla	4	0	0	0
ASO 1	Iba1	-14	medulla	1	1	0	0
ASO 1	Iba1	-14	medulla	2	1	0	0
ASO 1	Iba1	-14	medulla	3	0	0	0
ASO 1	Iba1	-14	medulla	4	0	0	0
ASO 1	Iba1	123	Subiculum	1	0	0	0
ASO 1	Iba1	123	Subiculum	2	1	0	0
ASO 1	Iba1	123	Subiculum	3	0	0	0
ASO 1	Iba1	123	Subiculum	4	0	0	0
ASO 1	Iba1	90	Subiculum	1	1	0	0
ASO 1	Iba1	90	Subiculum	2	0	0	0
ASO 1	Iba1	90	Subiculum	3	1	0	0
ASO 1	Iba1	90	Subiculum	4	0	0	0
ASO 1	Iba1	60	Subiculum	1	0	0	0
ASO 1	Iba1	60	Subiculum	2	0	0	0
ASO 1	Iba1	60	Subiculum	3	0	0	0
ASO 1	Iba1	60	Subiculum	4	1	0	0
ASO 1	Iba1	30	Subiculum	1	1	0	0
ASO 1	Iba1	30	Subiculum	2	0	0	0
ASO 1	Iba1	30	Subiculum	3	1	0	0
ASO 1	Iba1	30	Subiculum	4	1	0	0
ASO 1	Iba1	-14	Subiculum	1	1	0	0
ASO 1	Iba1	-14	Subiculum	2	1	0	0
ASO 1	Iba1	-14	Subiculum	3	0	0	0
ASO 1	Iba1	-14	Subiculum	4	1	0	0
ASO 1	PrP	123	Fiber tracts	1	1	0	0
ASO 1	PrP	123	Fiber tracts	2	1	0	0
ASO 1	PrP	123	Fiber tracts	3	1	0	0
ASO 1	PrP	123	Fiber tracts	4	1	0	0
ASO 1	PrP	90	Fiber tracts	1	0	0	0
ASO 1	PrP	90	Fiber tracts	2	0	0	0
ASO 1	PrP	90	Fiber tracts	3	0	0	0
ASO 1	PrP	90	Fiber tracts	4	0	0	0
ASO 1	PrP	60	Fiber tracts	1	0	0	0
ASO 1	PrP	60	Fiber tracts	2	0	0	0
ASO 1	PrP	60	Fiber tracts	3	0	0	0
ASO 1	PrP	60	Fiber tracts	4	0	0	0
ASO 1	PrP	30	Fiber tracts	1	0	0	0
ASO 1	PrP	30	Fiber tracts	2	0	0	0
ASO 1	PrP	30	Fiber tracts	3	0	0	0
ASO 1	PrP	30	Fiber tracts	4	0	0	0
ASO 1	PrP	-14	Fiber tracts	1	0	0	0
ASO 1	PrP	-14	Fiber tracts	2	0	0	0
ASO 1	PrP	-14	Fiber tracts	3	0	0	0
ASO 1	PrP	-14	Fiber tracts	4	0	0	0
ASO 1	PrP	123	Cortex	1	0	0	0
ASO 1	PrP	123	Cortex	2	1	0	0
ASO 1	PrP	123	Cortex	3	2	0	0
ASO 1	PrP	123	Cortex	4	2	0	0
ASO 1	PrP	90	Cortex	1	0	0	0
ASO 1	PrP	90	Cortex	2	1	0	0
ASO 1	PrP	90	Cortex	3	1	0	0
ASO 1	PrP	90	Cortex	4	1	0	0
ASO 1	PrP	60	Cortex	1	1	0	0
ASO 1	PrP	60	Cortex	2	1	0	0
ASO 1	PrP	60	Cortex	3	1	0	0
ASO 1	PrP	60	Cortex	4	1	0	0
ASO 1	PrP	30	Cortex	1	1	0	0
ASO 1	PrP	30	Cortex	2	0	0	0
ASO 1	PrP	30	Cortex	3	1	0	0
ASO 1	PrP	30	Cortex	4	1	0	0
ASO 1	PrP	-14	Cortex	1	1	0	0
ASO 1	PrP	-14	Cortex	2	1	0	0
ASO 1	PrP	-14	Cortex	3	1	0	0
ASO 1	PrP	-14	Cortex	4	1	0	0
ASO 1	PrP	123	Hippocampus	1	0	0	0
ASO 1	PrP	123	Hippocampus	2	1	0	0
ASO 1	PrP	123	Hippocampus	3	2	0	0
ASO 1	PrP	123	Hippocampus	4	2	0	0
ASO 1	PrP	90	Hippocampus	1	0	0	0
ASO 1	PrP	90	Hippocampus	2	1	0	0
ASO 1	PrP	90	Hippocampus	3	1	0	0
ASO 1	PrP	90	Hippocampus	4	1	0	0
ASO 1	PrP	60	Hippocampus	1	1	0	0
ASO 1	PrP	60	Hippocampus	2	1	0	0
ASO 1	PrP	60	Hippocampus	3	1	0	0
ASO 1	PrP	60	Hippocampus	4	1	0	0
ASO 1	PrP	30	Hippocampus	1	1	0	0
ASO 1	PrP	30	Hippocampus	2	1	0	0
ASO 1	PrP	30	Hippocampus	3	2	0	0
ASO 1	PrP	30	Hippocampus	4	1	0	0
ASO 1	PrP	-14	Hippocampus	1	1	0	0
ASO 1	PrP	-14	Hippocampus	2	2	0	0
ASO 1	PrP	-14	Hippocampus	3	1	0	0
ASO 1	PrP	-14	Hippocampus	4	1	0	0
ASO 1	PrP	123	CP	1	0	0	0
ASO 1	PrP	123	CP	2	1	0	0
ASO 1	PrP	123	CP	3	1	0	0
ASO 1	PrP	123	CP	4	2	0	0
ASO 1	PrP	90	CP	1	0	0	0
ASO 1	PrP	90	CP	2	0	0	0
ASO 1	PrP	90	CP	3	0	0	0
ASO 1	PrP	90	CP	4	0	0	0
ASO 1	PrP	60	CP	1	0	0	0
ASO 1	PrP	60	CP	2	0	0	0
ASO 1	PrP	60	CP	3	0	0	0
ASO 1	PrP	60	CP	4	NA	NA	NA
ASO 1	PrP	30	CP	1	0	0	0
ASO 1	PrP	30	CP	2	0	0	0
ASO 1	PrP	30	CP	3	1	0	0
ASO 1	PrP	30	CP	4	1	0	0
ASO 1	PrP	-14	CP	1	1	0	0
ASO 1	PrP	-14	CP	2	0	0	0
ASO 1	PrP	-14	CP	3	0	0	0
ASO 1	PrP	-14	CP	4	0	0	0
ASO 1	PrP	123	Pallidum	1	0	0	0
ASO 1	PrP	123	Pallidum	2	1	0	0
ASO 1	PrP	123	Pallidum	3	1	0	0
ASO 1	PrP	123	Pallidum	4	2	0	0
ASO 1	PrP	90	Pallidum	1	0	0	0
ASO 1	PrP	90	Pallidum	2	0	0	0
ASO 1	PrP	90	Pallidum	3	0	0	0
ASO 1	PrP	90	Pallidum	4	0	0	0
ASO 1	PrP	60	Pallidum	1	0	0	0
ASO 1	PrP	60	Pallidum	2	0	0	0
ASO 1	PrP	60	Pallidum	3	0	0	0
ASO 1	PrP	60	Pallidum	4	0	0	0
ASO 1	PrP	30	Pallidum	1	0	0	0
ASO 1	PrP	30	Pallidum	2	0	0	0
ASO 1	PrP	30	Pallidum	3	1	0	0
ASO 1	PrP	30	Pallidum	4	1	0	0
ASO 1	PrP	-14	Pallidum	1	1	0	0
ASO 1	PrP	-14	Pallidum	2	0	0	0
ASO 1	PrP	-14	Pallidum	3	0	0	0
ASO 1	PrP	-14	Pallidum	4	0	0	0
ASO 1	PrP	123	Thalamus	1	0	0	0
ASO 1	PrP	123	Thalamus	2	2	0	0
ASO 1	PrP	123	Thalamus	3	2	0	0
ASO 1	PrP	123	Thalamus	4	2	0	0
ASO 1	PrP	90	Thalamus	1	1	0	0
ASO 1	PrP	90	Thalamus	2	1	0	0
ASO 1	PrP	90	Thalamus	3	1	0	0
ASO 1	PrP	90	Thalamus	4	1	0	0
ASO 1	PrP	60	Thalamus	1	1	0	0
ASO 1	PrP	60	Thalamus	2	1	0	0
ASO 1	PrP	60	Thalamus	3	1	0	0
ASO 1	PrP	60	Thalamus	4	1	0	0
ASO 1	PrP	30	Thalamus	1	1	0	0
ASO 1	PrP	30	Thalamus	2	1	0	0
ASO 1	PrP	30	Thalamus	3	2	0	0
ASO 1	PrP	30	Thalamus	4	2	0	0
ASO 1	PrP	-14	Thalamus	1	2	0	0
ASO 1	PrP	-14	Thalamus	2	1	0	0
ASO 1	PrP	-14	Thalamus	3	1	0	0
ASO 1	PrP	-14	Thalamus	4	1	0	0
ASO 1	PrP	123	midbrain	1	0	0	0
ASO 1	PrP	123	midbrain	2	0	0	0
ASO 1	PrP	123	midbrain	3	0	0	0
ASO 1	PrP	123	midbrain	4	NA	NA	NA
ASO 1	PrP	90	midbrain	1	0	0	0
ASO 1	PrP	90	midbrain	2	0	0	0
ASO 1	PrP	90	midbrain	3	0	0	0
ASO 1	PrP	90	midbrain	4	0	0	0
ASO 1	PrP	60	midbrain	1	0	0	0
ASO 1	PrP	60	midbrain	2	0	0	0
ASO 1	PrP	60	midbrain	3	0	0	0
ASO 1	PrP	60	midbrain	4	0	0	0
ASO 1	PrP	30	midbrain	1	0	0	0
ASO 1	PrP	30	midbrain	2	0	0	0
ASO 1	PrP	30	midbrain	3	0	0	0
ASO 1	PrP	30	midbrain	4	0	0	0
ASO 1	PrP	-14	midbrain	1	0	0	0
ASO 1	PrP	-14	midbrain	2	0	0	0
ASO 1	PrP	-14	midbrain	3	0	0	0
ASO 1	PrP	-14	midbrain	4	0	0	0
ASO 1	PrP	123	Cereb_mol layer	1	0	0	0
ASO 1	PrP	123	Cereb_mol layer	2	0	0	0
ASO 1	PrP	123	Cereb_mol layer	3	0	0	0
ASO 1	PrP	123	Cereb_mol layer	4	0	0	0
ASO 1	PrP	90	Cereb_mol layer	1	0	0	0
ASO 1	PrP	90	Cereb_mol layer	2	0	0	0
ASO 1	PrP	90	Cereb_mol layer	3	0	0	0
ASO 1	PrP	90	Cereb_mol layer	4	0	0	0
ASO 1	PrP	60	Cereb_mol layer	1	0	0	0
ASO 1	PrP	60	Cereb_mol layer	2	0	0	0
ASO 1	PrP	60	Cereb_mol layer	3	0	0	0
ASO 1	PrP	60	Cereb_mol layer	4	0	0	0
ASO 1	PrP	30	Cereb_mol layer	1	0	0	0
ASO 1	PrP	30	Cereb_mol layer	2	0	0	0
ASO 1	PrP	30	Cereb_mol layer	3	0	0	0
ASO 1	PrP	30	Cereb_mol layer	4	0	0	0
ASO 1	PrP	-14	Cereb_mol layer	1	0	0	0
ASO 1	PrP	-14	Cereb_mol layer	2	0	0	0
ASO 1	PrP	-14	Cereb_mol layer	3	0	0	0
ASO 1	PrP	-14	Cereb_mol layer	4	0	0	0
ASO 1	PrP	123	Cereb_gran layer	1	0	0	0
ASO 1	PrP	123	Cereb_gran layer	2	0	0	0
ASO 1	PrP	123	Cereb_gran layer	3	0	0	0
ASO 1	PrP	123	Cereb_gran layer	4	0	0	0
ASO 1	PrP	90	Cereb_gran layer	1	0	0	0
ASO 1	PrP	90	Cereb_gran layer	2	0	0	0
ASO 1	PrP	90	Cereb_gran layer	3	0	0	0
ASO 1	PrP	90	Cereb_gran layer	4	0	0	0
ASO 1	PrP	60	Cereb_gran layer	1	0	0	0
ASO 1	PrP	60	Cereb_gran layer	2	0	0	0
ASO 1	PrP	60	Cereb_gran layer	3	0	0	0
ASO 1	PrP	60	Cereb_gran layer	4	0	0	0
ASO 1	PrP	30	Cereb_gran layer	1	0	0	0
ASO 1	PrP	30	Cereb_gran layer	2	0	0	0
ASO 1	PrP	30	Cereb_gran layer	3	0	0	0
ASO 1	PrP	30	Cereb_gran layer	4	0	0	0
ASO 1	PrP	-14	Cereb_gran layer	1	0	0	0
ASO 1	PrP	-14	Cereb_gran layer	2	0	0	0
ASO 1	PrP	-14	Cereb_gran layer	3	0	0	0
ASO 1	PrP	-14	Cereb_gran layer	4	0	0	0
ASO 1	PrP	123	Cereb_peduncle	1	0	0	0
ASO 1	PrP	123	Cereb_peduncle	2	1	0	0
ASO 1	PrP	123	Cereb_peduncle	3	1	0	0
ASO 1	PrP	123	Cereb_peduncle	4	1	0	0
ASO 1	PrP	90	Cereb_peduncle	1	0	0	0
ASO 1	PrP	90	Cereb_peduncle	2	0	0	0
ASO 1	PrP	90	Cereb_peduncle	3	0	0	0
ASO 1	PrP	90	Cereb_peduncle	4	0	0	0
ASO 1	PrP	60	Cereb_peduncle	1	0	0	0
ASO 1	PrP	60	Cereb_peduncle	2	0	0	0
ASO 1	PrP	60	Cereb_peduncle	3	0	0	0
ASO 1	PrP	60	Cereb_peduncle	4	0	0	0
ASO 1	PrP	30	Cereb_peduncle	1	0	0	0
ASO 1	PrP	30	Cereb_peduncle	2	0	0	0
ASO 1	PrP	30	Cereb_peduncle	3	0	0	0
ASO 1	PrP	30	Cereb_peduncle	4	0	0	0
ASO 1	PrP	-14	Cereb_peduncle	1	1	0	0
ASO 1	PrP	-14	Cereb_peduncle	2	0	0	0
ASO 1	PrP	-14	Cereb_peduncle	3	0	0	0
ASO 1	PrP	-14	Cereb_peduncle	4	0	0	0
ASO 1	PrP	123	medulla	1	0	0	0
ASO 1	PrP	123	medulla	2	1	0	0
ASO 1	PrP	123	medulla	3	0	0	0
ASO 1	PrP	123	medulla	4	0	0	0
ASO 1	PrP	90	medulla	1	0	0	0
ASO 1	PrP	90	medulla	2	0	0	0
ASO 1	PrP	90	medulla	3	0	0	0
ASO 1	PrP	90	medulla	4	0	0	0
ASO 1	PrP	60	medulla	1	0	0	0
ASO 1	PrP	60	medulla	2	0	0	0
ASO 1	PrP	60	medulla	3	0	0	0
ASO 1	PrP	60	medulla	4	0	0	0
ASO 1	PrP	30	medulla	1	0	0	0
ASO 1	PrP	30	medulla	2	0	0	0
ASO 1	PrP	30	medulla	3	0	0	0
ASO 1	PrP	30	medulla	4	0	0	0
ASO 1	PrP	-14	medulla	1	0	0	0
ASO 1	PrP	-14	medulla	2	0	0	0
ASO 1	PrP	-14	medulla	3	0	0	0
ASO 1	PrP	-14	medulla	4	0	0	0
ASO 1	PrP	123	Subiculum	1	0	0	0
ASO 1	PrP	123	Subiculum	2	2	0	0
ASO 1	PrP	123	Subiculum	3	2	0	0
ASO 1	PrP	123	Subiculum	4	1	0	0
ASO 1	PrP	90	Subiculum	1	0	0	0
ASO 1	PrP	90	Subiculum	2	1	0	0
ASO 1	PrP	90	Subiculum	3	1	0	0
ASO 1	PrP	90	Subiculum	4	2	0	0
ASO 1	PrP	60	Subiculum	1	1	0	0
ASO 1	PrP	60	Subiculum	2	1	0	0
ASO 1	PrP	60	Subiculum	3	1	0	0
ASO 1	PrP	60	Subiculum	4	1	0	0
ASO 1	PrP	30	Subiculum	1	0	0	0
ASO 1	PrP	30	Subiculum	2	1	0	0
ASO 1	PrP	30	Subiculum	3	1	0	0
ASO 1	PrP	30	Subiculum	4	1	0	0
ASO 1	PrP	-14	Subiculum	1	1	0	0
ASO 1	PrP	-14	Subiculum	2	2	0	0
ASO 1	PrP	-14	Subiculum	3	1	0	0
ASO 1	PrP	-14	Subiculum	4	1	0	0
ASO 1	ASO	123	Fiber tracts	1	1	0	0
ASO 1	ASO	123	Fiber tracts	2	1	0	0
ASO 1	ASO	123	Fiber tracts	3	1	0	0
ASO 1	ASO	123	Fiber tracts	4	1	0	0
ASO 1	ASO	90	Fiber tracts	1	0	0	0
ASO 1	ASO	90	Fiber tracts	2	0	0	0
ASO 1	ASO	90	Fiber tracts	3	0	0	0
ASO 1	ASO	90	Fiber tracts	4	0	0	0
ASO 1	ASO	60	Fiber tracts	1	0	0	0
ASO 1	ASO	60	Fiber tracts	2	0	0	0
ASO 1	ASO	60	Fiber tracts	3	0	0	0
ASO 1	ASO	60	Fiber tracts	4	0	0	0
ASO 1	ASO	30	Fiber tracts	1	0	0	0
ASO 1	ASO	30	Fiber tracts	2	0	0	0
ASO 1	ASO	30	Fiber tracts	3	0	0	0
ASO 1	ASO	30	Fiber tracts	4	0	0	0
ASO 1	ASO	-14	Fiber tracts	1	0	0	0
ASO 1	ASO	-14	Fiber tracts	2	0	0	0
ASO 1	ASO	-14	Fiber tracts	3	0	0	0
ASO 1	ASO	-14	Fiber tracts	4	0	0	0
ASO 1	ASO	123	Cortex	1	3	0	0
ASO 1	ASO	123	Cortex	2	2	0	0
ASO 1	ASO	123	Cortex	3	2	0	0
ASO 1	ASO	123	Cortex	4	1	0	0
ASO 1	ASO	90	Cortex	1	0	0	0
ASO 1	ASO	90	Cortex	2	0	0	0
ASO 1	ASO	90	Cortex	3	0	0	0
ASO 1	ASO	90	Cortex	4	0	0	0
ASO 1	ASO	60	Cortex	1	0	0	0
ASO 1	ASO	60	Cortex	2	0	0	0
ASO 1	ASO	60	Cortex	3	0	0	0
ASO 1	ASO	60	Cortex	4	0	0	0
ASO 1	ASO	30	Cortex	1	0	0	0
ASO 1	ASO	30	Cortex	2	0	0	0
ASO 1	ASO	30	Cortex	3	0	0	0
ASO 1	ASO	30	Cortex	4	0	0	0
ASO 1	ASO	-14	Cortex	1	0	0	0
ASO 1	ASO	-14	Cortex	2	0	0	0
ASO 1	ASO	-14	Cortex	3	0	0	0
ASO 1	ASO	-14	Cortex	4	0	0	0
ASO 1	ASO	123	Hippocampus	1	3	0	0
ASO 1	ASO	123	Hippocampus	2	2	0	0
ASO 1	ASO	123	Hippocampus	3	3	0	0
ASO 1	ASO	123	Hippocampus	4	1	0	0
ASO 1	ASO	90	Hippocampus	1	0	0	0
ASO 1	ASO	90	Hippocampus	2	0	0	0
ASO 1	ASO	90	Hippocampus	3	0	0	0
ASO 1	ASO	90	Hippocampus	4	0	0	0
ASO 1	ASO	60	Hippocampus	1	0	0	0
ASO 1	ASO	60	Hippocampus	2	0	0	0
ASO 1	ASO	60	Hippocampus	3	0	0	0
ASO 1	ASO	60	Hippocampus	4	0	0	0
ASO 1	ASO	30	Hippocampus	1	0	0	0
ASO 1	ASO	30	Hippocampus	2	0	0	0
ASO 1	ASO	30	Hippocampus	3	0	0	0
ASO 1	ASO	30	Hippocampus	4	0	0	0
ASO 1	ASO	-14	Hippocampus	1	0	0	0
ASO 1	ASO	-14	Hippocampus	2	0	0	0
ASO 1	ASO	-14	Hippocampus	3	0	0	0
ASO 1	ASO	-14	Hippocampus	4	0	0	0
ASO 1	ASO	123	CP	1	2	0	0
ASO 1	ASO	123	CP	2	1	0	0
ASO 1	ASO	123	CP	3	3	0	0
ASO 1	ASO	123	CP	4	2	0	0
ASO 1	ASO	90	CP	1	0	0	0
ASO 1	ASO	90	CP	2	0	0	0
ASO 1	ASO	90	CP	3	0	0	0
ASO 1	ASO	90	CP	4	0	0	0
ASO 1	ASO	60	CP	1	0	0	0
ASO 1	ASO	60	CP	2	0	0	0
ASO 1	ASO	60	CP	3	0	0	0
ASO 1	ASO	60	CP	4	0	0	0
ASO 1	ASO	30	CP	1	0	0	0
ASO 1	ASO	30	CP	2	0	0	0
ASO 1	ASO	30	CP	3	0	0	0
ASO 1	ASO	30	CP	4	0	0	0
ASO 1	ASO	-14	CP	1	0	0	0
ASO 1	ASO	-14	CP	2	0	0	0
ASO 1	ASO	-14	CP	3	0	0	0
ASO 1	ASO	-14	CP	4	0	0	0
ASO 1	ASO	123	Pallidum	1	3	0	0
ASO 1	ASO	123	Pallidum	2	2	0	0
ASO 1	ASO	123	Pallidum	3	3	0	0
ASO 1	ASO	123	Pallidum	4	2	0	0
ASO 1	ASO	90	Pallidum	1	0	0	0
ASO 1	ASO	90	Pallidum	2	0	0	0
ASO 1	ASO	90	Pallidum	3	0	0	0
ASO 1	ASO	90	Pallidum	4	0	0	0
ASO 1	ASO	60	Pallidum	1	0	0	0
ASO 1	ASO	60	Pallidum	2	0	0	0
ASO 1	ASO	60	Pallidum	3	0	0	0
ASO 1	ASO	60	Pallidum	4	0	0	0
ASO 1	ASO	30	Pallidum	1	0	0	0
ASO 1	ASO	30	Pallidum	2	0	0	0
ASO 1	ASO	30	Pallidum	3	0	0	0
ASO 1	ASO	30	Pallidum	4	0	0	0
ASO 1	ASO	-14	Pallidum	1	0	0	0
ASO 1	ASO	-14	Pallidum	2	0	0	0
ASO 1	ASO	-14	Pallidum	3	0	0	0
ASO 1	ASO	-14	Pallidum	4	0	0	0
ASO 1	ASO	123	Thalamus	1	2	0	0
ASO 1	ASO	123	Thalamus	2	2	0	0
ASO 1	ASO	123	Thalamus	3	3	0	0
ASO 1	ASO	123	Thalamus	4	NA	NA	NA
ASO 1	ASO	90	Thalamus	1	0	0	0
ASO 1	ASO	90	Thalamus	2	0	0	0
ASO 1	ASO	90	Thalamus	3	0	0	0
ASO 1	ASO	90	Thalamus	4	0	0	0
ASO 1	ASO	60	Thalamus	1	0	0	0
ASO 1	ASO	60	Thalamus	2	0	0	0
ASO 1	ASO	60	Thalamus	3	0	0	0
ASO 1	ASO	60	Thalamus	4	0	0	0
ASO 1	ASO	30	Thalamus	1	0	0	0
ASO 1	ASO	30	Thalamus	2	0	0	0
ASO 1	ASO	30	Thalamus	3	0	0	0
ASO 1	ASO	30	Thalamus	4	0	0	0
ASO 1	ASO	-14	Thalamus	1	0	0	0
ASO 1	ASO	-14	Thalamus	2	0	0	0
ASO 1	ASO	-14	Thalamus	3	0	0	0
ASO 1	ASO	-14	Thalamus	4	0	0	0
ASO 1	ASO	123	midbrain	1	2	0	0
ASO 1	ASO	123	midbrain	2	2	0	0
ASO 1	ASO	123	midbrain	3	3	0	0
ASO 1	ASO	123	midbrain	4	NA	NA	NA
ASO 1	ASO	90	midbrain	1	0	0	0
ASO 1	ASO	90	midbrain	2	0	0	0
ASO 1	ASO	90	midbrain	3	0	0	0
ASO 1	ASO	90	midbrain	4	0	0	0
ASO 1	ASO	60	midbrain	1	0	0	0
ASO 1	ASO	60	midbrain	2	0	0	0
ASO 1	ASO	60	midbrain	3	0	0	0
ASO 1	ASO	60	midbrain	4	0	0	0
ASO 1	ASO	30	midbrain	1	0	0	0
ASO 1	ASO	30	midbrain	2	0	0	0
ASO 1	ASO	30	midbrain	3	0	0	0
ASO 1	ASO	30	midbrain	4	0	0	0
ASO 1	ASO	-14	midbrain	1	0	0	0
ASO 1	ASO	-14	midbrain	2	0	0	0
ASO 1	ASO	-14	midbrain	3	0	0	0
ASO 1	ASO	-14	midbrain	4	0	0	0
ASO 1	ASO	123	Cereb_mol layer	1	1	0	0
ASO 1	ASO	123	Cereb_mol layer	2	1	0	0
ASO 1	ASO	123	Cereb_mol layer	3	1	0	0
ASO 1	ASO	123	Cereb_mol layer	4	1	0	0
ASO 1	ASO	90	Cereb_mol layer	1	0	0	0
ASO 1	ASO	90	Cereb_mol layer	2	0	0	0
ASO 1	ASO	90	Cereb_mol layer	3	0	0	0
ASO 1	ASO	90	Cereb_mol layer	4	0	0	0
ASO 1	ASO	60	Cereb_mol layer	1	0	0	0
ASO 1	ASO	60	Cereb_mol layer	2	0	0	0
ASO 1	ASO	60	Cereb_mol layer	3	0	0	0
ASO 1	ASO	60	Cereb_mol layer	4	0	0	0
ASO 1	ASO	30	Cereb_mol layer	1	0	0	0
ASO 1	ASO	30	Cereb_mol layer	2	0	0	0
ASO 1	ASO	30	Cereb_mol layer	3	0	0	0
ASO 1	ASO	30	Cereb_mol layer	4	0	0	0
ASO 1	ASO	-14	Cereb_mol layer	1	0	0	0
ASO 1	ASO	-14	Cereb_mol layer	2	0	0	0
ASO 1	ASO	-14	Cereb_mol layer	3	0	0	0
ASO 1	ASO	-14	Cereb_mol layer	4	0	0	0
ASO 1	ASO	123	Cereb_gran layer	1	2	0	0
ASO 1	ASO	123	Cereb_gran layer	2	2	0	0
ASO 1	ASO	123	Cereb_gran layer	3	3	0	0
ASO 1	ASO	123	Cereb_gran layer	4	3	0	0
ASO 1	ASO	90	Cereb_gran layer	1	1	0	0
ASO 1	ASO	90	Cereb_gran layer	2	1	0	0
ASO 1	ASO	90	Cereb_gran layer	3	1	0	0
ASO 1	ASO	90	Cereb_gran layer	4	1	0	0
ASO 1	ASO	60	Cereb_gran layer	1	1	0	0
ASO 1	ASO	60	Cereb_gran layer	2	1	0	0
ASO 1	ASO	60	Cereb_gran layer	3	1	0	0
ASO 1	ASO	60	Cereb_gran layer	4	1	0	0
ASO 1	ASO	30	Cereb_gran layer	1	0	0	0
ASO 1	ASO	30	Cereb_gran layer	2	1	0	0
ASO 1	ASO	30	Cereb_gran layer	3	0	0	0
ASO 1	ASO	30	Cereb_gran layer	4	0	0	0
ASO 1	ASO	-14	Cereb_gran layer	1	0	0	0
ASO 1	ASO	-14	Cereb_gran layer	2	1	0	0
ASO 1	ASO	-14	Cereb_gran layer	3	0	0	0
ASO 1	ASO	-14	Cereb_gran layer	4	0	0	0
ASO 1	ASO	123	Cereb_peduncle	1	2	0	0
ASO 1	ASO	123	Cereb_peduncle	2	2	0	0
ASO 1	ASO	123	Cereb_peduncle	3	2	0	0
ASO 1	ASO	123	Cereb_peduncle	4	2	0	0
ASO 1	ASO	90	Cereb_peduncle	1	0	0	0
ASO 1	ASO	90	Cereb_peduncle	2	1	0	0
ASO 1	ASO	90	Cereb_peduncle	3	0	0	0
ASO 1	ASO	90	Cereb_peduncle	4	1	0	0
ASO 1	ASO	60	Cereb_peduncle	1	0	0	0
ASO 1	ASO	60	Cereb_peduncle	2	0	0	0
ASO 1	ASO	60	Cereb_peduncle	3	0	0	0
ASO 1	ASO	60	Cereb_peduncle	4	0	0	0
ASO 1	ASO	30	Cereb_peduncle	1	0	0	0
ASO 1	ASO	30	Cereb_peduncle	2	0	0	0
ASO 1	ASO	30	Cereb_peduncle	3	0	0	0
ASO 1	ASO	30	Cereb_peduncle	4	0	0	0
ASO 1	ASO	-14	Cereb_peduncle	1	0	0	0
ASO 1	ASO	-14	Cereb_peduncle	2	0	0	0
ASO 1	ASO	-14	Cereb_peduncle	3	0	0	0
ASO 1	ASO	-14	Cereb_peduncle	4	0	0	0
ASO 1	ASO	123	medulla	1	2	0	0
ASO 1	ASO	123	medulla	2	NA	NA	NA
ASO 1	ASO	123	medulla	3	2	0	0
ASO 1	ASO	123	medulla	4	2	0	0
ASO 1	ASO	90	medulla	1	0	0	0
ASO 1	ASO	90	medulla	2	0	0	0
ASO 1	ASO	90	medulla	3	0	0	0
ASO 1	ASO	90	medulla	4	0	0	0
ASO 1	ASO	60	medulla	1	0	0	0
ASO 1	ASO	60	medulla	2	0	0	0
ASO 1	ASO	60	medulla	3	0	0	0
ASO 1	ASO	60	medulla	4	0	0	0
ASO 1	ASO	30	medulla	1	0	0	0
ASO 1	ASO	30	medulla	2	0	0	0
ASO 1	ASO	30	medulla	3	0	0	0
ASO 1	ASO	30	medulla	4	0	0	0
ASO 1	ASO	-14	medulla	1	0	0	0
ASO 1	ASO	-14	medulla	2	0	0	0
ASO 1	ASO	-14	medulla	3	0	0	0
ASO 1	ASO	-14	medulla	4	0	0	0
ASO 1	ASO	123	Subiculum	1	2	0	0
ASO 1	ASO	123	Subiculum	2	2	0	0
ASO 1	ASO	123	Subiculum	3	2	0	0
ASO 1	ASO	123	Subiculum	4	1	0	0
ASO 1	ASO	90	Subiculum	1	0	0	0
ASO 1	ASO	90	Subiculum	2	0	0	0
ASO 1	ASO	90	Subiculum	3	0	0	0
ASO 1	ASO	90	Subiculum	4	0	0	0
ASO 1	ASO	60	Subiculum	1	0	0	0
ASO 1	ASO	60	Subiculum	2	0	0	0
ASO 1	ASO	60	Subiculum	3	0	0	0
ASO 1	ASO	60	Subiculum	4	0	0	0
ASO 1	ASO	30	Subiculum	1	0	0	0
ASO 1	ASO	30	Subiculum	2	0	0	0
ASO 1	ASO	30	Subiculum	3	0	0	0
ASO 1	ASO	30	Subiculum	4	0	0	0
ASO 1	ASO	-14	Subiculum	1	0	0	0
ASO 1	ASO	-14	Subiculum	2	0	0	0
ASO 1	ASO	-14	Subiculum	3	0	0	0
ASO 1	ASO	-14	Subiculum	4	0	0	0
ASO 1	ASO	123	endothelial cells	1	3	0	0
ASO 1	ASO	123	endothelial cells	2	3	0	0
ASO 1	ASO	123	endothelial cells	3	3	0	0
ASO 1	ASO	123	endothelial cells	4	3	0	0
ASO 1	ASO	90	endothelial cells	1	3	0	0
ASO 1	ASO	90	endothelial cells	2	3	0	0
ASO 1	ASO	90	endothelial cells	3	3	0	0
ASO 1	ASO	90	endothelial cells	4	3	0	0
ASO 1	ASO	60	endothelial cells	1	3	0	0
ASO 1	ASO	60	endothelial cells	2	3	0	0
ASO 1	ASO	60	endothelial cells	3	3	0	0
ASO 1	ASO	60	endothelial cells	4	3	0	0
ASO 1	ASO	30	endothelial cells	1	3	0	0
ASO 1	ASO	30	endothelial cells	2	3	0	0
ASO 1	ASO	30	endothelial cells	3	3	0	0
ASO 1	ASO	30	endothelial cells	4	3	0	0
ASO 1	ASO	-14	endothelial cells	1	3	0	0
ASO 1	ASO	-14	endothelial cells	2	3	0	0
ASO 1	ASO	-14	endothelial cells	3	2	0	0
ASO 1	ASO	-14	endothelial cells	4	2	0	0
ASO 2	GFAP	123	Fiber tracts	1	1	0	0
ASO 2	GFAP	123	Fiber tracts	2	1	0	0
ASO 2	GFAP	123	Fiber tracts	3	1	0	0
ASO 2	GFAP	123	Fiber tracts	4	1	0	0
ASO 2	GFAP	90	Fiber tracts	1	0	0	0
ASO 2	GFAP	90	Fiber tracts	2	1	0	0
ASO 2	GFAP	90	Fiber tracts	3	1	0	0
ASO 2	GFAP	90	Fiber tracts	4	0	0	0
ASO 2	GFAP	60	Fiber tracts	1	1	0	0
ASO 2	GFAP	60	Fiber tracts	2	NA	1	0
ASO 2	GFAP	60	Fiber tracts	3	1	0	0
ASO 2	GFAP	60	Fiber tracts	4	2	0	0
ASO 2	GFAP	30	Fiber tracts	1	1	0	0
ASO 2	GFAP	30	Fiber tracts	2	1	0	0
ASO 2	GFAP	30	Fiber tracts	3	1	0	0
ASO 2	GFAP	30	Fiber tracts	4	1	0	0
ASO 2	GFAP	-14	Fiber tracts	1	1	0	0
ASO 2	GFAP	-14	Fiber tracts	2	1	0	0
ASO 2	GFAP	-14	Fiber tracts	3	1	0	0
ASO 2	GFAP	-14	Fiber tracts	4	NA	NA	NA
ASO 2	GFAP	123	Cortex	1	1	0	0
ASO 2	GFAP	123	Cortex	2	1	0	0
ASO 2	GFAP	123	Cortex	3	1	0	0
ASO 2	GFAP	123	Cortex	4	1	0	0
ASO 2	GFAP	90	Cortex	1	1	0	0
ASO 2	GFAP	90	Cortex	2	1	0	0
ASO 2	GFAP	90	Cortex	3	1	0	0
ASO 2	GFAP	90	Cortex	4	1	0	0
ASO 2	GFAP	60	Cortex	1	0	0	0
ASO 2	GFAP	60	Cortex	2	NA	1	0
ASO 2	GFAP	60	Cortex	3	1	0	0
ASO 2	GFAP	60	Cortex	4	1	0	0
ASO 2	GFAP	30	Cortex	1	1	0	0
ASO 2	GFAP	30	Cortex	2	1	0	0
ASO 2	GFAP	30	Cortex	3	1	0	0
ASO 2	GFAP	30	Cortex	4	1	0	0
ASO 2	GFAP	-14	Cortex	1	0	0	0
ASO 2	GFAP	-14	Cortex	2	0	0	0
ASO 2	GFAP	-14	Cortex	3	1	0	0
ASO 2	GFAP	-14	Cortex	4	NA	NA	NA
ASO 2	GFAP	123	Hippocampus	1	2	0	0
ASO 2	GFAP	123	Hippocampus	2	1	0	0
ASO 2	GFAP	123	Hippocampus	3	2	0	0
ASO 2	GFAP	123	Hippocampus	4	2	0	0
ASO 2	GFAP	90	Hippocampus	1	0	0	0
ASO 2	GFAP	90	Hippocampus	2	1	0	0
ASO 2	GFAP	90	Hippocampus	3	1	0	0
ASO 2	GFAP	90	Hippocampus	4	0	0	0
ASO 2	GFAP	60	Hippocampus	1	1	0	0
ASO 2	GFAP	60	Hippocampus	2	NA	1	0
ASO 2	GFAP	60	Hippocampus	3	0	0	0
ASO 2	GFAP	60	Hippocampus	4	0	0	0
ASO 2	GFAP	30	Hippocampus	1	2	0	0
ASO 2	GFAP	30	Hippocampus	2	1	0	0
ASO 2	GFAP	30	Hippocampus	3	2	0	0
ASO 2	GFAP	30	Hippocampus	4	2	0	0
ASO 2	GFAP	-14	Hippocampus	1	1	0	0
ASO 2	GFAP	-14	Hippocampus	2	0	0	0
ASO 2	GFAP	-14	Hippocampus	3	1	0	0
ASO 2	GFAP	-14	Hippocampus	4	NA	NA	NA
ASO 2	GFAP	123	CP	1	1	0	0
ASO 2	GFAP	123	CP	2	1	0	0
ASO 2	GFAP	123	CP	3	2	0	0
ASO 2	GFAP	123	CP	4	1	0	0
ASO 2	GFAP	90	CP	1	0	0	0
ASO 2	GFAP	90	CP	2	0	0	0
ASO 2	GFAP	90	CP	3	0	0	0
ASO 2	GFAP	90	CP	4	1	0	0
ASO 2	GFAP	60	CP	1	1	0	0
ASO 2	GFAP	60	CP	2	NA	1	0
ASO 2	GFAP	60	CP	3	0	0	0
ASO 2	GFAP	60	CP	4	0	0	0
ASO 2	GFAP	30	CP	1	1	0	0
ASO 2	GFAP	30	CP	2	1	0	0
ASO 2	GFAP	30	CP	3	0	0	0
ASO 2	GFAP	30	CP	4	1	0	0
ASO 2	GFAP	-14	CP	1	1	0	0
ASO 2	GFAP	-14	CP	2	0	0	0
ASO 2	GFAP	-14	CP	3	0	0	0
ASO 2	GFAP	-14	CP	4	NA	NA	NA
ASO 2	GFAP	123	Pallidum	1	2	0	0
ASO 2	GFAP	123	Pallidum	2	1	0	0
ASO 2	GFAP	123	Pallidum	3	2	0	0
ASO 2	GFAP	123	Pallidum	4	2	0	0
ASO 2	GFAP	90	Pallidum	1	2	0	0
ASO 2	GFAP	90	Pallidum	2	1	0	0
ASO 2	GFAP	90	Pallidum	3	1	0	0
ASO 2	GFAP	90	Pallidum	4	1	0	0
ASO 2	GFAP	60	Pallidum	1	2	0	0
ASO 2	GFAP	60	Pallidum	2	NA	1	0
ASO 2	GFAP	60	Pallidum	3	1	0	0
ASO 2	GFAP	60	Pallidum	4	1	0	0
ASO 2	GFAP	30	Pallidum	1	1	0	0
ASO 2	GFAP	30	Pallidum	2	1	0	0
ASO 2	GFAP	30	Pallidum	3	1	0	0
ASO 2	GFAP	30	Pallidum	4	1	0	0
ASO 2	GFAP	-14	Pallidum	1	1	0	0
ASO 2	GFAP	-14	Pallidum	2	1	0	0
ASO 2	GFAP	-14	Pallidum	3	1	0	0
ASO 2	GFAP	-14	Pallidum	4	NA	NA	NA
ASO 2	GFAP	123	Thalamus	1	2	0	0
ASO 2	GFAP	123	Thalamus	2	1	0	0
ASO 2	GFAP	123	Thalamus	3	2	0	0
ASO 2	GFAP	123	Thalamus	4	2	0	0
ASO 2	GFAP	90	Thalamus	1	2	0	0
ASO 2	GFAP	90	Thalamus	2	1	0	0
ASO 2	GFAP	90	Thalamus	3	1	0	0
ASO 2	GFAP	90	Thalamus	4	2	0	0
ASO 2	GFAP	60	Thalamus	1	2	0	0
ASO 2	GFAP	60	Thalamus	2	NA	1	0
ASO 2	GFAP	60	Thalamus	3	0	0	0
ASO 2	GFAP	60	Thalamus	4	1	0	0
ASO 2	GFAP	30	Thalamus	1	2	0	0
ASO 2	GFAP	30	Thalamus	2	2	0	0
ASO 2	GFAP	30	Thalamus	3	2	0	0
ASO 2	GFAP	30	Thalamus	4	2	0	0
ASO 2	GFAP	-14	Thalamus	1	1	0	0
ASO 2	GFAP	-14	Thalamus	2	1	0	0
ASO 2	GFAP	-14	Thalamus	3	1	0	0
ASO 2	GFAP	-14	Thalamus	4	NA	NA	NA
ASO 2	GFAP	123	midbrain	1	1	0	0
ASO 2	GFAP	123	midbrain	2	1	0	0
ASO 2	GFAP	123	midbrain	3	1	0	0
ASO 2	GFAP	123	midbrain	4	1	0	0
ASO 2	GFAP	90	midbrain	1	1	0	0
ASO 2	GFAP	90	midbrain	2	1	0	0
ASO 2	GFAP	90	midbrain	3	0	0	0
ASO 2	GFAP	90	midbrain	4	1	0	0
ASO 2	GFAP	60	midbrain	1	0	0	0
ASO 2	GFAP	60	midbrain	2	NA	1	0
ASO 2	GFAP	60	midbrain	3	0	0	0
ASO 2	GFAP	60	midbrain	4	0	0	0
ASO 2	GFAP	30	midbrain	1	1	0	0
ASO 2	GFAP	30	midbrain	2	0	0	0
ASO 2	GFAP	30	midbrain	3	0	0	0
ASO 2	GFAP	30	midbrain	4	1	0	0
ASO 2	GFAP	-14	midbrain	1	1	0	0
ASO 2	GFAP	-14	midbrain	2	0	0	0
ASO 2	GFAP	-14	midbrain	3	0	0	0
ASO 2	GFAP	-14	midbrain	4	NA	NA	NA
ASO 2	GFAP	123	Cereb_mol layer	1	1	0	0
ASO 2	GFAP	123	Cereb_mol layer	2	1	0	0
ASO 2	GFAP	123	Cereb_mol layer	3	1	0	0
ASO 2	GFAP	123	Cereb_mol layer	4	1	0	0
ASO 2	GFAP	90	Cereb_mol layer	1	0	0	0
ASO 2	GFAP	90	Cereb_mol layer	2	1	0	0
ASO 2	GFAP	90	Cereb_mol layer	3	0	0	0
ASO 2	GFAP	90	Cereb_mol layer	4	0	0	0
ASO 2	GFAP	60	Cereb_mol layer	1	0	0	0
ASO 2	GFAP	60	Cereb_mol layer	2	NA	1	0
ASO 2	GFAP	60	Cereb_mol layer	3	0	0	0
ASO 2	GFAP	60	Cereb_mol layer	4	0	0	0
ASO 2	GFAP	30	Cereb_mol layer	1	0	0	0
ASO 2	GFAP	30	Cereb_mol layer	2	0	0	0
ASO 2	GFAP	30	Cereb_mol layer	3	0	0	0
ASO 2	GFAP	30	Cereb_mol layer	4	NA	NA	NA
ASO 2	GFAP	-14	Cereb_mol layer	1	0	0	0
ASO 2	GFAP	-14	Cereb_mol layer	2	0	0	0
ASO 2	GFAP	-14	Cereb_mol layer	3	0	0	0
ASO 2	GFAP	-14	Cereb_mol layer	4	NA	NA	NA
ASO 2	GFAP	123	Cereb_gran layer	1	1	0	0
ASO 2	GFAP	123	Cereb_gran layer	2	1	0	0
ASO 2	GFAP	123	Cereb_gran layer	3	1	0	0
ASO 2	GFAP	123	Cereb_gran layer	4	1	0	0
ASO 2	GFAP	90	Cereb_gran layer	1	0	0	0
ASO 2	GFAP	90	Cereb_gran layer	2	1	0	0
ASO 2	GFAP	90	Cereb_gran layer	3	0	0	0
ASO 2	GFAP	90	Cereb_gran layer	4	0	0	0
ASO 2	GFAP	60	Cereb_gran layer	1	0	0	0
ASO 2	GFAP	60	Cereb_gran layer	2	NA	1	0
ASO 2	GFAP	60	Cereb_gran layer	3	0	0	0
ASO 2	GFAP	60	Cereb_gran layer	4	0	0	0
ASO 2	GFAP	30	Cereb_gran layer	1	0	0	0
ASO 2	GFAP	30	Cereb_gran layer	2	1	0	0
ASO 2	GFAP	30	Cereb_gran layer	3	1	0	0
ASO 2	GFAP	30	Cereb_gran layer	4	NA	NA	NA
ASO 2	GFAP	-14	Cereb_gran layer	1	0	0	0
ASO 2	GFAP	-14	Cereb_gran layer	2	0	0	0
ASO 2	GFAP	-14	Cereb_gran layer	3	0	0	0
ASO 2	GFAP	-14	Cereb_gran layer	4	NA	NA	NA
ASO 2	GFAP	123	Cereb_peduncle	1	1	0	0
ASO 2	GFAP	123	Cereb_peduncle	2	1	0	0
ASO 2	GFAP	123	Cereb_peduncle	3	1	0	0
ASO 2	GFAP	123	Cereb_peduncle	4	1	0	0
ASO 2	GFAP	90	Cereb_peduncle	1	0	0	0
ASO 2	GFAP	90	Cereb_peduncle	2	1	0	0
ASO 2	GFAP	90	Cereb_peduncle	3	1	0	0
ASO 2	GFAP	90	Cereb_peduncle	4	1	0	0
ASO 2	GFAP	60	Cereb_peduncle	1	0	0	0
ASO 2	GFAP	60	Cereb_peduncle	2	NA	1	0
ASO 2	GFAP	60	Cereb_peduncle	3	0	0	0
ASO 2	GFAP	60	Cereb_peduncle	4	1	0	0
ASO 2	GFAP	30	Cereb_peduncle	1	0	0	0
ASO 2	GFAP	30	Cereb_peduncle	2	0	0	0
ASO 2	GFAP	30	Cereb_peduncle	3	1	0	0
ASO 2	GFAP	30	Cereb_peduncle	4	NA	NA	NA
ASO 2	GFAP	-14	Cereb_peduncle	1	0	0	0
ASO 2	GFAP	-14	Cereb_peduncle	2	0	0	0
ASO 2	GFAP	-14	Cereb_peduncle	3	0	0	0
ASO 2	GFAP	-14	Cereb_peduncle	4	NA	NA	NA
ASO 2	GFAP	123	medulla	1	1	0	0
ASO 2	GFAP	123	medulla	2	1	0	0
ASO 2	GFAP	123	medulla	3	1	0	0
ASO 2	GFAP	123	medulla	4	1	0	0
ASO 2	GFAP	90	medulla	1	1	0	0
ASO 2	GFAP	90	medulla	2	1	0	0
ASO 2	GFAP	90	medulla	3	1	0	0
ASO 2	GFAP	90	medulla	4	1	0	0
ASO 2	GFAP	60	medulla	1	0	0	0
ASO 2	GFAP	60	medulla	2	NA	1	0
ASO 2	GFAP	60	medulla	3	0	0	0
ASO 2	GFAP	60	medulla	4	0	0	0
ASO 2	GFAP	30	medulla	1	1	0	0
ASO 2	GFAP	30	medulla	2	1	0	0
ASO 2	GFAP	30	medulla	3	1	0	0
ASO 2	GFAP	30	medulla	4	1	0	0
ASO 2	GFAP	-14	medulla	1	1	0	0
ASO 2	GFAP	-14	medulla	2	0	0	0
ASO 2	GFAP	-14	medulla	3	0	0	0
ASO 2	GFAP	-14	medulla	4	NA	NA	NA
ASO 2	GFAP	123	Subiculum	1	2	0	0
ASO 2	GFAP	123	Subiculum	2	1	0	0
ASO 2	GFAP	123	Subiculum	3	1	0	0
ASO 2	GFAP	123	Subiculum	4	1	0	0
ASO 2	GFAP	90	Subiculum	1	1	0	0
ASO 2	GFAP	90	Subiculum	2	1	0	0
ASO 2	GFAP	90	Subiculum	3	1	0	0
ASO 2	GFAP	90	Subiculum	4	0	0	0
ASO 2	GFAP	60	Subiculum	1	1	0	0
ASO 2	GFAP	60	Subiculum	2	NA	1	0
ASO 2	GFAP	60	Subiculum	3	1	0	0
ASO 2	GFAP	60	Subiculum	4	0	0	0
ASO 2	GFAP	30	Subiculum	1	2	0	0
ASO 2	GFAP	30	Subiculum	2	1	0	0
ASO 2	GFAP	30	Subiculum	3	1	0	0
ASO 2	GFAP	30	Subiculum	4	1	0	0
ASO 2	GFAP	-14	Subiculum	1	1	0	0
ASO 2	GFAP	-14	Subiculum	2	0	0	0
ASO 2	GFAP	-14	Subiculum	3	1	0	0
ASO 2	GFAP	-14	Subiculum	4	NA	NA	NA
ASO 2	Iba1	123	Fiber tracts	1	1	0	0
ASO 2	Iba1	123	Fiber tracts	2	1	0	0
ASO 2	Iba1	123	Fiber tracts	3	1	0	0
ASO 2	Iba1	123	Fiber tracts	4	2	0	0
ASO 2	Iba1	90	Fiber tracts	1	0	0	0
ASO 2	Iba1	90	Fiber tracts	2	1	0	0
ASO 2	Iba1	90	Fiber tracts	3	0	0	0
ASO 2	Iba1	90	Fiber tracts	4	0	0	0
ASO 2	Iba1	60	Fiber tracts	1	1	0	0
ASO 2	Iba1	60	Fiber tracts	2	0	0	0
ASO 2	Iba1	60	Fiber tracts	3	0	0	0
ASO 2	Iba1	60	Fiber tracts	4	1	0	0
ASO 2	Iba1	30	Fiber tracts	1	1	0	0
ASO 2	Iba1	30	Fiber tracts	2	1	0	0
ASO 2	Iba1	30	Fiber tracts	3	1	0	0
ASO 2	Iba1	30	Fiber tracts	4	1	0	0
ASO 2	Iba1	-14	Fiber tracts	1	0	0	0
ASO 2	Iba1	-14	Fiber tracts	2	0	0	0
ASO 2	Iba1	-14	Fiber tracts	3	1	0	0
ASO 2	Iba1	-14	Fiber tracts	4	NA	NA	NA
ASO 2	Iba1	123	Cortex	1	1	0	0
ASO 2	Iba1	123	Cortex	2	1	0	0
ASO 2	Iba1	123	Cortex	3	2	0	0
ASO 2	Iba1	123	Cortex	4	2	0	0
ASO 2	Iba1	90	Cortex	1	0	0	0
ASO 2	Iba1	90	Cortex	2	1	0	0
ASO 2	Iba1	90	Cortex	3	1	0	0
ASO 2	Iba1	90	Cortex	4	1	0	0
ASO 2	Iba1	60	Cortex	1	0	0	0
ASO 2	Iba1	60	Cortex	2	1	0	0
ASO 2	Iba1	60	Cortex	3	0	0	0
ASO 2	Iba1	60	Cortex	4	1	0	0
ASO 2	Iba1	30	Cortex	1	1	0	0
ASO 2	Iba1	30	Cortex	2	1	0	0
ASO 2	Iba1	30	Cortex	3	1	0	0
ASO 2	Iba1	30	Cortex	4	1	0	0
ASO 2	Iba1	-14	Cortex	1	1	0	0
ASO 2	Iba1	-14	Cortex	2	0	0	0
ASO 2	Iba1	-14	Cortex	3	1	0	0
ASO 2	Iba1	-14	Cortex	4	NA	NA	NA
ASO 2	Iba1	123	Hippocampus	1	1	0	0
ASO 2	Iba1	123	Hippocampus	2	1	0	0
ASO 2	Iba1	123	Hippocampus	3	1	0	0
ASO 2	Iba1	123	Hippocampus	4	1	0	0
ASO 2	Iba1	90	Hippocampus	1	0	0	0
ASO 2	Iba1	90	Hippocampus	2	1	0	0
ASO 2	Iba1	90	Hippocampus	3	0	0	0
ASO 2	Iba1	90	Hippocampus	4	0	0	0
ASO 2	Iba1	60	Hippocampus	1	0	0	0
ASO 2	Iba1	60	Hippocampus	2	0	0	0
ASO 2	Iba1	60	Hippocampus	3	0	0	0
ASO 2	Iba1	60	Hippocampus	4	0	0	0
ASO 2	Iba1	30	Hippocampus	1	1	0	0
ASO 2	Iba1	30	Hippocampus	2	0	0	0
ASO 2	Iba1	30	Hippocampus	3	1	0	0
ASO 2	Iba1	30	Hippocampus	4	1	0	0
ASO 2	Iba1	-14	Hippocampus	1	1	0	0
ASO 2	Iba1	-14	Hippocampus	2	0	0	0
ASO 2	Iba1	-14	Hippocampus	3	0	0	0
ASO 2	Iba1	-14	Hippocampus	4	NA	NA	NA
ASO 2	Iba1	123	CP	1	1	0	0
ASO 2	Iba1	123	CP	2	1	0	0
ASO 2	Iba1	123	CP	3	1	0	0
ASO 2	Iba1	123	CP	4	1	0	0
ASO 2	Iba1	90	CP	1	0	0	0
ASO 2	Iba1	90	CP	2	0	0	0
ASO 2	Iba1	90	CP	3	0	0	0
ASO 2	Iba1	90	CP	4	1	0	0
ASO 2	Iba1	60	CP	1	0	0	0
ASO 2	Iba1	60	CP	2	0	0	0
ASO 2	Iba1	60	CP	3	0	0	0
ASO 2	Iba1	60	CP	4	0	0	0
ASO 2	Iba1	30	CP	1	0	0	0
ASO 2	Iba1	30	CP	2	0	0	0
ASO 2	Iba1	30	CP	3	0	0	0
ASO 2	Iba1	30	CP	4	0	0	0
ASO 2	Iba1	-14	CP	1	0	0	0
ASO 2	Iba1	-14	CP	2	0	0	0
ASO 2	Iba1	-14	CP	3	0	0	0
ASO 2	Iba1	-14	CP	4	NA	NA	NA
ASO 2	Iba1	123	Pallidum	1	2	0	0
ASO 2	Iba1	123	Pallidum	2	1	0	0
ASO 2	Iba1	123	Pallidum	3	1	0	0
ASO 2	Iba1	123	Pallidum	4	1	0	0
ASO 2	Iba1	90	Pallidum	1	1	0	0
ASO 2	Iba1	90	Pallidum	2	1	0	0
ASO 2	Iba1	90	Pallidum	3	2	0	0
ASO 2	Iba1	90	Pallidum	4	2	0	0
ASO 2	Iba1	60	Pallidum	1	2	0	0
ASO 2	Iba1	60	Pallidum	2	2	0	0
ASO 2	Iba1	60	Pallidum	3	1	0	0
ASO 2	Iba1	60	Pallidum	4	2	0	0
ASO 2	Iba1	30	Pallidum	1	2	0	0
ASO 2	Iba1	30	Pallidum	2	2	0	0
ASO 2	Iba1	30	Pallidum	3	0	0	0
ASO 2	Iba1	30	Pallidum	4	0	0	0
ASO 2	Iba1	-14	Pallidum	1	1	0	0
ASO 2	Iba1	-14	Pallidum	2	0	0	0
ASO 2	Iba1	-14	Pallidum	3	0	0	0
ASO 2	Iba1	-14	Pallidum	4	NA	NA	NA
ASO 2	Iba1	123	Thalamus	1	3	0	0
ASO 2	Iba1	123	Thalamus	2	2	0	0
ASO 2	Iba1	123	Thalamus	3	2	0	0
ASO 2	Iba1	123	Thalamus	4	2	0	0
ASO 2	Iba1	90	Thalamus	1	2	0	0
ASO 2	Iba1	90	Thalamus	2	1	0	0
ASO 2	Iba1	90	Thalamus	3	2	0	0
ASO 2	Iba1	90	Thalamus	4	2	0	0
ASO 2	Iba1	60	Thalamus	1	2	0	0
ASO 2	Iba1	60	Thalamus	2	2	0	0
ASO 2	Iba1	60	Thalamus	3	1	0	0
ASO 2	Iba1	60	Thalamus	4	2	0	0
ASO 2	Iba1	30	Thalamus	1	0	0	0
ASO 2	Iba1	30	Thalamus	2	0	0	0
ASO 2	Iba1	30	Thalamus	3	1	0	0
ASO 2	Iba1	30	Thalamus	4	1	0	0
ASO 2	Iba1	-14	Thalamus	1	1	0	0
ASO 2	Iba1	-14	Thalamus	2	1	0	0
ASO 2	Iba1	-14	Thalamus	3	2	0	0
ASO 2	Iba1	-14	Thalamus	4	NA	NA	NA
ASO 2	Iba1	123	midbrain	1	2	0	0
ASO 2	Iba1	123	midbrain	2	0	0	0
ASO 2	Iba1	123	midbrain	3	2	0	0
ASO 2	Iba1	123	midbrain	4	1	0	0
ASO 2	Iba1	90	midbrain	1	2	0	0
ASO 2	Iba1	90	midbrain	2	1	0	0
ASO 2	Iba1	90	midbrain	3	2	0	0
ASO 2	Iba1	90	midbrain	4	2	0	0
ASO 2	Iba1	60	midbrain	1	0	0	0
ASO 2	Iba1	60	midbrain	2	2	0	0
ASO 2	Iba1	60	midbrain	3	1	0	0
ASO 2	Iba1	60	midbrain	4	2	0	0
ASO 2	Iba1	30	midbrain	1	0	0	0
ASO 2	Iba1	30	midbrain	2	0	0	0
ASO 2	Iba1	30	midbrain	3	0	0	0
ASO 2	Iba1	30	midbrain	4	0	0	0
ASO 2	Iba1	-14	midbrain	1	0	0	0
ASO 2	Iba1	-14	midbrain	2	0	0	0
ASO 2	Iba1	-14	midbrain	3	0	0	0
ASO 2	Iba1	-14	midbrain	4	NA	NA	NA
ASO 2	Iba1	123	Cereb_mol layer	1	1	0	0
ASO 2	Iba1	123	Cereb_mol layer	2	0	0	0
ASO 2	Iba1	123	Cereb_mol layer	3	1	0	0
ASO 2	Iba1	123	Cereb_mol layer	4	1	0	0
ASO 2	Iba1	90	Cereb_mol layer	1	0	0	0
ASO 2	Iba1	90	Cereb_mol layer	2	0	0	0
ASO 2	Iba1	90	Cereb_mol layer	3	0	0	0
ASO 2	Iba1	90	Cereb_mol layer	4	0	0	0
ASO 2	Iba1	60	Cereb_mol layer	1	0	0	0
ASO 2	Iba1	60	Cereb_mol layer	2	0	0	0
ASO 2	Iba1	60	Cereb_mol layer	3	0	0	0
ASO 2	Iba1	60	Cereb_mol layer	4	0	0	0
ASO 2	Iba1	30	Cereb_mol layer	1	0	0	0
ASO 2	Iba1	30	Cereb_mol layer	2	0	0	0
ASO 2	Iba1	30	Cereb_mol layer	3	0	0	0
ASO 2	Iba1	30	Cereb_mol layer	4	NA	NA	NA
ASO 2	Iba1	-14	Cereb_mol layer	1	0	0	0
ASO 2	Iba1	-14	Cereb_mol layer	2	0	0	0
ASO 2	Iba1	-14	Cereb_mol layer	3	0	0	0
ASO 2	Iba1	-14	Cereb_mol layer	4	NA	NA	NA
ASO 2	Iba1	123	Cereb_gran layer	1	0	0	0
ASO 2	Iba1	123	Cereb_gran layer	2	0	0	0
ASO 2	Iba1	123	Cereb_gran layer	3	0	0	0
ASO 2	Iba1	123	Cereb_gran layer	4	0	0	0
ASO 2	Iba1	90	Cereb_gran layer	1	0	0	0
ASO 2	Iba1	90	Cereb_gran layer	2	0	0	0
ASO 2	Iba1	90	Cereb_gran layer	3	0	0	0
ASO 2	Iba1	90	Cereb_gran layer	4	0	0	0
ASO 2	Iba1	60	Cereb_gran layer	1	0	0	0
ASO 2	Iba1	60	Cereb_gran layer	2	0	0	0
ASO 2	Iba1	60	Cereb_gran layer	3	0	0	0
ASO 2	Iba1	60	Cereb_gran layer	4	0	0	0
ASO 2	Iba1	30	Cereb_gran layer	1	0	0	0
ASO 2	Iba1	30	Cereb_gran layer	2	0	0	0
ASO 2	Iba1	30	Cereb_gran layer	3	0	0	0
ASO 2	Iba1	30	Cereb_gran layer	4	NA	NA	NA
ASO 2	Iba1	-14	Cereb_gran layer	1	0	0	0
ASO 2	Iba1	-14	Cereb_gran layer	2	0	0	0
ASO 2	Iba1	-14	Cereb_gran layer	3	0	0	0
ASO 2	Iba1	-14	Cereb_gran layer	4	NA	NA	NA
ASO 2	Iba1	123	Cereb_peduncle	1	1	0	0
ASO 2	Iba1	123	Cereb_peduncle	2	NA	NA	NA
ASO 2	Iba1	123	Cereb_peduncle	3	1	0	0
ASO 2	Iba1	123	Cereb_peduncle	4	NA	NA	NA
ASO 2	Iba1	90	Cereb_peduncle	1	1	0	0
ASO 2	Iba1	90	Cereb_peduncle	2	1	0	0
ASO 2	Iba1	90	Cereb_peduncle	3	2	0	0
ASO 2	Iba1	90	Cereb_peduncle	4	1	0	0
ASO 2	Iba1	60	Cereb_peduncle	1	0	0	0
ASO 2	Iba1	60	Cereb_peduncle	2	1	0	0
ASO 2	Iba1	60	Cereb_peduncle	3	1	0	0
ASO 2	Iba1	60	Cereb_peduncle	4	0	0	0
ASO 2	Iba1	30	Cereb_peduncle	1	0	0	0
ASO 2	Iba1	30	Cereb_peduncle	2	0	0	0
ASO 2	Iba1	30	Cereb_peduncle	3	0	0	0
ASO 2	Iba1	30	Cereb_peduncle	4	NA	NA	NA
ASO 2	Iba1	-14	Cereb_peduncle	1	0	0	0
ASO 2	Iba1	-14	Cereb_peduncle	2	0	0	0
ASO 2	Iba1	-14	Cereb_peduncle	3	0	0	0
ASO 2	Iba1	-14	Cereb_peduncle	4	NA	NA	NA
ASO 2	Iba1	123	medulla	1	2	0	0
ASO 2	Iba1	123	medulla	2	1	0	0
ASO 2	Iba1	123	medulla	3	1	0	0
ASO 2	Iba1	123	medulla	4	1	0	0
ASO 2	Iba1	90	medulla	1	1	0	0
ASO 2	Iba1	90	medulla	2	1	0	0
ASO 2	Iba1	90	medulla	3	2	0	0
ASO 2	Iba1	90	medulla	4	1	0	0
ASO 2	Iba1	60	medulla	1	0	0	0
ASO 2	Iba1	60	medulla	2	1	0	0
ASO 2	Iba1	60	medulla	3	1	0	0
ASO 2	Iba1	60	medulla	4	1	0	0
ASO 2	Iba1	30	medulla	1	1	0	0
ASO 2	Iba1	30	medulla	2	0	0	0
ASO 2	Iba1	30	medulla	3	0	0	0
ASO 2	Iba1	30	medulla	4	NA	NA	NA
ASO 2	Iba1	-14	medulla	1	0	0	0
ASO 2	Iba1	-14	medulla	2	0	0	0
ASO 2	Iba1	-14	medulla	3	0	0	0
ASO 2	Iba1	-14	medulla	4	NA	NA	NA
ASO 2	Iba1	123	Subiculum	1	1	0	0
ASO 2	Iba1	123	Subiculum	2	1	0	0
ASO 2	Iba1	123	Subiculum	3	1	0	0
ASO 2	Iba1	123	Subiculum	4	1	0	0
ASO 2	Iba1	90	Subiculum	1	0	0	0
ASO 2	Iba1	90	Subiculum	2	1	0	0
ASO 2	Iba1	90	Subiculum	3	1	0	0
ASO 2	Iba1	90	Subiculum	4	0	0	0
ASO 2	Iba1	60	Subiculum	1	0	0	0
ASO 2	Iba1	60	Subiculum	2	0	0	0
ASO 2	Iba1	60	Subiculum	3	0	0	0
ASO 2	Iba1	60	Subiculum	4	0	0	0
ASO 2	Iba1	30	Subiculum	1	1	0	0
ASO 2	Iba1	30	Subiculum	2	0	0	0
ASO 2	Iba1	30	Subiculum	3	1	0	0
ASO 2	Iba1	30	Subiculum	4	1	0	0
ASO 2	Iba1	-14	Subiculum	1	0	0	0
ASO 2	Iba1	-14	Subiculum	2	0	0	0
ASO 2	Iba1	-14	Subiculum	3	1	0	0
ASO 2	Iba1	-14	Subiculum	4	NA	NA	NA
ASO 2	PrP	123	Fiber tracts	1	0	0	0
ASO 2	PrP	123	Fiber tracts	2	1	0	0
ASO 2	PrP	123	Fiber tracts	3	1	0	0
ASO 2	PrP	123	Fiber tracts	4	1	0	0
ASO 2	PrP	90	Fiber tracts	1	0	0	0
ASO 2	PrP	90	Fiber tracts	2	0	0	0
ASO 2	PrP	90	Fiber tracts	3	0	0	0
ASO 2	PrP	90	Fiber tracts	4	0	0	0
ASO 2	PrP	60	Fiber tracts	1	0	0	0
ASO 2	PrP	60	Fiber tracts	2	0	0	0
ASO 2	PrP	60	Fiber tracts	3	0	0	0
ASO 2	PrP	60	Fiber tracts	4	0	0	0
ASO 2	PrP	30	Fiber tracts	1	0	0	0
ASO 2	PrP	30	Fiber tracts	2	0	0	0
ASO 2	PrP	30	Fiber tracts	3	0	0	0
ASO 2	PrP	30	Fiber tracts	4	0	0	0
ASO 2	PrP	-14	Fiber tracts	1	0	0	0
ASO 2	PrP	-14	Fiber tracts	2	0	0	0
ASO 2	PrP	-14	Fiber tracts	3	0	0	0
ASO 2	PrP	-14	Fiber tracts	4	NA	NA	NA
ASO 2	PrP	123	Cortex	1	2	0	0
ASO 2	PrP	123	Cortex	2	1	0	0
ASO 2	PrP	123	Cortex	3	1	0	0
ASO 2	PrP	123	Cortex	4	2	0	0
ASO 2	PrP	90	Cortex	1	0	0	0
ASO 2	PrP	90	Cortex	2	1	0	0
ASO 2	PrP	90	Cortex	3	1	0	0
ASO 2	PrP	90	Cortex	4	1	0	0
ASO 2	PrP	60	Cortex	1	0	0	0
ASO 2	PrP	60	Cortex	2	0	0	0
ASO 2	PrP	60	Cortex	3	0	0	0
ASO 2	PrP	60	Cortex	4	0	0	0
ASO 2	PrP	30	Cortex	1	1	0	0
ASO 2	PrP	30	Cortex	2	1	0	0
ASO 2	PrP	30	Cortex	3	1	0	0
ASO 2	PrP	30	Cortex	4	1	0	0
ASO 2	PrP	-14	Cortex	1	1	0	0
ASO 2	PrP	-14	Cortex	2	1	0	0
ASO 2	PrP	-14	Cortex	3	1	0	0
ASO 2	PrP	-14	Cortex	4	NA	NA	NA
ASO 2	PrP	123	Hippocampus	1	1	0	0
ASO 2	PrP	123	Hippocampus	2	1	0	0
ASO 2	PrP	123	Hippocampus	3	1	0	0
ASO 2	PrP	123	Hippocampus	4	2	0	0
ASO 2	PrP	90	Hippocampus	1	0	0	0
ASO 2	PrP	90	Hippocampus	2	1	0	0
ASO 2	PrP	90	Hippocampus	3	0	0	0
ASO 2	PrP	90	Hippocampus	4	0	0	0
ASO 2	PrP	60	Hippocampus	1	0	0	0
ASO 2	PrP	60	Hippocampus	2	0	0	0
ASO 2	PrP	60	Hippocampus	3	0	0	0
ASO 2	PrP	60	Hippocampus	4	0	0	0
ASO 2	PrP	30	Hippocampus	1	1	0	0
ASO 2	PrP	30	Hippocampus	2	1	0	0
ASO 2	PrP	30	Hippocampus	3	1	0	0
ASO 2	PrP	30	Hippocampus	4	1	0	0
ASO 2	PrP	-14	Hippocampus	1	1	0	0
ASO 2	PrP	-14	Hippocampus	2	1	0	0
ASO 2	PrP	-14	Hippocampus	3	1	0	0
ASO 2	PrP	-14	Hippocampus	4	NA	NA	NA
ASO 2	PrP	123	CP	1	1	0	0
ASO 2	PrP	123	CP	2	0	0	0
ASO 2	PrP	123	CP	3	0	0	0
ASO 2	PrP	123	CP	4	0	0	0
ASO 2	PrP	90	CP	1	0	0	0
ASO 2	PrP	90	CP	2	0	0	0
ASO 2	PrP	90	CP	3	0	0	0
ASO 2	PrP	90	CP	4	0	0	0
ASO 2	PrP	60	CP	1	0	0	0
ASO 2	PrP	60	CP	2	0	0	0
ASO 2	PrP	60	CP	3	0	0	0
ASO 2	PrP	60	CP	4	0	0	0
ASO 2	PrP	30	CP	1	0	0	0
ASO 2	PrP	30	CP	2	0	0	0
ASO 2	PrP	30	CP	3	0	0	0
ASO 2	PrP	30	CP	4	0	0	0
ASO 2	PrP	-14	CP	1	0	0	0
ASO 2	PrP	-14	CP	2	0	0	0
ASO 2	PrP	-14	CP	3	0	0	0
ASO 2	PrP	-14	CP	4	NA	NA	NA
ASO 2	PrP	123	Pallidum	1	1	0	0
ASO 2	PrP	123	Pallidum	2	0	0	0
ASO 2	PrP	123	Pallidum	3	0	0	0
ASO 2	PrP	123	Pallidum	4	0	0	0
ASO 2	PrP	90	Pallidum	1	0	0	0
ASO 2	PrP	90	Pallidum	2	0	0	0
ASO 2	PrP	90	Pallidum	3	0	0	0
ASO 2	PrP	90	Pallidum	4	0	0	0
ASO 2	PrP	60	Pallidum	1	0	0	0
ASO 2	PrP	60	Pallidum	2	0	0	0
ASO 2	PrP	60	Pallidum	3	0	0	0
ASO 2	PrP	60	Pallidum	4	0	0	0
ASO 2	PrP	30	Pallidum	1	0	0	0
ASO 2	PrP	30	Pallidum	2	0	0	0
ASO 2	PrP	30	Pallidum	3	0	0	0
ASO 2	PrP	30	Pallidum	4	0	0	0
ASO 2	PrP	-14	Pallidum	1	0	0	0
ASO 2	PrP	-14	Pallidum	2	0	0	0
ASO 2	PrP	-14	Pallidum	3	0	0	0
ASO 2	PrP	-14	Pallidum	4	NA	NA	NA
ASO 2	PrP	123	Thalamus	1	1	0	0
ASO 2	PrP	123	Thalamus	2	2	0	0
ASO 2	PrP	123	Thalamus	3	2	0	0
ASO 2	PrP	123	Thalamus	4	2	0	0
ASO 2	PrP	90	Thalamus	1	1	0	0
ASO 2	PrP	90	Thalamus	2	1	0	0
ASO 2	PrP	90	Thalamus	3	1	0	0
ASO 2	PrP	90	Thalamus	4	1	0	0
ASO 2	PrP	60	Thalamus	1	1	0	0
ASO 2	PrP	60	Thalamus	2	1	0	0
ASO 2	PrP	60	Thalamus	3	1	0	0
ASO 2	PrP	60	Thalamus	4	1	0	0
ASO 2	PrP	30	Thalamus	1	1	0	0
ASO 2	PrP	30	Thalamus	2	1	0	0
ASO 2	PrP	30	Thalamus	3	1	0	0
ASO 2	PrP	30	Thalamus	4	1	0	0
ASO 2	PrP	-14	Thalamus	1	1	0	0
ASO 2	PrP	-14	Thalamus	2	1	0	0
ASO 2	PrP	-14	Thalamus	3	1	0	0
ASO 2	PrP	-14	Thalamus	4	NA	NA	NA
ASO 2	PrP	123	midbrain	1	0	0	0
ASO 2	PrP	123	midbrain	2	0	0	0
ASO 2	PrP	123	midbrain	3	1	0	0
ASO 2	PrP	123	midbrain	4	0	0	0
ASO 2	PrP	90	midbrain	1	0	0	0
ASO 2	PrP	90	midbrain	2	0	0	0
ASO 2	PrP	90	midbrain	3	0	0	0
ASO 2	PrP	90	midbrain	4	0	0	0
ASO 2	PrP	60	midbrain	1	0	0	0
ASO 2	PrP	60	midbrain	2	0	0	0
ASO 2	PrP	60	midbrain	3	0	0	0
ASO 2	PrP	60	midbrain	4	0	0	0
ASO 2	PrP	30	midbrain	1	0	0	0
ASO 2	PrP	30	midbrain	2	0	0	0
ASO 2	PrP	30	midbrain	3	0	0	0
ASO 2	PrP	30	midbrain	4	0	0	0
ASO 2	PrP	-14	midbrain	1	0	0	0
ASO 2	PrP	-14	midbrain	2	0	0	0
ASO 2	PrP	-14	midbrain	3	0	0	0
ASO 2	PrP	-14	midbrain	4	NA	NA	NA
ASO 2	PrP	123	Cereb_mol layer	1	0	0	0
ASO 2	PrP	123	Cereb_mol layer	2	0	0	0
ASO 2	PrP	123	Cereb_mol layer	3	0	0	0
ASO 2	PrP	123	Cereb_mol layer	4	0	0	0
ASO 2	PrP	90	Cereb_mol layer	1	0	0	0
ASO 2	PrP	90	Cereb_mol layer	2	0	0	0
ASO 2	PrP	90	Cereb_mol layer	3	0	0	0
ASO 2	PrP	90	Cereb_mol layer	4	0	0	0
ASO 2	PrP	60	Cereb_mol layer	1	0	0	0
ASO 2	PrP	60	Cereb_mol layer	2	0	0	0
ASO 2	PrP	60	Cereb_mol layer	3	0	0	0
ASO 2	PrP	60	Cereb_mol layer	4	0	0	0
ASO 2	PrP	30	Cereb_mol layer	1	0	0	0
ASO 2	PrP	30	Cereb_mol layer	2	0	0	0
ASO 2	PrP	30	Cereb_mol layer	3	0	0	0
ASO 2	PrP	30	Cereb_mol layer	4	0	0	0
ASO 2	PrP	-14	Cereb_mol layer	1	0	0	0
ASO 2	PrP	-14	Cereb_mol layer	2	0	0	0
ASO 2	PrP	-14	Cereb_mol layer	3	0	0	0
ASO 2	PrP	-14	Cereb_mol layer	4	NA	NA	NA
ASO 2	PrP	123	Cereb_gran layer	1	0	0	0
ASO 2	PrP	123	Cereb_gran layer	2	1	0	0
ASO 2	PrP	123	Cereb_gran layer	3	0	0	0
ASO 2	PrP	123	Cereb_gran layer	4	0	0	0
ASO 2	PrP	90	Cereb_gran layer	1	0	0	0
ASO 2	PrP	90	Cereb_gran layer	2	0	0	0
ASO 2	PrP	90	Cereb_gran layer	3	0	0	0
ASO 2	PrP	90	Cereb_gran layer	4	0	0	0
ASO 2	PrP	60	Cereb_gran layer	1	0	0	0
ASO 2	PrP	60	Cereb_gran layer	2	0	0	0
ASO 2	PrP	60	Cereb_gran layer	3	0	0	0
ASO 2	PrP	60	Cereb_gran layer	4	0	0	0
ASO 2	PrP	30	Cereb_gran layer	1	0	0	0
ASO 2	PrP	30	Cereb_gran layer	2	0	0	0
ASO 2	PrP	30	Cereb_gran layer	3	0	0	0
ASO 2	PrP	30	Cereb_gran layer	4	0	0	0
ASO 2	PrP	-14	Cereb_gran layer	1	0	0	0
ASO 2	PrP	-14	Cereb_gran layer	2	0	0	0
ASO 2	PrP	-14	Cereb_gran layer	3	0	0	0
ASO 2	PrP	-14	Cereb_gran layer	4	NA	NA	NA
ASO 2	PrP	123	Cereb_peduncle	1	1	0	0
ASO 2	PrP	123	Cereb_peduncle	2	NA	NA	NA
ASO 2	PrP	123	Cereb_peduncle	3	0	0	0
ASO 2	PrP	123	Cereb_peduncle	4	NA	NA	NA
ASO 2	PrP	90	Cereb_peduncle	1	0	0	0
ASO 2	PrP	90	Cereb_peduncle	2	0	0	0
ASO 2	PrP	90	Cereb_peduncle	3	0	0	0
ASO 2	PrP	90	Cereb_peduncle	4	0	0	0
ASO 2	PrP	60	Cereb_peduncle	1	0	0	0
ASO 2	PrP	60	Cereb_peduncle	2	0	0	0
ASO 2	PrP	60	Cereb_peduncle	3	0	0	0
ASO 2	PrP	60	Cereb_peduncle	4	0	0	0
ASO 2	PrP	30	Cereb_peduncle	1	0	0	0
ASO 2	PrP	30	Cereb_peduncle	2	0	0	0
ASO 2	PrP	30	Cereb_peduncle	3	0	0	0
ASO 2	PrP	30	Cereb_peduncle	4	0	0	0
ASO 2	PrP	-14	Cereb_peduncle	1	0	0	0
ASO 2	PrP	-14	Cereb_peduncle	2	0	0	0
ASO 2	PrP	-14	Cereb_peduncle	3	0	0	0
ASO 2	PrP	-14	Cereb_peduncle	4	NA	NA	NA
ASO 2	PrP	123	medulla	1	0	0	0
ASO 2	PrP	123	medulla	2	NA	NA	NA
ASO 2	PrP	123	medulla	3	1	0	0
ASO 2	PrP	123	medulla	4	NA	NA	NA
ASO 2	PrP	90	medulla	1	0	0	0
ASO 2	PrP	90	medulla	2	0	0	0
ASO 2	PrP	90	medulla	3	0	0	0
ASO 2	PrP	90	medulla	4	0	0	0
ASO 2	PrP	60	medulla	1	0	0	0
ASO 2	PrP	60	medulla	2	0	0	0
ASO 2	PrP	60	medulla	3	0	0	0
ASO 2	PrP	60	medulla	4	0	0	0
ASO 2	PrP	30	medulla	1	0	0	0
ASO 2	PrP	30	medulla	2	0	0	0
ASO 2	PrP	30	medulla	3	0	0	0
ASO 2	PrP	30	medulla	4	0	0	0
ASO 2	PrP	-14	medulla	1	0	0	0
ASO 2	PrP	-14	medulla	2	0	0	0
ASO 2	PrP	-14	medulla	3	0	0	0
ASO 2	PrP	-14	medulla	4	NA	NA	NA
ASO 2	PrP	123	Subiculum	1	2	0	0
ASO 2	PrP	123	Subiculum	2	2	0	0
ASO 2	PrP	123	Subiculum	3	2	0	0
ASO 2	PrP	123	Subiculum	4	2	0	0
ASO 2	PrP	90	Subiculum	1	0	0	0
ASO 2	PrP	90	Subiculum	2	1	0	0
ASO 2	PrP	90	Subiculum	3	1	0	0
ASO 2	PrP	90	Subiculum	4	0	0	0
ASO 2	PrP	60	Subiculum	1	0	0	0
ASO 2	PrP	60	Subiculum	2	0	0	0
ASO 2	PrP	60	Subiculum	3	0	0	0
ASO 2	PrP	60	Subiculum	4	0	0	0
ASO 2	PrP	30	Subiculum	1	1	0	0
ASO 2	PrP	30	Subiculum	2	1	0	0
ASO 2	PrP	30	Subiculum	3	1	0	0
ASO 2	PrP	30	Subiculum	4	1	0	0
ASO 2	PrP	-14	Subiculum	1	0	0	0
ASO 2	PrP	-14	Subiculum	2	1	0	0
ASO 2	PrP	-14	Subiculum	3	1	0	0
ASO 2	PrP	-14	Subiculum	4	NA	NA	NA
ASO 2	ASO	123	Fiber tracts	1	1	0	0
ASO 2	ASO	123	Fiber tracts	2	1	0	0
ASO 2	ASO	123	Fiber tracts	3	1	0	0
ASO 2	ASO	123	Fiber tracts	4	1	0	0
ASO 2	ASO	90	Fiber tracts	1	0	0	0
ASO 2	ASO	90	Fiber tracts	2	1	0	0
ASO 2	ASO	90	Fiber tracts	3	0	0	0
ASO 2	ASO	90	Fiber tracts	4	0	0	0
ASO 2	ASO	60	Fiber tracts	1	1	0	0
ASO 2	ASO	60	Fiber tracts	2	1	0	0
ASO 2	ASO	60	Fiber tracts	3	2	0	0
ASO 2	ASO	60	Fiber tracts	4	2	0	0
ASO 2	ASO	30	Fiber tracts	1	0	0	0
ASO 2	ASO	30	Fiber tracts	2	0	0	0
ASO 2	ASO	30	Fiber tracts	3	0	0	0
ASO 2	ASO	30	Fiber tracts	4	0	0	0
ASO 2	ASO	-14	Fiber tracts	1	0	0	0
ASO 2	ASO	-14	Fiber tracts	2	0	0	0
ASO 2	ASO	-14	Fiber tracts	3	0	0	0
ASO 2	ASO	-14	Fiber tracts	4	NA	NA	NA
ASO 2	ASO	123	Cortex	1	2	0	0
ASO 2	ASO	123	Cortex	2	2	0	0
ASO 2	ASO	123	Cortex	3	2	0	0
ASO 2	ASO	123	Cortex	4	2	0	0
ASO 2	ASO	90	Cortex	1	1	0	0
ASO 2	ASO	90	Cortex	2	1	0	0
ASO 2	ASO	90	Cortex	3	1	0	0
ASO 2	ASO	90	Cortex	4	1	0	0
ASO 2	ASO	60	Cortex	1	3	0	0
ASO 2	ASO	60	Cortex	2	2	0	0
ASO 2	ASO	60	Cortex	3	3	0	0
ASO 2	ASO	60	Cortex	4	3	0	0
ASO 2	ASO	30	Cortex	1	0	0	0
ASO 2	ASO	30	Cortex	2	0	0	0
ASO 2	ASO	30	Cortex	3	0	0	0
ASO 2	ASO	30	Cortex	4	0	0	0
ASO 2	ASO	-14	Cortex	1	0	0	0
ASO 2	ASO	-14	Cortex	2	1	0	0
ASO 2	ASO	-14	Cortex	3	0	0	0
ASO 2	ASO	-14	Cortex	4	NA	NA	NA
ASO 2	ASO	123	Hippocampus	1	2	0	0
ASO 2	ASO	123	Hippocampus	2	2	0	0
ASO 2	ASO	123	Hippocampus	3	3	0	0
ASO 2	ASO	123	Hippocampus	4	2	0	0
ASO 2	ASO	90	Hippocampus	1	2	0	0
ASO 2	ASO	90	Hippocampus	2	2	0	0
ASO 2	ASO	90	Hippocampus	3	2	0	0
ASO 2	ASO	90	Hippocampus	4	1	0	0
ASO 2	ASO	60	Hippocampus	1	3	0	0
ASO 2	ASO	60	Hippocampus	2	3	0	0
ASO 2	ASO	60	Hippocampus	3	3	0	0
ASO 2	ASO	60	Hippocampus	4	2	0	0
ASO 2	ASO	30	Hippocampus	1	0	0	0
ASO 2	ASO	30	Hippocampus	2	0	0	0
ASO 2	ASO	30	Hippocampus	3	0	0	0
ASO 2	ASO	30	Hippocampus	4	0	0	0
ASO 2	ASO	-14	Hippocampus	1	0	0	0
ASO 2	ASO	-14	Hippocampus	2	0	0	0
ASO 2	ASO	-14	Hippocampus	3	0	0	0
ASO 2	ASO	-14	Hippocampus	4	NA	NA	NA
ASO 2	ASO	123	CP	1	2	0	0
ASO 2	ASO	123	CP	2	2	0	0
ASO 2	ASO	123	CP	3	3	0	0
ASO 2	ASO	123	CP	4	3	0	0
ASO 2	ASO	90	CP	1	3	0	0
ASO 2	ASO	90	CP	2	2	0	0
ASO 2	ASO	90	CP	3	2	0	0
ASO 2	ASO	90	CP	4	1	0	0
ASO 2	ASO	60	CP	1	3	0	0
ASO 2	ASO	60	CP	2	3	0	0
ASO 2	ASO	60	CP	3	3	0	0
ASO 2	ASO	60	CP	4	3	0	0
ASO 2	ASO	30	CP	1	0	0	0
ASO 2	ASO	30	CP	2	0	0	0
ASO 2	ASO	30	CP	3	0	0	0
ASO 2	ASO	30	CP	4	0	0	0
ASO 2	ASO	-14	CP	1	0	0	0
ASO 2	ASO	-14	CP	2	1	0	0
ASO 2	ASO	-14	CP	3	0	0	0
ASO 2	ASO	-14	CP	4	NA	NA	NA
ASO 2	ASO	123	Pallidum	1	2	0	0
ASO 2	ASO	123	Pallidum	2	2	0	0
ASO 2	ASO	123	Pallidum	3	3	0	0
ASO 2	ASO	123	Pallidum	4	3	0	0
ASO 2	ASO	90	Pallidum	1	2	0	0
ASO 2	ASO	90	Pallidum	2	2	0	0
ASO 2	ASO	90	Pallidum	3	2	0	0
ASO 2	ASO	90	Pallidum	4	1	0	0
ASO 2	ASO	60	Pallidum	1	2	0	0
ASO 2	ASO	60	Pallidum	2	2	0	0
ASO 2	ASO	60	Pallidum	3	3	0	0
ASO 2	ASO	60	Pallidum	4	2	0	0
ASO 2	ASO	30	Pallidum	1	0	0	0
ASO 2	ASO	30	Pallidum	2	0	0	0
ASO 2	ASO	30	Pallidum	3	0	0	0
ASO 2	ASO	30	Pallidum	4	0	0	0
ASO 2	ASO	-14	Pallidum	1	0	0	0
ASO 2	ASO	-14	Pallidum	2	0	0	0
ASO 2	ASO	-14	Pallidum	3	0	0	0
ASO 2	ASO	-14	Pallidum	4	NA	NA	NA
ASO 2	ASO	123	Thalamus	1	2	0	0
ASO 2	ASO	123	Thalamus	2	2	0	0
ASO 2	ASO	123	Thalamus	3	3	0	0
ASO 2	ASO	123	Thalamus	4	3	0	0
ASO 2	ASO	90	Thalamus	1	2	0	0
ASO 2	ASO	90	Thalamus	2	2	0	0
ASO 2	ASO	90	Thalamus	3	2	0	0
ASO 2	ASO	90	Thalamus	4	2	0	0
ASO 2	ASO	60	Thalamus	1	2	0	0
ASO 2	ASO	60	Thalamus	2	3	0	0
ASO 2	ASO	60	Thalamus	3	3	0	0
ASO 2	ASO	60	Thalamus	4	2	0	0
ASO 2	ASO	30	Thalamus	1	0	0	0
ASO 2	ASO	30	Thalamus	2	0	0	0
ASO 2	ASO	30	Thalamus	3	0	0	0
ASO 2	ASO	30	Thalamus	4	0	0	0
ASO 2	ASO	-14	Thalamus	1	0	0	0
ASO 2	ASO	-14	Thalamus	2	0	0	0
ASO 2	ASO	-14	Thalamus	3	0	0	0
ASO 2	ASO	-14	Thalamus	4	NA	NA	NA
ASO 2	ASO	123	midbrain	1	3	0	0
ASO 2	ASO	123	midbrain	2	3	0	0
ASO 2	ASO	123	midbrain	3	3	0	0
ASO 2	ASO	123	midbrain	4	3	0	0
ASO 2	ASO	90	midbrain	1	2	0	0
ASO 2	ASO	90	midbrain	2	3	0	0
ASO 2	ASO	90	midbrain	3	2	0	0
ASO 2	ASO	90	midbrain	4	2	0	0
ASO 2	ASO	60	midbrain	1	3	0	0
ASO 2	ASO	60	midbrain	2	3	0	0
ASO 2	ASO	60	midbrain	3	3	0	0
ASO 2	ASO	60	midbrain	4	3	0	0
ASO 2	ASO	30	midbrain	1	0	0	0
ASO 2	ASO	30	midbrain	2	0	0	0
ASO 2	ASO	30	midbrain	3	0	0	0
ASO 2	ASO	30	midbrain	4	0	0	0
ASO 2	ASO	-14	midbrain	1	0	0	0
ASO 2	ASO	-14	midbrain	2	0	0	0
ASO 2	ASO	-14	midbrain	3	0	0	0
ASO 2	ASO	-14	midbrain	4	NA	NA	NA
ASO 2	ASO	123	Cereb_mol layer	1	2	0	0
ASO 2	ASO	123	Cereb_mol layer	2	1	0	0
ASO 2	ASO	123	Cereb_mol layer	3	1	0	0
ASO 2	ASO	123	Cereb_mol layer	4	1	0	0
ASO 2	ASO	90	Cereb_mol layer	1	1	0	0
ASO 2	ASO	90	Cereb_mol layer	2	1	0	0
ASO 2	ASO	90	Cereb_mol layer	3	0	0	0
ASO 2	ASO	90	Cereb_mol layer	4	1	0	0
ASO 2	ASO	60	Cereb_mol layer	1	2	0	0
ASO 2	ASO	60	Cereb_mol layer	2	1	0	0
ASO 2	ASO	60	Cereb_mol layer	3	2	0	0
ASO 2	ASO	60	Cereb_mol layer	4	1	0	0
ASO 2	ASO	30	Cereb_mol layer	1	0	0	0
ASO 2	ASO	30	Cereb_mol layer	2	0	0	0
ASO 2	ASO	30	Cereb_mol layer	3	0	0	0
ASO 2	ASO	30	Cereb_mol layer	4	0	0	0
ASO 2	ASO	-14	Cereb_mol layer	1	0	0	0
ASO 2	ASO	-14	Cereb_mol layer	2	0	0	0
ASO 2	ASO	-14	Cereb_mol layer	3	0	0	0
ASO 2	ASO	-14	Cereb_mol layer	4	NA	NA	NA
ASO 2	ASO	123	Cereb_gran layer	1	3	0	0
ASO 2	ASO	123	Cereb_gran layer	2	2	0	0
ASO 2	ASO	123	Cereb_gran layer	3	2	0	0
ASO 2	ASO	123	Cereb_gran layer	4	2	0	0
ASO 2	ASO	90	Cereb_gran layer	1	2	0	0
ASO 2	ASO	90	Cereb_gran layer	2	2	0	0
ASO 2	ASO	90	Cereb_gran layer	3	1	0	0
ASO 2	ASO	90	Cereb_gran layer	4	2	0	0
ASO 2	ASO	60	Cereb_gran layer	1	3	0	0
ASO 2	ASO	60	Cereb_gran layer	2	2	0	0
ASO 2	ASO	60	Cereb_gran layer	3	3	0	0
ASO 2	ASO	60	Cereb_gran layer	4	2	0	0
ASO 2	ASO	30	Cereb_gran layer	1	1	0	0
ASO 2	ASO	30	Cereb_gran layer	2	1	0	0
ASO 2	ASO	30	Cereb_gran layer	3	1	0	0
ASO 2	ASO	30	Cereb_gran layer	4	0	0	0
ASO 2	ASO	-14	Cereb_gran layer	1	1	0	0
ASO 2	ASO	-14	Cereb_gran layer	2	1	0	0
ASO 2	ASO	-14	Cereb_gran layer	3	0	0	0
ASO 2	ASO	-14	Cereb_gran layer	4	NA	NA	NA
ASO 2	ASO	123	Cereb_peduncle	1	3	0	0
ASO 2	ASO	123	Cereb_peduncle	2	NA	NA	NA
ASO 2	ASO	123	Cereb_peduncle	3	2	0	0
ASO 2	ASO	123	Cereb_peduncle	4	NA	NA	NA
ASO 2	ASO	90	Cereb_peduncle	1	2	0	0
ASO 2	ASO	90	Cereb_peduncle	2	2	0	0
ASO 2	ASO	90	Cereb_peduncle	3	2	0	0
ASO 2	ASO	90	Cereb_peduncle	4	2	0	0
ASO 2	ASO	60	Cereb_peduncle	1	3	0	0
ASO 2	ASO	60	Cereb_peduncle	2	2	0	0
ASO 2	ASO	60	Cereb_peduncle	3	3	0	0
ASO 2	ASO	60	Cereb_peduncle	4	1	0	0
ASO 2	ASO	30	Cereb_peduncle	1	0	0	0
ASO 2	ASO	30	Cereb_peduncle	2	0	0	0
ASO 2	ASO	30	Cereb_peduncle	3	0	0	0
ASO 2	ASO	30	Cereb_peduncle	4	0	0	0
ASO 2	ASO	-14	Cereb_peduncle	1	0	0	0
ASO 2	ASO	-14	Cereb_peduncle	2	0	0	0
ASO 2	ASO	-14	Cereb_peduncle	3	0	0	0
ASO 2	ASO	-14	Cereb_peduncle	4	NA	NA	NA
ASO 2	ASO	123	medulla	1	3	0	0
ASO 2	ASO	123	medulla	2	3	0	0
ASO 2	ASO	123	medulla	3	2	0	0
ASO 2	ASO	123	medulla	4	NA	NA	NA
ASO 2	ASO	90	medulla	1	2	0	0
ASO 2	ASO	90	medulla	2	2	0	0
ASO 2	ASO	90	medulla	3	1	0	0
ASO 2	ASO	90	medulla	4	1	0	0
ASO 2	ASO	60	medulla	1	2	0	0
ASO 2	ASO	60	medulla	2	NA	NA	NA
ASO 2	ASO	60	medulla	3	2	0	0
ASO 2	ASO	60	medulla	4	2	0	0
ASO 2	ASO	30	medulla	1	0	0	0
ASO 2	ASO	30	medulla	2	0	0	0
ASO 2	ASO	30	medulla	3	0	0	0
ASO 2	ASO	30	medulla	4	0	0	0
ASO 2	ASO	-14	medulla	1	0	0	0
ASO 2	ASO	-14	medulla	2	0	0	0
ASO 2	ASO	-14	medulla	3	0	0	0
ASO 2	ASO	-14	medulla	4	NA	NA	NA
ASO 2	ASO	123	Subiculum	1	2	0	0
ASO 2	ASO	123	Subiculum	2	2	0	0
ASO 2	ASO	123	Subiculum	3	2	0	0
ASO 2	ASO	123	Subiculum	4	2	0	0
ASO 2	ASO	90	Subiculum	1	2	0	0
ASO 2	ASO	90	Subiculum	2	2	0	0
ASO 2	ASO	90	Subiculum	3	2	0	0
ASO 2	ASO	90	Subiculum	4	1	0	0
ASO 2	ASO	60	Subiculum	1	3	0	0
ASO 2	ASO	60	Subiculum	2	3	0	0
ASO 2	ASO	60	Subiculum	3	3	0	0
ASO 2	ASO	60	Subiculum	4	2	0	0
ASO 2	ASO	30	Subiculum	1	0	0	0
ASO 2	ASO	30	Subiculum	2	0	0	0
ASO 2	ASO	30	Subiculum	3	0	0	0
ASO 2	ASO	30	Subiculum	4	0	0	0
ASO 2	ASO	-14	Subiculum	1	0	0	0
ASO 2	ASO	-14	Subiculum	2	0	0	0
ASO 2	ASO	-14	Subiculum	3	0	0	0
ASO 2	ASO	-14	Subiculum	4	NA	NA	NA
ASO 2	ASO	123	endothelial cells	1	3	0	0
ASO 2	ASO	123	endothelial cells	2	3	0	0
ASO 2	ASO	123	endothelial cells	3	3	0	0
ASO 2	ASO	123	endothelial cells	4	3	0	0
ASO 2	ASO	90	endothelial cells	1	3	0	0
ASO 2	ASO	90	endothelial cells	2	3	0	0
ASO 2	ASO	90	endothelial cells	3	3	0	0
ASO 2	ASO	90	endothelial cells	4	3	0	0
ASO 2	ASO	60	endothelial cells	1	3	0	0
ASO 2	ASO	60	endothelial cells	2	3	0	0
ASO 2	ASO	60	endothelial cells	3	3	0	0
ASO 2	ASO	60	endothelial cells	4	3	0	0
ASO 2	ASO	30	endothelial cells	1	3	0	0
ASO 2	ASO	30	endothelial cells	2	3	0	0
ASO 2	ASO	30	endothelial cells	3	3	0	0
ASO 2	ASO	30	endothelial cells	4	3	0	0
ASO 2	ASO	-14	endothelial cells	1	3	0	0
ASO 2	ASO	-14	endothelial cells	2	3	0	0
ASO 2	ASO	-14	endothelial cells	3	3	0	0
ASO 2	ASO	-14	endothelial cells	4	NA	NA	NA
ASO 7	GFAP	123	Fiber tracts	1	1	0	0
ASO 7	GFAP	123	Fiber tracts	2	1	0	0
ASO 7	GFAP	123	Fiber tracts	3	1	0	0
ASO 7	GFAP	123	Fiber tracts	4	1	0	0
ASO 7	GFAP	90	Fiber tracts	1	1	0	0
ASO 7	GFAP	90	Fiber tracts	2	1	0	0
ASO 7	GFAP	90	Fiber tracts	3	1	0	0
ASO 7	GFAP	90	Fiber tracts	4	2	0	0
ASO 7	GFAP	60	Fiber tracts	1	2	0	0
ASO 7	GFAP	60	Fiber tracts	2	2	0	0
ASO 7	GFAP	60	Fiber tracts	3	1	0	0
ASO 7	GFAP	60	Fiber tracts	4	1	0	0
ASO 7	GFAP	30	Fiber tracts	1	1	0	0
ASO 7	GFAP	30	Fiber tracts	2	1	0	0
ASO 7	GFAP	30	Fiber tracts	3	2	0	0
ASO 7	GFAP	30	Fiber tracts	4	2	0	0
ASO 7	GFAP	-14	Fiber tracts	1	1	0	0
ASO 7	GFAP	-14	Fiber tracts	2	1	0	0
ASO 7	GFAP	-14	Fiber tracts	3	1	0	0
ASO 7	GFAP	-14	Fiber tracts	4	1	0	0
ASO 7	GFAP	123	Cortex	1	1	0	0
ASO 7	GFAP	123	Cortex	2	1	0	0
ASO 7	GFAP	123	Cortex	3	1	0	0
ASO 7	GFAP	123	Cortex	4	1	0	0
ASO 7	GFAP	90	Cortex	1	1	0	0
ASO 7	GFAP	90	Cortex	2	1	0	0
ASO 7	GFAP	90	Cortex	3	1	0	0
ASO 7	GFAP	90	Cortex	4	1	0	0
ASO 7	GFAP	60	Cortex	1	1	0	0
ASO 7	GFAP	60	Cortex	2	1	0	0
ASO 7	GFAP	60	Cortex	3	0	0	0
ASO 7	GFAP	60	Cortex	4	1	0	0
ASO 7	GFAP	30	Cortex	1	1	0	0
ASO 7	GFAP	30	Cortex	2	1	0	0
ASO 7	GFAP	30	Cortex	3	1	0	0
ASO 7	GFAP	30	Cortex	4	1	0	0
ASO 7	GFAP	-14	Cortex	1	0	0	0
ASO 7	GFAP	-14	Cortex	2	1	0	0
ASO 7	GFAP	-14	Cortex	3	0	0	0
ASO 7	GFAP	-14	Cortex	4	0	0	0
ASO 7	GFAP	123	Hippocampus	1	1	0	0
ASO 7	GFAP	123	Hippocampus	2	1	0	0
ASO 7	GFAP	123	Hippocampus	3	1	0	0
ASO 7	GFAP	123	Hippocampus	4	1	0	0
ASO 7	GFAP	90	Hippocampus	1	0	0	0
ASO 7	GFAP	90	Hippocampus	2	NA	NA	NA
ASO 7	GFAP	90	Hippocampus	3	1	0	0
ASO 7	GFAP	90	Hippocampus	4	1	0	0
ASO 7	GFAP	60	Hippocampus	1	1	0	0
ASO 7	GFAP	60	Hippocampus	2	2	0	0
ASO 7	GFAP	60	Hippocampus	3	1	0	0
ASO 7	GFAP	60	Hippocampus	4	1	0	0
ASO 7	GFAP	30	Hippocampus	1	1	0	0
ASO 7	GFAP	30	Hippocampus	2	2	0	0
ASO 7	GFAP	30	Hippocampus	3	2	0	0
ASO 7	GFAP	30	Hippocampus	4	2	0	0
ASO 7	GFAP	-14	Hippocampus	1	1	0	0
ASO 7	GFAP	-14	Hippocampus	2	NA	NA	NA
ASO 7	GFAP	-14	Hippocampus	3	0	0	0
ASO 7	GFAP	-14	Hippocampus	4	1	0	0
ASO 7	GFAP	123	CP	1	1	0	0
ASO 7	GFAP	123	CP	2	1	0	0
ASO 7	GFAP	123	CP	3	1	0	0
ASO 7	GFAP	123	CP	4	1	0	0
ASO 7	GFAP	90	CP	1	1	0	0
ASO 7	GFAP	90	CP	2	NA	NA	NA
ASO 7	GFAP	90	CP	3	1	0	0
ASO 7	GFAP	90	CP	4	1	0	0
ASO 7	GFAP	60	CP	1	1	0	0
ASO 7	GFAP	60	CP	2	1	0	0
ASO 7	GFAP	60	CP	3	0	0	0
ASO 7	GFAP	60	CP	4	1	0	0
ASO 7	GFAP	30	CP	1	0	0	0
ASO 7	GFAP	30	CP	2	1	0	0
ASO 7	GFAP	30	CP	3	1	0	0
ASO 7	GFAP	30	CP	4	1	0	0
ASO 7	GFAP	-14	CP	1	1	0	0
ASO 7	GFAP	-14	CP	2	0	0	0
ASO 7	GFAP	-14	CP	3	0	0	0
ASO 7	GFAP	-14	CP	4	0	0	0
ASO 7	GFAP	123	Pallidum	1	1	0	0
ASO 7	GFAP	123	Pallidum	2	2	0	0
ASO 7	GFAP	123	Pallidum	3	1	0	0
ASO 7	GFAP	123	Pallidum	4	2	0	0
ASO 7	GFAP	90	Pallidum	1	1	0	0
ASO 7	GFAP	90	Pallidum	2	NA	NA	NA
ASO 7	GFAP	90	Pallidum	3	1	0	0
ASO 7	GFAP	90	Pallidum	4	2	0	0
ASO 7	GFAP	60	Pallidum	1	1	0	0
ASO 7	GFAP	60	Pallidum	2	1	0	0
ASO 7	GFAP	60	Pallidum	3	1	0	0
ASO 7	GFAP	60	Pallidum	4	2	0	0
ASO 7	GFAP	30	Pallidum	1	1	0	0
ASO 7	GFAP	30	Pallidum	2	1	0	0
ASO 7	GFAP	30	Pallidum	3	1	0	0
ASO 7	GFAP	30	Pallidum	4	1	0	0
ASO 7	GFAP	-14	Pallidum	1	1	0	0
ASO 7	GFAP	-14	Pallidum	2	1	0	0
ASO 7	GFAP	-14	Pallidum	3	1	0	0
ASO 7	GFAP	-14	Pallidum	4	1	0	0
ASO 7	GFAP	123	Thalamus	1	2	0	0
ASO 7	GFAP	123	Thalamus	2	2	0	0
ASO 7	GFAP	123	Thalamus	3	2	0	0
ASO 7	GFAP	123	Thalamus	4	2	0	0
ASO 7	GFAP	90	Thalamus	1	2	0	0
ASO 7	GFAP	90	Thalamus	2	NA	NA	NA
ASO 7	GFAP	90	Thalamus	3	2	0	0
ASO 7	GFAP	90	Thalamus	4	2	0	0
ASO 7	GFAP	60	Thalamus	1	1	0	0
ASO 7	GFAP	60	Thalamus	2	1	0	0
ASO 7	GFAP	60	Thalamus	3	1	0	0
ASO 7	GFAP	60	Thalamus	4	2	0	0
ASO 7	GFAP	30	Thalamus	1	2	0	0
ASO 7	GFAP	30	Thalamus	2	2	0	0
ASO 7	GFAP	30	Thalamus	3	2	0	0
ASO 7	GFAP	30	Thalamus	4	1	0	0
ASO 7	GFAP	-14	Thalamus	1	1	0	0
ASO 7	GFAP	-14	Thalamus	2	1	0	0
ASO 7	GFAP	-14	Thalamus	3	1	0	0
ASO 7	GFAP	-14	Thalamus	4	1	0	0
ASO 7	GFAP	123	midbrain	1	1	0	0
ASO 7	GFAP	123	midbrain	2	1	0	0
ASO 7	GFAP	123	midbrain	3	1	0	0
ASO 7	GFAP	123	midbrain	4	1	0	0
ASO 7	GFAP	90	midbrain	1	1	0	0
ASO 7	GFAP	90	midbrain	2	NA	NA	NA
ASO 7	GFAP	90	midbrain	3	1	0	0
ASO 7	GFAP	90	midbrain	4	2	0	0
ASO 7	GFAP	60	midbrain	1	0	0	0
ASO 7	GFAP	60	midbrain	2	1	0	0
ASO 7	GFAP	60	midbrain	3	1	0	0
ASO 7	GFAP	60	midbrain	4	0	0	0
ASO 7	GFAP	30	midbrain	1	1	0	0
ASO 7	GFAP	30	midbrain	2	1	0	0
ASO 7	GFAP	30	midbrain	3	1	0	0
ASO 7	GFAP	30	midbrain	4	0	0	0
ASO 7	GFAP	-14	midbrain	1	1	0	0
ASO 7	GFAP	-14	midbrain	2	0	0	0
ASO 7	GFAP	-14	midbrain	3	0	0	0
ASO 7	GFAP	-14	midbrain	4	0	0	0
ASO 7	GFAP	123	Cereb_mol layer	1	1	0	0
ASO 7	GFAP	123	Cereb_mol layer	2	1	0	0
ASO 7	GFAP	123	Cereb_mol layer	3	1	0	0
ASO 7	GFAP	123	Cereb_mol layer	4	1	0	0
ASO 7	GFAP	90	Cereb_mol layer	1	1	0	0
ASO 7	GFAP	90	Cereb_mol layer	2	NA	NA	NA
ASO 7	GFAP	90	Cereb_mol layer	3	1	0	0
ASO 7	GFAP	90	Cereb_mol layer	4	1	0	0
ASO 7	GFAP	60	Cereb_mol layer	1	0	0	0
ASO 7	GFAP	60	Cereb_mol layer	2	0	0	0
ASO 7	GFAP	60	Cereb_mol layer	3	0	0	0
ASO 7	GFAP	60	Cereb_mol layer	4	0	0	0
ASO 7	GFAP	30	Cereb_mol layer	1	0	0	0
ASO 7	GFAP	30	Cereb_mol layer	2	0	0	0
ASO 7	GFAP	30	Cereb_mol layer	3	0	0	0
ASO 7	GFAP	30	Cereb_mol layer	4	0	0	0
ASO 7	GFAP	-14	Cereb_mol layer	1	0	0	0
ASO 7	GFAP	-14	Cereb_mol layer	2	0	0	0
ASO 7	GFAP	-14	Cereb_mol layer	3	0	0	0
ASO 7	GFAP	-14	Cereb_mol layer	4	0	0	0
ASO 7	GFAP	123	Cereb_gran layer	1	1	0	0
ASO 7	GFAP	123	Cereb_gran layer	2	1	0	0
ASO 7	GFAP	123	Cereb_gran layer	3	1	0	0
ASO 7	GFAP	123	Cereb_gran layer	4	1	0	0
ASO 7	GFAP	90	Cereb_gran layer	1	1	0	0
ASO 7	GFAP	90	Cereb_gran layer	2	NA	NA	NA
ASO 7	GFAP	90	Cereb_gran layer	3	1	0	0
ASO 7	GFAP	90	Cereb_gran layer	4	1	0	0
ASO 7	GFAP	60	Cereb_gran layer	1	0	0	0
ASO 7	GFAP	60	Cereb_gran layer	2	1	0	0
ASO 7	GFAP	60	Cereb_gran layer	3	1	0	0
ASO 7	GFAP	60	Cereb_gran layer	4	1	0	0
ASO 7	GFAP	30	Cereb_gran layer	1	1	0	0
ASO 7	GFAP	30	Cereb_gran layer	2	1	0	0
ASO 7	GFAP	30	Cereb_gran layer	3	1	0	0
ASO 7	GFAP	30	Cereb_gran layer	4	1	0	0
ASO 7	GFAP	-14	Cereb_gran layer	1	0	0	0
ASO 7	GFAP	-14	Cereb_gran layer	2	0	0	0
ASO 7	GFAP	-14	Cereb_gran layer	3	0	0	0
ASO 7	GFAP	-14	Cereb_gran layer	4	1	0	0
ASO 7	GFAP	123	Cereb_peduncle	1	1	0	0
ASO 7	GFAP	123	Cereb_peduncle	2	1	0	0
ASO 7	GFAP	123	Cereb_peduncle	3	1	0	0
ASO 7	GFAP	123	Cereb_peduncle	4	1	0	0
ASO 7	GFAP	90	Cereb_peduncle	1	2	0	0
ASO 7	GFAP	90	Cereb_peduncle	2	NA	NA	NA
ASO 7	GFAP	90	Cereb_peduncle	3	2	0	0
ASO 7	GFAP	90	Cereb_peduncle	4	2	0	0
ASO 7	GFAP	60	Cereb_peduncle	1	NA	NA	NA
ASO 7	GFAP	60	Cereb_peduncle	2	1	0	0
ASO 7	GFAP	60	Cereb_peduncle	3	1	0	0
ASO 7	GFAP	60	Cereb_peduncle	4	0	0	0
ASO 7	GFAP	30	Cereb_peduncle	1	0	0	0
ASO 7	GFAP	30	Cereb_peduncle	2	1	0	0
ASO 7	GFAP	30	Cereb_peduncle	3	1	0	0
ASO 7	GFAP	30	Cereb_peduncle	4	1	0	0
ASO 7	GFAP	-14	Cereb_peduncle	1	1	0	0
ASO 7	GFAP	-14	Cereb_peduncle	2	1	0	0
ASO 7	GFAP	-14	Cereb_peduncle	3	0	0	0
ASO 7	GFAP	-14	Cereb_peduncle	4	1	0	0
ASO 7	GFAP	123	medulla	1	1	0	0
ASO 7	GFAP	123	medulla	2	1	0	0
ASO 7	GFAP	123	medulla	3	1	0	0
ASO 7	GFAP	123	medulla	4	1	0	0
ASO 7	GFAP	90	medulla	1	1	0	0
ASO 7	GFAP	90	medulla	2	NA	NA	NA
ASO 7	GFAP	90	medulla	3	1	0	0
ASO 7	GFAP	90	medulla	4	1	0	0
ASO 7	GFAP	60	medulla	1	1	0	0
ASO 7	GFAP	60	medulla	2	1	0	0
ASO 7	GFAP	60	medulla	3	1	0	0
ASO 7	GFAP	60	medulla	4	1	0	0
ASO 7	GFAP	30	medulla	1	1	0	0
ASO 7	GFAP	30	medulla	2	1	0	0
ASO 7	GFAP	30	medulla	3	1	0	0
ASO 7	GFAP	30	medulla	4	1	0	0
ASO 7	GFAP	-14	medulla	1	1	0	0
ASO 7	GFAP	-14	medulla	2	1	0	0
ASO 7	GFAP	-14	medulla	3	0	0	0
ASO 7	GFAP	-14	medulla	4	1	0	0
ASO 7	GFAP	123	Subiculum	1	1	0	0
ASO 7	GFAP	123	Subiculum	2	1	0	0
ASO 7	GFAP	123	Subiculum	3	1	0	0
ASO 7	GFAP	123	Subiculum	4	1	0	0
ASO 7	GFAP	90	Subiculum	1	1	0	0
ASO 7	GFAP	90	Subiculum	2	NA	NA	NA
ASO 7	GFAP	90	Subiculum	3	1	0	0
ASO 7	GFAP	90	Subiculum	4	1	0	0
ASO 7	GFAP	60	Subiculum	1	1	0	0
ASO 7	GFAP	60	Subiculum	2	1	0	0
ASO 7	GFAP	60	Subiculum	3	1	0	0
ASO 7	GFAP	60	Subiculum	4	1	0	0
ASO 7	GFAP	30	Subiculum	1	1	0	0
ASO 7	GFAP	30	Subiculum	2	2	0	0
ASO 7	GFAP	30	Subiculum	3	2	0	0
ASO 7	GFAP	30	Subiculum	4	2	0	0
ASO 7	GFAP	-14	Subiculum	1	1	0	0
ASO 7	GFAP	-14	Subiculum	2	1	0	0
ASO 7	GFAP	-14	Subiculum	3	0	0	0
ASO 7	GFAP	-14	Subiculum	4	1	0	0
ASO 7	Iba1	123	Fiber tracts	1	0	0	0
ASO 7	Iba1	123	Fiber tracts	2	0	0	0
ASO 7	Iba1	123	Fiber tracts	3	0	0	0
ASO 7	Iba1	123	Fiber tracts	4	0	0	0
ASO 7	Iba1	90	Fiber tracts	1	1	0	0
ASO 7	Iba1	90	Fiber tracts	2	1	0	0
ASO 7	Iba1	90	Fiber tracts	3	1	0	0
ASO 7	Iba1	90	Fiber tracts	4	1	0	0
ASO 7	Iba1	60	Fiber tracts	1	1	0	0
ASO 7	Iba1	60	Fiber tracts	2	1	0	0
ASO 7	Iba1	60	Fiber tracts	3	1	0	0
ASO 7	Iba1	60	Fiber tracts	4	1	0	0
ASO 7	Iba1	30	Fiber tracts	1	1	0	0
ASO 7	Iba1	30	Fiber tracts	2	1	0	0
ASO 7	Iba1	30	Fiber tracts	3	2	0	0
ASO 7	Iba1	30	Fiber tracts	4	1	0	0
ASO 7	Iba1	-14	Fiber tracts	1	1	0	0
ASO 7	Iba1	-14	Fiber tracts	2	1	0	0
ASO 7	Iba1	-14	Fiber tracts	3	1	0	0
ASO 7	Iba1	-14	Fiber tracts	4	1	0	0
ASO 7	Iba1	123	Cortex	1	1	0	0
ASO 7	Iba1	123	Cortex	2	2	0	0
ASO 7	Iba1	123	Cortex	3	1	0	0
ASO 7	Iba1	123	Cortex	4	0	0	0
ASO 7	Iba1	90	Cortex	1	1	0	0
ASO 7	Iba1	90	Cortex	2	1	0	0
ASO 7	Iba1	90	Cortex	3	1	0	0
ASO 7	Iba1	90	Cortex	4	1	0	0
ASO 7	Iba1	60	Cortex	1	1	0	0
ASO 7	Iba1	60	Cortex	2	1	0	0
ASO 7	Iba1	60	Cortex	3	1	0	0
ASO 7	Iba1	60	Cortex	4	1	0	0
ASO 7	Iba1	30	Cortex	1	1	0	0
ASO 7	Iba1	30	Cortex	2	1	0	0
ASO 7	Iba1	30	Cortex	3	1	0	0
ASO 7	Iba1	30	Cortex	4	1	0	0
ASO 7	Iba1	-14	Cortex	1	0	0	0
ASO 7	Iba1	-14	Cortex	2	1	0	0
ASO 7	Iba1	-14	Cortex	3	0	0	0
ASO 7	Iba1	-14	Cortex	4	1	0	0
ASO 7	Iba1	123	Hippocampus	1	1	0	0
ASO 7	Iba1	123	Hippocampus	2	1	0	0
ASO 7	Iba1	123	Hippocampus	3	0	0	0
ASO 7	Iba1	123	Hippocampus	4	1	0	0
ASO 7	Iba1	90	Hippocampus	1	1	0	0
ASO 7	Iba1	90	Hippocampus	2	NA	NA	NA
ASO 7	Iba1	90	Hippocampus	3	0	0	0
ASO 7	Iba1	90	Hippocampus	4	0	0	0
ASO 7	Iba1	60	Hippocampus	1	0	0	0
ASO 7	Iba1	60	Hippocampus	2	1	0	0
ASO 7	Iba1	60	Hippocampus	3	1	0	0
ASO 7	Iba1	60	Hippocampus	4	1	0	0
ASO 7	Iba1	30	Hippocampus	1	1	0	0
ASO 7	Iba1	30	Hippocampus	2	1	0	0
ASO 7	Iba1	30	Hippocampus	3	2	0	0
ASO 7	Iba1	30	Hippocampus	4	1	0	0
ASO 7	Iba1	-14	Hippocampus	1	0	0	0
ASO 7	Iba1	-14	Hippocampus	2	NA	NA	NA
ASO 7	Iba1	-14	Hippocampus	3	2	0	0
ASO 7	Iba1	-14	Hippocampus	4	1	0	0
ASO 7	Iba1	123	CP	1	1	0	0
ASO 7	Iba1	123	CP	2	1	0	0
ASO 7	Iba1	123	CP	3	1	0	0
ASO 7	Iba1	123	CP	4	0	0	0
ASO 7	Iba1	90	CP	1	2	0	0
ASO 7	Iba1	90	CP	2	NA	NA	NA
ASO 7	Iba1	90	CP	3	1	0	0
ASO 7	Iba1	90	CP	4	0	0	0
ASO 7	Iba1	60	CP	1	0	0	0
ASO 7	Iba1	60	CP	2	1	0	0
ASO 7	Iba1	60	CP	3	0	0	0
ASO 7	Iba1	60	CP	4	0	0	0
ASO 7	Iba1	30	CP	1	0	0	0
ASO 7	Iba1	30	CP	2	0	0	0
ASO 7	Iba1	30	CP	3	1	0	0
ASO 7	Iba1	30	CP	4	0	0	0
ASO 7	Iba1	-14	CP	1	0	0	0
ASO 7	Iba1	-14	CP	2	0	0	0
ASO 7	Iba1	-14	CP	3	0	0	0
ASO 7	Iba1	-14	CP	4	0	0	0
ASO 7	Iba1	123	Pallidum	1	1	0	0
ASO 7	Iba1	123	Pallidum	2	1	0	0
ASO 7	Iba1	123	Pallidum	3	1	0	0
ASO 7	Iba1	123	Pallidum	4	1	0	0
ASO 7	Iba1	90	Pallidum	1	1	0	0
ASO 7	Iba1	90	Pallidum	2	NA	NA	NA
ASO 7	Iba1	90	Pallidum	3	2	0	0
ASO 7	Iba1	90	Pallidum	4	0	0	0
ASO 7	Iba1	60	Pallidum	1	1	0	0
ASO 7	Iba1	60	Pallidum	2	0	0	0
ASO 7	Iba1	60	Pallidum	3	0	0	0
ASO 7	Iba1	60	Pallidum	4	0	0	0
ASO 7	Iba1	30	Pallidum	1	0	0	0
ASO 7	Iba1	30	Pallidum	2	0	0	0
ASO 7	Iba1	30	Pallidum	3	0	0	0
ASO 7	Iba1	30	Pallidum	4	0	0	0
ASO 7	Iba1	-14	Pallidum	1	0	0	0
ASO 7	Iba1	-14	Pallidum	2	0	0	0
ASO 7	Iba1	-14	Pallidum	3	0	0	0
ASO 7	Iba1	-14	Pallidum	4	0	0	0
ASO 7	Iba1	123	Thalamus	1	2	0	0
ASO 7	Iba1	123	Thalamus	2	2	0	0
ASO 7	Iba1	123	Thalamus	3	1	0	0
ASO 7	Iba1	123	Thalamus	4	1	0	0
ASO 7	Iba1	90	Thalamus	1	2	0	0
ASO 7	Iba1	90	Thalamus	2	NA	NA	NA
ASO 7	Iba1	90	Thalamus	3	2	0	0
ASO 7	Iba1	90	Thalamus	4	1	0	0
ASO 7	Iba1	60	Thalamus	1	1	0	0
ASO 7	Iba1	60	Thalamus	2	2	0	0
ASO 7	Iba1	60	Thalamus	3	2	0	0
ASO 7	Iba1	60	Thalamus	4	2	0	0
ASO 7	Iba1	30	Thalamus	1	1	0	0
ASO 7	Iba1	30	Thalamus	2	1	0	0
ASO 7	Iba1	30	Thalamus	3	2	0	0
ASO 7	Iba1	30	Thalamus	4	2	0	0
ASO 7	Iba1	-14	Thalamus	1	2	0	0
ASO 7	Iba1	-14	Thalamus	2	2	0	0
ASO 7	Iba1	-14	Thalamus	3	2	0	0
ASO 7	Iba1	-14	Thalamus	4	2	0	0
ASO 7	Iba1	123	midbrain	1	2	0	0
ASO 7	Iba1	123	midbrain	2	1	0	0
ASO 7	Iba1	123	midbrain	3	2	0	0
ASO 7	Iba1	123	midbrain	4	0	0	0
ASO 7	Iba1	90	midbrain	1	2	0	0
ASO 7	Iba1	90	midbrain	2	NA	NA	NA
ASO 7	Iba1	90	midbrain	3	2	0	0
ASO 7	Iba1	90	midbrain	4	2	0	0
ASO 7	Iba1	60	midbrain	1	0	0	0
ASO 7	Iba1	60	midbrain	2	0	0	0
ASO 7	Iba1	60	midbrain	3	0	0	0
ASO 7	Iba1	60	midbrain	4	0	0	0
ASO 7	Iba1	30	midbrain	1	0	0	0
ASO 7	Iba1	30	midbrain	2	0	0	0
ASO 7	Iba1	30	midbrain	3	0	0	0
ASO 7	Iba1	30	midbrain	4	0	0	0
ASO 7	Iba1	-14	midbrain	1	0	0	0
ASO 7	Iba1	-14	midbrain	2	NA	NA	NA
ASO 7	Iba1	-14	midbrain	3	1	0	0
ASO 7	Iba1	-14	midbrain	4	0	0	0
ASO 7	Iba1	123	Cereb_mol layer	1	0	0	0
ASO 7	Iba1	123	Cereb_mol layer	2	0	0	0
ASO 7	Iba1	123	Cereb_mol layer	3	0	0	0
ASO 7	Iba1	123	Cereb_mol layer	4	1	0	0
ASO 7	Iba1	90	Cereb_mol layer	1	0	0	0
ASO 7	Iba1	90	Cereb_mol layer	2	NA	NA	NA
ASO 7	Iba1	90	Cereb_mol layer	3	0	0	0
ASO 7	Iba1	90	Cereb_mol layer	4	0	0	0
ASO 7	Iba1	60	Cereb_mol layer	1	0	0	0
ASO 7	Iba1	60	Cereb_mol layer	2	0	0	0
ASO 7	Iba1	60	Cereb_mol layer	3	0	0	0
ASO 7	Iba1	60	Cereb_mol layer	4	0	0	0
ASO 7	Iba1	30	Cereb_mol layer	1	0	0	0
ASO 7	Iba1	30	Cereb_mol layer	2	0	0	0
ASO 7	Iba1	30	Cereb_mol layer	3	0	0	0
ASO 7	Iba1	30	Cereb_mol layer	4	0	0	0
ASO 7	Iba1	-14	Cereb_mol layer	1	0	0	0
ASO 7	Iba1	-14	Cereb_mol layer	2	0	0	0
ASO 7	Iba1	-14	Cereb_mol layer	3	0	0	0
ASO 7	Iba1	-14	Cereb_mol layer	4	0	0	0
ASO 7	Iba1	123	Cereb_gran layer	1	0	0	0
ASO 7	Iba1	123	Cereb_gran layer	2	0	0	0
ASO 7	Iba1	123	Cereb_gran layer	3	0	0	0
ASO 7	Iba1	123	Cereb_gran layer	4	0	0	0
ASO 7	Iba1	90	Cereb_gran layer	1	0	0	0
ASO 7	Iba1	90	Cereb_gran layer	2	NA	NA	NA
ASO 7	Iba1	90	Cereb_gran layer	3	0	0	0
ASO 7	Iba1	90	Cereb_gran layer	4	0	0	0
ASO 7	Iba1	60	Cereb_gran layer	1	0	0	0
ASO 7	Iba1	60	Cereb_gran layer	2	0	0	0
ASO 7	Iba1	60	Cereb_gran layer	3	0	0	0
ASO 7	Iba1	60	Cereb_gran layer	4	0	0	0
ASO 7	Iba1	30	Cereb_gran layer	1	0	0	0
ASO 7	Iba1	30	Cereb_gran layer	2	0	0	0
ASO 7	Iba1	30	Cereb_gran layer	3	0	0	0
ASO 7	Iba1	30	Cereb_gran layer	4	0	0	0
ASO 7	Iba1	-14	Cereb_gran layer	1	0	0	0
ASO 7	Iba1	-14	Cereb_gran layer	2	0	0	0
ASO 7	Iba1	-14	Cereb_gran layer	3	0	0	0
ASO 7	Iba1	-14	Cereb_gran layer	4	0	0	0
ASO 7	Iba1	123	Cereb_peduncle	1	1	0	0
ASO 7	Iba1	123	Cereb_peduncle	2	1	0	0
ASO 7	Iba1	123	Cereb_peduncle	3	1	0	0
ASO 7	Iba1	123	Cereb_peduncle	4	0	0	0
ASO 7	Iba1	90	Cereb_peduncle	1	1	0	0
ASO 7	Iba1	90	Cereb_peduncle	2	NA	NA	NA
ASO 7	Iba1	90	Cereb_peduncle	3	NA	NA	NA
ASO 7	Iba1	90	Cereb_peduncle	4	1	0	0
ASO 7	Iba1	60	Cereb_peduncle	1	1	0	0
ASO 7	Iba1	60	Cereb_peduncle	2	0	0	0
ASO 7	Iba1	60	Cereb_peduncle	3	0	0	0
ASO 7	Iba1	60	Cereb_peduncle	4	0	0	0
ASO 7	Iba1	30	Cereb_peduncle	1	0	0	0
ASO 7	Iba1	30	Cereb_peduncle	2	0	0	0
ASO 7	Iba1	30	Cereb_peduncle	3	0	0	0
ASO 7	Iba1	30	Cereb_peduncle	4	0	0	0
ASO 7	Iba1	-14	Cereb_peduncle	1	0	0	0
ASO 7	Iba1	-14	Cereb_peduncle	2	0	0	0
ASO 7	Iba1	-14	Cereb_peduncle	3	0	0	0
ASO 7	Iba1	-14	Cereb_peduncle	4	0	0	0
ASO 7	Iba1	123	medulla	1	1	0	0
ASO 7	Iba1	123	medulla	2	0	0	0
ASO 7	Iba1	123	medulla	3	1	0	0
ASO 7	Iba1	123	medulla	4	1	0	0
ASO 7	Iba1	90	medulla	1	1	0	0
ASO 7	Iba1	90	medulla	2	NA	NA	NA
ASO 7	Iba1	90	medulla	3	2	0	0
ASO 7	Iba1	90	medulla	4	1	0	0
ASO 7	Iba1	60	medulla	1	1	0	0
ASO 7	Iba1	60	medulla	2	0	0	0
ASO 7	Iba1	60	medulla	3	0	0	0
ASO 7	Iba1	60	medulla	4	1	0	0
ASO 7	Iba1	30	medulla	1	0	0	0
ASO 7	Iba1	30	medulla	2	0	0	0
ASO 7	Iba1	30	medulla	3	0	0	0
ASO 7	Iba1	30	medulla	4	1	0	0
ASO 7	Iba1	-14	medulla	1	0	0	0
ASO 7	Iba1	-14	medulla	2	0	0	0
ASO 7	Iba1	-14	medulla	3	NA	NA	NA
ASO 7	Iba1	-14	medulla	4	0	0	0
ASO 7	Iba1	123	Subiculum	1	1	0	0
ASO 7	Iba1	123	Subiculum	2	1	0	0
ASO 7	Iba1	123	Subiculum	3	0	0	0
ASO 7	Iba1	123	Subiculum	4	1	0	0
ASO 7	Iba1	90	Subiculum	1	1	0	0
ASO 7	Iba1	90	Subiculum	2	NA	NA	NA
ASO 7	Iba1	90	Subiculum	3	1	0	0
ASO 7	Iba1	90	Subiculum	4	1	0	0
ASO 7	Iba1	60	Subiculum	1	1	0	0
ASO 7	Iba1	60	Subiculum	2	1	0	0
ASO 7	Iba1	60	Subiculum	3	1	0	0
ASO 7	Iba1	60	Subiculum	4	1	0	0
ASO 7	Iba1	30	Subiculum	1	1	0	0
ASO 7	Iba1	30	Subiculum	2	1	0	0
ASO 7	Iba1	30	Subiculum	3	1	0	0
ASO 7	Iba1	30	Subiculum	4	1	0	0
ASO 7	Iba1	-14	Subiculum	1	0	0	0
ASO 7	Iba1	-14	Subiculum	2	NA	NA	NA
ASO 7	Iba1	-14	Subiculum	3	1	0	0
ASO 7	Iba1	-14	Subiculum	4	1	0	0
ASO 7	PrP	123	Fiber tracts	1	0	0	0
ASO 7	PrP	123	Fiber tracts	2	1	0	0
ASO 7	PrP	123	Fiber tracts	3	1	0	0
ASO 7	PrP	123	Fiber tracts	4	1	0	0
ASO 7	PrP	90	Fiber tracts	1	0	0	0
ASO 7	PrP	90	Fiber tracts	2	NA	NA	NA
ASO 7	PrP	90	Fiber tracts	3	0	0	0
ASO 7	PrP	90	Fiber tracts	4	0	0	0
ASO 7	PrP	60	Fiber tracts	1	0	0	0
ASO 7	PrP	60	Fiber tracts	2	0	0	0
ASO 7	PrP	60	Fiber tracts	3	0	0	0
ASO 7	PrP	60	Fiber tracts	4	0	0	0
ASO 7	PrP	30	Fiber tracts	1	0	0	0
ASO 7	PrP	30	Fiber tracts	2	0	0	0
ASO 7	PrP	30	Fiber tracts	3	0	0	0
ASO 7	PrP	30	Fiber tracts	4	0	0	0
ASO 7	PrP	-14	Fiber tracts	1	0	0	0
ASO 7	PrP	-14	Fiber tracts	2	0	0	0
ASO 7	PrP	-14	Fiber tracts	3	0	0	0
ASO 7	PrP	-14	Fiber tracts	4	0	0	0
ASO 7	PrP	123	Cortex	1	1	0	0
ASO 7	PrP	123	Cortex	2	1	0	0
ASO 7	PrP	123	Cortex	3	2	0	0
ASO 7	PrP	123	Cortex	4	2	0	0
ASO 7	PrP	90	Cortex	1	1	0	0
ASO 7	PrP	90	Cortex	2	NA	NA	NA
ASO 7	PrP	90	Cortex	3	1	0	0
ASO 7	PrP	90	Cortex	4	1	0	0
ASO 7	PrP	60	Cortex	1	1	0	0
ASO 7	PrP	60	Cortex	2	1	0	0
ASO 7	PrP	60	Cortex	3	1	0	0
ASO 7	PrP	60	Cortex	4	1	0	0
ASO 7	PrP	30	Cortex	1	1	0	0
ASO 7	PrP	30	Cortex	2	1	0	0
ASO 7	PrP	30	Cortex	3	1	0	0
ASO 7	PrP	30	Cortex	4	1	0	0
ASO 7	PrP	-14	Cortex	1	0	0	0
ASO 7	PrP	-14	Cortex	2	1	0	0
ASO 7	PrP	-14	Cortex	3	1	0	0
ASO 7	PrP	-14	Cortex	4	1	0	0
ASO 7	PrP	123	Hippocampus	1	1	0	0
ASO 7	PrP	123	Hippocampus	2	1	0	0
ASO 7	PrP	123	Hippocampus	3	1	0	0
ASO 7	PrP	123	Hippocampus	4	2	0	0
ASO 7	PrP	90	Hippocampus	1	0	0	0
ASO 7	PrP	90	Hippocampus	2	NA	NA	NA
ASO 7	PrP	90	Hippocampus	3	1	0	0
ASO 7	PrP	90	Hippocampus	4	1	0	0
ASO 7	PrP	60	Hippocampus	1	0	0	0
ASO 7	PrP	60	Hippocampus	2	1	0	0
ASO 7	PrP	60	Hippocampus	3	1	0	0
ASO 7	PrP	60	Hippocampus	4	1	0	0
ASO 7	PrP	30	Hippocampus	1	1	0	0
ASO 7	PrP	30	Hippocampus	2	1	0	0
ASO 7	PrP	30	Hippocampus	3	1	0	0
ASO 7	PrP	30	Hippocampus	4	1	0	0
ASO 7	PrP	-14	Hippocampus	1	1	0	0
ASO 7	PrP	-14	Hippocampus	2	NA	NA	NA
ASO 7	PrP	-14	Hippocampus	3	2	0	0
ASO 7	PrP	-14	Hippocampus	4	1	0	0
ASO 7	PrP	123	CP	1	0	0	0
ASO 7	PrP	123	CP	2	1	0	0
ASO 7	PrP	123	CP	3	1	0	0
ASO 7	PrP	123	CP	4	0	0	0
ASO 7	PrP	90	CP	1	0	0	0
ASO 7	PrP	90	CP	2	NA	NA	NA
ASO 7	PrP	90	CP	3	0	0	0
ASO 7	PrP	90	CP	4	0	0	0
ASO 7	PrP	60	CP	1	0	0	0
ASO 7	PrP	60	CP	2	0	0	0
ASO 7	PrP	60	CP	3	0	0	0
ASO 7	PrP	60	CP	4	1	0	0
ASO 7	PrP	30	CP	1	0	0	0
ASO 7	PrP	30	CP	2	1	0	0
ASO 7	PrP	30	CP	3	1	0	0
ASO 7	PrP	30	CP	4	0	0	0
ASO 7	PrP	-14	CP	1	0	0	0
ASO 7	PrP	-14	CP	2	0	0	0
ASO 7	PrP	-14	CP	3	1	0	0
ASO 7	PrP	-14	CP	4	0	0	0
ASO 7	PrP	123	Pallidum	1	0	0	0
ASO 7	PrP	123	Pallidum	2	1	0	0
ASO 7	PrP	123	Pallidum	3	1	0	0
ASO 7	PrP	123	Pallidum	4	0	0	0
ASO 7	PrP	90	Pallidum	1	0	0	0
ASO 7	PrP	90	Pallidum	2	NA	NA	NA
ASO 7	PrP	90	Pallidum	3	0	0	0
ASO 7	PrP	90	Pallidum	4	0	0	0
ASO 7	PrP	60	Pallidum	1	0	0	0
ASO 7	PrP	60	Pallidum	2	0	0	0
ASO 7	PrP	60	Pallidum	3	0	0	0
ASO 7	PrP	60	Pallidum	4	1	0	0
ASO 7	PrP	30	Pallidum	1	0	0	0
ASO 7	PrP	30	Pallidum	2	1	0	0
ASO 7	PrP	30	Pallidum	3	1	0	0
ASO 7	PrP	30	Pallidum	4	0	0	0
ASO 7	PrP	-14	Pallidum	1	0	0	0
ASO 7	PrP	-14	Pallidum	2	0	0	0
ASO 7	PrP	-14	Pallidum	3	1	0	0
ASO 7	PrP	-14	Pallidum	4	0	0	0
ASO 7	PrP	123	Thalamus	1	2	0	0
ASO 7	PrP	123	Thalamus	2	2	0	0
ASO 7	PrP	123	Thalamus	3	2	0	0
ASO 7	PrP	123	Thalamus	4	2	0	0
ASO 7	PrP	90	Thalamus	1	1	0	0
ASO 7	PrP	90	Thalamus	2	NA	NA	NA
ASO 7	PrP	90	Thalamus	3	2	0	0
ASO 7	PrP	90	Thalamus	4	2	0	0
ASO 7	PrP	60	Thalamus	1	1	0	0
ASO 7	PrP	60	Thalamus	2	1	0	0
ASO 7	PrP	60	Thalamus	3	1	0	0
ASO 7	PrP	60	Thalamus	4	2	0	0
ASO 7	PrP	30	Thalamus	1	1	0	0
ASO 7	PrP	30	Thalamus	2	1	0	0
ASO 7	PrP	30	Thalamus	3	1	0	0
ASO 7	PrP	30	Thalamus	4	1	0	0
ASO 7	PrP	-14	Thalamus	1	1	0	0
ASO 7	PrP	-14	Thalamus	2	1	0	0
ASO 7	PrP	-14	Thalamus	3	1	0	0
ASO 7	PrP	-14	Thalamus	4	1	0	0
ASO 7	PrP	123	midbrain	1	0	0	0
ASO 7	PrP	123	midbrain	2	0	0	0
ASO 7	PrP	123	midbrain	3	1	0	0
ASO 7	PrP	123	midbrain	4	1	0	0
ASO 7	PrP	90	midbrain	1	0	0	0
ASO 7	PrP	90	midbrain	2	NA	NA	NA
ASO 7	PrP	90	midbrain	3	0	0	0
ASO 7	PrP	90	midbrain	4	0	0	0
ASO 7	PrP	60	midbrain	1	0	0	0
ASO 7	PrP	60	midbrain	2	0	0	0
ASO 7	PrP	60	midbrain	3	0	0	0
ASO 7	PrP	60	midbrain	4	0	0	0
ASO 7	PrP	30	midbrain	1	0	0	0
ASO 7	PrP	30	midbrain	2	0	0	0
ASO 7	PrP	30	midbrain	3	0	0	0
ASO 7	PrP	30	midbrain	4	0	0	0
ASO 7	PrP	-14	midbrain	1	0	0	0
ASO 7	PrP	-14	midbrain	2	NA	NA	NA
ASO 7	PrP	-14	midbrain	3	0	0	0
ASO 7	PrP	-14	midbrain	4	0	0	0
ASO 7	PrP	123	Cereb_mol layer	1	0	0	0
ASO 7	PrP	123	Cereb_mol layer	2	0	0	0
ASO 7	PrP	123	Cereb_mol layer	3	0	0	0
ASO 7	PrP	123	Cereb_mol layer	4	0	0	0
ASO 7	PrP	90	Cereb_mol layer	1	0	0	0
ASO 7	PrP	90	Cereb_mol layer	2	NA	NA	NA
ASO 7	PrP	90	Cereb_mol layer	3	0	0	0
ASO 7	PrP	90	Cereb_mol layer	4	0	0	0
ASO 7	PrP	60	Cereb_mol layer	1	0	0	0
ASO 7	PrP	60	Cereb_mol layer	2	0	0	0
ASO 7	PrP	60	Cereb_mol layer	3	0	0	0
ASO 7	PrP	60	Cereb_mol layer	4	0	0	0
ASO 7	PrP	30	Cereb_mol layer	1	0	0	0
ASO 7	PrP	30	Cereb_mol layer	2	0	0	0
ASO 7	PrP	30	Cereb_mol layer	3	0	0	0
ASO 7	PrP	30	Cereb_mol layer	4	0	0	0
ASO 7	PrP	-14	Cereb_mol layer	1	0	0	0
ASO 7	PrP	-14	Cereb_mol layer	2	0	0	0
ASO 7	PrP	-14	Cereb_mol layer	3	0	0	0
ASO 7	PrP	-14	Cereb_mol layer	4	0	0	0
ASO 7	PrP	123	Cereb_gran layer	1	0	0	0
ASO 7	PrP	123	Cereb_gran layer	2	0	0	0
ASO 7	PrP	123	Cereb_gran layer	3	0	0	0
ASO 7	PrP	123	Cereb_gran layer	4	0	0	0
ASO 7	PrP	90	Cereb_gran layer	1	0	0	0
ASO 7	PrP	90	Cereb_gran layer	2	NA	NA	NA
ASO 7	PrP	90	Cereb_gran layer	3	0	0	0
ASO 7	PrP	90	Cereb_gran layer	4	0	0	0
ASO 7	PrP	60	Cereb_gran layer	1	0	0	0
ASO 7	PrP	60	Cereb_gran layer	2	0	0	0
ASO 7	PrP	60	Cereb_gran layer	3	0	0	0
ASO 7	PrP	60	Cereb_gran layer	4	0	0	0
ASO 7	PrP	30	Cereb_gran layer	1	0	0	0
ASO 7	PrP	30	Cereb_gran layer	2	0	0	0
ASO 7	PrP	30	Cereb_gran layer	3	0	0	0
ASO 7	PrP	30	Cereb_gran layer	4	0	0	0
ASO 7	PrP	-14	Cereb_gran layer	1	0	0	0
ASO 7	PrP	-14	Cereb_gran layer	2	0	0	0
ASO 7	PrP	-14	Cereb_gran layer	3	0	0	0
ASO 7	PrP	-14	Cereb_gran layer	4	0	0	0
ASO 7	PrP	123	Cereb_peduncle	1	1	0	0
ASO 7	PrP	123	Cereb_peduncle	2	1	0	0
ASO 7	PrP	123	Cereb_peduncle	3	1	0	0
ASO 7	PrP	123	Cereb_peduncle	4	0	0	0
ASO 7	PrP	90	Cereb_peduncle	1	0	0	0
ASO 7	PrP	90	Cereb_peduncle	2	NA	NA	NA
ASO 7	PrP	90	Cereb_peduncle	3	0	0	0
ASO 7	PrP	90	Cereb_peduncle	4	0	0	0
ASO 7	PrP	60	Cereb_peduncle	1	0	0	0
ASO 7	PrP	60	Cereb_peduncle	2	0	0	0
ASO 7	PrP	60	Cereb_peduncle	3	0	0	0
ASO 7	PrP	60	Cereb_peduncle	4	0	0	0
ASO 7	PrP	30	Cereb_peduncle	1	0	0	0
ASO 7	PrP	30	Cereb_peduncle	2	0	0	0
ASO 7	PrP	30	Cereb_peduncle	3	0	0	0
ASO 7	PrP	30	Cereb_peduncle	4	0	0	0
ASO 7	PrP	-14	Cereb_peduncle	1	0	0	0
ASO 7	PrP	-14	Cereb_peduncle	2	0	0	0
ASO 7	PrP	-14	Cereb_peduncle	3	0	0	0
ASO 7	PrP	-14	Cereb_peduncle	4	0	0	0
ASO 7	PrP	123	medulla	1	0	0	0
ASO 7	PrP	123	medulla	2	1	0	0
ASO 7	PrP	123	medulla	3	0	0	0
ASO 7	PrP	123	medulla	4	0	0	0
ASO 7	PrP	90	medulla	1	0	0	0
ASO 7	PrP	90	medulla	2	NA	NA	NA
ASO 7	PrP	90	medulla	3	0	0	0
ASO 7	PrP	90	medulla	4	0	0	0
ASO 7	PrP	60	medulla	1	0	0	0
ASO 7	PrP	60	medulla	2	0	0	0
ASO 7	PrP	60	medulla	3	0	0	0
ASO 7	PrP	60	medulla	4	0	0	0
ASO 7	PrP	30	medulla	1	0	0	0
ASO 7	PrP	30	medulla	2	0	0	0
ASO 7	PrP	30	medulla	3	0	0	0
ASO 7	PrP	30	medulla	4	0	0	0
ASO 7	PrP	-14	medulla	1	0	0	0
ASO 7	PrP	-14	medulla	2	0	0	0
ASO 7	PrP	-14	medulla	3	0	0	0
ASO 7	PrP	-14	medulla	4	0	0	0
ASO 7	PrP	123	Subiculum	1	2	0	0
ASO 7	PrP	123	Subiculum	2	2	0	0
ASO 7	PrP	123	Subiculum	3	1	0	0
ASO 7	PrP	123	Subiculum	4	2	0	0
ASO 7	PrP	90	Subiculum	1	1	0	0
ASO 7	PrP	90	Subiculum	2	NA	NA	NA
ASO 7	PrP	90	Subiculum	3	1	0	0
ASO 7	PrP	90	Subiculum	4	2	0	0
ASO 7	PrP	60	Subiculum	1	0	0	0
ASO 7	PrP	60	Subiculum	2	0	0	0
ASO 7	PrP	60	Subiculum	3	0	0	0
ASO 7	PrP	60	Subiculum	4	1	0	0
ASO 7	PrP	30	Subiculum	1	0	0	0
ASO 7	PrP	30	Subiculum	2	1	0	0
ASO 7	PrP	30	Subiculum	3	1	0	0
ASO 7	PrP	30	Subiculum	4	0	0	0
ASO 7	PrP	-14	Subiculum	1	0	0	0
ASO 7	PrP	-14	Subiculum	2	NA	NA	NA
ASO 7	PrP	-14	Subiculum	3	1	0	0
ASO 7	PrP	-14	Subiculum	4	1	0	0
ASO 7	ASO	123	Fiber tracts	1	1	0	0
ASO 7	ASO	123	Fiber tracts	2	2	0	0
ASO 7	ASO	123	Fiber tracts	3	2	0	0
ASO 7	ASO	123	Fiber tracts	4	2	0	0
ASO 7	ASO	90	Fiber tracts	1	1	0	0
ASO 7	ASO	90	Fiber tracts	2	1	0	0
ASO 7	ASO	90	Fiber tracts	3	2	0	0
ASO 7	ASO	90	Fiber tracts	4	2	0	0
ASO 7	ASO	60	Fiber tracts	1	0	0	0
ASO 7	ASO	60	Fiber tracts	2	0	0	0
ASO 7	ASO	60	Fiber tracts	3	0	0	0
ASO 7	ASO	60	Fiber tracts	4	0	0	0
ASO 7	ASO	30	Fiber tracts	1	0	0	0
ASO 7	ASO	30	Fiber tracts	2	0	0	0
ASO 7	ASO	30	Fiber tracts	3	0	0	0
ASO 7	ASO	30	Fiber tracts	4	0	0	0
ASO 7	ASO	-14	Fiber tracts	1	0	0	0
ASO 7	ASO	-14	Fiber tracts	2	0	0	0
ASO 7	ASO	-14	Fiber tracts	3	0	0	0
ASO 7	ASO	-14	Fiber tracts	4	0	0	0
ASO 7	ASO	123	Cortex	1	2	0	0
ASO 7	ASO	123	Cortex	2	3	0	0
ASO 7	ASO	123	Cortex	3	3	0	0
ASO 7	ASO	123	Cortex	4	3	0	0
ASO 7	ASO	90	Cortex	1	2	0	0
ASO 7	ASO	90	Cortex	2	2	0	0
ASO 7	ASO	90	Cortex	3	3	0	0
ASO 7	ASO	90	Cortex	4	3	0	0
ASO 7	ASO	60	Cortex	1	1	0	0
ASO 7	ASO	60	Cortex	2	0	0	0
ASO 7	ASO	60	Cortex	3	0	0	0
ASO 7	ASO	60	Cortex	4	0	0	0
ASO 7	ASO	30	Cortex	1	0	0	0
ASO 7	ASO	30	Cortex	2	0	0	0
ASO 7	ASO	30	Cortex	3	0	0	0
ASO 7	ASO	30	Cortex	4	0	0	0
ASO 7	ASO	-14	Cortex	1	0	0	0
ASO 7	ASO	-14	Cortex	2	0	0	0
ASO 7	ASO	-14	Cortex	3	0	0	0
ASO 7	ASO	-14	Cortex	4	0	0	0
ASO 7	ASO	123	Hippocampus	1	3	0	0
ASO 7	ASO	123	Hippocampus	2	3	0	0
ASO 7	ASO	123	Hippocampus	3	3	0	0
ASO 7	ASO	123	Hippocampus	4	3	0	0
ASO 7	ASO	90	Hippocampus	1	3	0	0
ASO 7	ASO	90	Hippocampus	2	3	0	0
ASO 7	ASO	90	Hippocampus	3	3	0	0
ASO 7	ASO	90	Hippocampus	4	3	0	0
ASO 7	ASO	60	Hippocampus	1	1	0	0
ASO 7	ASO	60	Hippocampus	2	0	0	0
ASO 7	ASO	60	Hippocampus	3	0	0	0
ASO 7	ASO	60	Hippocampus	4	0	0	0
ASO 7	ASO	30	Hippocampus	1	0	0	0
ASO 7	ASO	30	Hippocampus	2	0	0	0
ASO 7	ASO	30	Hippocampus	3	0	0	0
ASO 7	ASO	30	Hippocampus	4	0	0	0
ASO 7	ASO	-14	Hippocampus	1	0	0	0
ASO 7	ASO	-14	Hippocampus	2	0	0	0
ASO 7	ASO	-14	Hippocampus	3	0	0	0
ASO 7	ASO	-14	Hippocampus	4	0	0	0
ASO 7	ASO	123	CP	1	3	0	0
ASO 7	ASO	123	CP	2	3	0	0
ASO 7	ASO	123	CP	3	3	0	0
ASO 7	ASO	123	CP	4	3	0	0
ASO 7	ASO	90	CP	1	3	0	0
ASO 7	ASO	90	CP	2	NA	NA	NA
ASO 7	ASO	90	CP	3	3	0	0
ASO 7	ASO	90	CP	4	2	0	0
ASO 7	ASO	60	CP	1	1	0	0
ASO 7	ASO	60	CP	2	1	0	0
ASO 7	ASO	60	CP	3	1	0	0
ASO 7	ASO	60	CP	4	1	0	0
ASO 7	ASO	30	CP	1	1	0	0
ASO 7	ASO	30	CP	2	0	0	0
ASO 7	ASO	30	CP	3	0	0	0
ASO 7	ASO	30	CP	4	0	0	0
ASO 7	ASO	-14	CP	1	0	0	0
ASO 7	ASO	-14	CP	2	0	0	0
ASO 7	ASO	-14	CP	3	0	0	0
ASO 7	ASO	-14	CP	4	0	0	0
ASO 7	ASO	123	Pallidum	1	3	0	0
ASO 7	ASO	123	Pallidum	2	3	0	0
ASO 7	ASO	123	Pallidum	3	3	0	0
ASO 7	ASO	123	Pallidum	4	3	0	0
ASO 7	ASO	90	Pallidum	1	2	0	0
ASO 7	ASO	90	Pallidum	2	NA	NA	NA
ASO 7	ASO	90	Pallidum	3	2	0	0
ASO 7	ASO	90	Pallidum	4	2	0	0
ASO 7	ASO	60	Pallidum	1	1	0	0
ASO 7	ASO	60	Pallidum	2	0	0	0
ASO 7	ASO	60	Pallidum	3	0	0	0
ASO 7	ASO	60	Pallidum	4	0	0	0
ASO 7	ASO	30	Pallidum	1	0	0	0
ASO 7	ASO	30	Pallidum	2	0	0	0
ASO 7	ASO	30	Pallidum	3	0	0	0
ASO 7	ASO	30	Pallidum	4	0	0	0
ASO 7	ASO	-14	Pallidum	1	0	0	0
ASO 7	ASO	-14	Pallidum	2	0	0	0
ASO 7	ASO	-14	Pallidum	3	0	0	0
ASO 7	ASO	-14	Pallidum	4	0	0	0
ASO 7	ASO	123	Thalamus	1	3	0	0
ASO 7	ASO	123	Thalamus	2	3	0	0
ASO 7	ASO	123	Thalamus	3	3	0	0
ASO 7	ASO	123	Thalamus	4	3	0	0
ASO 7	ASO	90	Thalamus	1	3	0	0
ASO 7	ASO	90	Thalamus	2	NA	NA	NA
ASO 7	ASO	90	Thalamus	3	3	0	0
ASO 7	ASO	90	Thalamus	4	3	0	0
ASO 7	ASO	60	Thalamus	1	1	0	0
ASO 7	ASO	60	Thalamus	2	0	0	0
ASO 7	ASO	60	Thalamus	3	0	0	0
ASO 7	ASO	60	Thalamus	4	0	0	0
ASO 7	ASO	30	Thalamus	1	0	0	0
ASO 7	ASO	30	Thalamus	2	0	0	0
ASO 7	ASO	30	Thalamus	3	0	0	0
ASO 7	ASO	30	Thalamus	4	0	0	0
ASO 7	ASO	-14	Thalamus	1	0	0	0
ASO 7	ASO	-14	Thalamus	2	0	0	0
ASO 7	ASO	-14	Thalamus	3	0	0	0
ASO 7	ASO	-14	Thalamus	4	0	0	0
ASO 7	ASO	123	midbrain	1	3	0	0
ASO 7	ASO	123	midbrain	2	3	0	0
ASO 7	ASO	123	midbrain	3	3	0	0
ASO 7	ASO	123	midbrain	4	3	0	0
ASO 7	ASO	90	midbrain	1	3	0	0
ASO 7	ASO	90	midbrain	2	NA	NA	NA
ASO 7	ASO	90	midbrain	3	3	0	0
ASO 7	ASO	90	midbrain	4	3	0	0
ASO 7	ASO	60	midbrain	1	1	0	0
ASO 7	ASO	60	midbrain	2	1	0	0
ASO 7	ASO	60	midbrain	3	1	0	0
ASO 7	ASO	60	midbrain	4	0	0	0
ASO 7	ASO	30	midbrain	1	0	0	0
ASO 7	ASO	30	midbrain	2	0	0	0
ASO 7	ASO	30	midbrain	3	0	0	0
ASO 7	ASO	30	midbrain	4	0	0	0
ASO 7	ASO	-14	midbrain	1	0	0	0
ASO 7	ASO	-14	midbrain	2	0	0	0
ASO 7	ASO	-14	midbrain	3	0	0	0
ASO 7	ASO	-14	midbrain	4	0	0	0
ASO 7	ASO	123	Cereb_mol layer	1	2	0	0
ASO 7	ASO	123	Cereb_mol layer	2	2	0	0
ASO 7	ASO	123	Cereb_mol layer	3	2	0	0
ASO 7	ASO	123	Cereb_mol layer	4	2	0	0
ASO 7	ASO	90	Cereb_mol layer	1	1	0	0
ASO 7	ASO	90	Cereb_mol layer	2	NA	NA	NA
ASO 7	ASO	90	Cereb_mol layer	3	2	0	0
ASO 7	ASO	90	Cereb_mol layer	4	1	0	0
ASO 7	ASO	60	Cereb_mol layer	1	0	0	0
ASO 7	ASO	60	Cereb_mol layer	2	0	0	0
ASO 7	ASO	60	Cereb_mol layer	3	0	0	0
ASO 7	ASO	60	Cereb_mol layer	4	0	0	0
ASO 7	ASO	30	Cereb_mol layer	1	0	0	0
ASO 7	ASO	30	Cereb_mol layer	2	0	0	0
ASO 7	ASO	30	Cereb_mol layer	3	0	0	0
ASO 7	ASO	30	Cereb_mol layer	4	0	0	0
ASO 7	ASO	-14	Cereb_mol layer	1	0	0	0
ASO 7	ASO	-14	Cereb_mol layer	2	0	0	0
ASO 7	ASO	-14	Cereb_mol layer	3	0	0	0
ASO 7	ASO	-14	Cereb_mol layer	4	0	0	0
ASO 7	ASO	123	Cereb_gran layer	1	3	0	0
ASO 7	ASO	123	Cereb_gran layer	2	3	0	0
ASO 7	ASO	123	Cereb_gran layer	3	3	0	0
ASO 7	ASO	123	Cereb_gran layer	4	3	0	0
ASO 7	ASO	90	Cereb_gran layer	1	2	0	0
ASO 7	ASO	90	Cereb_gran layer	2	NA	NA	NA
ASO 7	ASO	90	Cereb_gran layer	3	3	0	0
ASO 7	ASO	90	Cereb_gran layer	4	2	0	0
ASO 7	ASO	60	Cereb_gran layer	1	2	0	0
ASO 7	ASO	60	Cereb_gran layer	2	2	0	0
ASO 7	ASO	60	Cereb_gran layer	3	2	0	0
ASO 7	ASO	60	Cereb_gran layer	4	1	0	0
ASO 7	ASO	30	Cereb_gran layer	1	1	0	0
ASO 7	ASO	30	Cereb_gran layer	2	1	0	0
ASO 7	ASO	30	Cereb_gran layer	3	1	0	0
ASO 7	ASO	30	Cereb_gran layer	4	1	0	0
ASO 7	ASO	-14	Cereb_gran layer	1	1	0	0
ASO 7	ASO	-14	Cereb_gran layer	2	0	0	0
ASO 7	ASO	-14	Cereb_gran layer	3	1	0	0
ASO 7	ASO	-14	Cereb_gran layer	4	1	0	0
ASO 7	ASO	123	Cereb_peduncle	1	3	0	0
ASO 7	ASO	123	Cereb_peduncle	2	3	0	0
ASO 7	ASO	123	Cereb_peduncle	3	3	0	0
ASO 7	ASO	123	Cereb_peduncle	4	3	0	0
ASO 7	ASO	90	Cereb_peduncle	1	3	0	0
ASO 7	ASO	90	Cereb_peduncle	2	NA	NA	NA
ASO 7	ASO	90	Cereb_peduncle	3	NA	NA	NA
ASO 7	ASO	90	Cereb_peduncle	4	2	0	0
ASO 7	ASO	60	Cereb_peduncle	1	1	0	0
ASO 7	ASO	60	Cereb_peduncle	2	1	0	0
ASO 7	ASO	60	Cereb_peduncle	3	1	0	0
ASO 7	ASO	60	Cereb_peduncle	4	0	0	0
ASO 7	ASO	30	Cereb_peduncle	1	0	0	0
ASO 7	ASO	30	Cereb_peduncle	2	0	0	0
ASO 7	ASO	30	Cereb_peduncle	3	0	0	0
ASO 7	ASO	30	Cereb_peduncle	4	0	0	0
ASO 7	ASO	-14	Cereb_peduncle	1	0	0	0
ASO 7	ASO	-14	Cereb_peduncle	2	0	0	0
ASO 7	ASO	-14	Cereb_peduncle	3	0	0	0
ASO 7	ASO	-14	Cereb_peduncle	4	0	0	0
ASO 7	ASO	123	medulla	1	3	0	0
ASO 7	ASO	123	medulla	2	3	0	0
ASO 7	ASO	123	medulla	3	3	0	0
ASO 7	ASO	123	medulla	4	3	0	0
ASO 7	ASO	90	medulla	1	3	0	0
ASO 7	ASO	90	medulla	2	NA	NA	NA
ASO 7	ASO	90	medulla	3	2	0	0
ASO 7	ASO	90	medulla	4	2	0	0
ASO 7	ASO	60	medulla	1	1	0	0
ASO 7	ASO	60	medulla	2	0	0	0
ASO 7	ASO	60	medulla	3	0	0	0
ASO 7	ASO	60	medulla	4	0	0	0
ASO 7	ASO	30	medulla	1	0	0	0
ASO 7	ASO	30	medulla	2	0	0	0
ASO 7	ASO	30	medulla	3	0	0	0
ASO 7	ASO	30	medulla	4	0	0	0
ASO 7	ASO	-14	medulla	1	0	0	0
ASO 7	ASO	-14	medulla	2	0	0	0
ASO 7	ASO	-14	medulla	3	0	0	0
ASO 7	ASO	-14	medulla	4	0	0	0
ASO 7	ASO	123	Subiculum	1	3	0	0
ASO 7	ASO	123	Subiculum	2	3	0	0
ASO 7	ASO	123	Subiculum	3	3	0	0
ASO 7	ASO	123	Subiculum	4	3	0	0
ASO 7	ASO	90	Subiculum	1	3	0	0
ASO 7	ASO	90	Subiculum	2	3	0	0
ASO 7	ASO	90	Subiculum	3	3	0	0
ASO 7	ASO	90	Subiculum	4	3	0	0
ASO 7	ASO	60	Subiculum	1	1	0	0
ASO 7	ASO	60	Subiculum	2	0	0	0
ASO 7	ASO	60	Subiculum	3	1	0	0
ASO 7	ASO	60	Subiculum	4	0	0	0
ASO 7	ASO	30	Subiculum	1	0	0	0
ASO 7	ASO	30	Subiculum	2	0	0	0
ASO 7	ASO	30	Subiculum	3	0	0	0
ASO 7	ASO	30	Subiculum	4	0	0	0
ASO 7	ASO	-14	Subiculum	1	0	0	0
ASO 7	ASO	-14	Subiculum	2	0	0	0
ASO 7	ASO	-14	Subiculum	3	0	0	0
ASO 7	ASO	-14	Subiculum	4	0	0	0
ASO 7	ASO	123	endothelial cells	1	3	0	0
ASO 7	ASO	123	endothelial cells	2	3	0	0
ASO 7	ASO	123	endothelial cells	3	3	0	0
ASO 7	ASO	123	endothelial cells	4	3	0	0
ASO 7	ASO	90	endothelial cells	1	3	0	0
ASO 7	ASO	90	endothelial cells	2	3	0	0
ASO 7	ASO	90	endothelial cells	3	3	0	0
ASO 7	ASO	90	endothelial cells	4	3	0	0
ASO 7	ASO	60	endothelial cells	1	3	0	0
ASO 7	ASO	60	endothelial cells	2	3	0	0
ASO 7	ASO	60	endothelial cells	3	3	0	0
ASO 7	ASO	60	endothelial cells	4	3	0	0
ASO 7	ASO	30	endothelial cells	1	3	0	0
ASO 7	ASO	30	endothelial cells	2	3	0	0
ASO 7	ASO	30	endothelial cells	3	3	0	0
ASO 7	ASO	30	endothelial cells	4	3	0	0
ASO 7	ASO	-14	endothelial cells	1	3	0	0
ASO 7	ASO	-14	endothelial cells	2	3	0	0
ASO 7	ASO	-14	endothelial cells	3	2	0	0
ASO 7	ASO	-14	endothelial cells	4	3	0	0
ASO 8	GFAP	123	Fiber tracts	1	1	0	0
ASO 8	GFAP	123	Fiber tracts	2	1	0	0
ASO 8	GFAP	123	Fiber tracts	3	1	0	0
ASO 8	GFAP	123	Fiber tracts	4	1	0	0
ASO 8	GFAP	90	Fiber tracts	1	1	0	0
ASO 8	GFAP	90	Fiber tracts	2	1	0	0
ASO 8	GFAP	90	Fiber tracts	3	2	0	0
ASO 8	GFAP	90	Fiber tracts	4	1	0	0
ASO 8	GFAP	60	Fiber tracts	1	1	0	0
ASO 8	GFAP	60	Fiber tracts	2	NA	1	0
ASO 8	GFAP	60	Fiber tracts	3	0	0	0
ASO 8	GFAP	60	Fiber tracts	4	1	0	0
ASO 8	GFAP	30	Fiber tracts	1	2	0	0
ASO 8	GFAP	30	Fiber tracts	2	1	0	0
ASO 8	GFAP	30	Fiber tracts	3	1	0	0
ASO 8	GFAP	30	Fiber tracts	4	1	0	0
ASO 8	GFAP	-14	Fiber tracts	1	1	0	0
ASO 8	GFAP	-14	Fiber tracts	2	1	0	0
ASO 8	GFAP	-14	Fiber tracts	3	1	0	0
ASO 8	GFAP	-14	Fiber tracts	4	1	0	0
ASO 8	GFAP	123	Cortex	1	1	0	0
ASO 8	GFAP	123	Cortex	2	2	0	0
ASO 8	GFAP	123	Cortex	3	1	0	0
ASO 8	GFAP	123	Cortex	4	1	0	0
ASO 8	GFAP	90	Cortex	1	0	0	0
ASO 8	GFAP	90	Cortex	2	1	0	0
ASO 8	GFAP	90	Cortex	3	1	0	0
ASO 8	GFAP	90	Cortex	4	1	0	0
ASO 8	GFAP	60	Cortex	1	0	0	0
ASO 8	GFAP	60	Cortex	2	NA	1	0
ASO 8	GFAP	60	Cortex	3	0	0	0
ASO 8	GFAP	60	Cortex	4	1	0	0
ASO 8	GFAP	30	Cortex	1	1	0	0
ASO 8	GFAP	30	Cortex	2	0	0	0
ASO 8	GFAP	30	Cortex	3	1	0	0
ASO 8	GFAP	30	Cortex	4	1	0	0
ASO 8	GFAP	-14	Cortex	1	0	0	0
ASO 8	GFAP	-14	Cortex	2	0	0	0
ASO 8	GFAP	-14	Cortex	3	0	0	0
ASO 8	GFAP	-14	Cortex	4	0	0	0
ASO 8	GFAP	123	Hippocampus	1	2	0	0
ASO 8	GFAP	123	Hippocampus	2	1	0	0
ASO 8	GFAP	123	Hippocampus	3	2	0	0
ASO 8	GFAP	123	Hippocampus	4	1	0	0
ASO 8	GFAP	90	Hippocampus	1	0	0	0
ASO 8	GFAP	90	Hippocampus	2	1	0	0
ASO 8	GFAP	90	Hippocampus	3	1	0	0
ASO 8	GFAP	90	Hippocampus	4	1	0	0
ASO 8	GFAP	60	Hippocampus	1	0	0	0
ASO 8	GFAP	60	Hippocampus	2	NA	1	0
ASO 8	GFAP	60	Hippocampus	3	NA	NA	NA
ASO 8	GFAP	60	Hippocampus	4	NA	NA	NA
ASO 8	GFAP	30	Hippocampus	1	1	0	0
ASO 8	GFAP	30	Hippocampus	2	1	0	0
ASO 8	GFAP	30	Hippocampus	3	1	0	0
ASO 8	GFAP	30	Hippocampus	4	2	0	0
ASO 8	GFAP	-14	Hippocampus	1	1	0	0
ASO 8	GFAP	-14	Hippocampus	2	1	0	0
ASO 8	GFAP	-14	Hippocampus	3	1	0	0
ASO 8	GFAP	-14	Hippocampus	4	1	0	0
ASO 8	GFAP	123	CP	1	1	0	0
ASO 8	GFAP	123	CP	2	1	0	0
ASO 8	GFAP	123	CP	3	1	0	0
ASO 8	GFAP	123	CP	4	1	0	0
ASO 8	GFAP	90	CP	1	0	0	0
ASO 8	GFAP	90	CP	2	1	0	0
ASO 8	GFAP	90	CP	3	1	0	0
ASO 8	GFAP	90	CP	4	0	0	0
ASO 8	GFAP	60	CP	1	1	0	0
ASO 8	GFAP	60	CP	2	NA	1	0
ASO 8	GFAP	60	CP	3	0	0	0
ASO 8	GFAP	60	CP	4	0	0	0
ASO 8	GFAP	30	CP	1	1	0	0
ASO 8	GFAP	30	CP	2	0	0	0
ASO 8	GFAP	30	CP	3	0	0	0
ASO 8	GFAP	30	CP	4	1	0	0
ASO 8	GFAP	-14	CP	1	1	0	0
ASO 8	GFAP	-14	CP	2	0	0	0
ASO 8	GFAP	-14	CP	3	0	0	0
ASO 8	GFAP	-14	CP	4	0	0	0
ASO 8	GFAP	123	Pallidum	1	1	0	0
ASO 8	GFAP	123	Pallidum	2	1	0	0
ASO 8	GFAP	123	Pallidum	3	1	0	0
ASO 8	GFAP	123	Pallidum	4	1	0	0
ASO 8	GFAP	90	Pallidum	1	1	0	0
ASO 8	GFAP	90	Pallidum	2	1	0	0
ASO 8	GFAP	90	Pallidum	3	2	0	0
ASO 8	GFAP	90	Pallidum	4	1	0	0
ASO 8	GFAP	60	Pallidum	1	1	0	0
ASO 8	GFAP	60	Pallidum	2	NA	1	0
ASO 8	GFAP	60	Pallidum	3	0	0	0
ASO 8	GFAP	60	Pallidum	4	0	0	0
ASO 8	GFAP	30	Pallidum	1	1	0	0
ASO 8	GFAP	30	Pallidum	2	1	0	0
ASO 8	GFAP	30	Pallidum	3	1	0	0
ASO 8	GFAP	30	Pallidum	4	1	0	0
ASO 8	GFAP	-14	Pallidum	1	1	0	0
ASO 8	GFAP	-14	Pallidum	2	1	0	0
ASO 8	GFAP	-14	Pallidum	3	0	0	0
ASO 8	GFAP	-14	Pallidum	4	1	0	0
ASO 8	GFAP	123	Thalamus	1	1	0	0
ASO 8	GFAP	123	Thalamus	2	1	0	0
ASO 8	GFAP	123	Thalamus	3	1	0	0
ASO 8	GFAP	123	Thalamus	4	1	0	0
ASO 8	GFAP	90	Thalamus	1	1	0	0
ASO 8	GFAP	90	Thalamus	2	2	0	0
ASO 8	GFAP	90	Thalamus	3	2	0	0
ASO 8	GFAP	90	Thalamus	4	2	0	0
ASO 8	GFAP	60	Thalamus	1	0	0	0
ASO 8	GFAP	60	Thalamus	2	NA	1	0
ASO 8	GFAP	60	Thalamus	3	0	0	0
ASO 8	GFAP	60	Thalamus	4	0	0	0
ASO 8	GFAP	30	Thalamus	1	2	0	0
ASO 8	GFAP	30	Thalamus	2	1	0	0
ASO 8	GFAP	30	Thalamus	3	1	0	0
ASO 8	GFAP	30	Thalamus	4	1	0	0
ASO 8	GFAP	-14	Thalamus	1	0	0	0
ASO 8	GFAP	-14	Thalamus	2	1	0	0
ASO 8	GFAP	-14	Thalamus	3	0	0	0
ASO 8	GFAP	-14	Thalamus	4	0	0	0
ASO 8	GFAP	123	midbrain	1	1	0	0
ASO 8	GFAP	123	midbrain	2	1	0	0
ASO 8	GFAP	123	midbrain	3	1	0	0
ASO 8	GFAP	123	midbrain	4	1	0	0
ASO 8	GFAP	90	midbrain	1	1	0	0
ASO 8	GFAP	90	midbrain	2	0	0	0
ASO 8	GFAP	90	midbrain	3	1	0	0
ASO 8	GFAP	90	midbrain	4	1	0	0
ASO 8	GFAP	60	midbrain	1	0	0	0
ASO 8	GFAP	60	midbrain	2	NA	1	0
ASO 8	GFAP	60	midbrain	3	0	0	0
ASO 8	GFAP	60	midbrain	4	0	0	0
ASO 8	GFAP	30	midbrain	1	1	0	0
ASO 8	GFAP	30	midbrain	2	0	0	0
ASO 8	GFAP	30	midbrain	3	0	0	0
ASO 8	GFAP	30	midbrain	4	0	0	0
ASO 8	GFAP	-14	midbrain	1	0	0	0
ASO 8	GFAP	-14	midbrain	2	0	0	0
ASO 8	GFAP	-14	midbrain	3	0	0	0
ASO 8	GFAP	-14	midbrain	4	0	0	0
ASO 8	GFAP	123	Cereb_mol layer	1	1	0	0
ASO 8	GFAP	123	Cereb_mol layer	2	1	0	0
ASO 8	GFAP	123	Cereb_mol layer	3	1	0	0
ASO 8	GFAP	123	Cereb_mol layer	4	1	0	0
ASO 8	GFAP	90	Cereb_mol layer	1	0	0	0
ASO 8	GFAP	90	Cereb_mol layer	2	1	0	0
ASO 8	GFAP	90	Cereb_mol layer	3	1	0	0
ASO 8	GFAP	90	Cereb_mol layer	4	1	0	0
ASO 8	GFAP	60	Cereb_mol layer	1	0	0	0
ASO 8	GFAP	60	Cereb_mol layer	2	NA	1	0
ASO 8	GFAP	60	Cereb_mol layer	3	0	0	0
ASO 8	GFAP	60	Cereb_mol layer	4	0	0	0
ASO 8	GFAP	30	Cereb_mol layer	1	0	0	0
ASO 8	GFAP	30	Cereb_mol layer	2	0	0	0
ASO 8	GFAP	30	Cereb_mol layer	3	0	0	0
ASO 8	GFAP	30	Cereb_mol layer	4	0	0	0
ASO 8	GFAP	-14	Cereb_mol layer	1	0	0	0
ASO 8	GFAP	-14	Cereb_mol layer	2	0	0	0
ASO 8	GFAP	-14	Cereb_mol layer	3	0	0	0
ASO 8	GFAP	-14	Cereb_mol layer	4	0	0	0
ASO 8	GFAP	123	Cereb_gran layer	1	1	0	0
ASO 8	GFAP	123	Cereb_gran layer	2	1	0	0
ASO 8	GFAP	123	Cereb_gran layer	3	1	0	0
ASO 8	GFAP	123	Cereb_gran layer	4	1	0	0
ASO 8	GFAP	90	Cereb_gran layer	1	0	0	0
ASO 8	GFAP	90	Cereb_gran layer	2	1	0	0
ASO 8	GFAP	90	Cereb_gran layer	3	1	0	0
ASO 8	GFAP	90	Cereb_gran layer	4	1	0	0
ASO 8	GFAP	60	Cereb_gran layer	1	0	0	0
ASO 8	GFAP	60	Cereb_gran layer	2	NA	1	0
ASO 8	GFAP	60	Cereb_gran layer	3	0	0	0
ASO 8	GFAP	60	Cereb_gran layer	4	0	0	0
ASO 8	GFAP	30	Cereb_gran layer	1	1	0	0
ASO 8	GFAP	30	Cereb_gran layer	2	1	0	0
ASO 8	GFAP	30	Cereb_gran layer	3	1	0	0
ASO 8	GFAP	30	Cereb_gran layer	4	1	0	0
ASO 8	GFAP	-14	Cereb_gran layer	1	1	0	0
ASO 8	GFAP	-14	Cereb_gran layer	2	0	0	0
ASO 8	GFAP	-14	Cereb_gran layer	3	0	0	0
ASO 8	GFAP	-14	Cereb_gran layer	4	0	0	0
ASO 8	GFAP	123	Cereb_peduncle	1	1	0	0
ASO 8	GFAP	123	Cereb_peduncle	2	1	0	0
ASO 8	GFAP	123	Cereb_peduncle	3	1	0	0
ASO 8	GFAP	123	Cereb_peduncle	4	1	0	0
ASO 8	GFAP	90	Cereb_peduncle	1	1	0	0
ASO 8	GFAP	90	Cereb_peduncle	2	NA	NA	NA
ASO 8	GFAP	90	Cereb_peduncle	3	2	0	0
ASO 8	GFAP	90	Cereb_peduncle	4	NA	NA	NA
ASO 8	GFAP	60	Cereb_peduncle	1	0	0	0
ASO 8	GFAP	60	Cereb_peduncle	2	NA	1	0
ASO 8	GFAP	60	Cereb_peduncle	3	0	0	0
ASO 8	GFAP	60	Cereb_peduncle	4	NA	NA	NA
ASO 8	GFAP	30	Cereb_peduncle	1	1	0	0
ASO 8	GFAP	30	Cereb_peduncle	2	0	0	0
ASO 8	GFAP	30	Cereb_peduncle	3	1	0	0
ASO 8	GFAP	30	Cereb_peduncle	4	NA	NA	NA
ASO 8	GFAP	-14	Cereb_peduncle	1	1	0	0
ASO 8	GFAP	-14	Cereb_peduncle	2	0	0	0
ASO 8	GFAP	-14	Cereb_peduncle	3	0	0	0
ASO 8	GFAP	-14	Cereb_peduncle	4	0	0	0
ASO 8	GFAP	123	medulla	1	1	0	0
ASO 8	GFAP	123	medulla	2	1	0	0
ASO 8	GFAP	123	medulla	3	1	0	0
ASO 8	GFAP	123	medulla	4	1	0	0
ASO 8	GFAP	90	medulla	1	1	0	0
ASO 8	GFAP	90	medulla	2	NA	NA	NA
ASO 8	GFAP	90	medulla	3	1	0	0
ASO 8	GFAP	90	medulla	4	1	0	0
ASO 8	GFAP	60	medulla	1	0	0	0
ASO 8	GFAP	60	medulla	2	NA	1	0
ASO 8	GFAP	60	medulla	3	0	0	0
ASO 8	GFAP	60	medulla	4	NA	NA	NA
ASO 8	GFAP	30	medulla	1	1	0	0
ASO 8	GFAP	30	medulla	2	1	0	0
ASO 8	GFAP	30	medulla	3	1	0	0
ASO 8	GFAP	30	medulla	4	1	0	0
ASO 8	GFAP	-14	medulla	1	1	0	0
ASO 8	GFAP	-14	medulla	2	1	0	0
ASO 8	GFAP	-14	medulla	3	0	0	0
ASO 8	GFAP	-14	medulla	4	0	0	0
ASO 8	GFAP	123	Subiculum	1	1	0	0
ASO 8	GFAP	123	Subiculum	2	1	0	0
ASO 8	GFAP	123	Subiculum	3	1	0	0
ASO 8	GFAP	123	Subiculum	4	1	0	0
ASO 8	GFAP	90	Subiculum	1	1	0	0
ASO 8	GFAP	90	Subiculum	2	1	0	0
ASO 8	GFAP	90	Subiculum	3	2	0	0
ASO 8	GFAP	90	Subiculum	4	1	0	0
ASO 8	GFAP	60	Subiculum	1	0	0	0
ASO 8	GFAP	60	Subiculum	2	NA	1	0
ASO 8	GFAP	60	Subiculum	3	0	0	0
ASO 8	GFAP	60	Subiculum	4	1	0	0
ASO 8	GFAP	30	Subiculum	1	1	0	0
ASO 8	GFAP	30	Subiculum	2	1	0	0
ASO 8	GFAP	30	Subiculum	3	1	0	0
ASO 8	GFAP	30	Subiculum	4	1	0	0
ASO 8	GFAP	-14	Subiculum	1	1	0	0
ASO 8	GFAP	-14	Subiculum	2	1	0	0
ASO 8	GFAP	-14	Subiculum	3	1	0	0
ASO 8	GFAP	-14	Subiculum	4	1	0	0
ASO 8	Iba1	123	Fiber tracts	1	1	0	0
ASO 8	Iba1	123	Fiber tracts	2	2	0	0
ASO 8	Iba1	123	Fiber tracts	3	1	0	0
ASO 8	Iba1	123	Fiber tracts	4	1	0	0
ASO 8	Iba1	90	Fiber tracts	1	0	0	0
ASO 8	Iba1	90	Fiber tracts	2	1	0	0
ASO 8	Iba1	90	Fiber tracts	3	2	0	0
ASO 8	Iba1	90	Fiber tracts	4	0	0	0
ASO 8	Iba1	60	Fiber tracts	1	1	0	0
ASO 8	Iba1	60	Fiber tracts	2	NA	1	0
ASO 8	Iba1	60	Fiber tracts	3	0	0	0
ASO 8	Iba1	60	Fiber tracts	4	1	0	0
ASO 8	Iba1	30	Fiber tracts	1	1	0	0
ASO 8	Iba1	30	Fiber tracts	2	1	0	0
ASO 8	Iba1	30	Fiber tracts	3	1	0	0
ASO 8	Iba1	30	Fiber tracts	4	1	0	0
ASO 8	Iba1	-14	Fiber tracts	1	1	0	0
ASO 8	Iba1	-14	Fiber tracts	2	1	0	0
ASO 8	Iba1	-14	Fiber tracts	3	1	0	0
ASO 8	Iba1	-14	Fiber tracts	4	1	0	0
ASO 8	Iba1	123	Cortex	1	2	0	0
ASO 8	Iba1	123	Cortex	2	2	0	0
ASO 8	Iba1	123	Cortex	3	2	0	0
ASO 8	Iba1	123	Cortex	4	2	0	0
ASO 8	Iba1	90	Cortex	1	0	0	0
ASO 8	Iba1	90	Cortex	2	1	0	0
ASO 8	Iba1	90	Cortex	3	1	0	0
ASO 8	Iba1	90	Cortex	4	1	0	0
ASO 8	Iba1	60	Cortex	1	1	0	0
ASO 8	Iba1	60	Cortex	2	NA	1	0
ASO 8	Iba1	60	Cortex	3	1	0	0
ASO 8	Iba1	60	Cortex	4	1	0	0
ASO 8	Iba1	30	Cortex	1	1	0	0
ASO 8	Iba1	30	Cortex	2	1	0	0
ASO 8	Iba1	30	Cortex	3	1	0	0
ASO 8	Iba1	30	Cortex	4	0	0	0
ASO 8	Iba1	-14	Cortex	1	1	0	0
ASO 8	Iba1	-14	Cortex	2	1	0	0
ASO 8	Iba1	-14	Cortex	3	1	0	0
ASO 8	Iba1	-14	Cortex	4	0	0	0
ASO 8	Iba1	123	Hippocampus	1	1	0	0
ASO 8	Iba1	123	Hippocampus	2	1	0	0
ASO 8	Iba1	123	Hippocampus	3	1	0	0
ASO 8	Iba1	123	Hippocampus	4	2	0	0
ASO 8	Iba1	90	Hippocampus	1	0	0	0
ASO 8	Iba1	90	Hippocampus	2	1	0	0
ASO 8	Iba1	90	Hippocampus	3	0	0	0
ASO 8	Iba1	90	Hippocampus	4	0	0	0
ASO 8	Iba1	60	Hippocampus	1	0	0	0
ASO 8	Iba1	60	Hippocampus	2	NA	1	0
ASO 8	Iba1	60	Hippocampus	3	NA	NA	NA
ASO 8	Iba1	60	Hippocampus	4	0	0	0
ASO 8	Iba1	30	Hippocampus	1	0	0	0
ASO 8	Iba1	30	Hippocampus	2	1	0	0
ASO 8	Iba1	30	Hippocampus	3	1	0	0
ASO 8	Iba1	30	Hippocampus	4	1	0	0
ASO 8	Iba1	-14	Hippocampus	1	0	0	0
ASO 8	Iba1	-14	Hippocampus	2	1	0	0
ASO 8	Iba1	-14	Hippocampus	3	1	0	0
ASO 8	Iba1	-14	Hippocampus	4	1	0	0
ASO 8	Iba1	123	CP	1	1	0	0
ASO 8	Iba1	123	CP	2	1	0	0
ASO 8	Iba1	123	CP	3	2	0	0
ASO 8	Iba1	123	CP	4	2	0	0
ASO 8	Iba1	90	CP	1	0	0	0
ASO 8	Iba1	90	CP	2	0	0	0
ASO 8	Iba1	90	CP	3	0	0	0
ASO 8	Iba1	90	CP	4	0	0	0
ASO 8	Iba1	60	CP	1	0	0	0
ASO 8	Iba1	60	CP	2	NA	1	0
ASO 8	Iba1	60	CP	3	0	0	0
ASO 8	Iba1	60	CP	4	0	0	0
ASO 8	Iba1	30	CP	1	1	0	0
ASO 8	Iba1	30	CP	2	1	0	0
ASO 8	Iba1	30	CP	3	0	0	0
ASO 8	Iba1	30	CP	4	0	0	0
ASO 8	Iba1	-14	CP	1	0	0	0
ASO 8	Iba1	-14	CP	2	0	0	0
ASO 8	Iba1	-14	CP	3	0	0	0
ASO 8	Iba1	-14	CP	4	0	0	0
ASO 8	Iba1	123	Pallidum	1	1	0	0
ASO 8	Iba1	123	Pallidum	2	1	0	0
ASO 8	Iba1	123	Pallidum	3	2	0	0
ASO 8	Iba1	123	Pallidum	4	2	0	0
ASO 8	Iba1	90	Pallidum	1	0	0	0
ASO 8	Iba1	90	Pallidum	2	0	0	0
ASO 8	Iba1	90	Pallidum	3	0	0	0
ASO 8	Iba1	90	Pallidum	4	0	0	0
ASO 8	Iba1	60	Pallidum	1	0	0	0
ASO 8	Iba1	60	Pallidum	2	NA	1	0
ASO 8	Iba1	60	Pallidum	3	0	0	0
ASO 8	Iba1	60	Pallidum	4	0	0	0
ASO 8	Iba1	30	Pallidum	1	1	0	0
ASO 8	Iba1	30	Pallidum	2	1	0	0
ASO 8	Iba1	30	Pallidum	3	0	0	0
ASO 8	Iba1	30	Pallidum	4	0	0	0
ASO 8	Iba1	-14	Pallidum	1	0	0	0
ASO 8	Iba1	-14	Pallidum	2	0	0	0
ASO 8	Iba1	-14	Pallidum	3	0	0	0
ASO 8	Iba1	-14	Pallidum	4	0	0	0
ASO 8	Iba1	123	Thalamus	1	2	0	0
ASO 8	Iba1	123	Thalamus	2	3	0	0
ASO 8	Iba1	123	Thalamus	3	1	0	0
ASO 8	Iba1	123	Thalamus	4	2	0	0
ASO 8	Iba1	90	Thalamus	1	2	0	0
ASO 8	Iba1	90	Thalamus	2	3	0	0
ASO 8	Iba1	90	Thalamus	3	3	0	0
ASO 8	Iba1	90	Thalamus	4	2	0	0
ASO 8	Iba1	60	Thalamus	1	2	0	0
ASO 8	Iba1	60	Thalamus	2	NA	1	0
ASO 8	Iba1	60	Thalamus	3	3	0	0
ASO 8	Iba1	60	Thalamus	4	3	0	0
ASO 8	Iba1	30	Thalamus	1	3	0	0
ASO 8	Iba1	30	Thalamus	2	2	0	0
ASO 8	Iba1	30	Thalamus	3	2	0	0
ASO 8	Iba1	30	Thalamus	4	1	0	0
ASO 8	Iba1	-14	Thalamus	1	1	0	0
ASO 8	Iba1	-14	Thalamus	2	1	0	0
ASO 8	Iba1	-14	Thalamus	3	1	0	0
ASO 8	Iba1	-14	Thalamus	4	1	0	0
ASO 8	Iba1	123	midbrain	1	1	0	0
ASO 8	Iba1	123	midbrain	2	1	0	0
ASO 8	Iba1	123	midbrain	3	1	0	0
ASO 8	Iba1	123	midbrain	4	0	0	0
ASO 8	Iba1	90	midbrain	1	2	0	0
ASO 8	Iba1	90	midbrain	2	2	0	0
ASO 8	Iba1	90	midbrain	3	2	0	0
ASO 8	Iba1	90	midbrain	4	NA	NA	NA
ASO 8	Iba1	60	midbrain	1	1	0	0
ASO 8	Iba1	60	midbrain	2	NA	1	0
ASO 8	Iba1	60	midbrain	3	1	0	0
ASO 8	Iba1	60	midbrain	4	2	0	0
ASO 8	Iba1	30	midbrain	1	2	0	0
ASO 8	Iba1	30	midbrain	2	0	0	0
ASO 8	Iba1	30	midbrain	3	0	0	0
ASO 8	Iba1	30	midbrain	4	0	0	0
ASO 8	Iba1	-14	midbrain	1	0	0	0
ASO 8	Iba1	-14	midbrain	2	0	0	0
ASO 8	Iba1	-14	midbrain	3	0	0	0
ASO 8	Iba1	-14	midbrain	4	0	0	0
ASO 8	Iba1	123	Cereb_mol layer	1	1	0	0
ASO 8	Iba1	123	Cereb_mol layer	2	1	0	0
ASO 8	Iba1	123	Cereb_mol layer	3	0	0	0
ASO 8	Iba1	123	Cereb_mol layer	4	0	0	0
ASO 8	Iba1	90	Cereb_mol layer	1	0	0	0
ASO 8	Iba1	90	Cereb_mol layer	2	0	0	0
ASO 8	Iba1	90	Cereb_mol layer	3	0	0	0
ASO 8	Iba1	90	Cereb_mol layer	4	0	0	0
ASO 8	Iba1	60	Cereb_mol layer	1	1	0	0
ASO 8	Iba1	60	Cereb_mol layer	2	NA	1	0
ASO 8	Iba1	60	Cereb_mol layer	3	0	0	0
ASO 8	Iba1	60	Cereb_mol layer	4	0	0	0
ASO 8	Iba1	30	Cereb_mol layer	1	1	0	0
ASO 8	Iba1	30	Cereb_mol layer	2	0	0	0
ASO 8	Iba1	30	Cereb_mol layer	3	0	0	0
ASO 8	Iba1	30	Cereb_mol layer	4	0	0	0
ASO 8	Iba1	-14	Cereb_mol layer	1	0	0	0
ASO 8	Iba1	-14	Cereb_mol layer	2	0	0	0
ASO 8	Iba1	-14	Cereb_mol layer	3	0	0	0
ASO 8	Iba1	-14	Cereb_mol layer	4	0	0	0
ASO 8	Iba1	123	Cereb_gran layer	1	1	0	0
ASO 8	Iba1	123	Cereb_gran layer	2	0	0	0
ASO 8	Iba1	123	Cereb_gran layer	3	0	0	0
ASO 8	Iba1	123	Cereb_gran layer	4	0	0	0
ASO 8	Iba1	90	Cereb_gran layer	1	0	0	0
ASO 8	Iba1	90	Cereb_gran layer	2	0	0	0
ASO 8	Iba1	90	Cereb_gran layer	3	0	0	0
ASO 8	Iba1	90	Cereb_gran layer	4	0	0	0
ASO 8	Iba1	60	Cereb_gran layer	1	0	0	0
ASO 8	Iba1	60	Cereb_gran layer	2	NA	1	0
ASO 8	Iba1	60	Cereb_gran layer	3	0	0	0
ASO 8	Iba1	60	Cereb_gran layer	4	0	0	0
ASO 8	Iba1	30	Cereb_gran layer	1	0	0	0
ASO 8	Iba1	30	Cereb_gran layer	2	0	0	0
ASO 8	Iba1	30	Cereb_gran layer	3	0	0	0
ASO 8	Iba1	30	Cereb_gran layer	4	0	0	0
ASO 8	Iba1	-14	Cereb_gran layer	1	0	0	0
ASO 8	Iba1	-14	Cereb_gran layer	2	0	0	0
ASO 8	Iba1	-14	Cereb_gran layer	3	0	0	0
ASO 8	Iba1	-14	Cereb_gran layer	4	0	0	0
ASO 8	Iba1	123	Cereb_peduncle	1	0	0	0
ASO 8	Iba1	123	Cereb_peduncle	2	0	0	0
ASO 8	Iba1	123	Cereb_peduncle	3	1	0	0
ASO 8	Iba1	123	Cereb_peduncle	4	0	0	0
ASO 8	Iba1	90	Cereb_peduncle	1	0	0	0
ASO 8	Iba1	90	Cereb_peduncle	2	1	0	0
ASO 8	Iba1	90	Cereb_peduncle	3	2	0	0
ASO 8	Iba1	90	Cereb_peduncle	4	NA	NA	NA
ASO 8	Iba1	60	Cereb_peduncle	1	1	0	0
ASO 8	Iba1	60	Cereb_peduncle	2	NA	1	0
ASO 8	Iba1	60	Cereb_peduncle	3	0	0	0
ASO 8	Iba1	60	Cereb_peduncle	4	0	0	0
ASO 8	Iba1	30	Cereb_peduncle	1	1	0	0
ASO 8	Iba1	30	Cereb_peduncle	2	0	0	0
ASO 8	Iba1	30	Cereb_peduncle	3	0	0	0
ASO 8	Iba1	30	Cereb_peduncle	4	0	0	0
ASO 8	Iba1	-14	Cereb_peduncle	1	0	0	0
ASO 8	Iba1	-14	Cereb_peduncle	2	0	0	0
ASO 8	Iba1	-14	Cereb_peduncle	3	1	0	0
ASO 8	Iba1	-14	Cereb_peduncle	4	0	0	0
ASO 8	Iba1	123	medulla	1	1	0	0
ASO 8	Iba1	123	medulla	2	1	0	0
ASO 8	Iba1	123	medulla	3	NA	NA	NA
ASO 8	Iba1	123	medulla	4	1	0	0
ASO 8	Iba1	90	medulla	1	1	0	0
ASO 8	Iba1	90	medulla	2	NA	NA	NA
ASO 8	Iba1	90	medulla	3	2	0	0
ASO 8	Iba1	90	medulla	4	1	0	0
ASO 8	Iba1	60	medulla	1	NA	NA	NA
ASO 8	Iba1	60	medulla	2	NA	1	0
ASO 8	Iba1	60	medulla	3	1	0	0
ASO 8	Iba1	60	medulla	4	NA	NA	NA
ASO 8	Iba1	30	medulla	1	1	0	0
ASO 8	Iba1	30	medulla	2	0	0	0
ASO 8	Iba1	30	medulla	3	0	0	0
ASO 8	Iba1	30	medulla	4	0	0	0
ASO 8	Iba1	-14	medulla	1	0	0	0
ASO 8	Iba1	-14	medulla	2	0	0	0
ASO 8	Iba1	-14	medulla	3	0	0	0
ASO 8	Iba1	-14	medulla	4	0	0	0
ASO 8	Iba1	123	Subiculum	1	1	0	0
ASO 8	Iba1	123	Subiculum	2	1	0	0
ASO 8	Iba1	123	Subiculum	3	2	0	0
ASO 8	Iba1	123	Subiculum	4	1	0	0
ASO 8	Iba1	90	Subiculum	1	0	0	0
ASO 8	Iba1	90	Subiculum	2	1	0	0
ASO 8	Iba1	90	Subiculum	3	1	0	0
ASO 8	Iba1	90	Subiculum	4	0	0	0
ASO 8	Iba1	60	Subiculum	1	0	0	0
ASO 8	Iba1	60	Subiculum	2	NA	1	0
ASO 8	Iba1	60	Subiculum	3	NA	NA	NA
ASO 8	Iba1	60	Subiculum	4	NA	NA	NA
ASO 8	Iba1	30	Subiculum	1	1	0	0
ASO 8	Iba1	30	Subiculum	2	0	0	0
ASO 8	Iba1	30	Subiculum	3	1	0	0
ASO 8	Iba1	30	Subiculum	4	1	0	0
ASO 8	Iba1	-14	Subiculum	1	1	0	0
ASO 8	Iba1	-14	Subiculum	2	0	0	0
ASO 8	Iba1	-14	Subiculum	3	NA	NA	NA
ASO 8	Iba1	-14	Subiculum	4	0	0	0
ASO 8	PrP	123	Fiber tracts	1	0	0	0
ASO 8	PrP	123	Fiber tracts	2	0	0	0
ASO 8	PrP	123	Fiber tracts	3	1	0	0
ASO 8	PrP	123	Fiber tracts	4	1	0	0
ASO 8	PrP	90	Fiber tracts	1	0	0	0
ASO 8	PrP	90	Fiber tracts	2	1	0	0
ASO 8	PrP	90	Fiber tracts	3	1	0	0
ASO 8	PrP	90	Fiber tracts	4	0	0	0
ASO 8	PrP	60	Fiber tracts	1	0	0	0
ASO 8	PrP	60	Fiber tracts	2	NA	1	0
ASO 8	PrP	60	Fiber tracts	3	0	0	0
ASO 8	PrP	60	Fiber tracts	4	0	0	0
ASO 8	PrP	30	Fiber tracts	1	0	0	0
ASO 8	PrP	30	Fiber tracts	2	0	0	0
ASO 8	PrP	30	Fiber tracts	3	0	0	0
ASO 8	PrP	30	Fiber tracts	4	0	0	0
ASO 8	PrP	-14	Fiber tracts	1	0	0	0
ASO 8	PrP	-14	Fiber tracts	2	0	0	0
ASO 8	PrP	-14	Fiber tracts	3	0	0	0
ASO 8	PrP	-14	Fiber tracts	4	0	0	0
ASO 8	PrP	123	Cortex	1	1	0	0
ASO 8	PrP	123	Cortex	2	2	0	0
ASO 8	PrP	123	Cortex	3	2	0	0
ASO 8	PrP	123	Cortex	4	2	0	0
ASO 8	PrP	90	Cortex	1	1	0	0
ASO 8	PrP	90	Cortex	2	0	0	0
ASO 8	PrP	90	Cortex	3	1	0	0
ASO 8	PrP	90	Cortex	4	1	0	0
ASO 8	PrP	60	Cortex	1	0	0	0
ASO 8	PrP	60	Cortex	2	NA	1	0
ASO 8	PrP	60	Cortex	3	0	0	0
ASO 8	PrP	60	Cortex	4	0	0	0
ASO 8	PrP	30	Cortex	1	1	0	0
ASO 8	PrP	30	Cortex	2	1	0	0
ASO 8	PrP	30	Cortex	3	1	0	0
ASO 8	PrP	30	Cortex	4	1	0	0
ASO 8	PrP	-14	Cortex	1	0	0	0
ASO 8	PrP	-14	Cortex	2	1	0	0
ASO 8	PrP	-14	Cortex	3	1	0	0
ASO 8	PrP	-14	Cortex	4	1	0	0
ASO 8	PrP	123	Hippocampus	1	2	0	0
ASO 8	PrP	123	Hippocampus	2	1	0	0
ASO 8	PrP	123	Hippocampus	3	2	0	0
ASO 8	PrP	123	Hippocampus	4	2	0	0
ASO 8	PrP	90	Hippocampus	1	1	0	0
ASO 8	PrP	90	Hippocampus	2	1	0	0
ASO 8	PrP	90	Hippocampus	3	1	0	0
ASO 8	PrP	90	Hippocampus	4	0	0	0
ASO 8	PrP	60	Hippocampus	1	1	0	0
ASO 8	PrP	60	Hippocampus	2	NA	1	0
ASO 8	PrP	60	Hippocampus	3	0	0	0
ASO 8	PrP	60	Hippocampus	4	0	0	0
ASO 8	PrP	30	Hippocampus	1	1	0	0
ASO 8	PrP	30	Hippocampus	2	1	0	0
ASO 8	PrP	30	Hippocampus	3	2	0	0
ASO 8	PrP	30	Hippocampus	4	1	0	0
ASO 8	PrP	-14	Hippocampus	1	1	0	0
ASO 8	PrP	-14	Hippocampus	2	1	0	0
ASO 8	PrP	-14	Hippocampus	3	2	0	0
ASO 8	PrP	-14	Hippocampus	4	2	0	0
ASO 8	PrP	123	CP	1	1	0	0
ASO 8	PrP	123	CP	2	1	0	0
ASO 8	PrP	123	CP	3	0	0	0
ASO 8	PrP	123	CP	4	0	0	0
ASO 8	PrP	90	CP	1	0	0	0
ASO 8	PrP	90	CP	2	0	0	0
ASO 8	PrP	90	CP	3	0	0	0
ASO 8	PrP	90	CP	4	0	0	0
ASO 8	PrP	60	CP	1	0	0	0
ASO 8	PrP	60	CP	2	NA	1	0
ASO 8	PrP	60	CP	3	0	0	0
ASO 8	PrP	60	CP	4	0	0	0
ASO 8	PrP	30	CP	1	1	0	0
ASO 8	PrP	30	CP	2	0	0	0
ASO 8	PrP	30	CP	3	0	0	0
ASO 8	PrP	30	CP	4	1	0	0
ASO 8	PrP	-14	CP	1	0	0	0
ASO 8	PrP	-14	CP	2	0	0	0
ASO 8	PrP	-14	CP	3	0	0	0
ASO 8	PrP	-14	CP	4	1	0	0
ASO 8	PrP	123	Pallidum	1	1	0	0
ASO 8	PrP	123	Pallidum	2	1	0	0
ASO 8	PrP	123	Pallidum	3	0	0	0
ASO 8	PrP	123	Pallidum	4	0	0	0
ASO 8	PrP	90	Pallidum	1	0	0	0
ASO 8	PrP	90	Pallidum	2	0	0	0
ASO 8	PrP	90	Pallidum	3	0	0	0
ASO 8	PrP	90	Pallidum	4	0	0	0
ASO 8	PrP	60	Pallidum	1	0	0	0
ASO 8	PrP	60	Pallidum	2	NA	1	0
ASO 8	PrP	60	Pallidum	3	0	0	0
ASO 8	PrP	60	Pallidum	4	0	0	0
ASO 8	PrP	30	Pallidum	1	1	0	0
ASO 8	PrP	30	Pallidum	2	0	0	0
ASO 8	PrP	30	Pallidum	3	0	0	0
ASO 8	PrP	30	Pallidum	4	1	0	0
ASO 8	PrP	-14	Pallidum	1	0	0	0
ASO 8	PrP	-14	Pallidum	2	0	0	0
ASO 8	PrP	-14	Pallidum	3	0	0	0
ASO 8	PrP	-14	Pallidum	4	1	0	0
ASO 8	PrP	123	Thalamus	1	2	0	0
ASO 8	PrP	123	Thalamus	2	2	0	0
ASO 8	PrP	123	Thalamus	3	2	0	0
ASO 8	PrP	123	Thalamus	4	2	0	0
ASO 8	PrP	90	Thalamus	1	2	0	0
ASO 8	PrP	90	Thalamus	2	2	0	0
ASO 8	PrP	90	Thalamus	3	2	0	0
ASO 8	PrP	90	Thalamus	4	2	0	0
ASO 8	PrP	60	Thalamus	1	1	0	0
ASO 8	PrP	60	Thalamus	2	NA	1	0
ASO 8	PrP	60	Thalamus	3	1	0	0
ASO 8	PrP	60	Thalamus	4	1	0	0
ASO 8	PrP	30	Thalamus	1	2	0	0
ASO 8	PrP	30	Thalamus	2	1	0	0
ASO 8	PrP	30	Thalamus	3	1	0	0
ASO 8	PrP	30	Thalamus	4	1	0	0
ASO 8	PrP	-14	Thalamus	1	1	0	0
ASO 8	PrP	-14	Thalamus	2	1	0	0
ASO 8	PrP	-14	Thalamus	3	1	0	0
ASO 8	PrP	-14	Thalamus	4	1	0	0
ASO 8	PrP	123	midbrain	1	1	0	0
ASO 8	PrP	123	midbrain	2	0	0	0
ASO 8	PrP	123	midbrain	3	1	0	0
ASO 8	PrP	123	midbrain	4	0	0	0
ASO 8	PrP	90	midbrain	1	0	0	0
ASO 8	PrP	90	midbrain	2	0	0	0
ASO 8	PrP	90	midbrain	3	0	0	0
ASO 8	PrP	90	midbrain	4	0	0	0
ASO 8	PrP	60	midbrain	1	0	0	0
ASO 8	PrP	60	midbrain	2	NA	1	0
ASO 8	PrP	60	midbrain	3	0	0	0
ASO 8	PrP	60	midbrain	4	0	0	0
ASO 8	PrP	30	midbrain	1	1	0	0
ASO 8	PrP	30	midbrain	2	0	0	0
ASO 8	PrP	30	midbrain	3	0	0	0
ASO 8	PrP	30	midbrain	4	0	0	0
ASO 8	PrP	-14	midbrain	1	0	0	0
ASO 8	PrP	-14	midbrain	2	0	0	0
ASO 8	PrP	-14	midbrain	3	0	0	0
ASO 8	PrP	-14	midbrain	4	0	0	0
ASO 8	PrP	123	Cereb_mol layer	1	0	0	0
ASO 8	PrP	123	Cereb_mol layer	2	0	0	0
ASO 8	PrP	123	Cereb_mol layer	3	0	0	0
ASO 8	PrP	123	Cereb_mol layer	4	0	0	0
ASO 8	PrP	90	Cereb_mol layer	1	0	0	0
ASO 8	PrP	90	Cereb_mol layer	2	0	0	0
ASO 8	PrP	90	Cereb_mol layer	3	0	0	0
ASO 8	PrP	90	Cereb_mol layer	4	0	0	0
ASO 8	PrP	60	Cereb_mol layer	1	0	0	0
ASO 8	PrP	60	Cereb_mol layer	2	NA	1	0
ASO 8	PrP	60	Cereb_mol layer	3	0	0	0
ASO 8	PrP	60	Cereb_mol layer	4	0	0	0
ASO 8	PrP	30	Cereb_mol layer	1	0	0	0
ASO 8	PrP	30	Cereb_mol layer	2	0	0	0
ASO 8	PrP	30	Cereb_mol layer	3	0	0	0
ASO 8	PrP	30	Cereb_mol layer	4	0	0	0
ASO 8	PrP	-14	Cereb_mol layer	1	0	0	0
ASO 8	PrP	-14	Cereb_mol layer	2	0	0	0
ASO 8	PrP	-14	Cereb_mol layer	3	0	0	0
ASO 8	PrP	-14	Cereb_mol layer	4	0	0	0
ASO 8	PrP	123	Cereb_gran layer	1	0	0	0
ASO 8	PrP	123	Cereb_gran layer	2	0	0	0
ASO 8	PrP	123	Cereb_gran layer	3	1	0	0
ASO 8	PrP	123	Cereb_gran layer	4	0	0	0
ASO 8	PrP	90	Cereb_gran layer	1	0	0	0
ASO 8	PrP	90	Cereb_gran layer	2	0	0	0
ASO 8	PrP	90	Cereb_gran layer	3	0	0	0
ASO 8	PrP	90	Cereb_gran layer	4	0	0	0
ASO 8	PrP	60	Cereb_gran layer	1	0	0	0
ASO 8	PrP	60	Cereb_gran layer	2	NA	1	0
ASO 8	PrP	60	Cereb_gran layer	3	0	0	0
ASO 8	PrP	60	Cereb_gran layer	4	0	0	0
ASO 8	PrP	30	Cereb_gran layer	1	1	0	0
ASO 8	PrP	30	Cereb_gran layer	2	0	0	0
ASO 8	PrP	30	Cereb_gran layer	3	0	0	0
ASO 8	PrP	30	Cereb_gran layer	4	0	0	0
ASO 8	PrP	-14	Cereb_gran layer	1	0	0	0
ASO 8	PrP	-14	Cereb_gran layer	2	0	0	0
ASO 8	PrP	-14	Cereb_gran layer	3	0	0	0
ASO 8	PrP	-14	Cereb_gran layer	4	0	0	0
ASO 8	PrP	123	Cereb_peduncle	1	0	0	0
ASO 8	PrP	123	Cereb_peduncle	2	0	0	0
ASO 8	PrP	123	Cereb_peduncle	3	0	0	0
ASO 8	PrP	123	Cereb_peduncle	4	1	0	0
ASO 8	PrP	90	Cereb_peduncle	1	0	0	0
ASO 8	PrP	90	Cereb_peduncle	2	0	0	0
ASO 8	PrP	90	Cereb_peduncle	3	0	0	0
ASO 8	PrP	90	Cereb_peduncle	4	0	0	0
ASO 8	PrP	60	Cereb_peduncle	1	0	0	0
ASO 8	PrP	60	Cereb_peduncle	2	NA	1	0
ASO 8	PrP	60	Cereb_peduncle	3	0	0	0
ASO 8	PrP	60	Cereb_peduncle	4	0	0	0
ASO 8	PrP	30	Cereb_peduncle	1	1	0	0
ASO 8	PrP	30	Cereb_peduncle	2	0	0	0
ASO 8	PrP	30	Cereb_peduncle	3	0	0	0
ASO 8	PrP	30	Cereb_peduncle	4	NA	NA	NA
ASO 8	PrP	-14	Cereb_peduncle	1	0	0	0
ASO 8	PrP	-14	Cereb_peduncle	2	0	0	0
ASO 8	PrP	-14	Cereb_peduncle	3	0	0	0
ASO 8	PrP	-14	Cereb_peduncle	4	0	0	0
ASO 8	PrP	123	medulla	1	0	0	0
ASO 8	PrP	123	medulla	2	0	0	0
ASO 8	PrP	123	medulla	3	0	0	0
ASO 8	PrP	123	medulla	4	0	0	0
ASO 8	PrP	90	medulla	1	0	0	0
ASO 8	PrP	90	medulla	2	0	0	0
ASO 8	PrP	90	medulla	3	0	0	0
ASO 8	PrP	90	medulla	4	0	0	0
ASO 8	PrP	60	medulla	1	0	0	0
ASO 8	PrP	60	medulla	2	NA	1	0
ASO 8	PrP	60	medulla	3	0	0	0
ASO 8	PrP	60	medulla	4	0	0	0
ASO 8	PrP	30	medulla	1	0	0	0
ASO 8	PrP	30	medulla	2	0	0	0
ASO 8	PrP	30	medulla	3	0	0	0
ASO 8	PrP	30	medulla	4	NA	NA	NA
ASO 8	PrP	-14	medulla	1	0	0	0
ASO 8	PrP	-14	medulla	2	0	0	0
ASO 8	PrP	-14	medulla	3	0	0	0
ASO 8	PrP	-14	medulla	4	0	0	0
ASO 8	PrP	123	Subiculum	1	2	0	0
ASO 8	PrP	123	Subiculum	2	2	0	0
ASO 8	PrP	123	Subiculum	3	2	0	0
ASO 8	PrP	123	Subiculum	4	2	0	0
ASO 8	PrP	90	Subiculum	1	2	0	0
ASO 8	PrP	90	Subiculum	2	2	0	0
ASO 8	PrP	90	Subiculum	3	2	0	0
ASO 8	PrP	90	Subiculum	4	1	0	0
ASO 8	PrP	60	Subiculum	1	0	0	0
ASO 8	PrP	60	Subiculum	2	NA	1	0
ASO 8	PrP	60	Subiculum	3	0	0	0
ASO 8	PrP	60	Subiculum	4	0	0	0
ASO 8	PrP	30	Subiculum	1	2	0	0
ASO 8	PrP	30	Subiculum	2	1	0	0
ASO 8	PrP	30	Subiculum	3	1	0	0
ASO 8	PrP	30	Subiculum	4	1	0	0
ASO 8	PrP	-14	Subiculum	1	1	0	0
ASO 8	PrP	-14	Subiculum	2	1	0	0
ASO 8	PrP	-14	Subiculum	3	2	0	0
ASO 8	PrP	-14	Subiculum	4	2	0	0
ASO 8	ASO	123	Fiber tracts	1	1	0	0
ASO 8	ASO	123	Fiber tracts	2	2	0	0
ASO 8	ASO	123	Fiber tracts	3	1	0	0
ASO 8	ASO	123	Fiber tracts	4	1	0	0
ASO 8	ASO	90	Fiber tracts	1	1	0	0
ASO 8	ASO	90	Fiber tracts	2	1	0	0
ASO 8	ASO	90	Fiber tracts	3	0	0	0
ASO 8	ASO	90	Fiber tracts	4	1	0	0
ASO 8	ASO	60	Fiber tracts	1	1	0	0
ASO 8	ASO	60	Fiber tracts	2	NA	1	0
ASO 8	ASO	60	Fiber tracts	3	1	0	0
ASO 8	ASO	60	Fiber tracts	4	1	0	0
ASO 8	ASO	30	Fiber tracts	1	0	0	0
ASO 8	ASO	30	Fiber tracts	2	0	0	0
ASO 8	ASO	30	Fiber tracts	3	0	0	0
ASO 8	ASO	30	Fiber tracts	4	0	0	0
ASO 8	ASO	-14	Fiber tracts	1	0	0	0
ASO 8	ASO	-14	Fiber tracts	2	0	0	0
ASO 8	ASO	-14	Fiber tracts	3	0	0	0
ASO 8	ASO	-14	Fiber tracts	4	0	0	0
ASO 8	ASO	123	Cortex	1	3	0	0
ASO 8	ASO	123	Cortex	2	3	0	0
ASO 8	ASO	123	Cortex	3	3	0	0
ASO 8	ASO	123	Cortex	4	3	0	0
ASO 8	ASO	90	Cortex	1	1	0	0
ASO 8	ASO	90	Cortex	2	2	0	0
ASO 8	ASO	90	Cortex	3	1	0	0
ASO 8	ASO	90	Cortex	4	2	0	0
ASO 8	ASO	60	Cortex	1	2	0	0
ASO 8	ASO	60	Cortex	2	NA	1	0
ASO 8	ASO	60	Cortex	3	2	0	0
ASO 8	ASO	60	Cortex	4	2	0	0
ASO 8	ASO	30	Cortex	1	0	0	0
ASO 8	ASO	30	Cortex	2	0	0	0
ASO 8	ASO	30	Cortex	3	0	0	0
ASO 8	ASO	30	Cortex	4	0	0	0
ASO 8	ASO	-14	Cortex	1	1	0	0
ASO 8	ASO	-14	Cortex	2	0	0	0
ASO 8	ASO	-14	Cortex	3	0	0	0
ASO 8	ASO	-14	Cortex	4	1	0	0
ASO 8	ASO	123	Hippocampus	1	3	0	0
ASO 8	ASO	123	Hippocampus	2	3	0	0
ASO 8	ASO	123	Hippocampus	3	3	0	0
ASO 8	ASO	123	Hippocampus	4	3	0	0
ASO 8	ASO	90	Hippocampus	1	2	0	0
ASO 8	ASO	90	Hippocampus	2	2	0	0
ASO 8	ASO	90	Hippocampus	3	2	0	0
ASO 8	ASO	90	Hippocampus	4	2	0	0
ASO 8	ASO	60	Hippocampus	1	3	0	0
ASO 8	ASO	60	Hippocampus	2	NA	1	0
ASO 8	ASO	60	Hippocampus	3	2	0	0
ASO 8	ASO	60	Hippocampus	4	2	0	0
ASO 8	ASO	30	Hippocampus	1	0	0	0
ASO 8	ASO	30	Hippocampus	2	0	0	0
ASO 8	ASO	30	Hippocampus	3	0	0	0
ASO 8	ASO	30	Hippocampus	4	0	0	0
ASO 8	ASO	-14	Hippocampus	1	1	0	0
ASO 8	ASO	-14	Hippocampus	2	0	0	0
ASO 8	ASO	-14	Hippocampus	3	0	0	0
ASO 8	ASO	-14	Hippocampus	4	0	0	0
ASO 8	ASO	123	CP	1	3	0	0
ASO 8	ASO	123	CP	2	3	0	0
ASO 8	ASO	123	CP	3	3	0	0
ASO 8	ASO	123	CP	4	3	0	0
ASO 8	ASO	90	CP	1	2	0	0
ASO 8	ASO	90	CP	2	3	0	0
ASO 8	ASO	90	CP	3	2	0	0
ASO 8	ASO	90	CP	4	3	0	0
ASO 8	ASO	60	CP	1	3	0	0
ASO 8	ASO	60	CP	2	NA	1	0
ASO 8	ASO	60	CP	3	2	0	0
ASO 8	ASO	60	CP	4	2	0	0
ASO 8	ASO	30	CP	1	0	0	0
ASO 8	ASO	30	CP	2	0	0	0
ASO 8	ASO	30	CP	3	1	0	0
ASO 8	ASO	30	CP	4	1	0	0
ASO 8	ASO	-14	CP	1	1	0	0
ASO 8	ASO	-14	CP	2	0	0	0
ASO 8	ASO	-14	CP	3	0	0	0
ASO 8	ASO	-14	CP	4	1	0	0
ASO 8	ASO	123	Pallidum	1	3	0	0
ASO 8	ASO	123	Pallidum	2	3	0	0
ASO 8	ASO	123	Pallidum	3	3	0	0
ASO 8	ASO	123	Pallidum	4	3	0	0
ASO 8	ASO	90	Pallidum	1	2	0	0
ASO 8	ASO	90	Pallidum	2	3	0	0
ASO 8	ASO	90	Pallidum	3	2	0	0
ASO 8	ASO	90	Pallidum	4	3	0	0
ASO 8	ASO	60	Pallidum	1	2	0	0
ASO 8	ASO	60	Pallidum	2	NA	1	0
ASO 8	ASO	60	Pallidum	3	2	0	0
ASO 8	ASO	60	Pallidum	4	3	0	0
ASO 8	ASO	30	Pallidum	1	0	0	0
ASO 8	ASO	30	Pallidum	2	0	0	0
ASO 8	ASO	30	Pallidum	3	0	0	0
ASO 8	ASO	30	Pallidum	4	0	0	0
ASO 8	ASO	-14	Pallidum	1	1	0	0
ASO 8	ASO	-14	Pallidum	2	0	0	0
ASO 8	ASO	-14	Pallidum	3	0	0	0
ASO 8	ASO	-14	Pallidum	4	0	0	0
ASO 8	ASO	123	Thalamus	1	3	0	0
ASO 8	ASO	123	Thalamus	2	3	0	0
ASO 8	ASO	123	Thalamus	3	3	0	0
ASO 8	ASO	123	Thalamus	4	3	0	0
ASO 8	ASO	90	Thalamus	1	3	0	0
ASO 8	ASO	90	Thalamus	2	3	0	0
ASO 8	ASO	90	Thalamus	3	3	0	0
ASO 8	ASO	90	Thalamus	4	3	0	0
ASO 8	ASO	60	Thalamus	1	3	0	0
ASO 8	ASO	60	Thalamus	2	NA	1	0
ASO 8	ASO	60	Thalamus	3	2	0	0
ASO 8	ASO	60	Thalamus	4	2	0	0
ASO 8	ASO	30	Thalamus	1	0	0	0
ASO 8	ASO	30	Thalamus	2	0	0	0
ASO 8	ASO	30	Thalamus	3	0	0	0
ASO 8	ASO	30	Thalamus	4	0	0	0
ASO 8	ASO	-14	Thalamus	1	0	0	0
ASO 8	ASO	-14	Thalamus	2	0	0	0
ASO 8	ASO	-14	Thalamus	3	0	0	0
ASO 8	ASO	-14	Thalamus	4	0	0	0
ASO 8	ASO	123	midbrain	1	3	0	0
ASO 8	ASO	123	midbrain	2	3	0	0
ASO 8	ASO	123	midbrain	3	3	0	0
ASO 8	ASO	123	midbrain	4	3	0	0
ASO 8	ASO	90	midbrain	1	3	0	0
ASO 8	ASO	90	midbrain	2	3	0	0
ASO 8	ASO	90	midbrain	3	3	0	0
ASO 8	ASO	90	midbrain	4	3	0	0
ASO 8	ASO	60	midbrain	1	3	0	0
ASO 8	ASO	60	midbrain	2	NA	1	0
ASO 8	ASO	60	midbrain	3	2	0	0
ASO 8	ASO	60	midbrain	4	2	0	0
ASO 8	ASO	30	midbrain	1	0	0	0
ASO 8	ASO	30	midbrain	2	0	0	0
ASO 8	ASO	30	midbrain	3	0	0	0
ASO 8	ASO	30	midbrain	4	0	0	0
ASO 8	ASO	-14	midbrain	1	0	0	0
ASO 8	ASO	-14	midbrain	2	0	0	0
ASO 8	ASO	-14	midbrain	3	0	0	0
ASO 8	ASO	-14	midbrain	4	0	0	0
ASO 8	ASO	123	Cereb_mol layer	1	2	0	0
ASO 8	ASO	123	Cereb_mol layer	2	2	0	0
ASO 8	ASO	123	Cereb_mol layer	3	2	0	0
ASO 8	ASO	123	Cereb_mol layer	4	2	0	0
ASO 8	ASO	90	Cereb_mol layer	1	1	0	0
ASO 8	ASO	90	Cereb_mol layer	2	2	0	0
ASO 8	ASO	90	Cereb_mol layer	3	1	0	0
ASO 8	ASO	90	Cereb_mol layer	4	1	0	0
ASO 8	ASO	60	Cereb_mol layer	1	1	0	0
ASO 8	ASO	60	Cereb_mol layer	2	NA	1	0
ASO 8	ASO	60	Cereb_mol layer	3	1	0	0
ASO 8	ASO	60	Cereb_mol layer	4	1	0	0
ASO 8	ASO	30	Cereb_mol layer	1	0	0	0
ASO 8	ASO	30	Cereb_mol layer	2	0	0	0
ASO 8	ASO	30	Cereb_mol layer	3	0	0	0
ASO 8	ASO	30	Cereb_mol layer	4	0	0	0
ASO 8	ASO	-14	Cereb_mol layer	1	0	0	0
ASO 8	ASO	-14	Cereb_mol layer	2	0	0	0
ASO 8	ASO	-14	Cereb_mol layer	3	0	0	0
ASO 8	ASO	-14	Cereb_mol layer	4	0	0	0
ASO 8	ASO	123	Cereb_gran layer	1	3	0	0
ASO 8	ASO	123	Cereb_gran layer	2	3	0	0
ASO 8	ASO	123	Cereb_gran layer	3	3	0	0
ASO 8	ASO	123	Cereb_gran layer	4	3	0	0
ASO 8	ASO	90	Cereb_gran layer	1	2	0	0
ASO 8	ASO	90	Cereb_gran layer	2	3	0	0
ASO 8	ASO	90	Cereb_gran layer	3	3	0	0
ASO 8	ASO	90	Cereb_gran layer	4	3	0	0
ASO 8	ASO	60	Cereb_gran layer	1	2	0	0
ASO 8	ASO	60	Cereb_gran layer	2	NA	1	0
ASO 8	ASO	60	Cereb_gran layer	3	2	0	0
ASO 8	ASO	60	Cereb_gran layer	4	2	0	0
ASO 8	ASO	30	Cereb_gran layer	1	0	0	0
ASO 8	ASO	30	Cereb_gran layer	2	1	0	0
ASO 8	ASO	30	Cereb_gran layer	3	1	0	0
ASO 8	ASO	30	Cereb_gran layer	4	1	0	0
ASO 8	ASO	-14	Cereb_gran layer	1	1	0	0
ASO 8	ASO	-14	Cereb_gran layer	2	1	0	0
ASO 8	ASO	-14	Cereb_gran layer	3	1	0	0
ASO 8	ASO	-14	Cereb_gran layer	4	1	0	0
ASO 8	ASO	123	Cereb_peduncle	1	2	0	0
ASO 8	ASO	123	Cereb_peduncle	2	2	0	0
ASO 8	ASO	123	Cereb_peduncle	3	2	0	0
ASO 8	ASO	123	Cereb_peduncle	4	2	0	0
ASO 8	ASO	90	Cereb_peduncle	1	NA	NA	NA
ASO 8	ASO	90	Cereb_peduncle	2	NA	NA	NA
ASO 8	ASO	90	Cereb_peduncle	3	3	0	0
ASO 8	ASO	90	Cereb_peduncle	4	NA	NA	NA
ASO 8	ASO	60	Cereb_peduncle	1	3	0	0
ASO 8	ASO	60	Cereb_peduncle	2	NA	1	0
ASO 8	ASO	60	Cereb_peduncle	3	NA	NA	NA
ASO 8	ASO	60	Cereb_peduncle	4	1	0	0
ASO 8	ASO	30	Cereb_peduncle	1	0	0	0
ASO 8	ASO	30	Cereb_peduncle	2	0	0	0
ASO 8	ASO	30	Cereb_peduncle	3	0	0	0
ASO 8	ASO	30	Cereb_peduncle	4	0	0	0
ASO 8	ASO	-14	Cereb_peduncle	1	0	0	0
ASO 8	ASO	-14	Cereb_peduncle	2	0	0	0
ASO 8	ASO	-14	Cereb_peduncle	3	0	0	0
ASO 8	ASO	-14	Cereb_peduncle	4	0	0	0
ASO 8	ASO	123	medulla	1	3	0	0
ASO 8	ASO	123	medulla	2	3	0	0
ASO 8	ASO	123	medulla	3	3	0	0
ASO 8	ASO	123	medulla	4	3	0	0
ASO 8	ASO	90	medulla	1	3	0	0
ASO 8	ASO	90	medulla	2	NA	NA	NA
ASO 8	ASO	90	medulla	3	3	0	0
ASO 8	ASO	90	medulla	4	3	0	0
ASO 8	ASO	60	medulla	1	NA	NA	NA
ASO 8	ASO	60	medulla	2	NA	1	0
ASO 8	ASO	60	medulla	3	2	0	0
ASO 8	ASO	60	medulla	4	NA	NA	NA
ASO 8	ASO	30	medulla	1	0	0	0
ASO 8	ASO	30	medulla	2	0	0	0
ASO 8	ASO	30	medulla	3	0	0	0
ASO 8	ASO	30	medulla	4	0	0	0
ASO 8	ASO	-14	medulla	1	0	0	0
ASO 8	ASO	-14	medulla	2	0	0	0
ASO 8	ASO	-14	medulla	3	0	0	0
ASO 8	ASO	-14	medulla	4	0	0	0
ASO 8	ASO	123	Subiculum	1	3	0	0
ASO 8	ASO	123	Subiculum	2	3	0	0
ASO 8	ASO	123	Subiculum	3	3	0	0
ASO 8	ASO	123	Subiculum	4	3	0	0
ASO 8	ASO	90	Subiculum	1	2	0	0
ASO 8	ASO	90	Subiculum	2	2	0	0
ASO 8	ASO	90	Subiculum	3	2	0	0
ASO 8	ASO	90	Subiculum	4	NA	NA	NA
ASO 8	ASO	60	Subiculum	1	2	0	0
ASO 8	ASO	60	Subiculum	2	NA	1	0
ASO 8	ASO	60	Subiculum	3	NA	NA	NA
ASO 8	ASO	60	Subiculum	4	1	0	0
ASO 8	ASO	30	Subiculum	1	0	0	0
ASO 8	ASO	30	Subiculum	2	0	0	0
ASO 8	ASO	30	Subiculum	3	0	0	0
ASO 8	ASO	30	Subiculum	4	0	0	0
ASO 8	ASO	-14	Subiculum	1	0	0	0
ASO 8	ASO	-14	Subiculum	2	0	0	0
ASO 8	ASO	-14	Subiculum	3	0	0	0
ASO 8	ASO	-14	Subiculum	4	0	0	0
ASO 8	ASO	123	endothelial cells	1	3	0	0
ASO 8	ASO	123	endothelial cells	2	3	0	0
ASO 8	ASO	123	endothelial cells	3	3	0	0
ASO 8	ASO	123	endothelial cells	4	3	0	0
ASO 8	ASO	90	endothelial cells	1	3	0	0
ASO 8	ASO	90	endothelial cells	2	3	0	0
ASO 8	ASO	90	endothelial cells	3	3	0	0
ASO 8	ASO	90	endothelial cells	4	3	0	0
ASO 8	ASO	60	endothelial cells	1	3	0	0
ASO 8	ASO	60	endothelial cells	2	NA	1	0
ASO 8	ASO	60	endothelial cells	3	3	0	0
ASO 8	ASO	60	endothelial cells	4	3	0	0
ASO 8	ASO	30	endothelial cells	1	3	0	0
ASO 8	ASO	30	endothelial cells	2	3	0	0
ASO 8	ASO	30	endothelial cells	3	3	0	0
ASO 8	ASO	30	endothelial cells	4	3	0	0
ASO 8	ASO	-14	endothelial cells	1	2	0	0
ASO 8	ASO	-14	endothelial cells	2	2	0	0
ASO 8	ASO	-14	endothelial cells	3	2	0	0
ASO 8	ASO	-14	endothelial cells	4	3	0	0
ASO 5	GFAP	123	Fiber tracts	1	NA	1	0
ASO 5	GFAP	123	Fiber tracts	2	1	0	0
ASO 5	GFAP	123	Fiber tracts	3	0	0	0
ASO 5	GFAP	123	Fiber tracts	4	1	0	0
ASO 5	GFAP	90	Fiber tracts	1	1	0	0
ASO 5	GFAP	90	Fiber tracts	2	1	0	0
ASO 5	GFAP	90	Fiber tracts	3	2	0	0
ASO 5	GFAP	90	Fiber tracts	4	1	0	0
ASO 5	GFAP	60	Fiber tracts	1	1	0	0
ASO 5	GFAP	60	Fiber tracts	2	1	0	0
ASO 5	GFAP	60	Fiber tracts	3	0	0	0
ASO 5	GFAP	60	Fiber tracts	4	1	0	0
ASO 5	GFAP	30	Fiber tracts	1	1	0	0
ASO 5	GFAP	30	Fiber tracts	2	1	0	0
ASO 5	GFAP	30	Fiber tracts	3	1	0	0
ASO 5	GFAP	30	Fiber tracts	4	1	0	0
ASO 5	GFAP	-14	Fiber tracts	1	1	0	0
ASO 5	GFAP	-14	Fiber tracts	2	1	0	0
ASO 5	GFAP	-14	Fiber tracts	3	1	0	0
ASO 5	GFAP	-14	Fiber tracts	4	1	0	0
ASO 5	GFAP	123	Cortex	1	NA	1	0
ASO 5	GFAP	123	Cortex	2	1	0	0
ASO 5	GFAP	123	Cortex	3	0	0	0
ASO 5	GFAP	123	Cortex	4	1	0	0
ASO 5	GFAP	90	Cortex	1	1	0	0
ASO 5	GFAP	90	Cortex	2	1	0	0
ASO 5	GFAP	90	Cortex	3	1	0	0
ASO 5	GFAP	90	Cortex	4	1	0	0
ASO 5	GFAP	60	Cortex	1	0	0	0
ASO 5	GFAP	60	Cortex	2	1	0	0
ASO 5	GFAP	60	Cortex	3	1	0	0
ASO 5	GFAP	60	Cortex	4	1	0	0
ASO 5	GFAP	30	Cortex	1	0	0	0
ASO 5	GFAP	30	Cortex	2	0	0	0
ASO 5	GFAP	30	Cortex	3	0	0	0
ASO 5	GFAP	30	Cortex	4	1	0	0
ASO 5	GFAP	-14	Cortex	1	0	0	0
ASO 5	GFAP	-14	Cortex	2	0	0	0
ASO 5	GFAP	-14	Cortex	3	0	0	0
ASO 5	GFAP	-14	Cortex	4	0	0	0
ASO 5	GFAP	123	Hippocampus	1	NA	1	0
ASO 5	GFAP	123	Hippocampus	2	1	0	0
ASO 5	GFAP	123	Hippocampus	3	0	0	0
ASO 5	GFAP	123	Hippocampus	4	1	0	0
ASO 5	GFAP	90	Hippocampus	1	1	0	0
ASO 5	GFAP	90	Hippocampus	2	1	0	0
ASO 5	GFAP	90	Hippocampus	3	2	0	0
ASO 5	GFAP	90	Hippocampus	4	2	0	0
ASO 5	GFAP	60	Hippocampus	1	1	0	0
ASO 5	GFAP	60	Hippocampus	2	2	0	0
ASO 5	GFAP	60	Hippocampus	3	1	0	0
ASO 5	GFAP	60	Hippocampus	4	1	0	0
ASO 5	GFAP	30	Hippocampus	1	1	0	0
ASO 5	GFAP	30	Hippocampus	2	1	0	0
ASO 5	GFAP	30	Hippocampus	3	1	0	0
ASO 5	GFAP	30	Hippocampus	4	1	0	0
ASO 5	GFAP	-14	Hippocampus	1	1	0	0
ASO 5	GFAP	-14	Hippocampus	2	1	0	0
ASO 5	GFAP	-14	Hippocampus	3	0	0	0
ASO 5	GFAP	-14	Hippocampus	4	0	0	0
ASO 5	GFAP	123	CP	1	NA	1	0
ASO 5	GFAP	123	CP	2	1	0	0
ASO 5	GFAP	123	CP	3	0	0	0
ASO 5	GFAP	123	CP	4	1	0	0
ASO 5	GFAP	90	CP	1	1	0	0
ASO 5	GFAP	90	CP	2	2	0	0
ASO 5	GFAP	90	CP	3	0	0	0
ASO 5	GFAP	90	CP	4	1	0	0
ASO 5	GFAP	60	CP	1	0	0	0
ASO 5	GFAP	60	CP	2	1	0	0
ASO 5	GFAP	60	CP	3	NA	NA	NA
ASO 5	GFAP	60	CP	4	0	0	0
ASO 5	GFAP	30	CP	1	1	0	0
ASO 5	GFAP	30	CP	2	1	0	0
ASO 5	GFAP	30	CP	3	0	0	0
ASO 5	GFAP	30	CP	4	0	0	0
ASO 5	GFAP	-14	CP	1	0	0	0
ASO 5	GFAP	-14	CP	2	1	0	0
ASO 5	GFAP	-14	CP	3	0	0	0
ASO 5	GFAP	-14	CP	4	0	0	0
ASO 5	GFAP	123	Pallidum	1	NA	1	0
ASO 5	GFAP	123	Pallidum	2	1	0	0
ASO 5	GFAP	123	Pallidum	3	0	0	0
ASO 5	GFAP	123	Pallidum	4	1	0	0
ASO 5	GFAP	90	Pallidum	1	1	0	0
ASO 5	GFAP	90	Pallidum	2	2	0	0
ASO 5	GFAP	90	Pallidum	3	1	0	0
ASO 5	GFAP	90	Pallidum	4	2	0	0
ASO 5	GFAP	60	Pallidum	1	1	0	0
ASO 5	GFAP	60	Pallidum	2	1	0	0
ASO 5	GFAP	60	Pallidum	3	NA	NA	NA
ASO 5	GFAP	60	Pallidum	4	1	0	0
ASO 5	GFAP	30	Pallidum	1	1	0	0
ASO 5	GFAP	30	Pallidum	2	1	0	0
ASO 5	GFAP	30	Pallidum	3	1	0	0
ASO 5	GFAP	30	Pallidum	4	1	0	0
ASO 5	GFAP	-14	Pallidum	1	0	0	0
ASO 5	GFAP	-14	Pallidum	2	1	0	0
ASO 5	GFAP	-14	Pallidum	3	1	0	0
ASO 5	GFAP	-14	Pallidum	4	1	0	0
ASO 5	GFAP	123	Thalamus	1	NA	1	0
ASO 5	GFAP	123	Thalamus	2	1	0	0
ASO 5	GFAP	123	Thalamus	3	0	0	0
ASO 5	GFAP	123	Thalamus	4	2	0	0
ASO 5	GFAP	90	Thalamus	1	1	0	0
ASO 5	GFAP	90	Thalamus	2	2	0	0
ASO 5	GFAP	90	Thalamus	3	1	0	0
ASO 5	GFAP	90	Thalamus	4	2	0	0
ASO 5	GFAP	60	Thalamus	1	1	0	0
ASO 5	GFAP	60	Thalamus	2	2	0	0
ASO 5	GFAP	60	Thalamus	3	1	0	0
ASO 5	GFAP	60	Thalamus	4	1	0	0
ASO 5	GFAP	30	Thalamus	1	1	0	0
ASO 5	GFAP	30	Thalamus	2	1	0	0
ASO 5	GFAP	30	Thalamus	3	1	0	0
ASO 5	GFAP	30	Thalamus	4	1	0	0
ASO 5	GFAP	-14	Thalamus	1	1	0	0
ASO 5	GFAP	-14	Thalamus	2	1	0	0
ASO 5	GFAP	-14	Thalamus	3	1	0	0
ASO 5	GFAP	-14	Thalamus	4	1	0	0
ASO 5	GFAP	123	midbrain	1	NA	1	0
ASO 5	GFAP	123	midbrain	2	1	0	0
ASO 5	GFAP	123	midbrain	3	1	0	0
ASO 5	GFAP	123	midbrain	4	1	0	0
ASO 5	GFAP	90	midbrain	1	1	0	0
ASO 5	GFAP	90	midbrain	2	1	0	0
ASO 5	GFAP	90	midbrain	3	0	0	0
ASO 5	GFAP	90	midbrain	4	0	0	0
ASO 5	GFAP	60	midbrain	1	0	0	0
ASO 5	GFAP	60	midbrain	2	1	0	0
ASO 5	GFAP	60	midbrain	3	0	0	0
ASO 5	GFAP	60	midbrain	4	0	0	0
ASO 5	GFAP	30	midbrain	1	0	0	0
ASO 5	GFAP	30	midbrain	2	0	0	0
ASO 5	GFAP	30	midbrain	3	1	0	0
ASO 5	GFAP	30	midbrain	4	NA	NA	NA
ASO 5	GFAP	-14	midbrain	1	0	0	0
ASO 5	GFAP	-14	midbrain	2	0	0	0
ASO 5	GFAP	-14	midbrain	3	0	0	0
ASO 5	GFAP	-14	midbrain	4	0	0	0
ASO 5	GFAP	123	Cereb_mol layer	1	NA	1	0
ASO 5	GFAP	123	Cereb_mol layer	2	1	0	0
ASO 5	GFAP	123	Cereb_mol layer	3	0	0	0
ASO 5	GFAP	123	Cereb_mol layer	4	1	0	0
ASO 5	GFAP	90	Cereb_mol layer	1	1	0	0
ASO 5	GFAP	90	Cereb_mol layer	2	1	0	0
ASO 5	GFAP	90	Cereb_mol layer	3	0	0	0
ASO 5	GFAP	90	Cereb_mol layer	4	1	0	0
ASO 5	GFAP	60	Cereb_mol layer	1	0	0	0
ASO 5	GFAP	60	Cereb_mol layer	2	1	0	0
ASO 5	GFAP	60	Cereb_mol layer	3	0	0	0
ASO 5	GFAP	60	Cereb_mol layer	4	0	0	0
ASO 5	GFAP	30	Cereb_mol layer	1	0	0	0
ASO 5	GFAP	30	Cereb_mol layer	2	0	0	0
ASO 5	GFAP	30	Cereb_mol layer	3	1	0	0
ASO 5	GFAP	30	Cereb_mol layer	4	NA	NA	NA
ASO 5	GFAP	-14	Cereb_mol layer	1	0	0	0
ASO 5	GFAP	-14	Cereb_mol layer	2	0	0	0
ASO 5	GFAP	-14	Cereb_mol layer	3	0	0	0
ASO 5	GFAP	-14	Cereb_mol layer	4	0	0	0
ASO 5	GFAP	123	Cereb_gran layer	1	NA	1	0
ASO 5	GFAP	123	Cereb_gran layer	2	1	0	0
ASO 5	GFAP	123	Cereb_gran layer	3	0	0	0
ASO 5	GFAP	123	Cereb_gran layer	4	1	0	0
ASO 5	GFAP	90	Cereb_gran layer	1	1	0	0
ASO 5	GFAP	90	Cereb_gran layer	2	1	0	0
ASO 5	GFAP	90	Cereb_gran layer	3	1	0	0
ASO 5	GFAP	90	Cereb_gran layer	4	1	0	0
ASO 5	GFAP	60	Cereb_gran layer	1	0	0	0
ASO 5	GFAP	60	Cereb_gran layer	2	1	0	0
ASO 5	GFAP	60	Cereb_gran layer	3	0	0	0
ASO 5	GFAP	60	Cereb_gran layer	4	0	0	0
ASO 5	GFAP	30	Cereb_gran layer	1	0	0	0
ASO 5	GFAP	30	Cereb_gran layer	2	NA	NA	NA
ASO 5	GFAP	30	Cereb_gran layer	3	1	0	0
ASO 5	GFAP	30	Cereb_gran layer	4	NA	NA	NA
ASO 5	GFAP	-14	Cereb_gran layer	1	0	0	0
ASO 5	GFAP	-14	Cereb_gran layer	2	0	0	0
ASO 5	GFAP	-14	Cereb_gran layer	3	1	0	0
ASO 5	GFAP	-14	Cereb_gran layer	4	1	0	0
ASO 5	GFAP	123	Cereb_peduncle	1	NA	1	0
ASO 5	GFAP	123	Cereb_peduncle	2	2	0	0
ASO 5	GFAP	123	Cereb_peduncle	3	1	0	0
ASO 5	GFAP	123	Cereb_peduncle	4	1	0	0
ASO 5	GFAP	90	Cereb_peduncle	1	0	0	0
ASO 5	GFAP	90	Cereb_peduncle	2	1	0	0
ASO 5	GFAP	90	Cereb_peduncle	3	2	0	0
ASO 5	GFAP	90	Cereb_peduncle	4	2	0	0
ASO 5	GFAP	60	Cereb_peduncle	1	0	0	0
ASO 5	GFAP	60	Cereb_peduncle	2	2	0	0
ASO 5	GFAP	60	Cereb_peduncle	3	1	0	0
ASO 5	GFAP	60	Cereb_peduncle	4	1	0	0
ASO 5	GFAP	30	Cereb_peduncle	1	0	0	0
ASO 5	GFAP	30	Cereb_peduncle	2	NA	NA	NA
ASO 5	GFAP	30	Cereb_peduncle	3	0	0	0
ASO 5	GFAP	30	Cereb_peduncle	4	NA	NA	NA
ASO 5	GFAP	-14	Cereb_peduncle	1	0	0	0
ASO 5	GFAP	-14	Cereb_peduncle	2	0	0	0
ASO 5	GFAP	-14	Cereb_peduncle	3	0	0	0
ASO 5	GFAP	-14	Cereb_peduncle	4	0	0	0
ASO 5	GFAP	123	medulla	1	NA	1	0
ASO 5	GFAP	123	medulla	2	1	0	0
ASO 5	GFAP	123	medulla	3	1	0	0
ASO 5	GFAP	123	medulla	4	2	0	0
ASO 5	GFAP	90	medulla	1	1	0	0
ASO 5	GFAP	90	medulla	2	1	0	0
ASO 5	GFAP	90	medulla	3	1	0	0
ASO 5	GFAP	90	medulla	4	NA	NA	NA
ASO 5	GFAP	60	medulla	1	1	0	0
ASO 5	GFAP	60	medulla	2	1	0	0
ASO 5	GFAP	60	medulla	3	1	0	0
ASO 5	GFAP	60	medulla	4	1	0	0
ASO 5	GFAP	30	medulla	1	1	0	0
ASO 5	GFAP	30	medulla	2	1	0	0
ASO 5	GFAP	30	medulla	3	NA	NA	NA
ASO 5	GFAP	30	medulla	4	NA	NA	NA
ASO 5	GFAP	-14	medulla	1	0	0	0
ASO 5	GFAP	-14	medulla	2	0	0	0
ASO 5	GFAP	-14	medulla	3	1	0	0
ASO 5	GFAP	-14	medulla	4	0	0	0
ASO 5	GFAP	123	Subiculum	1	NA	1	0
ASO 5	GFAP	123	Subiculum	2	1	0	0
ASO 5	GFAP	123	Subiculum	3	0	0	0
ASO 5	GFAP	123	Subiculum	4	1	0	0
ASO 5	GFAP	90	Subiculum	1	1	0	0
ASO 5	GFAP	90	Subiculum	2	1	0	0
ASO 5	GFAP	90	Subiculum	3	1	0	0
ASO 5	GFAP	90	Subiculum	4	2	0	0
ASO 5	GFAP	60	Subiculum	1	1	0	0
ASO 5	GFAP	60	Subiculum	2	2	0	0
ASO 5	GFAP	60	Subiculum	3	1	0	0
ASO 5	GFAP	60	Subiculum	4	1	0	0
ASO 5	GFAP	30	Subiculum	1	1	0	0
ASO 5	GFAP	30	Subiculum	2	1	0	0
ASO 5	GFAP	30	Subiculum	3	1	0	0
ASO 5	GFAP	30	Subiculum	4	1	0	0
ASO 5	GFAP	-14	Subiculum	1	1	0	0
ASO 5	GFAP	-14	Subiculum	2	1	0	0
ASO 5	GFAP	-14	Subiculum	3	0	0	0
ASO 5	GFAP	-14	Subiculum	4	0	0	0
ASO 5	Iba1	123	Fiber tracts	1	1	0	0
ASO 5	Iba1	123	Fiber tracts	2	1	0	0
ASO 5	Iba1	123	Fiber tracts	3	2	0	0
ASO 5	Iba1	123	Fiber tracts	4	2	0	0
ASO 5	Iba1	90	Fiber tracts	1	1	0	0
ASO 5	Iba1	90	Fiber tracts	2	1	0	0
ASO 5	Iba1	90	Fiber tracts	3	1	0	0
ASO 5	Iba1	90	Fiber tracts	4	0	0	0
ASO 5	Iba1	60	Fiber tracts	1	1	0	0
ASO 5	Iba1	60	Fiber tracts	2	1	0	0
ASO 5	Iba1	60	Fiber tracts	3	0	0	0
ASO 5	Iba1	60	Fiber tracts	4	0	0	0
ASO 5	Iba1	30	Fiber tracts	1	1	0	0
ASO 5	Iba1	30	Fiber tracts	2	0	0	0
ASO 5	Iba1	30	Fiber tracts	3	1	0	0
ASO 5	Iba1	30	Fiber tracts	4	0	0	0
ASO 5	Iba1	-14	Fiber tracts	1	0	0	0
ASO 5	Iba1	-14	Fiber tracts	2	1	0	0
ASO 5	Iba1	-14	Fiber tracts	3	1	0	0
ASO 5	Iba1	-14	Fiber tracts	4	0	0	0
ASO 5	Iba1	123	Cortex	1	1	0	0
ASO 5	Iba1	123	Cortex	2	1	0	0
ASO 5	Iba1	123	Cortex	3	1	0	0
ASO 5	Iba1	123	Cortex	4	1	0	0
ASO 5	Iba1	90	Cortex	1	1	0	0
ASO 5	Iba1	90	Cortex	2	1	0	0
ASO 5	Iba1	90	Cortex	3	1	0	0
ASO 5	Iba1	90	Cortex	4	0	0	0
ASO 5	Iba1	60	Cortex	1	1	0	0
ASO 5	Iba1	60	Cortex	2	1	0	0
ASO 5	Iba1	60	Cortex	3	1	0	0
ASO 5	Iba1	60	Cortex	4	1	0	0
ASO 5	Iba1	30	Cortex	1	0	0	0
ASO 5	Iba1	30	Cortex	2	0	0	0
ASO 5	Iba1	30	Cortex	3	0	0	0
ASO 5	Iba1	30	Cortex	4	0	0	0
ASO 5	Iba1	-14	Cortex	1	0	0	0
ASO 5	Iba1	-14	Cortex	2	1	0	0
ASO 5	Iba1	-14	Cortex	3	0	0	0
ASO 5	Iba1	-14	Cortex	4	0	0	0
ASO 5	Iba1	123	Hippocampus	1	1	0	0
ASO 5	Iba1	123	Hippocampus	2	0	0	0
ASO 5	Iba1	123	Hippocampus	3	0	0	0
ASO 5	Iba1	123	Hippocampus	4	1	0	0
ASO 5	Iba1	90	Hippocampus	1	0	0	0
ASO 5	Iba1	90	Hippocampus	2	0	0	0
ASO 5	Iba1	90	Hippocampus	3	1	0	0
ASO 5	Iba1	90	Hippocampus	4	0	0	0
ASO 5	Iba1	60	Hippocampus	1	0	0	0
ASO 5	Iba1	60	Hippocampus	2	1	0	0
ASO 5	Iba1	60	Hippocampus	3	0	0	0
ASO 5	Iba1	60	Hippocampus	4	1	0	0
ASO 5	Iba1	30	Hippocampus	1	1	0	0
ASO 5	Iba1	30	Hippocampus	2	0	0	0
ASO 5	Iba1	30	Hippocampus	3	1	0	0
ASO 5	Iba1	30	Hippocampus	4	0	0	0
ASO 5	Iba1	-14	Hippocampus	1	0	0	0
ASO 5	Iba1	-14	Hippocampus	2	1	0	0
ASO 5	Iba1	-14	Hippocampus	3	0	0	0
ASO 5	Iba1	-14	Hippocampus	4	0	0	0
ASO 5	Iba1	123	CP	1	0	0	0
ASO 5	Iba1	123	CP	2	0	0	0
ASO 5	Iba1	123	CP	3	1	0	0
ASO 5	Iba1	123	CP	4	1	0	0
ASO 5	Iba1	90	CP	1	0	0	0
ASO 5	Iba1	90	CP	2	0	0	0
ASO 5	Iba1	90	CP	3	0	0	0
ASO 5	Iba1	90	CP	4	1	0	0
ASO 5	Iba1	60	CP	1	0	0	0
ASO 5	Iba1	60	CP	2	0	0	0
ASO 5	Iba1	60	CP	3	0	0	0
ASO 5	Iba1	60	CP	4	0	0	0
ASO 5	Iba1	30	CP	1	0	0	0
ASO 5	Iba1	30	CP	2	0	0	0
ASO 5	Iba1	30	CP	3	0	0	0
ASO 5	Iba1	30	CP	4	1	0	0
ASO 5	Iba1	-14	CP	1	0	0	0
ASO 5	Iba1	-14	CP	2	0	0	0
ASO 5	Iba1	-14	CP	3	0	0	0
ASO 5	Iba1	-14	CP	4	0	0	0
ASO 5	Iba1	123	Pallidum	1	0	0	0
ASO 5	Iba1	123	Pallidum	2	0	0	0
ASO 5	Iba1	123	Pallidum	3	1	0	0
ASO 5	Iba1	123	Pallidum	4	1	0	0
ASO 5	Iba1	90	Pallidum	1	0	0	0
ASO 5	Iba1	90	Pallidum	2	0	0	0
ASO 5	Iba1	90	Pallidum	3	0	0	0
ASO 5	Iba1	90	Pallidum	4	1	0	0
ASO 5	Iba1	60	Pallidum	1	0	0	0
ASO 5	Iba1	60	Pallidum	2	0	0	0
ASO 5	Iba1	60	Pallidum	3	0	0	0
ASO 5	Iba1	60	Pallidum	4	0	0	0
ASO 5	Iba1	30	Pallidum	1	0	0	0
ASO 5	Iba1	30	Pallidum	2	0	0	0
ASO 5	Iba1	30	Pallidum	3	0	0	0
ASO 5	Iba1	30	Pallidum	4	1	0	0
ASO 5	Iba1	-14	Pallidum	1	0	0	0
ASO 5	Iba1	-14	Pallidum	2	0	0	0
ASO 5	Iba1	-14	Pallidum	3	0	0	0
ASO 5	Iba1	-14	Pallidum	4	0	0	0
ASO 5	Iba1	123	Thalamus	1	2	0	0
ASO 5	Iba1	123	Thalamus	2	2	0	0
ASO 5	Iba1	123	Thalamus	3	3	0	0
ASO 5	Iba1	123	Thalamus	4	3	0	0
ASO 5	Iba1	90	Thalamus	1	1	0	0
ASO 5	Iba1	90	Thalamus	2	1	0	0
ASO 5	Iba1	90	Thalamus	3	1	0	0
ASO 5	Iba1	90	Thalamus	4	0	0	0
ASO 5	Iba1	60	Thalamus	1	1	0	0
ASO 5	Iba1	60	Thalamus	2	1	0	0
ASO 5	Iba1	60	Thalamus	3	1	0	0
ASO 5	Iba1	60	Thalamus	4	1	0	0
ASO 5	Iba1	30	Thalamus	1	1	0	0
ASO 5	Iba1	30	Thalamus	2	0	0	0
ASO 5	Iba1	30	Thalamus	3	1	0	0
ASO 5	Iba1	30	Thalamus	4	1	0	0
ASO 5	Iba1	-14	Thalamus	1	1	0	0
ASO 5	Iba1	-14	Thalamus	2	1	0	0
ASO 5	Iba1	-14	Thalamus	3	2	0	0
ASO 5	Iba1	-14	Thalamus	4	1	0	0
ASO 5	Iba1	123	midbrain	1	2	0	0
ASO 5	Iba1	123	midbrain	2	3	0	0
ASO 5	Iba1	123	midbrain	3	2	0	0
ASO 5	Iba1	123	midbrain	4	3	0	0
ASO 5	Iba1	90	midbrain	1	2	0	0
ASO 5	Iba1	90	midbrain	2	1	0	0
ASO 5	Iba1	90	midbrain	3	0	0	0
ASO 5	Iba1	90	midbrain	4	0	0	0
ASO 5	Iba1	60	midbrain	1	0	0	0
ASO 5	Iba1	60	midbrain	2	1	0	0
ASO 5	Iba1	60	midbrain	3	0	0	0
ASO 5	Iba1	60	midbrain	4	0	0	0
ASO 5	Iba1	30	midbrain	1	0	0	0
ASO 5	Iba1	30	midbrain	2	0	0	0
ASO 5	Iba1	30	midbrain	3	0	0	0
ASO 5	Iba1	30	midbrain	4	NA	NA	NA
ASO 5	Iba1	-14	midbrain	1	0	0	0
ASO 5	Iba1	-14	midbrain	2	0	0	0
ASO 5	Iba1	-14	midbrain	3	0	0	0
ASO 5	Iba1	-14	midbrain	4	0	0	0
ASO 5	Iba1	123	Cereb_mol layer	1	0	0	0
ASO 5	Iba1	123	Cereb_mol layer	2	0	0	0
ASO 5	Iba1	123	Cereb_mol layer	3	0	0	0
ASO 5	Iba1	123	Cereb_mol layer	4	0	0	0
ASO 5	Iba1	90	Cereb_mol layer	1	0	0	0
ASO 5	Iba1	90	Cereb_mol layer	2	0	0	0
ASO 5	Iba1	90	Cereb_mol layer	3	0	0	0
ASO 5	Iba1	90	Cereb_mol layer	4	0	0	0
ASO 5	Iba1	60	Cereb_mol layer	1	0	0	0
ASO 5	Iba1	60	Cereb_mol layer	2	0	0	0
ASO 5	Iba1	60	Cereb_mol layer	3	0	0	0
ASO 5	Iba1	60	Cereb_mol layer	4	0	0	0
ASO 5	Iba1	30	Cereb_mol layer	1	0	0	0
ASO 5	Iba1	30	Cereb_mol layer	2	0	0	0
ASO 5	Iba1	30	Cereb_mol layer	3	0	0	0
ASO 5	Iba1	30	Cereb_mol layer	4	NA	NA	NA
ASO 5	Iba1	-14	Cereb_mol layer	1	0	0	0
ASO 5	Iba1	-14	Cereb_mol layer	2	0	0	0
ASO 5	Iba1	-14	Cereb_mol layer	3	0	0	0
ASO 5	Iba1	-14	Cereb_mol layer	4	0	0	0
ASO 5	Iba1	123	Cereb_gran layer	1	0	0	0
ASO 5	Iba1	123	Cereb_gran layer	2	0	0	0
ASO 5	Iba1	123	Cereb_gran layer	3	0	0	0
ASO 5	Iba1	123	Cereb_gran layer	4	0	0	0
ASO 5	Iba1	90	Cereb_gran layer	1	0	0	0
ASO 5	Iba1	90	Cereb_gran layer	2	0	0	0
ASO 5	Iba1	90	Cereb_gran layer	3	0	0	0
ASO 5	Iba1	90	Cereb_gran layer	4	0	0	0
ASO 5	Iba1	60	Cereb_gran layer	1	0	0	0
ASO 5	Iba1	60	Cereb_gran layer	2	0	0	0
ASO 5	Iba1	60	Cereb_gran layer	3	0	0	0
ASO 5	Iba1	60	Cereb_gran layer	4	0	0	0
ASO 5	Iba1	30	Cereb_gran layer	1	0	0	0
ASO 5	Iba1	30	Cereb_gran layer	2	0	0	0
ASO 5	Iba1	30	Cereb_gran layer	3	0	0	0
ASO 5	Iba1	30	Cereb_gran layer	4	NA	NA	NA
ASO 5	Iba1	-14	Cereb_gran layer	1	0	0	0
ASO 5	Iba1	-14	Cereb_gran layer	2	0	0	0
ASO 5	Iba1	-14	Cereb_gran layer	3	0	0	0
ASO 5	Iba1	-14	Cereb_gran layer	4	0	0	0
ASO 5	Iba1	123	Cereb_peduncle	1	NA	NA	NA
ASO 5	Iba1	123	Cereb_peduncle	2	1	0	0
ASO 5	Iba1	123	Cereb_peduncle	3	1	0	0
ASO 5	Iba1	123	Cereb_peduncle	4	2	0	0
ASO 5	Iba1	90	Cereb_peduncle	1	0	0	0
ASO 5	Iba1	90	Cereb_peduncle	2	3	0	0
ASO 5	Iba1	90	Cereb_peduncle	3	0	0	0
ASO 5	Iba1	90	Cereb_peduncle	4	1	0	0
ASO 5	Iba1	60	Cereb_peduncle	1	0	0	0
ASO 5	Iba1	60	Cereb_peduncle	2	1	0	0
ASO 5	Iba1	60	Cereb_peduncle	3	0	0	0
ASO 5	Iba1	60	Cereb_peduncle	4	0	0	0
ASO 5	Iba1	30	Cereb_peduncle	1	0	0	0
ASO 5	Iba1	30	Cereb_peduncle	2	0	0	0
ASO 5	Iba1	30	Cereb_peduncle	3	0	0	0
ASO 5	Iba1	30	Cereb_peduncle	4	NA	NA	NA
ASO 5	Iba1	-14	Cereb_peduncle	1	0	0	0
ASO 5	Iba1	-14	Cereb_peduncle	2	0	0	0
ASO 5	Iba1	-14	Cereb_peduncle	3	0	0	0
ASO 5	Iba1	-14	Cereb_peduncle	4	0	0	0
ASO 5	Iba1	123	medulla	1	NA	NA	NA
ASO 5	Iba1	123	medulla	2	0	0	0
ASO 5	Iba1	123	medulla	3	1	0	0
ASO 5	Iba1	123	medulla	4	0	0	0
ASO 5	Iba1	90	medulla	1	0	0	0
ASO 5	Iba1	90	medulla	2	1	0	0
ASO 5	Iba1	90	medulla	3	0	0	0
ASO 5	Iba1	90	medulla	4	NA	NA	NA
ASO 5	Iba1	60	medulla	1	0	0	0
ASO 5	Iba1	60	medulla	2	1	0	0
ASO 5	Iba1	60	medulla	3	0	0	0
ASO 5	Iba1	60	medulla	4	0	0	0
ASO 5	Iba1	30	medulla	1	0	0	0
ASO 5	Iba1	30	medulla	2	0	0	0
ASO 5	Iba1	30	medulla	3	NA	NA	NA
ASO 5	Iba1	30	medulla	4	NA	NA	NA
ASO 5	Iba1	-14	medulla	1	0	0	0
ASO 5	Iba1	-14	medulla	2	0	0	0
ASO 5	Iba1	-14	medulla	3	0	0	0
ASO 5	Iba1	-14	medulla	4	0	0	0
ASO 5	Iba1	123	Subiculum	1	1	0	0
ASO 5	Iba1	123	Subiculum	2	1	0	0
ASO 5	Iba1	123	Subiculum	3	1	0	0
ASO 5	Iba1	123	Subiculum	4	1	0	0
ASO 5	Iba1	90	Subiculum	1	0	0	0
ASO 5	Iba1	90	Subiculum	2	0	0	0
ASO 5	Iba1	90	Subiculum	3	0	0	0
ASO 5	Iba1	90	Subiculum	4	1	0	0
ASO 5	Iba1	60	Subiculum	1	0	0	0
ASO 5	Iba1	60	Subiculum	2	1	0	0
ASO 5	Iba1	60	Subiculum	3	0	0	0
ASO 5	Iba1	60	Subiculum	4	0	0	0
ASO 5	Iba1	30	Subiculum	1	0	0	0
ASO 5	Iba1	30	Subiculum	2	0	0	0
ASO 5	Iba1	30	Subiculum	3	1	0	0
ASO 5	Iba1	30	Subiculum	4	NA	NA	NA
ASO 5	Iba1	-14	Subiculum	1	0	0	0
ASO 5	Iba1	-14	Subiculum	2	0	0	0
ASO 5	Iba1	-14	Subiculum	3	0	0	0
ASO 5	Iba1	-14	Subiculum	4	0	0	0
ASO 5	PrP	123	Fiber tracts	1	0	0	0
ASO 5	PrP	123	Fiber tracts	2	0	0	0
ASO 5	PrP	123	Fiber tracts	3	0	0	0
ASO 5	PrP	123	Fiber tracts	4	0	0	0
ASO 5	PrP	90	Fiber tracts	1	1	0	0
ASO 5	PrP	90	Fiber tracts	2	1	0	0
ASO 5	PrP	90	Fiber tracts	3	1	0	0
ASO 5	PrP	90	Fiber tracts	4	1	0	0
ASO 5	PrP	60	Fiber tracts	1	0	0	0
ASO 5	PrP	60	Fiber tracts	2	0	0	0
ASO 5	PrP	60	Fiber tracts	3	0	0	0
ASO 5	PrP	60	Fiber tracts	4	0	0	0
ASO 5	PrP	30	Fiber tracts	1	0	0	0
ASO 5	PrP	30	Fiber tracts	2	0	0	0
ASO 5	PrP	30	Fiber tracts	3	0	0	0
ASO 5	PrP	30	Fiber tracts	4	0	0	0
ASO 5	PrP	-14	Fiber tracts	1	0	0	0
ASO 5	PrP	-14	Fiber tracts	2	0	0	0
ASO 5	PrP	-14	Fiber tracts	3	0	0	0
ASO 5	PrP	-14	Fiber tracts	4	0	0	0
ASO 5	PrP	123	Cortex	1	1	0	0
ASO 5	PrP	123	Cortex	2	1	0	0
ASO 5	PrP	123	Cortex	3	1	0	0
ASO 5	PrP	123	Cortex	4	1	0	0
ASO 5	PrP	90	Cortex	1	1	0	0
ASO 5	PrP	90	Cortex	2	NA	NA	NA
ASO 5	PrP	90	Cortex	3	0	0	0
ASO 5	PrP	90	Cortex	4	0	0	0
ASO 5	PrP	60	Cortex	1	0	0	0
ASO 5	PrP	60	Cortex	2	1	0	0
ASO 5	PrP	60	Cortex	3	1	0	0
ASO 5	PrP	60	Cortex	4	1	0	0
ASO 5	PrP	30	Cortex	1	1	0	0
ASO 5	PrP	30	Cortex	2	1	0	0
ASO 5	PrP	30	Cortex	3	1	0	0
ASO 5	PrP	30	Cortex	4	1	0	0
ASO 5	PrP	-14	Cortex	1	0	0	0
ASO 5	PrP	-14	Cortex	2	0	0	0
ASO 5	PrP	-14	Cortex	3	0	0	0
ASO 5	PrP	-14	Cortex	4	0	0	0
ASO 5	PrP	123	Hippocampus	1	1	0	0
ASO 5	PrP	123	Hippocampus	2	1	0	0
ASO 5	PrP	123	Hippocampus	3	1	0	0
ASO 5	PrP	123	Hippocampus	4	0	0	0
ASO 5	PrP	90	Hippocampus	1	0	0	0
ASO 5	PrP	90	Hippocampus	2	0	0	0
ASO 5	PrP	90	Hippocampus	3	0	0	0
ASO 5	PrP	90	Hippocampus	4	0	0	0
ASO 5	PrP	60	Hippocampus	1	1	0	0
ASO 5	PrP	60	Hippocampus	2	1	0	0
ASO 5	PrP	60	Hippocampus	3	1	0	0
ASO 5	PrP	60	Hippocampus	4	1	0	0
ASO 5	PrP	30	Hippocampus	1	1	0	0
ASO 5	PrP	30	Hippocampus	2	1	0	0
ASO 5	PrP	30	Hippocampus	3	1	0	0
ASO 5	PrP	30	Hippocampus	4	1	0	0
ASO 5	PrP	-14	Hippocampus	1	1	0	0
ASO 5	PrP	-14	Hippocampus	2	1	0	0
ASO 5	PrP	-14	Hippocampus	3	1	0	0
ASO 5	PrP	-14	Hippocampus	4	1	0	0
ASO 5	PrP	123	CP	1	0	0	0
ASO 5	PrP	123	CP	2	0	0	0
ASO 5	PrP	123	CP	3	1	0	0
ASO 5	PrP	123	CP	4	0	0	0
ASO 5	PrP	90	CP	1	0	0	0
ASO 5	PrP	90	CP	2	0	0	0
ASO 5	PrP	90	CP	3	0	0	0
ASO 5	PrP	90	CP	4	0	0	0
ASO 5	PrP	60	CP	1	0	0	0
ASO 5	PrP	60	CP	2	0	0	0
ASO 5	PrP	60	CP	3	0	0	0
ASO 5	PrP	60	CP	4	0	0	0
ASO 5	PrP	30	CP	1	0	0	0
ASO 5	PrP	30	CP	2	0	0	0
ASO 5	PrP	30	CP	3	0	0	0
ASO 5	PrP	30	CP	4	0	0	0
ASO 5	PrP	-14	CP	1	0	0	0
ASO 5	PrP	-14	CP	2	1	0	0
ASO 5	PrP	-14	CP	3	0	0	0
ASO 5	PrP	-14	CP	4	1	0	0
ASO 5	PrP	123	Pallidum	1	0	0	0
ASO 5	PrP	123	Pallidum	2	0	0	0
ASO 5	PrP	123	Pallidum	3	1	0	0
ASO 5	PrP	123	Pallidum	4	0	0	0
ASO 5	PrP	90	Pallidum	1	0	0	0
ASO 5	PrP	90	Pallidum	2	0	0	0
ASO 5	PrP	90	Pallidum	3	0	0	0
ASO 5	PrP	90	Pallidum	4	0	0	0
ASO 5	PrP	60	Pallidum	1	0	0	0
ASO 5	PrP	60	Pallidum	2	0	0	0
ASO 5	PrP	60	Pallidum	3	0	0	0
ASO 5	PrP	60	Pallidum	4	0	0	0
ASO 5	PrP	30	Pallidum	1	0	0	0
ASO 5	PrP	30	Pallidum	2	0	0	0
ASO 5	PrP	30	Pallidum	3	0	0	0
ASO 5	PrP	30	Pallidum	4	0	0	0
ASO 5	PrP	-14	Pallidum	1	0	0	0
ASO 5	PrP	-14	Pallidum	2	1	0	0
ASO 5	PrP	-14	Pallidum	3	0	0	0
ASO 5	PrP	-14	Pallidum	4	1	0	0
ASO 5	PrP	123	Thalamus	1	1	0	0
ASO 5	PrP	123	Thalamus	2	1	0	0
ASO 5	PrP	123	Thalamus	3	2	0	0
ASO 5	PrP	123	Thalamus	4	1	0	0
ASO 5	PrP	90	Thalamus	1	0	0	0
ASO 5	PrP	90	Thalamus	2	0	0	0
ASO 5	PrP	90	Thalamus	3	0	0	0
ASO 5	PrP	90	Thalamus	4	1	0	0
ASO 5	PrP	60	Thalamus	1	1	0	0
ASO 5	PrP	60	Thalamus	2	1	0	0
ASO 5	PrP	60	Thalamus	3	1	0	0
ASO 5	PrP	60	Thalamus	4	0	0	0
ASO 5	PrP	30	Thalamus	1	1	0	0
ASO 5	PrP	30	Thalamus	2	1	0	0
ASO 5	PrP	30	Thalamus	3	1	0	0
ASO 5	PrP	30	Thalamus	4	0	0	0
ASO 5	PrP	-14	Thalamus	1	1	0	0
ASO 5	PrP	-14	Thalamus	2	1	0	0
ASO 5	PrP	-14	Thalamus	3	1	0	0
ASO 5	PrP	-14	Thalamus	4	1	0	0
ASO 5	PrP	123	midbrain	1	0	0	0
ASO 5	PrP	123	midbrain	2	0	0	0
ASO 5	PrP	123	midbrain	3	0	0	0
ASO 5	PrP	123	midbrain	4	0	0	0
ASO 5	PrP	90	midbrain	1	0	0	0
ASO 5	PrP	90	midbrain	2	0	0	0
ASO 5	PrP	90	midbrain	3	0	0	0
ASO 5	PrP	90	midbrain	4	0	0	0
ASO 5	PrP	60	midbrain	1	0	0	0
ASO 5	PrP	60	midbrain	2	1	0	0
ASO 5	PrP	60	midbrain	3	0	0	0
ASO 5	PrP	60	midbrain	4	0	0	0
ASO 5	PrP	30	midbrain	1	0	0	0
ASO 5	PrP	30	midbrain	2	0	0	0
ASO 5	PrP	30	midbrain	3	0	0	0
ASO 5	PrP	30	midbrain	4	NA	NA	NA
ASO 5	PrP	-14	midbrain	1	0	0	0
ASO 5	PrP	-14	midbrain	2	0	0	0
ASO 5	PrP	-14	midbrain	3	0	0	0
ASO 5	PrP	-14	midbrain	4	0	0	0
ASO 5	PrP	123	Cereb_mol layer	1	NA	NA	NA
ASO 5	PrP	123	Cereb_mol layer	2	0	0	0
ASO 5	PrP	123	Cereb_mol layer	3	0	0	0
ASO 5	PrP	123	Cereb_mol layer	4	0	0	0
ASO 5	PrP	90	Cereb_mol layer	1	0	0	0
ASO 5	PrP	90	Cereb_mol layer	2	0	0	0
ASO 5	PrP	90	Cereb_mol layer	3	0	0	0
ASO 5	PrP	90	Cereb_mol layer	4	0	0	0
ASO 5	PrP	60	Cereb_mol layer	1	0	0	0
ASO 5	PrP	60	Cereb_mol layer	2	0	0	0
ASO 5	PrP	60	Cereb_mol layer	3	0	0	0
ASO 5	PrP	60	Cereb_mol layer	4	0	0	0
ASO 5	PrP	30	Cereb_mol layer	1	0	0	0
ASO 5	PrP	30	Cereb_mol layer	2	0	0	0
ASO 5	PrP	30	Cereb_mol layer	3	0	0	0
ASO 5	PrP	30	Cereb_mol layer	4	NA	NA	NA
ASO 5	PrP	-14	Cereb_mol layer	1	0	0	0
ASO 5	PrP	-14	Cereb_mol layer	2	0	0	0
ASO 5	PrP	-14	Cereb_mol layer	3	0	0	0
ASO 5	PrP	-14	Cereb_mol layer	4	0	0	0
ASO 5	PrP	123	Cereb_gran layer	1	NA	NA	NA
ASO 5	PrP	123	Cereb_gran layer	2	0	0	0
ASO 5	PrP	123	Cereb_gran layer	3	0	0	0
ASO 5	PrP	123	Cereb_gran layer	4	0	0	0
ASO 5	PrP	90	Cereb_gran layer	1	0	0	0
ASO 5	PrP	90	Cereb_gran layer	2	0	0	0
ASO 5	PrP	90	Cereb_gran layer	3	0	0	0
ASO 5	PrP	90	Cereb_gran layer	4	0	0	0
ASO 5	PrP	60	Cereb_gran layer	1	0	0	0
ASO 5	PrP	60	Cereb_gran layer	2	1	0	0
ASO 5	PrP	60	Cereb_gran layer	3	0	0	0
ASO 5	PrP	60	Cereb_gran layer	4	0	0	0
ASO 5	PrP	30	Cereb_gran layer	1	0	0	0
ASO 5	PrP	30	Cereb_gran layer	2	0	0	0
ASO 5	PrP	30	Cereb_gran layer	3	0	0	0
ASO 5	PrP	30	Cereb_gran layer	4	NA	NA	NA
ASO 5	PrP	-14	Cereb_gran layer	1	0	0	0
ASO 5	PrP	-14	Cereb_gran layer	2	0	0	0
ASO 5	PrP	-14	Cereb_gran layer	3	0	0	0
ASO 5	PrP	-14	Cereb_gran layer	4	0	0	0
ASO 5	PrP	123	Cereb_peduncle	1	NA	NA	NA
ASO 5	PrP	123	Cereb_peduncle	2	0	0	0
ASO 5	PrP	123	Cereb_peduncle	3	0	0	0
ASO 5	PrP	123	Cereb_peduncle	4	0	0	0
ASO 5	PrP	90	Cereb_peduncle	1	0	0	0
ASO 5	PrP	90	Cereb_peduncle	2	0	0	0
ASO 5	PrP	90	Cereb_peduncle	3	0	0	0
ASO 5	PrP	90	Cereb_peduncle	4	0	0	0
ASO 5	PrP	60	Cereb_peduncle	1	0	0	0
ASO 5	PrP	60	Cereb_peduncle	2	0	0	0
ASO 5	PrP	60	Cereb_peduncle	3	0	0	0
ASO 5	PrP	60	Cereb_peduncle	4	0	0	0
ASO 5	PrP	30	Cereb_peduncle	1	0	0	0
ASO 5	PrP	30	Cereb_peduncle	2	0	0	0
ASO 5	PrP	30	Cereb_peduncle	3	0	0	0
ASO 5	PrP	30	Cereb_peduncle	4	NA	NA	NA
ASO 5	PrP	-14	Cereb_peduncle	1	0	0	0
ASO 5	PrP	-14	Cereb_peduncle	2	0	0	0
ASO 5	PrP	-14	Cereb_peduncle	3	0	0	0
ASO 5	PrP	-14	Cereb_peduncle	4	0	0	0
ASO 5	PrP	123	medulla	1	NA	NA	NA
ASO 5	PrP	123	medulla	2	0	0	0
ASO 5	PrP	123	medulla	3	0	0	0
ASO 5	PrP	123	medulla	4	0	0	0
ASO 5	PrP	90	medulla	1	0	0	0
ASO 5	PrP	90	medulla	2	0	0	0
ASO 5	PrP	90	medulla	3	0	0	0
ASO 5	PrP	90	medulla	4	0	0	0
ASO 5	PrP	60	medulla	1	0	0	0
ASO 5	PrP	60	medulla	2	0	0	0
ASO 5	PrP	60	medulla	3	0	0	0
ASO 5	PrP	60	medulla	4	0	0	0
ASO 5	PrP	30	medulla	1	0	0	0
ASO 5	PrP	30	medulla	2	0	0	0
ASO 5	PrP	30	medulla	3	0	0	0
ASO 5	PrP	30	medulla	4	NA	NA	NA
ASO 5	PrP	-14	medulla	1	0	0	0
ASO 5	PrP	-14	medulla	2	0	0	0
ASO 5	PrP	-14	medulla	3	0	0	0
ASO 5	PrP	-14	medulla	4	0	0	0
ASO 5	PrP	123	Subiculum	1	1	0	0
ASO 5	PrP	123	Subiculum	2	1	0	0
ASO 5	PrP	123	Subiculum	3	2	0	0
ASO 5	PrP	123	Subiculum	4	1	0	0
ASO 5	PrP	90	Subiculum	1	0	0	0
ASO 5	PrP	90	Subiculum	2	0	0	0
ASO 5	PrP	90	Subiculum	3	0	0	0
ASO 5	PrP	90	Subiculum	4	1	0	0
ASO 5	PrP	60	Subiculum	1	0	0	0
ASO 5	PrP	60	Subiculum	2	0	0	0
ASO 5	PrP	60	Subiculum	3	0	0	0
ASO 5	PrP	60	Subiculum	4	0	0	0
ASO 5	PrP	30	Subiculum	1	1	0	0
ASO 5	PrP	30	Subiculum	2	1	0	0
ASO 5	PrP	30	Subiculum	3	1	0	0
ASO 5	PrP	30	Subiculum	4	NA	NA	NA
ASO 5	PrP	-14	Subiculum	1	1	0	0
ASO 5	PrP	-14	Subiculum	2	1	0	0
ASO 5	PrP	-14	Subiculum	3	1	0	0
ASO 5	PrP	-14	Subiculum	4	1	0	0
ASO 5	ASO	123	Fiber tracts	1	2	0	0
ASO 5	ASO	123	Fiber tracts	2	2	0	0
ASO 5	ASO	123	Fiber tracts	3	2	0	0
ASO 5	ASO	123	Fiber tracts	4	2	0	0
ASO 5	ASO	90	Fiber tracts	1	1	0	0
ASO 5	ASO	90	Fiber tracts	2	2	0	0
ASO 5	ASO	90	Fiber tracts	3	1	0	0
ASO 5	ASO	90	Fiber tracts	4	2	0	0
ASO 5	ASO	60	Fiber tracts	1	0	0	0
ASO 5	ASO	60	Fiber tracts	2	0	0	0
ASO 5	ASO	60	Fiber tracts	3	0	0	0
ASO 5	ASO	60	Fiber tracts	4	0	0	0
ASO 5	ASO	30	Fiber tracts	1	0	0	0
ASO 5	ASO	30	Fiber tracts	2	1	0	0
ASO 5	ASO	30	Fiber tracts	3	0	0	0
ASO 5	ASO	30	Fiber tracts	4	1	0	0
ASO 5	ASO	-14	Fiber tracts	1	0	0	0
ASO 5	ASO	-14	Fiber tracts	2	0	0	0
ASO 5	ASO	-14	Fiber tracts	3	0	0	0
ASO 5	ASO	-14	Fiber tracts	4	0	0	0
ASO 5	ASO	123	Cortex	1	3	0	0
ASO 5	ASO	123	Cortex	2	3	0	0
ASO 5	ASO	123	Cortex	3	3	0	0
ASO 5	ASO	123	Cortex	4	3	0	0
ASO 5	ASO	90	Cortex	1	2	0	0
ASO 5	ASO	90	Cortex	2	NA	NA	NA
ASO 5	ASO	90	Cortex	3	2	0	0
ASO 5	ASO	90	Cortex	4	3	0	0
ASO 5	ASO	60	Cortex	1	1	0	0
ASO 5	ASO	60	Cortex	2	1	0	0
ASO 5	ASO	60	Cortex	3	1	0	0
ASO 5	ASO	60	Cortex	4	1	0	0
ASO 5	ASO	30	Cortex	1	1	0	0
ASO 5	ASO	30	Cortex	2	2	0	0
ASO 5	ASO	30	Cortex	3	1	0	0
ASO 5	ASO	30	Cortex	4	2	0	0
ASO 5	ASO	-14	Cortex	1	1	0	0
ASO 5	ASO	-14	Cortex	2	0	0	0
ASO 5	ASO	-14	Cortex	3	0	0	0
ASO 5	ASO	-14	Cortex	4	1	0	0
ASO 5	ASO	123	Hippocampus	1	3	0	0
ASO 5	ASO	123	Hippocampus	2	3	0	0
ASO 5	ASO	123	Hippocampus	3	3	0	0
ASO 5	ASO	123	Hippocampus	4	3	0	0
ASO 5	ASO	90	Hippocampus	1	3	0	0
ASO 5	ASO	90	Hippocampus	2	3	0	0
ASO 5	ASO	90	Hippocampus	3	3	0	0
ASO 5	ASO	90	Hippocampus	4	3	0	0
ASO 5	ASO	60	Hippocampus	1	1	0	0
ASO 5	ASO	60	Hippocampus	2	0	0	0
ASO 5	ASO	60	Hippocampus	3	1	0	0
ASO 5	ASO	60	Hippocampus	4	1	0	0
ASO 5	ASO	30	Hippocampus	1	1	0	0
ASO 5	ASO	30	Hippocampus	2	3	0	0
ASO 5	ASO	30	Hippocampus	3	0	0	0
ASO 5	ASO	30	Hippocampus	4	3	0	0
ASO 5	ASO	-14	Hippocampus	1	0	0	0
ASO 5	ASO	-14	Hippocampus	2	0	0	0
ASO 5	ASO	-14	Hippocampus	3	1	0	0
ASO 5	ASO	-14	Hippocampus	4	1	0	0
ASO 5	ASO	123	CP	1	3	0	0
ASO 5	ASO	123	CP	2	3	0	0
ASO 5	ASO	123	CP	3	3	0	0
ASO 5	ASO	123	CP	4	3	0	0
ASO 5	ASO	90	CP	1	3	0	0
ASO 5	ASO	90	CP	2	3	0	0
ASO 5	ASO	90	CP	3	3	0	0
ASO 5	ASO	90	CP	4	3	0	0
ASO 5	ASO	60	CP	1	2	0	0
ASO 5	ASO	60	CP	2	0	0	0
ASO 5	ASO	60	CP	3	2	0	0
ASO 5	ASO	60	CP	4	1	0	0
ASO 5	ASO	30	CP	1	1	0	0
ASO 5	ASO	30	CP	2	3	0	0
ASO 5	ASO	30	CP	3	2	0	0
ASO 5	ASO	30	CP	4	3	0	0
ASO 5	ASO	-14	CP	1	1	0	0
ASO 5	ASO	-14	CP	2	1	0	0
ASO 5	ASO	-14	CP	3	1	0	0
ASO 5	ASO	-14	CP	4	1	0	0
ASO 5	ASO	123	Pallidum	1	3	0	0
ASO 5	ASO	123	Pallidum	2	2	0	0
ASO 5	ASO	123	Pallidum	3	3	0	0
ASO 5	ASO	123	Pallidum	4	3	0	0
ASO 5	ASO	90	Pallidum	1	3	0	0
ASO 5	ASO	90	Pallidum	2	3	0	0
ASO 5	ASO	90	Pallidum	3	3	0	0
ASO 5	ASO	90	Pallidum	4	3	0	0
ASO 5	ASO	60	Pallidum	1	2	0	0
ASO 5	ASO	60	Pallidum	2	0	0	0
ASO 5	ASO	60	Pallidum	3	1	0	0
ASO 5	ASO	60	Pallidum	4	1	0	0
ASO 5	ASO	30	Pallidum	1	1	0	0
ASO 5	ASO	30	Pallidum	2	2	0	0
ASO 5	ASO	30	Pallidum	3	1	0	0
ASO 5	ASO	30	Pallidum	4	NA	NA	NA
ASO 5	ASO	-14	Pallidum	1	1	0	0
ASO 5	ASO	-14	Pallidum	2	0	0	0
ASO 5	ASO	-14	Pallidum	3	0	0	0
ASO 5	ASO	-14	Pallidum	4	0	0	0
ASO 5	ASO	123	Thalamus	1	3	0	0
ASO 5	ASO	123	Thalamus	2	3	0	0
ASO 5	ASO	123	Thalamus	3	3	0	0
ASO 5	ASO	123	Thalamus	4	3	0	0
ASO 5	ASO	90	Thalamus	1	3	0	0
ASO 5	ASO	90	Thalamus	2	3	0	0
ASO 5	ASO	90	Thalamus	3	3	0	0
ASO 5	ASO	90	Thalamus	4	3	0	0
ASO 5	ASO	60	Thalamus	1	1	0	0
ASO 5	ASO	60	Thalamus	2	0	0	0
ASO 5	ASO	60	Thalamus	3	2	0	0
ASO 5	ASO	60	Thalamus	4	1	0	0
ASO 5	ASO	30	Thalamus	1	1	0	0
ASO 5	ASO	30	Thalamus	2	2	0	0
ASO 5	ASO	30	Thalamus	3	1	0	0
ASO 5	ASO	30	Thalamus	4	NA	NA	NA
ASO 5	ASO	-14	Thalamus	1	0	0	0
ASO 5	ASO	-14	Thalamus	2	0	0	0
ASO 5	ASO	-14	Thalamus	3	1	0	0
ASO 5	ASO	-14	Thalamus	4	0	0	0
ASO 5	ASO	123	midbrain	1	3	0	0
ASO 5	ASO	123	midbrain	2	3	0	0
ASO 5	ASO	123	midbrain	3	3	0	0
ASO 5	ASO	123	midbrain	4	3	0	0
ASO 5	ASO	90	midbrain	1	3	0	0
ASO 5	ASO	90	midbrain	2	3	0	0
ASO 5	ASO	90	midbrain	3	3	0	0
ASO 5	ASO	90	midbrain	4	3	0	0
ASO 5	ASO	60	midbrain	1	2	0	0
ASO 5	ASO	60	midbrain	2	0	0	0
ASO 5	ASO	60	midbrain	3	1	0	0
ASO 5	ASO	60	midbrain	4	2	0	0
ASO 5	ASO	30	midbrain	1	2	0	0
ASO 5	ASO	30	midbrain	2	3	0	0
ASO 5	ASO	30	midbrain	3	1	0	0
ASO 5	ASO	30	midbrain	4	NA	NA	NA
ASO 5	ASO	-14	midbrain	1	1	0	0
ASO 5	ASO	-14	midbrain	2	1	0	0
ASO 5	ASO	-14	midbrain	3	1	0	0
ASO 5	ASO	-14	midbrain	4	1	0	0
ASO 5	ASO	123	Cereb_mol layer	1	2	0	0
ASO 5	ASO	123	Cereb_mol layer	2	2	0	0
ASO 5	ASO	123	Cereb_mol layer	3	2	0	0
ASO 5	ASO	123	Cereb_mol layer	4	2	0	0
ASO 5	ASO	90	Cereb_mol layer	1	2	0	0
ASO 5	ASO	90	Cereb_mol layer	2	2	0	0
ASO 5	ASO	90	Cereb_mol layer	3	2	0	0
ASO 5	ASO	90	Cereb_mol layer	4	2	0	0
ASO 5	ASO	60	Cereb_mol layer	1	0	0	0
ASO 5	ASO	60	Cereb_mol layer	2	0	0	0
ASO 5	ASO	60	Cereb_mol layer	3	1	0	0
ASO 5	ASO	60	Cereb_mol layer	4	0	0	0
ASO 5	ASO	30	Cereb_mol layer	1	1	0	0
ASO 5	ASO	30	Cereb_mol layer	2	0	0	0
ASO 5	ASO	30	Cereb_mol layer	3	1	0	0
ASO 5	ASO	30	Cereb_mol layer	4	NA	NA	NA
ASO 5	ASO	-14	Cereb_mol layer	1	0	0	0
ASO 5	ASO	-14	Cereb_mol layer	2	0	0	0
ASO 5	ASO	-14	Cereb_mol layer	3	0	0	0
ASO 5	ASO	-14	Cereb_mol layer	4	0	0	0
ASO 5	ASO	123	Cereb_gran layer	1	3	0	0
ASO 5	ASO	123	Cereb_gran layer	2	3	0	0
ASO 5	ASO	123	Cereb_gran layer	3	3	0	0
ASO 5	ASO	123	Cereb_gran layer	4	3	0	0
ASO 5	ASO	90	Cereb_gran layer	1	3	0	0
ASO 5	ASO	90	Cereb_gran layer	2	3	0	0
ASO 5	ASO	90	Cereb_gran layer	3	3	0	0
ASO 5	ASO	90	Cereb_gran layer	4	3	0	0
ASO 5	ASO	60	Cereb_gran layer	1	2	0	0
ASO 5	ASO	60	Cereb_gran layer	2	0	0	0
ASO 5	ASO	60	Cereb_gran layer	3	1	0	0
ASO 5	ASO	60	Cereb_gran layer	4	1	0	0
ASO 5	ASO	30	Cereb_gran layer	1	2	0	0
ASO 5	ASO	30	Cereb_gran layer	2	2	0	0
ASO 5	ASO	30	Cereb_gran layer	3	2	0	0
ASO 5	ASO	30	Cereb_gran layer	4	NA	NA	NA
ASO 5	ASO	-14	Cereb_gran layer	1	1	0	0
ASO 5	ASO	-14	Cereb_gran layer	2	1	0	0
ASO 5	ASO	-14	Cereb_gran layer	3	2	0	0
ASO 5	ASO	-14	Cereb_gran layer	4	2	0	0
ASO 5	ASO	123	Cereb_peduncle	1	3	0	0
ASO 5	ASO	123	Cereb_peduncle	2	3	0	0
ASO 5	ASO	123	Cereb_peduncle	3	3	0	0
ASO 5	ASO	123	Cereb_peduncle	4	3	0	0
ASO 5	ASO	90	Cereb_peduncle	1	3	0	0
ASO 5	ASO	90	Cereb_peduncle	2	3	0	0
ASO 5	ASO	90	Cereb_peduncle	3	2	0	0
ASO 5	ASO	90	Cereb_peduncle	4	3	0	0
ASO 5	ASO	60	Cereb_peduncle	1	2	0	0
ASO 5	ASO	60	Cereb_peduncle	2	0	0	0
ASO 5	ASO	60	Cereb_peduncle	3	0	0	0
ASO 5	ASO	60	Cereb_peduncle	4	0	0	0
ASO 5	ASO	30	Cereb_peduncle	1	2	0	0
ASO 5	ASO	30	Cereb_peduncle	2	NA	NA	NA
ASO 5	ASO	30	Cereb_peduncle	3	2	0	0
ASO 5	ASO	30	Cereb_peduncle	4	NA	NA	NA
ASO 5	ASO	-14	Cereb_peduncle	1	1	0	0
ASO 5	ASO	-14	Cereb_peduncle	2	0	0	0
ASO 5	ASO	-14	Cereb_peduncle	3	1	0	0
ASO 5	ASO	-14	Cereb_peduncle	4	0	0	0
ASO 5	ASO	123	medulla	1	3	0	0
ASO 5	ASO	123	medulla	2	3	0	0
ASO 5	ASO	123	medulla	3	3	0	0
ASO 5	ASO	123	medulla	4	3	0	0
ASO 5	ASO	90	medulla	1	3	0	0
ASO 5	ASO	90	medulla	2	3	0	0
ASO 5	ASO	90	medulla	3	3	0	0
ASO 5	ASO	90	medulla	4	3	0	0
ASO 5	ASO	60	medulla	1	1	0	0
ASO 5	ASO	60	medulla	2	0	0	0
ASO 5	ASO	60	medulla	3	1	0	0
ASO 5	ASO	60	medulla	4	1	0	0
ASO 5	ASO	30	medulla	1	1	0	0
ASO 5	ASO	30	medulla	2	2	0	0
ASO 5	ASO	30	medulla	3	NA	NA	NA
ASO 5	ASO	30	medulla	4	NA	NA	NA
ASO 5	ASO	-14	medulla	1	1	0	0
ASO 5	ASO	-14	medulla	2	1	0	0
ASO 5	ASO	-14	medulla	3	0	0	0
ASO 5	ASO	-14	medulla	4	1	0	0
ASO 5	ASO	123	Subiculum	1	3	0	0
ASO 5	ASO	123	Subiculum	2	3	0	0
ASO 5	ASO	123	Subiculum	3	3	0	0
ASO 5	ASO	123	Subiculum	4	3	0	0
ASO 5	ASO	90	Subiculum	1	3	0	0
ASO 5	ASO	90	Subiculum	2	3	0	0
ASO 5	ASO	90	Subiculum	3	3	0	0
ASO 5	ASO	90	Subiculum	4	3	0	0
ASO 5	ASO	60	Subiculum	1	1	0	0
ASO 5	ASO	60	Subiculum	2	0	0	0
ASO 5	ASO	60	Subiculum	3	2	0	0
ASO 5	ASO	60	Subiculum	4	1	0	0
ASO 5	ASO	30	Subiculum	1	1	0	0
ASO 5	ASO	30	Subiculum	2	2	0	0
ASO 5	ASO	30	Subiculum	3	0	0	0
ASO 5	ASO	30	Subiculum	4	NA	NA	NA
ASO 5	ASO	-14	Subiculum	1	1	0	0
ASO 5	ASO	-14	Subiculum	2	0	0	0
ASO 5	ASO	-14	Subiculum	3	0	0	0
ASO 5	ASO	-14	Subiculum	4	0	0	0
ASO 5	ASO	123	endothelial cells	1	3	0	0
ASO 5	ASO	123	endothelial cells	2	3	0	0
ASO 5	ASO	123	endothelial cells	3	3	0	0
ASO 5	ASO	123	endothelial cells	4	3	0	0
ASO 5	ASO	90	endothelial cells	1	3	0	0
ASO 5	ASO	90	endothelial cells	2	3	0	0
ASO 5	ASO	90	endothelial cells	3	3	0	0
ASO 5	ASO	90	endothelial cells	4	3	0	0
ASO 5	ASO	60	endothelial cells	1	3	0	0
ASO 5	ASO	60	endothelial cells	2	3	0	0
ASO 5	ASO	60	endothelial cells	3	3	0	0
ASO 5	ASO	60	endothelial cells	4	3	0	0
ASO 5	ASO	30	endothelial cells	1	3	0	0
ASO 5	ASO	30	endothelial cells	2	3	0	0
ASO 5	ASO	30	endothelial cells	3	3	0	0
ASO 5	ASO	30	endothelial cells	4	3	0	0
ASO 5	ASO	-14	endothelial cells	1	3	0	0
ASO 5	ASO	-14	endothelial cells	2	3	0	0
ASO 5	ASO	-14	endothelial cells	3	3	0	0
ASO 5	ASO	-14	endothelial cells	4	3	0	0
ASO 6	GFAP	123	Fiber tracts	1	1	0	0
ASO 6	GFAP	123	Fiber tracts	2	2	0	0
ASO 6	GFAP	123	Fiber tracts	3	2	0	0
ASO 6	GFAP	123	Fiber tracts	4	1	0	0
ASO 6	GFAP	90	Fiber tracts	1	2	0	0
ASO 6	GFAP	90	Fiber tracts	2	1	0	0
ASO 6	GFAP	90	Fiber tracts	3	2	0	0
ASO 6	GFAP	90	Fiber tracts	4	2	0	0
ASO 6	GFAP	60	Fiber tracts	1	1	0	0
ASO 6	GFAP	60	Fiber tracts	2	1	0	0
ASO 6	GFAP	60	Fiber tracts	3	1	0	0
ASO 6	GFAP	60	Fiber tracts	4	1	0	0
ASO 6	GFAP	30	Fiber tracts	1	1	0	0
ASO 6	GFAP	30	Fiber tracts	2	1	0	0
ASO 6	GFAP	30	Fiber tracts	3	1	0	0
ASO 6	GFAP	30	Fiber tracts	4	1	0	0
ASO 6	GFAP	-14	Fiber tracts	1	1	0	0
ASO 6	GFAP	-14	Fiber tracts	2	NA	0	1
ASO 6	GFAP	-14	Fiber tracts	3	0	0	0
ASO 6	GFAP	-14	Fiber tracts	4	1	0	0
ASO 6	GFAP	123	Cortex	1	1	0	0
ASO 6	GFAP	123	Cortex	2	1	0	0
ASO 6	GFAP	123	Cortex	3	1	0	0
ASO 6	GFAP	123	Cortex	4	1	0	0
ASO 6	GFAP	90	Cortex	1	0	0	0
ASO 6	GFAP	90	Cortex	2	0	0	0
ASO 6	GFAP	90	Cortex	3	0	0	0
ASO 6	GFAP	90	Cortex	4	1	0	0
ASO 6	GFAP	60	Cortex	1	0	0	0
ASO 6	GFAP	60	Cortex	2	0	0	0
ASO 6	GFAP	60	Cortex	3	0	0	0
ASO 6	GFAP	60	Cortex	4	0	0	0
ASO 6	GFAP	30	Cortex	1	0	0	0
ASO 6	GFAP	30	Cortex	2	0	0	0
ASO 6	GFAP	30	Cortex	3	1	0	0
ASO 6	GFAP	30	Cortex	4	0	0	0
ASO 6	GFAP	-14	Cortex	1	0	0	0
ASO 6	GFAP	-14	Cortex	2	NA	0	1
ASO 6	GFAP	-14	Cortex	3	0	0	0
ASO 6	GFAP	-14	Cortex	4	0	0	0
ASO 6	GFAP	123	Hippocampus	1	1	0	0
ASO 6	GFAP	123	Hippocampus	2	1	0	0
ASO 6	GFAP	123	Hippocampus	3	2	0	0
ASO 6	GFAP	123	Hippocampus	4	2	0	0
ASO 6	GFAP	90	Hippocampus	1	1	0	0
ASO 6	GFAP	90	Hippocampus	2	1	0	0
ASO 6	GFAP	90	Hippocampus	3	1	0	0
ASO 6	GFAP	90	Hippocampus	4	1	0	0
ASO 6	GFAP	60	Hippocampus	1	1	0	0
ASO 6	GFAP	60	Hippocampus	2	1	0	0
ASO 6	GFAP	60	Hippocampus	3	1	0	0
ASO 6	GFAP	60	Hippocampus	4	1	0	0
ASO 6	GFAP	30	Hippocampus	1	1	0	0
ASO 6	GFAP	30	Hippocampus	2	1	0	0
ASO 6	GFAP	30	Hippocampus	3	1	0	0
ASO 6	GFAP	30	Hippocampus	4	1	0	0
ASO 6	GFAP	-14	Hippocampus	1	1	0	0
ASO 6	GFAP	-14	Hippocampus	2	NA	0	1
ASO 6	GFAP	-14	Hippocampus	3	1	0	0
ASO 6	GFAP	-14	Hippocampus	4	0	0	0
ASO 6	GFAP	123	CP	1	1	0	0
ASO 6	GFAP	123	CP	2	1	0	0
ASO 6	GFAP	123	CP	3	1	0	0
ASO 6	GFAP	123	CP	4	1	0	0
ASO 6	GFAP	90	CP	1	0	0	0
ASO 6	GFAP	90	CP	2	0	0	0
ASO 6	GFAP	90	CP	3	0	0	0
ASO 6	GFAP	90	CP	4	0	0	0
ASO 6	GFAP	60	CP	1	0	0	0
ASO 6	GFAP	60	CP	2	0	0	0
ASO 6	GFAP	60	CP	3	0	0	0
ASO 6	GFAP	60	CP	4	1	0	0
ASO 6	GFAP	30	CP	1	0	0	0
ASO 6	GFAP	30	CP	2	1	0	0
ASO 6	GFAP	30	CP	3	1	0	0
ASO 6	GFAP	30	CP	4	0	0	0
ASO 6	GFAP	-14	CP	1	0	0	0
ASO 6	GFAP	-14	CP	2	NA	0	1
ASO 6	GFAP	-14	CP	3	0	0	0
ASO 6	GFAP	-14	CP	4	0	0	0
ASO 6	GFAP	123	Pallidum	1	2	0	0
ASO 6	GFAP	123	Pallidum	2	1	0	0
ASO 6	GFAP	123	Pallidum	3	1	0	0
ASO 6	GFAP	123	Pallidum	4	1	0	0
ASO 6	GFAP	90	Pallidum	1	1	0	0
ASO 6	GFAP	90	Pallidum	2	1	0	0
ASO 6	GFAP	90	Pallidum	3	1	0	0
ASO 6	GFAP	90	Pallidum	4	1	0	0
ASO 6	GFAP	60	Pallidum	1	1	0	0
ASO 6	GFAP	60	Pallidum	2	1	0	0
ASO 6	GFAP	60	Pallidum	3	1	0	0
ASO 6	GFAP	60	Pallidum	4	NA	NA	NA
ASO 6	GFAP	30	Pallidum	1	1	0	0
ASO 6	GFAP	30	Pallidum	2	1	0	0
ASO 6	GFAP	30	Pallidum	3	1	0	0
ASO 6	GFAP	30	Pallidum	4	1	0	0
ASO 6	GFAP	-14	Pallidum	1	1	0	0
ASO 6	GFAP	-14	Pallidum	2	NA	0	1
ASO 6	GFAP	-14	Pallidum	3	1	0	0
ASO 6	GFAP	-14	Pallidum	4	1	0	0
ASO 6	GFAP	123	Thalamus	1	1	0	0
ASO 6	GFAP	123	Thalamus	2	1	0	0
ASO 6	GFAP	123	Thalamus	3	2	0	0
ASO 6	GFAP	123	Thalamus	4	2	0	0
ASO 6	GFAP	90	Thalamus	1	1	0	0
ASO 6	GFAP	90	Thalamus	2	1	0	0
ASO 6	GFAP	90	Thalamus	3	1	0	0
ASO 6	GFAP	90	Thalamus	4	1	0	0
ASO 6	GFAP	60	Thalamus	1	1	0	0
ASO 6	GFAP	60	Thalamus	2	1	0	0
ASO 6	GFAP	60	Thalamus	3	1	0	0
ASO 6	GFAP	60	Thalamus	4	NA	NA	NA
ASO 6	GFAP	30	Thalamus	1	0	0	0
ASO 6	GFAP	30	Thalamus	2	1	0	0
ASO 6	GFAP	30	Thalamus	3	1	0	0
ASO 6	GFAP	30	Thalamus	4	1	0	0
ASO 6	GFAP	-14	Thalamus	1	1	0	0
ASO 6	GFAP	-14	Thalamus	2	NA	0	1
ASO 6	GFAP	-14	Thalamus	3	0	0	0
ASO 6	GFAP	-14	Thalamus	4	1	0	0
ASO 6	GFAP	123	midbrain	1	2	0	0
ASO 6	GFAP	123	midbrain	2	1	0	0
ASO 6	GFAP	123	midbrain	3	2	0	0
ASO 6	GFAP	123	midbrain	4	1	0	0
ASO 6	GFAP	90	midbrain	1	0	0	0
ASO 6	GFAP	90	midbrain	2	0	0	0
ASO 6	GFAP	90	midbrain	3	0	0	0
ASO 6	GFAP	90	midbrain	4	0	0	0
ASO 6	GFAP	60	midbrain	1	0	0	0
ASO 6	GFAP	60	midbrain	2	0	0	0
ASO 6	GFAP	60	midbrain	3	0	0	0
ASO 6	GFAP	60	midbrain	4	NA	NA	NA
ASO 6	GFAP	30	midbrain	1	0	0	0
ASO 6	GFAP	30	midbrain	2	0	0	0
ASO 6	GFAP	30	midbrain	3	0	0	0
ASO 6	GFAP	30	midbrain	4	1	0	0
ASO 6	GFAP	-14	midbrain	1	0	0	0
ASO 6	GFAP	-14	midbrain	2	NA	0	1
ASO 6	GFAP	-14	midbrain	3	0	0	0
ASO 6	GFAP	-14	midbrain	4	0	0	0
ASO 6	GFAP	123	Cereb_mol layer	1	1	0	0
ASO 6	GFAP	123	Cereb_mol layer	2	1	0	0
ASO 6	GFAP	123	Cereb_mol layer	3	2	0	0
ASO 6	GFAP	123	Cereb_mol layer	4	1	0	0
ASO 6	GFAP	90	Cereb_mol layer	1	0	0	0
ASO 6	GFAP	90	Cereb_mol layer	2	0	0	0
ASO 6	GFAP	90	Cereb_mol layer	3	0	0	0
ASO 6	GFAP	90	Cereb_mol layer	4	0	0	0
ASO 6	GFAP	60	Cereb_mol layer	1	0	0	0
ASO 6	GFAP	60	Cereb_mol layer	2	0	0	0
ASO 6	GFAP	60	Cereb_mol layer	3	0	0	0
ASO 6	GFAP	60	Cereb_mol layer	4	0	0	0
ASO 6	GFAP	30	Cereb_mol layer	1	0	0	0
ASO 6	GFAP	30	Cereb_mol layer	2	0	0	0
ASO 6	GFAP	30	Cereb_mol layer	3	0	0	0
ASO 6	GFAP	30	Cereb_mol layer	4	0	0	0
ASO 6	GFAP	-14	Cereb_mol layer	1	0	0	0
ASO 6	GFAP	-14	Cereb_mol layer	2	NA	0	1
ASO 6	GFAP	-14	Cereb_mol layer	3	0	0	0
ASO 6	GFAP	-14	Cereb_mol layer	4	0	0	0
ASO 6	GFAP	123	Cereb_gran layer	1	1	0	0
ASO 6	GFAP	123	Cereb_gran layer	2	1	0	0
ASO 6	GFAP	123	Cereb_gran layer	3	2	0	0
ASO 6	GFAP	123	Cereb_gran layer	4	1	0	0
ASO 6	GFAP	90	Cereb_gran layer	1	1	0	0
ASO 6	GFAP	90	Cereb_gran layer	2	0	0	0
ASO 6	GFAP	90	Cereb_gran layer	3	1	0	0
ASO 6	GFAP	90	Cereb_gran layer	4	1	0	0
ASO 6	GFAP	60	Cereb_gran layer	1	0	0	0
ASO 6	GFAP	60	Cereb_gran layer	2	0	0	0
ASO 6	GFAP	60	Cereb_gran layer	3	0	0	0
ASO 6	GFAP	60	Cereb_gran layer	4	0	0	0
ASO 6	GFAP	30	Cereb_gran layer	1	1	0	0
ASO 6	GFAP	30	Cereb_gran layer	2	1	0	0
ASO 6	GFAP	30	Cereb_gran layer	3	1	0	0
ASO 6	GFAP	30	Cereb_gran layer	4	1	0	0
ASO 6	GFAP	-14	Cereb_gran layer	1	1	0	0
ASO 6	GFAP	-14	Cereb_gran layer	2	NA	0	1
ASO 6	GFAP	-14	Cereb_gran layer	3	0	0	0
ASO 6	GFAP	-14	Cereb_gran layer	4	0	0	0
ASO 6	GFAP	123	Cereb_peduncle	1	2	0	0
ASO 6	GFAP	123	Cereb_peduncle	2	1	0	0
ASO 6	GFAP	123	Cereb_peduncle	3	2	0	0
ASO 6	GFAP	123	Cereb_peduncle	4	1	0	0
ASO 6	GFAP	90	Cereb_peduncle	1	NA	NA	NA
ASO 6	GFAP	90	Cereb_peduncle	2	1	0	0
ASO 6	GFAP	90	Cereb_peduncle	3	1	0	0
ASO 6	GFAP	90	Cereb_peduncle	4	1	0	0
ASO 6	GFAP	60	Cereb_peduncle	1	0	0	0
ASO 6	GFAP	60	Cereb_peduncle	2	0	0	0
ASO 6	GFAP	60	Cereb_peduncle	3	0	0	0
ASO 6	GFAP	60	Cereb_peduncle	4	0	0	0
ASO 6	GFAP	30	Cereb_peduncle	1	0	0	0
ASO 6	GFAP	30	Cereb_peduncle	2	0	0	0
ASO 6	GFAP	30	Cereb_peduncle	3	0	0	0
ASO 6	GFAP	30	Cereb_peduncle	4	0	0	0
ASO 6	GFAP	-14	Cereb_peduncle	1	0	0	0
ASO 6	GFAP	-14	Cereb_peduncle	2	NA	0	1
ASO 6	GFAP	-14	Cereb_peduncle	3	0	0	0
ASO 6	GFAP	-14	Cereb_peduncle	4	0	0	0
ASO 6	GFAP	123	medulla	1	2	0	0
ASO 6	GFAP	123	medulla	2	1	0	0
ASO 6	GFAP	123	medulla	3	2	0	0
ASO 6	GFAP	123	medulla	4	2	0	0
ASO 6	GFAP	90	medulla	1	1	0	0
ASO 6	GFAP	90	medulla	2	1	0	0
ASO 6	GFAP	90	medulla	3	1	0	0
ASO 6	GFAP	90	medulla	4	1	0	0
ASO 6	GFAP	60	medulla	1	0	0	0
ASO 6	GFAP	60	medulla	2	1	0	0
ASO 6	GFAP	60	medulla	3	NA	NA	NA
ASO 6	GFAP	60	medulla	4	1	0	0
ASO 6	GFAP	30	medulla	1	1	0	0
ASO 6	GFAP	30	medulla	2	0	0	0
ASO 6	GFAP	30	medulla	3	1	0	0
ASO 6	GFAP	30	medulla	4	1	0	0
ASO 6	GFAP	-14	medulla	1	1	0	0
ASO 6	GFAP	-14	medulla	2	NA	0	1
ASO 6	GFAP	-14	medulla	3	0	0	0
ASO 6	GFAP	-14	medulla	4	1	0	0
ASO 6	GFAP	123	Subiculum	1	1	0	0
ASO 6	GFAP	123	Subiculum	2	1	0	0
ASO 6	GFAP	123	Subiculum	3	2	0	0
ASO 6	GFAP	123	Subiculum	4	1	0	0
ASO 6	GFAP	90	Subiculum	1	1	0	0
ASO 6	GFAP	90	Subiculum	2	1	0	0
ASO 6	GFAP	90	Subiculum	3	2	0	0
ASO 6	GFAP	90	Subiculum	4	2	0	0
ASO 6	GFAP	60	Subiculum	1	1	0	0
ASO 6	GFAP	60	Subiculum	2	1	0	0
ASO 6	GFAP	60	Subiculum	3	1	0	0
ASO 6	GFAP	60	Subiculum	4	NA	NA	NA
ASO 6	GFAP	30	Subiculum	1	1	0	0
ASO 6	GFAP	30	Subiculum	2	1	0	0
ASO 6	GFAP	30	Subiculum	3	1	0	0
ASO 6	GFAP	30	Subiculum	4	1	0	0
ASO 6	GFAP	-14	Subiculum	1	1	0	0
ASO 6	GFAP	-14	Subiculum	2	NA	0	1
ASO 6	GFAP	-14	Subiculum	3	1	0	0
ASO 6	GFAP	-14	Subiculum	4	0	0	0
ASO 6	Iba1	123	Fiber tracts	1	1	0	0
ASO 6	Iba1	123	Fiber tracts	2	0	0	0
ASO 6	Iba1	123	Fiber tracts	3	0	0	0
ASO 6	Iba1	123	Fiber tracts	4	1	0	0
ASO 6	Iba1	90	Fiber tracts	1	0	0	0
ASO 6	Iba1	90	Fiber tracts	2	0	0	0
ASO 6	Iba1	90	Fiber tracts	3	1	0	0
ASO 6	Iba1	90	Fiber tracts	4	1	0	0
ASO 6	Iba1	60	Fiber tracts	1	1	0	0
ASO 6	Iba1	60	Fiber tracts	2	1	0	0
ASO 6	Iba1	60	Fiber tracts	3	0	0	0
ASO 6	Iba1	60	Fiber tracts	4	1	0	0
ASO 6	Iba1	30	Fiber tracts	1	1	0	0
ASO 6	Iba1	30	Fiber tracts	2	1	0	0
ASO 6	Iba1	30	Fiber tracts	3	1	0	0
ASO 6	Iba1	30	Fiber tracts	4	1	0	0
ASO 6	Iba1	-14	Fiber tracts	1	1	0	0
ASO 6	Iba1	-14	Fiber tracts	2	NA	0	1
ASO 6	Iba1	-14	Fiber tracts	3	1	0	0
ASO 6	Iba1	-14	Fiber tracts	4	1	0	0
ASO 6	Iba1	123	Cortex	1	0	0	0
ASO 6	Iba1	123	Cortex	2	0	0	0
ASO 6	Iba1	123	Cortex	3	0	0	0
ASO 6	Iba1	123	Cortex	4	0	0	0
ASO 6	Iba1	90	Cortex	1	0	0	0
ASO 6	Iba1	90	Cortex	2	0	0	0
ASO 6	Iba1	90	Cortex	3	0	0	0
ASO 6	Iba1	90	Cortex	4	0	0	0
ASO 6	Iba1	60	Cortex	1	0	0	0
ASO 6	Iba1	60	Cortex	2	0	0	0
ASO 6	Iba1	60	Cortex	3	0	0	0
ASO 6	Iba1	60	Cortex	4	0	0	0
ASO 6	Iba1	30	Cortex	1	1	0	0
ASO 6	Iba1	30	Cortex	2	0	0	0
ASO 6	Iba1	30	Cortex	3	0	0	0
ASO 6	Iba1	30	Cortex	4	1	0	0
ASO 6	Iba1	-14	Cortex	1	1	0	0
ASO 6	Iba1	-14	Cortex	2	NA	0	1
ASO 6	Iba1	-14	Cortex	3	0	0	0
ASO 6	Iba1	-14	Cortex	4	0	0	0
ASO 6	Iba1	123	Hippocampus	1	0	0	0
ASO 6	Iba1	123	Hippocampus	2	0	0	0
ASO 6	Iba1	123	Hippocampus	3	0	0	0
ASO 6	Iba1	123	Hippocampus	4	0	0	0
ASO 6	Iba1	90	Hippocampus	1	0	0	0
ASO 6	Iba1	90	Hippocampus	2	0	0	0
ASO 6	Iba1	90	Hippocampus	3	0	0	0
ASO 6	Iba1	90	Hippocampus	4	0	0	0
ASO 6	Iba1	60	Hippocampus	1	0	0	0
ASO 6	Iba1	60	Hippocampus	2	0	0	0
ASO 6	Iba1	60	Hippocampus	3	1	0	0
ASO 6	Iba1	60	Hippocampus	4	0	0	0
ASO 6	Iba1	30	Hippocampus	1	0	0	0
ASO 6	Iba1	30	Hippocampus	2	0	0	0
ASO 6	Iba1	30	Hippocampus	3	1	0	0
ASO 6	Iba1	30	Hippocampus	4	1	0	0
ASO 6	Iba1	-14	Hippocampus	1	1	0	0
ASO 6	Iba1	-14	Hippocampus	2	NA	0	1
ASO 6	Iba1	-14	Hippocampus	3	0	0	0
ASO 6	Iba1	-14	Hippocampus	4	0	0	0
ASO 6	Iba1	123	CP	1	1	0	0
ASO 6	Iba1	123	CP	2	0	0	0
ASO 6	Iba1	123	CP	3	0	0	0
ASO 6	Iba1	123	CP	4	0	0	0
ASO 6	Iba1	90	CP	1	0	0	0
ASO 6	Iba1	90	CP	2	0	0	0
ASO 6	Iba1	90	CP	3	0	0	0
ASO 6	Iba1	90	CP	4	0	0	0
ASO 6	Iba1	60	CP	1	0	0	0
ASO 6	Iba1	60	CP	2	1	0	0
ASO 6	Iba1	60	CP	3	1	0	0
ASO 6	Iba1	60	CP	4	1	0	0
ASO 6	Iba1	30	CP	1	0	0	0
ASO 6	Iba1	30	CP	2	0	0	0
ASO 6	Iba1	30	CP	3	1	0	0
ASO 6	Iba1	30	CP	4	0	0	0
ASO 6	Iba1	-14	CP	1	0	0	0
ASO 6	Iba1	-14	CP	2	NA	0	1
ASO 6	Iba1	-14	CP	3	0	0	0
ASO 6	Iba1	-14	CP	4	0	0	0
ASO 6	Iba1	123	Pallidum	1	1	0	0
ASO 6	Iba1	123	Pallidum	2	0	0	0
ASO 6	Iba1	123	Pallidum	3	0	0	0
ASO 6	Iba1	123	Pallidum	4	0	0	0
ASO 6	Iba1	90	Pallidum	1	0	0	0
ASO 6	Iba1	90	Pallidum	2	0	0	0
ASO 6	Iba1	90	Pallidum	3	0	0	0
ASO 6	Iba1	90	Pallidum	4	0	0	0
ASO 6	Iba1	60	Pallidum	1	0	0	0
ASO 6	Iba1	60	Pallidum	2	1	0	0
ASO 6	Iba1	60	Pallidum	3	1	0	0
ASO 6	Iba1	60	Pallidum	4	1	0	0
ASO 6	Iba1	30	Pallidum	1	0	0	0
ASO 6	Iba1	30	Pallidum	2	0	0	0
ASO 6	Iba1	30	Pallidum	3	1	0	0
ASO 6	Iba1	30	Pallidum	4	0	0	0
ASO 6	Iba1	-14	Pallidum	1	0	0	0
ASO 6	Iba1	-14	Pallidum	2	NA	0	1
ASO 6	Iba1	-14	Pallidum	3	0	0	0
ASO 6	Iba1	-14	Pallidum	4	0	0	0
ASO 6	Iba1	123	Thalamus	1	1	0	0
ASO 6	Iba1	123	Thalamus	2	0	0	0
ASO 6	Iba1	123	Thalamus	3	1	0	0
ASO 6	Iba1	123	Thalamus	4	1	0	0
ASO 6	Iba1	90	Thalamus	1	0	0	0
ASO 6	Iba1	90	Thalamus	2	1	0	0
ASO 6	Iba1	90	Thalamus	3	1	0	0
ASO 6	Iba1	90	Thalamus	4	1	0	0
ASO 6	Iba1	60	Thalamus	1	1	0	0
ASO 6	Iba1	60	Thalamus	2	1	0	0
ASO 6	Iba1	60	Thalamus	3	0	0	0
ASO 6	Iba1	60	Thalamus	4	NA	NA	NA
ASO 6	Iba1	30	Thalamus	1	1	0	0
ASO 6	Iba1	30	Thalamus	2	1	0	0
ASO 6	Iba1	30	Thalamus	3	1	0	0
ASO 6	Iba1	30	Thalamus	4	1	0	0
ASO 6	Iba1	-14	Thalamus	1	1	0	0
ASO 6	Iba1	-14	Thalamus	2	NA	0	1
ASO 6	Iba1	-14	Thalamus	3	0	0	0
ASO 6	Iba1	-14	Thalamus	4	0	0	0
ASO 6	Iba1	123	midbrain	1	0	0	0
ASO 6	Iba1	123	midbrain	2	0	0	0
ASO 6	Iba1	123	midbrain	3	0	0	0
ASO 6	Iba1	123	midbrain	4	0	0	0
ASO 6	Iba1	90	midbrain	1	0	0	0
ASO 6	Iba1	90	midbrain	2	0	0	0
ASO 6	Iba1	90	midbrain	3	0	0	0
ASO 6	Iba1	90	midbrain	4	0	0	0
ASO 6	Iba1	60	midbrain	1	0	0	0
ASO 6	Iba1	60	midbrain	2	0	0	0
ASO 6	Iba1	60	midbrain	3	NA	NA	NA
ASO 6	Iba1	60	midbrain	4	NA	NA	NA
ASO 6	Iba1	30	midbrain	1	0	0	0
ASO 6	Iba1	30	midbrain	2	0	0	0
ASO 6	Iba1	30	midbrain	3	0	0	0
ASO 6	Iba1	30	midbrain	4	0	0	0
ASO 6	Iba1	-14	midbrain	1	0	0	0
ASO 6	Iba1	-14	midbrain	2	NA	0	1
ASO 6	Iba1	-14	midbrain	3	0	0	0
ASO 6	Iba1	-14	midbrain	4	0	0	0
ASO 6	Iba1	123	Cereb_mol layer	1	0	0	0
ASO 6	Iba1	123	Cereb_mol layer	2	0	0	0
ASO 6	Iba1	123	Cereb_mol layer	3	0	0	0
ASO 6	Iba1	123	Cereb_mol layer	4	0	0	0
ASO 6	Iba1	90	Cereb_mol layer	1	0	0	0
ASO 6	Iba1	90	Cereb_mol layer	2	0	0	0
ASO 6	Iba1	90	Cereb_mol layer	3	0	0	0
ASO 6	Iba1	90	Cereb_mol layer	4	0	0	0
ASO 6	Iba1	60	Cereb_mol layer	1	0	0	0
ASO 6	Iba1	60	Cereb_mol layer	2	0	0	0
ASO 6	Iba1	60	Cereb_mol layer	3	0	0	0
ASO 6	Iba1	60	Cereb_mol layer	4	0	0	0
ASO 6	Iba1	30	Cereb_mol layer	1	0	0	0
ASO 6	Iba1	30	Cereb_mol layer	2	0	0	0
ASO 6	Iba1	30	Cereb_mol layer	3	0	0	0
ASO 6	Iba1	30	Cereb_mol layer	4	0	0	0
ASO 6	Iba1	-14	Cereb_mol layer	1	0	0	0
ASO 6	Iba1	-14	Cereb_mol layer	2	NA	0	1
ASO 6	Iba1	-14	Cereb_mol layer	3	0	0	0
ASO 6	Iba1	-14	Cereb_mol layer	4	0	0	0
ASO 6	Iba1	123	Cereb_gran layer	1	0	0	0
ASO 6	Iba1	123	Cereb_gran layer	2	0	0	0
ASO 6	Iba1	123	Cereb_gran layer	3	0	0	0
ASO 6	Iba1	123	Cereb_gran layer	4	0	0	0
ASO 6	Iba1	90	Cereb_gran layer	1	0	0	0
ASO 6	Iba1	90	Cereb_gran layer	2	0	0	0
ASO 6	Iba1	90	Cereb_gran layer	3	0	0	0
ASO 6	Iba1	90	Cereb_gran layer	4	0	0	0
ASO 6	Iba1	60	Cereb_gran layer	1	0	0	0
ASO 6	Iba1	60	Cereb_gran layer	2	0	0	0
ASO 6	Iba1	60	Cereb_gran layer	3	0	0	0
ASO 6	Iba1	60	Cereb_gran layer	4	0	0	0
ASO 6	Iba1	30	Cereb_gran layer	1	0	0	0
ASO 6	Iba1	30	Cereb_gran layer	2	0	0	0
ASO 6	Iba1	30	Cereb_gran layer	3	0	0	0
ASO 6	Iba1	30	Cereb_gran layer	4	0	0	0
ASO 6	Iba1	-14	Cereb_gran layer	1	0	0	0
ASO 6	Iba1	-14	Cereb_gran layer	2	NA	0	1
ASO 6	Iba1	-14	Cereb_gran layer	3	0	0	0
ASO 6	Iba1	-14	Cereb_gran layer	4	0	0	0
ASO 6	Iba1	123	Cereb_peduncle	1	0	0	0
ASO 6	Iba1	123	Cereb_peduncle	2	0	0	0
ASO 6	Iba1	123	Cereb_peduncle	3	0	0	0
ASO 6	Iba1	123	Cereb_peduncle	4	0	0	0
ASO 6	Iba1	90	Cereb_peduncle	1	0	0	0
ASO 6	Iba1	90	Cereb_peduncle	2	0	0	0
ASO 6	Iba1	90	Cereb_peduncle	3	0	0	0
ASO 6	Iba1	90	Cereb_peduncle	4	0	0	0
ASO 6	Iba1	60	Cereb_peduncle	1	0	0	0
ASO 6	Iba1	60	Cereb_peduncle	2	0	0	0
ASO 6	Iba1	60	Cereb_peduncle	3	1	0	0
ASO 6	Iba1	60	Cereb_peduncle	4	0	0	0
ASO 6	Iba1	30	Cereb_peduncle	1	0	0	0
ASO 6	Iba1	30	Cereb_peduncle	2	0	0	0
ASO 6	Iba1	30	Cereb_peduncle	3	0	0	0
ASO 6	Iba1	30	Cereb_peduncle	4	0	0	0
ASO 6	Iba1	-14	Cereb_peduncle	1	0	0	0
ASO 6	Iba1	-14	Cereb_peduncle	2	NA	0	1
ASO 6	Iba1	-14	Cereb_peduncle	3	0	0	0
ASO 6	Iba1	-14	Cereb_peduncle	4	0	0	0
ASO 6	Iba1	123	medulla	1	0	0	0
ASO 6	Iba1	123	medulla	2	0	0	0
ASO 6	Iba1	123	medulla	3	0	0	0
ASO 6	Iba1	123	medulla	4	0	0	0
ASO 6	Iba1	90	medulla	1	0	0	0
ASO 6	Iba1	90	medulla	2	0	0	0
ASO 6	Iba1	90	medulla	3	0	0	0
ASO 6	Iba1	90	medulla	4	0	0	0
ASO 6	Iba1	60	medulla	1	0	0	0
ASO 6	Iba1	60	medulla	2	0	0	0
ASO 6	Iba1	60	medulla	3	NA	NA	NA
ASO 6	Iba1	60	medulla	4	1	0	0
ASO 6	Iba1	30	medulla	1	0	0	0
ASO 6	Iba1	30	medulla	2	0	0	0
ASO 6	Iba1	30	medulla	3	0	0	0
ASO 6	Iba1	30	medulla	4	0	0	0
ASO 6	Iba1	-14	medulla	1	0	0	0
ASO 6	Iba1	-14	medulla	2	NA	0	1
ASO 6	Iba1	-14	medulla	3	0	0	0
ASO 6	Iba1	-14	medulla	4	0	0	0
ASO 6	Iba1	123	Subiculum	1	0	0	0
ASO 6	Iba1	123	Subiculum	2	0	0	0
ASO 6	Iba1	123	Subiculum	3	0	0	0
ASO 6	Iba1	123	Subiculum	4	0	0	0
ASO 6	Iba1	90	Subiculum	1	0	0	0
ASO 6	Iba1	90	Subiculum	2	0	0	0
ASO 6	Iba1	90	Subiculum	3	0	0	0
ASO 6	Iba1	90	Subiculum	4	0	0	0
ASO 6	Iba1	60	Subiculum	1	0	0	0
ASO 6	Iba1	60	Subiculum	2	0	0	0
ASO 6	Iba1	60	Subiculum	3	NA	NA	NA
ASO 6	Iba1	60	Subiculum	4	0	0	0
ASO 6	Iba1	30	Subiculum	1	1	0	0
ASO 6	Iba1	30	Subiculum	2	0	0	0
ASO 6	Iba1	30	Subiculum	3	1	0	0
ASO 6	Iba1	30	Subiculum	4	1	0	0
ASO 6	Iba1	-14	Subiculum	1	0	0	0
ASO 6	Iba1	-14	Subiculum	2	NA	0	1
ASO 6	Iba1	-14	Subiculum	3	0	0	0
ASO 6	Iba1	-14	Subiculum	4	0	0	0
ASO 6	PrP	123	Fiber tracts	1	1	0	0
ASO 6	PrP	123	Fiber tracts	2	0	0	0
ASO 6	PrP	123	Fiber tracts	3	1	0	0
ASO 6	PrP	123	Fiber tracts	4	0	0	0
ASO 6	PrP	90	Fiber tracts	1	0	0	0
ASO 6	PrP	90	Fiber tracts	2	0	0	0
ASO 6	PrP	90	Fiber tracts	3	0	0	0
ASO 6	PrP	90	Fiber tracts	4	0	0	0
ASO 6	PrP	60	Fiber tracts	1	0	0	0
ASO 6	PrP	60	Fiber tracts	2	0	0	0
ASO 6	PrP	60	Fiber tracts	3	0	0	0
ASO 6	PrP	60	Fiber tracts	4	0	0	0
ASO 6	PrP	30	Fiber tracts	1	0	0	0
ASO 6	PrP	30	Fiber tracts	2	0	0	0
ASO 6	PrP	30	Fiber tracts	3	0	0	0
ASO 6	PrP	30	Fiber tracts	4	0	0	0
ASO 6	PrP	-14	Fiber tracts	1	0	0	0
ASO 6	PrP	-14	Fiber tracts	2	NA	0	1
ASO 6	PrP	-14	Fiber tracts	3	0	0	0
ASO 6	PrP	-14	Fiber tracts	4	0	0	0
ASO 6	PrP	123	Cortex	1	1	0	0
ASO 6	PrP	123	Cortex	2	0	0	0
ASO 6	PrP	123	Cortex	3	1	0	0
ASO 6	PrP	123	Cortex	4	1	0	0
ASO 6	PrP	90	Cortex	1	0	0	0
ASO 6	PrP	90	Cortex	2	1	0	0
ASO 6	PrP	90	Cortex	3	0	0	0
ASO 6	PrP	90	Cortex	4	0	0	0
ASO 6	PrP	60	Cortex	1	1	0	0
ASO 6	PrP	60	Cortex	2	0	0	0
ASO 6	PrP	60	Cortex	3	1	0	0
ASO 6	PrP	60	Cortex	4	1	0	0
ASO 6	PrP	30	Cortex	1	0	0	0
ASO 6	PrP	30	Cortex	2	1	0	0
ASO 6	PrP	30	Cortex	3	1	0	0
ASO 6	PrP	30	Cortex	4	1	0	0
ASO 6	PrP	-14	Cortex	1	1	0	0
ASO 6	PrP	-14	Cortex	2	NA	0	1
ASO 6	PrP	-14	Cortex	3	0	0	0
ASO 6	PrP	-14	Cortex	4	0	0	0
ASO 6	PrP	123	Hippocampus	1	0	0	0
ASO 6	PrP	123	Hippocampus	2	0	0	0
ASO 6	PrP	123	Hippocampus	3	1	0	0
ASO 6	PrP	123	Hippocampus	4	1	0	0
ASO 6	PrP	90	Hippocampus	1	0	0	0
ASO 6	PrP	90	Hippocampus	2	1	0	0
ASO 6	PrP	90	Hippocampus	3	0	0	0
ASO 6	PrP	90	Hippocampus	4	0	0	0
ASO 6	PrP	60	Hippocampus	1	0	0	0
ASO 6	PrP	60	Hippocampus	2	1	0	0
ASO 6	PrP	60	Hippocampus	3	1	0	0
ASO 6	PrP	60	Hippocampus	4	1	0	0
ASO 6	PrP	30	Hippocampus	1	1	0	0
ASO 6	PrP	30	Hippocampus	2	1	0	0
ASO 6	PrP	30	Hippocampus	3	1	0	0
ASO 6	PrP	30	Hippocampus	4	1	0	0
ASO 6	PrP	-14	Hippocampus	1	1	0	0
ASO 6	PrP	-14	Hippocampus	2	NA	0	1
ASO 6	PrP	-14	Hippocampus	3	1	0	0
ASO 6	PrP	-14	Hippocampus	4	1	0	0
ASO 6	PrP	123	CP	1	0	0	0
ASO 6	PrP	123	CP	2	0	0	0
ASO 6	PrP	123	CP	3	0	0	0
ASO 6	PrP	123	CP	4	0	0	0
ASO 6	PrP	90	CP	1	0	0	0
ASO 6	PrP	90	CP	2	0	0	0
ASO 6	PrP	90	CP	3	0	0	0
ASO 6	PrP	90	CP	4	0	0	0
ASO 6	PrP	60	CP	1	0	0	0
ASO 6	PrP	60	CP	2	0	0	0
ASO 6	PrP	60	CP	3	0	0	0
ASO 6	PrP	60	CP	4	0	0	0
ASO 6	PrP	30	CP	1	0	0	0
ASO 6	PrP	30	CP	2	0	0	0
ASO 6	PrP	30	CP	3	0	0	0
ASO 6	PrP	30	CP	4	1	0	0
ASO 6	PrP	-14	CP	1	0	0	0
ASO 6	PrP	-14	CP	2	NA	0	1
ASO 6	PrP	-14	CP	3	0	0	0
ASO 6	PrP	-14	CP	4	0	0	0
ASO 6	PrP	123	Pallidum	1	0	0	0
ASO 6	PrP	123	Pallidum	2	0	0	0
ASO 6	PrP	123	Pallidum	3	0	0	0
ASO 6	PrP	123	Pallidum	4	0	0	0
ASO 6	PrP	90	Pallidum	1	0	0	0
ASO 6	PrP	90	Pallidum	2	0	0	0
ASO 6	PrP	90	Pallidum	3	0	0	0
ASO 6	PrP	90	Pallidum	4	0	0	0
ASO 6	PrP	60	Pallidum	1	0	0	0
ASO 6	PrP	60	Pallidum	2	0	0	0
ASO 6	PrP	60	Pallidum	3	0	0	0
ASO 6	PrP	60	Pallidum	4	0	0	0
ASO 6	PrP	30	Pallidum	1	0	0	0
ASO 6	PrP	30	Pallidum	2	0	0	0
ASO 6	PrP	30	Pallidum	3	0	0	0
ASO 6	PrP	30	Pallidum	4	1	0	0
ASO 6	PrP	-14	Pallidum	1	0	0	0
ASO 6	PrP	-14	Pallidum	2	NA	0	1
ASO 6	PrP	-14	Pallidum	3	0	0	0
ASO 6	PrP	-14	Pallidum	4	0	0	0
ASO 6	PrP	123	Thalamus	1	2	0	0
ASO 6	PrP	123	Thalamus	2	1	0	0
ASO 6	PrP	123	Thalamus	3	2	0	0
ASO 6	PrP	123	Thalamus	4	2	0	0
ASO 6	PrP	90	Thalamus	1	1	0	0
ASO 6	PrP	90	Thalamus	2	1	0	0
ASO 6	PrP	90	Thalamus	3	1	0	0
ASO 6	PrP	90	Thalamus	4	1	0	0
ASO 6	PrP	60	Thalamus	1	0	0	0
ASO 6	PrP	60	Thalamus	2	0	0	0
ASO 6	PrP	60	Thalamus	3	NA	NA	NA
ASO 6	PrP	60	Thalamus	4	NA	NA	NA
ASO 6	PrP	30	Thalamus	1	0	0	0
ASO 6	PrP	30	Thalamus	2	1	0	0
ASO 6	PrP	30	Thalamus	3	1	0	0
ASO 6	PrP	30	Thalamus	4	1	0	0
ASO 6	PrP	-14	Thalamus	1	1	0	0
ASO 6	PrP	-14	Thalamus	2	NA	0	1
ASO 6	PrP	-14	Thalamus	3	0	0	0
ASO 6	PrP	-14	Thalamus	4	0	0	0
ASO 6	PrP	123	midbrain	1	0	0	0
ASO 6	PrP	123	midbrain	2	0	0	0
ASO 6	PrP	123	midbrain	3	0	0	0
ASO 6	PrP	123	midbrain	4	0	0	0
ASO 6	PrP	90	midbrain	1	0	0	0
ASO 6	PrP	90	midbrain	2	0	0	0
ASO 6	PrP	90	midbrain	3	0	0	0
ASO 6	PrP	90	midbrain	4	0	0	0
ASO 6	PrP	60	midbrain	1	0	0	0
ASO 6	PrP	60	midbrain	2	0	0	0
ASO 6	PrP	60	midbrain	3	NA	NA	NA
ASO 6	PrP	60	midbrain	4	NA	NA	NA
ASO 6	PrP	30	midbrain	1	0	0	0
ASO 6	PrP	30	midbrain	2	0	0	0
ASO 6	PrP	30	midbrain	3	0	0	0
ASO 6	PrP	30	midbrain	4	0	0	0
ASO 6	PrP	-14	midbrain	1	0	0	0
ASO 6	PrP	-14	midbrain	2	NA	0	1
ASO 6	PrP	-14	midbrain	3	0	0	0
ASO 6	PrP	-14	midbrain	4	0	0	0
ASO 6	PrP	123	Cereb_mol layer	1	0	0	0
ASO 6	PrP	123	Cereb_mol layer	2	0	0	0
ASO 6	PrP	123	Cereb_mol layer	3	0	0	0
ASO 6	PrP	123	Cereb_mol layer	4	0	0	0
ASO 6	PrP	90	Cereb_mol layer	1	0	0	0
ASO 6	PrP	90	Cereb_mol layer	2	0	0	0
ASO 6	PrP	90	Cereb_mol layer	3	0	0	0
ASO 6	PrP	90	Cereb_mol layer	4	0	0	0
ASO 6	PrP	60	Cereb_mol layer	1	0	0	0
ASO 6	PrP	60	Cereb_mol layer	2	0	0	0
ASO 6	PrP	60	Cereb_mol layer	3	0	0	0
ASO 6	PrP	60	Cereb_mol layer	4	0	0	0
ASO 6	PrP	30	Cereb_mol layer	1	0	0	0
ASO 6	PrP	30	Cereb_mol layer	2	0	0	0
ASO 6	PrP	30	Cereb_mol layer	3	0	0	0
ASO 6	PrP	30	Cereb_mol layer	4	0	0	0
ASO 6	PrP	-14	Cereb_mol layer	1	0	0	0
ASO 6	PrP	-14	Cereb_mol layer	2	NA	0	1
ASO 6	PrP	-14	Cereb_mol layer	3	0	0	0
ASO 6	PrP	-14	Cereb_mol layer	4	0	0	0
ASO 6	PrP	123	Cereb_gran layer	1	0	0	0
ASO 6	PrP	123	Cereb_gran layer	2	0	0	0
ASO 6	PrP	123	Cereb_gran layer	3	0	0	0
ASO 6	PrP	123	Cereb_gran layer	4	0	0	0
ASO 6	PrP	90	Cereb_gran layer	1	0	0	0
ASO 6	PrP	90	Cereb_gran layer	2	0	0	0
ASO 6	PrP	90	Cereb_gran layer	3	0	0	0
ASO 6	PrP	90	Cereb_gran layer	4	0	0	0
ASO 6	PrP	60	Cereb_gran layer	1	0	0	0
ASO 6	PrP	60	Cereb_gran layer	2	0	0	0
ASO 6	PrP	60	Cereb_gran layer	3	0	0	0
ASO 6	PrP	60	Cereb_gran layer	4	0	0	0
ASO 6	PrP	30	Cereb_gran layer	1	0	0	0
ASO 6	PrP	30	Cereb_gran layer	2	0	0	0
ASO 6	PrP	30	Cereb_gran layer	3	0	0	0
ASO 6	PrP	30	Cereb_gran layer	4	0	0	0
ASO 6	PrP	-14	Cereb_gran layer	1	0	0	0
ASO 6	PrP	-14	Cereb_gran layer	2	NA	0	1
ASO 6	PrP	-14	Cereb_gran layer	3	0	0	0
ASO 6	PrP	-14	Cereb_gran layer	4	0	0	0
ASO 6	PrP	123	Cereb_peduncle	1	0	0	0
ASO 6	PrP	123	Cereb_peduncle	2	0	0	0
ASO 6	PrP	123	Cereb_peduncle	3	0	0	0
ASO 6	PrP	123	Cereb_peduncle	4	0	0	0
ASO 6	PrP	90	Cereb_peduncle	1	0	0	0
ASO 6	PrP	90	Cereb_peduncle	2	0	0	0
ASO 6	PrP	90	Cereb_peduncle	3	0	0	0
ASO 6	PrP	90	Cereb_peduncle	4	0	0	0
ASO 6	PrP	60	Cereb_peduncle	1	0	0	0
ASO 6	PrP	60	Cereb_peduncle	2	0	0	0
ASO 6	PrP	60	Cereb_peduncle	3	0	0	0
ASO 6	PrP	60	Cereb_peduncle	4	0	0	0
ASO 6	PrP	30	Cereb_peduncle	1	0	0	0
ASO 6	PrP	30	Cereb_peduncle	2	0	0	0
ASO 6	PrP	30	Cereb_peduncle	3	0	0	0
ASO 6	PrP	30	Cereb_peduncle	4	0	0	0
ASO 6	PrP	-14	Cereb_peduncle	1	0	0	0
ASO 6	PrP	-14	Cereb_peduncle	2	NA	0	1
ASO 6	PrP	-14	Cereb_peduncle	3	0	0	0
ASO 6	PrP	-14	Cereb_peduncle	4	0	0	0
ASO 6	PrP	123	medulla	1	0	0	0
ASO 6	PrP	123	medulla	2	0	0	0
ASO 6	PrP	123	medulla	3	0	0	0
ASO 6	PrP	123	medulla	4	0	0	0
ASO 6	PrP	90	medulla	1	0	0	0
ASO 6	PrP	90	medulla	2	0	0	0
ASO 6	PrP	90	medulla	3	0	0	0
ASO 6	PrP	90	medulla	4	0	0	0
ASO 6	PrP	60	medulla	1	0	0	0
ASO 6	PrP	60	medulla	2	0	0	0
ASO 6	PrP	60	medulla	3	NA	NA	NA
ASO 6	PrP	60	medulla	4	NA	NA	NA
ASO 6	PrP	30	medulla	1	0	0	0
ASO 6	PrP	30	medulla	2	0	0	0
ASO 6	PrP	30	medulla	3	0	0	0
ASO 6	PrP	30	medulla	4	0	0	0
ASO 6	PrP	-14	medulla	1	0	0	0
ASO 6	PrP	-14	medulla	2	NA	0	1
ASO 6	PrP	-14	medulla	3	0	0	0
ASO 6	PrP	-14	medulla	4	0	0	0
ASO 6	PrP	123	Subiculum	1	2	0	0
ASO 6	PrP	123	Subiculum	2	0	0	0
ASO 6	PrP	123	Subiculum	3	2	0	0
ASO 6	PrP	123	Subiculum	4	2	0	0
ASO 6	PrP	90	Subiculum	1	0	0	0
ASO 6	PrP	90	Subiculum	2	1	0	0
ASO 6	PrP	90	Subiculum	3	1	0	0
ASO 6	PrP	90	Subiculum	4	0	0	0
ASO 6	PrP	60	Subiculum	1	0	0	0
ASO 6	PrP	60	Subiculum	2	0	0	0
ASO 6	PrP	60	Subiculum	3	NA	NA	NA
ASO 6	PrP	60	Subiculum	4	0	0	0
ASO 6	PrP	30	Subiculum	1	0	0	0
ASO 6	PrP	30	Subiculum	2	1	0	0
ASO 6	PrP	30	Subiculum	3	1	0	0
ASO 6	PrP	30	Subiculum	4	1	0	0
ASO 6	PrP	-14	Subiculum	1	0	0	0
ASO 6	PrP	-14	Subiculum	2	NA	0	1
ASO 6	PrP	-14	Subiculum	3	1	0	0
ASO 6	PrP	-14	Subiculum	4	1	0	0
ASO 6	ASO	123	Fiber tracts	1	1	0	0
ASO 6	ASO	123	Fiber tracts	2	1	0	0
ASO 6	ASO	123	Fiber tracts	3	1	0	0
ASO 6	ASO	123	Fiber tracts	4	1	0	0
ASO 6	ASO	90	Fiber tracts	1	0	0	0
ASO 6	ASO	90	Fiber tracts	2	0	0	0
ASO 6	ASO	90	Fiber tracts	3	0	0	0
ASO 6	ASO	90	Fiber tracts	4	0	0	0
ASO 6	ASO	60	Fiber tracts	1	0	0	0
ASO 6	ASO	60	Fiber tracts	2	0	0	0
ASO 6	ASO	60	Fiber tracts	3	0	0	0
ASO 6	ASO	60	Fiber tracts	4	0	0	0
ASO 6	ASO	30	Fiber tracts	1	0	0	0
ASO 6	ASO	30	Fiber tracts	2	0	0	0
ASO 6	ASO	30	Fiber tracts	3	0	0	0
ASO 6	ASO	30	Fiber tracts	4	0	0	0
ASO 6	ASO	-14	Fiber tracts	1	0	0	0
ASO 6	ASO	-14	Fiber tracts	2	NA	0	1
ASO 6	ASO	-14	Fiber tracts	3	0	0	0
ASO 6	ASO	-14	Fiber tracts	4	0	0	0
ASO 6	ASO	123	Cortex	1	2	0	0
ASO 6	ASO	123	Cortex	2	3	0	0
ASO 6	ASO	123	Cortex	3	2	0	0
ASO 6	ASO	123	Cortex	4	2	0	0
ASO 6	ASO	90	Cortex	1	1	0	0
ASO 6	ASO	90	Cortex	2	0	0	0
ASO 6	ASO	90	Cortex	3	0	0	0
ASO 6	ASO	90	Cortex	4	1	0	0
ASO 6	ASO	60	Cortex	1	0	0	0
ASO 6	ASO	60	Cortex	2	1	0	0
ASO 6	ASO	60	Cortex	3	1	0	0
ASO 6	ASO	60	Cortex	4	1	0	0
ASO 6	ASO	30	Cortex	1	0	0	0
ASO 6	ASO	30	Cortex	2	0	0	0
ASO 6	ASO	30	Cortex	3	0	0	0
ASO 6	ASO	30	Cortex	4	0	0	0
ASO 6	ASO	-14	Cortex	1	0	0	0
ASO 6	ASO	-14	Cortex	2	NA	0	1
ASO 6	ASO	-14	Cortex	3	0	0	0
ASO 6	ASO	-14	Cortex	4	0	0	0
ASO 6	ASO	123	Hippocampus	1	2	0	0
ASO 6	ASO	123	Hippocampus	2	3	0	0
ASO 6	ASO	123	Hippocampus	3	2	0	0
ASO 6	ASO	123	Hippocampus	4	3	0	0
ASO 6	ASO	90	Hippocampus	1	2	0	0
ASO 6	ASO	90	Hippocampus	2	1	0	0
ASO 6	ASO	90	Hippocampus	3	1	0	0
ASO 6	ASO	90	Hippocampus	4	2	0	0
ASO 6	ASO	60	Hippocampus	1	0	0	0
ASO 6	ASO	60	Hippocampus	2	1	0	0
ASO 6	ASO	60	Hippocampus	3	1	0	0
ASO 6	ASO	60	Hippocampus	4	0	0	0
ASO 6	ASO	30	Hippocampus	1	0	0	0
ASO 6	ASO	30	Hippocampus	2	0	0	0
ASO 6	ASO	30	Hippocampus	3	0	0	0
ASO 6	ASO	30	Hippocampus	4	0	0	0
ASO 6	ASO	-14	Hippocampus	1	0	0	0
ASO 6	ASO	-14	Hippocampus	2	NA	0	1
ASO 6	ASO	-14	Hippocampus	3	0	0	0
ASO 6	ASO	-14	Hippocampus	4	0	0	0
ASO 6	ASO	123	CP	1	3	0	0
ASO 6	ASO	123	CP	2	3	0	0
ASO 6	ASO	123	CP	3	3	0	0
ASO 6	ASO	123	CP	4	3	0	0
ASO 6	ASO	90	CP	1	2	0	0
ASO 6	ASO	90	CP	2	1	0	0
ASO 6	ASO	90	CP	3	1	0	0
ASO 6	ASO	90	CP	4	2	0	0
ASO 6	ASO	60	CP	1	0	0	0
ASO 6	ASO	60	CP	2	1	0	0
ASO 6	ASO	60	CP	3	1	0	0
ASO 6	ASO	60	CP	4	0	0	0
ASO 6	ASO	30	CP	1	1	0	0
ASO 6	ASO	30	CP	2	0	0	0
ASO 6	ASO	30	CP	3	0	0	0
ASO 6	ASO	30	CP	4	0	0	0
ASO 6	ASO	-14	CP	1	0	0	0
ASO 6	ASO	-14	CP	2	NA	0	1
ASO 6	ASO	-14	CP	3	0	0	0
ASO 6	ASO	-14	CP	4	0	0	0
ASO 6	ASO	123	Pallidum	1	3	0	0
ASO 6	ASO	123	Pallidum	2	3	0	0
ASO 6	ASO	123	Pallidum	3	3	0	0
ASO 6	ASO	123	Pallidum	4	3	0	0
ASO 6	ASO	90	Pallidum	1	1	0	0
ASO 6	ASO	90	Pallidum	2	1	0	0
ASO 6	ASO	90	Pallidum	3	1	0	0
ASO 6	ASO	90	Pallidum	4	2	0	0
ASO 6	ASO	60	Pallidum	1	0	0	0
ASO 6	ASO	60	Pallidum	2	0	0	0
ASO 6	ASO	60	Pallidum	3	NA	NA	NA
ASO 6	ASO	60	Pallidum	4	NA	NA	NA
ASO 6	ASO	30	Pallidum	1	1	0	0
ASO 6	ASO	30	Pallidum	2	0	0	0
ASO 6	ASO	30	Pallidum	3	0	0	0
ASO 6	ASO	30	Pallidum	4	0	0	0
ASO 6	ASO	-14	Pallidum	1	0	0	0
ASO 6	ASO	-14	Pallidum	2	NA	0	1
ASO 6	ASO	-14	Pallidum	3	0	0	0
ASO 6	ASO	-14	Pallidum	4	0	0	0
ASO 6	ASO	123	Thalamus	1	2	0	0
ASO 6	ASO	123	Thalamus	2	3	0	0
ASO 6	ASO	123	Thalamus	3	2	0	0
ASO 6	ASO	123	Thalamus	4	2	0	0
ASO 6	ASO	90	Thalamus	1	1	0	0
ASO 6	ASO	90	Thalamus	2	1	0	0
ASO 6	ASO	90	Thalamus	3	1	0	0
ASO 6	ASO	90	Thalamus	4	2	0	0
ASO 6	ASO	60	Thalamus	1	0	0	0
ASO 6	ASO	60	Thalamus	2	0	0	0
ASO 6	ASO	60	Thalamus	3	NA	NA	NA
ASO 6	ASO	60	Thalamus	4	NA	NA	NA
ASO 6	ASO	30	Thalamus	1	0	0	0
ASO 6	ASO	30	Thalamus	2	0	0	0
ASO 6	ASO	30	Thalamus	3	0	0	0
ASO 6	ASO	30	Thalamus	4	0	0	0
ASO 6	ASO	-14	Thalamus	1	0	0	0
ASO 6	ASO	-14	Thalamus	2	NA	0	1
ASO 6	ASO	-14	Thalamus	3	0	0	0
ASO 6	ASO	-14	Thalamus	4	0	0	0
ASO 6	ASO	123	midbrain	1	3	0	0
ASO 6	ASO	123	midbrain	2	3	0	0
ASO 6	ASO	123	midbrain	3	3	0	0
ASO 6	ASO	123	midbrain	4	3	0	0
ASO 6	ASO	90	midbrain	1	1	0	0
ASO 6	ASO	90	midbrain	2	1	0	0
ASO 6	ASO	90	midbrain	3	1	0	0
ASO 6	ASO	90	midbrain	4	2	0	0
ASO 6	ASO	60	midbrain	1	0	0	0
ASO 6	ASO	60	midbrain	2	1	0	0
ASO 6	ASO	60	midbrain	3	NA	NA	NA
ASO 6	ASO	60	midbrain	4	NA	NA	NA
ASO 6	ASO	30	midbrain	1	0	0	0
ASO 6	ASO	30	midbrain	2	0	0	0
ASO 6	ASO	30	midbrain	3	0	0	0
ASO 6	ASO	30	midbrain	4	0	0	0
ASO 6	ASO	-14	midbrain	1	0	0	0
ASO 6	ASO	-14	midbrain	2	NA	0	1
ASO 6	ASO	-14	midbrain	3	0	0	0
ASO 6	ASO	-14	midbrain	4	0	0	0
ASO 6	ASO	123	Cereb_mol layer	1	1	0	0
ASO 6	ASO	123	Cereb_mol layer	2	1	0	0
ASO 6	ASO	123	Cereb_mol layer	3	1	0	0
ASO 6	ASO	123	Cereb_mol layer	4	1	0	0
ASO 6	ASO	90	Cereb_mol layer	1	0	0	0
ASO 6	ASO	90	Cereb_mol layer	2	1	0	0
ASO 6	ASO	90	Cereb_mol layer	3	0	0	0
ASO 6	ASO	90	Cereb_mol layer	4	1	0	0
ASO 6	ASO	60	Cereb_mol layer	1	0	0	0
ASO 6	ASO	60	Cereb_mol layer	2	0	0	0
ASO 6	ASO	60	Cereb_mol layer	3	0	0	0
ASO 6	ASO	60	Cereb_mol layer	4	0	0	0
ASO 6	ASO	30	Cereb_mol layer	1	0	0	0
ASO 6	ASO	30	Cereb_mol layer	2	0	0	0
ASO 6	ASO	30	Cereb_mol layer	3	0	0	0
ASO 6	ASO	30	Cereb_mol layer	4	0	0	0
ASO 6	ASO	-14	Cereb_mol layer	1	0	0	0
ASO 6	ASO	-14	Cereb_mol layer	2	NA	0	1
ASO 6	ASO	-14	Cereb_mol layer	3	0	0	0
ASO 6	ASO	-14	Cereb_mol layer	4	0	0	0
ASO 6	ASO	123	Cereb_gran layer	1	2	0	0
ASO 6	ASO	123	Cereb_gran layer	2	2	0	0
ASO 6	ASO	123	Cereb_gran layer	3	2	0	0
ASO 6	ASO	123	Cereb_gran layer	4	2	0	0
ASO 6	ASO	90	Cereb_gran layer	1	1	0	0
ASO 6	ASO	90	Cereb_gran layer	2	2	0	0
ASO 6	ASO	90	Cereb_gran layer	3	1	0	0
ASO 6	ASO	90	Cereb_gran layer	4	2	0	0
ASO 6	ASO	60	Cereb_gran layer	1	1	0	0
ASO 6	ASO	60	Cereb_gran layer	2	1	0	0
ASO 6	ASO	60	Cereb_gran layer	3	2	0	0
ASO 6	ASO	60	Cereb_gran layer	4	1	0	0
ASO 6	ASO	30	Cereb_gran layer	1	1	0	0
ASO 6	ASO	30	Cereb_gran layer	2	1	0	0
ASO 6	ASO	30	Cereb_gran layer	3	1	0	0
ASO 6	ASO	30	Cereb_gran layer	4	1	0	0
ASO 6	ASO	-14	Cereb_gran layer	1	1	0	0
ASO 6	ASO	-14	Cereb_gran layer	2	NA	0	1
ASO 6	ASO	-14	Cereb_gran layer	3	0	0	0
ASO 6	ASO	-14	Cereb_gran layer	4	1	0	0
ASO 6	ASO	123	Cereb_peduncle	1	3	0	0
ASO 6	ASO	123	Cereb_peduncle	2	2	0	0
ASO 6	ASO	123	Cereb_peduncle	3	3	0	0
ASO 6	ASO	123	Cereb_peduncle	4	NA	NA	NA
ASO 6	ASO	90	Cereb_peduncle	1	1	0	0
ASO 6	ASO	90	Cereb_peduncle	2	1	0	0
ASO 6	ASO	90	Cereb_peduncle	3	1	0	0
ASO 6	ASO	90	Cereb_peduncle	4	2	0	0
ASO 6	ASO	60	Cereb_peduncle	1	1	0	0
ASO 6	ASO	60	Cereb_peduncle	2	1	0	0
ASO 6	ASO	60	Cereb_peduncle	3	1	0	0
ASO 6	ASO	60	Cereb_peduncle	4	0	0	0
ASO 6	ASO	30	Cereb_peduncle	1	0	0	0
ASO 6	ASO	30	Cereb_peduncle	2	0	0	0
ASO 6	ASO	30	Cereb_peduncle	3	0	0	0
ASO 6	ASO	30	Cereb_peduncle	4	0	0	0
ASO 6	ASO	-14	Cereb_peduncle	1	0	0	0
ASO 6	ASO	-14	Cereb_peduncle	2	NA	0	1
ASO 6	ASO	-14	Cereb_peduncle	3	0	0	0
ASO 6	ASO	-14	Cereb_peduncle	4	0	0	0
ASO 6	ASO	123	medulla	1	3	0	0
ASO 6	ASO	123	medulla	2	2	0	0
ASO 6	ASO	123	medulla	3	2	0	0
ASO 6	ASO	123	medulla	4	3	0	0
ASO 6	ASO	90	medulla	1	NA	NA	NA
ASO 6	ASO	90	medulla	2	1	0	0
ASO 6	ASO	90	medulla	3	1	0	0
ASO 6	ASO	90	medulla	4	1	0	0
ASO 6	ASO	60	medulla	1	1	0	0
ASO 6	ASO	60	medulla	2	1	0	0
ASO 6	ASO	60	medulla	3	NA	NA	NA
ASO 6	ASO	60	medulla	4	0	0	0
ASO 6	ASO	30	medulla	1	0	0	0
ASO 6	ASO	30	medulla	2	0	0	0
ASO 6	ASO	30	medulla	3	0	0	0
ASO 6	ASO	30	medulla	4	0	0	0
ASO 6	ASO	-14	medulla	1	0	0	0
ASO 6	ASO	-14	medulla	2	NA	0	1
ASO 6	ASO	-14	medulla	3	0	0	0
ASO 6	ASO	-14	medulla	4	0	0	0
ASO 6	ASO	123	Subiculum	1	3	0	0
ASO 6	ASO	123	Subiculum	2	3	0	0
ASO 6	ASO	123	Subiculum	3	3	0	0
ASO 6	ASO	123	Subiculum	4	3	0	0
ASO 6	ASO	90	Subiculum	1	2	0	0
ASO 6	ASO	90	Subiculum	2	0	0	0
ASO 6	ASO	90	Subiculum	3	0	0	0
ASO 6	ASO	90	Subiculum	4	2	0	0
ASO 6	ASO	60	Subiculum	1	0	0	0
ASO 6	ASO	60	Subiculum	2	1	0	0
ASO 6	ASO	60	Subiculum	3	NA	NA	NA
ASO 6	ASO	60	Subiculum	4	0	0	0
ASO 6	ASO	30	Subiculum	1	0	0	0
ASO 6	ASO	30	Subiculum	2	0	0	0
ASO 6	ASO	30	Subiculum	3	0	0	0
ASO 6	ASO	30	Subiculum	4	0	0	0
ASO 6	ASO	-14	Subiculum	1	0	0	0
ASO 6	ASO	-14	Subiculum	2	NA	0	1
ASO 6	ASO	-14	Subiculum	3	0	0	0
ASO 6	ASO	-14	Subiculum	4	0	0	0
ASO 6	ASO	123	endothelial cells	1	3	0	0
ASO 6	ASO	123	endothelial cells	2	3	0	0
ASO 6	ASO	123	endothelial cells	3	3	0	0
ASO 6	ASO	123	endothelial cells	4	3	0	0
ASO 6	ASO	90	endothelial cells	1	3	0	0
ASO 6	ASO	90	endothelial cells	2	3	0	0
ASO 6	ASO	90	endothelial cells	3	3	0	0
ASO 6	ASO	90	endothelial cells	4	3	0	0
ASO 6	ASO	60	endothelial cells	1	3	0	0
ASO 6	ASO	60	endothelial cells	2	3	0	0
ASO 6	ASO	60	endothelial cells	3	3	0	0
ASO 6	ASO	60	endothelial cells	4	3	0	0
ASO 6	ASO	30	endothelial cells	1	2	0	0
ASO 6	ASO	30	endothelial cells	2	3	0	0
ASO 6	ASO	30	endothelial cells	3	2	0	0
ASO 6	ASO	30	endothelial cells	4	3	0	0
ASO 6	ASO	-14	endothelial cells	1	2	0	0
ASO 6	ASO	-14	endothelial cells	2	NA	0	1
ASO 6	ASO	-14	endothelial cells	3	0	0	0
ASO 6	ASO	-14	endothelial cells	4	3	0	0
